time,theta,phi,theta_dot,phi_dot,tau,theta_plus_phi
0.0,0.0,0.0,0.0,0.0,1000.0,0.0
0.001,0.01249847415600538,-0.012496976780879555,20.828755707635324,-20.824195843245057,0.0,1.4973751258241103e-06
0.002,0.03332341461273831,-0.033313150916357503,20.821124893581178,-20.807926353634695,0.0,1.0263696380803655e-05
0.003,0.05414072331965912,-0.054112377595725666,20.813492209026247,-20.790301194121657,0.0,2.8345723933453915e-05
0.004,0.07495039840936259,-0.07489330195309302,20.8058576602117,-20.77132198744123,0.0,5.709645626957027e-05
0.005,0.0957524380208347,-0.09565457078941701,20.798221253678705,-20.750990444531823,0.0,9.786723141769205e-05
0.006,0.11654684029975239,-0.11639483266063588,20.790582996267812,-20.729308364392317,0.0,0.0001520076391165054
0.007,0.13733360339878253,-0.1371127379656554,20.782942895118353,-20.706277633933727,0.0,0.00022086543312713203
0.008,0.15811272547788047,-0.15780693903418447,20.775300957667795,-20.681900227825132,0.0,0.00030578644369599894
0.009000000000000001,0.17888420470458782,-0.17847609021441377,20.76765719165109,-20.6561782083339,0.0,0.0004081144901740552
0.01,0.1996480392543296,-0.1991188479605318,20.760011605099994,-20.62911372516025,0.0,0.0005291912937978038
0.011,0.22040422731071074,-0.21973387092007263,20.75236420634238,-20.60070901526612,0.0,0.000670356390638116
0.012,0.24115276706581176,-0.24031982002108968,20.74471500400152,-20.570966402698375,0.0,0.0008329470447220877
0.013000000000000001,0.26189365672048387,-0.26087535855914995,20.73706400699535,-20.539888298406378,0.0,0.0010182981613339193
0.014,0.2826268944846432,-0.2813991522841429,20.729411224535724,-20.507477200053916,0.0,0.0012277422005002592
0.015,0.30335247857756437,-0.30188986948689855,20.72175666612764,-20.47373569182551,0.0,0.0014626090906658118
0.016,0.3240704072281733,-0.322346181085609,20.714100341568447,-20.438666444227128,0.0,0.0017242261425643446
0.017,0.3447806786753391,-0.3427667607120478,20.70644226094705,-20.402272213881293,0.0,0.002013917963291312
0.018000000000000002,0.3654832911681652,-0.363150284797582,20.698782434643064,-20.36455584331663,0.0,0.0023330063705832016
0.019,0.38617824296627956,-0.38349543265897046,20.691120873325982,-20.325520260751844,0.0,0.0026828103073091025
0.02,0.4068655323401243,-0.40380088658394375,20.683457587954305,-20.285168479874173,0.0,0.0030646457561805396
0.021,0.42754515757124417,-0.4240653319165595,20.67579258977466,-20.243503599612282,0.0,0.0034798256546846873
0.022,0.44821711695257427,-0.44428745714232803,20.66812589032089,-20.200528803903683,0.0,0.003929659810246233
0.023,0.4688814087887267,-0.4644659539731027,20.66045750141316,-20.156247361456646,0.0,0.004415454815623998
0.024,0.4895380313962765,-0.48459951743172913,20.652787435156977,-20.110662625506627,0.0,0.004938513964547364
0.025,0.5101869831040465,-0.5046868459364486,20.64511570394227,-20.063778033567253,0.0,0.005500137167597896
0.026000000000000002,0.5308282622533914,-0.5247266413850493,20.637442320442396,-20.01559710717587,0.0,0.006101620868342095
0.027,0.5514618671984803,-0.5447176092387603,20.62976729761315,-19.96612345163366,0.0,0.006744257959720001
0.028,0.5720877963065791,-0.5646584586058839,20.62209064869175,-19.915360755740355,0.0,0.007429337700695204
0.029,0.5927060479583312,-0.5845479023251585,20.614412387195813,-19.863312791523583,0.0,0.008158145633172631
0.03,0.6133166205480372,-0.6043846570488495,20.606732526922308,-19.809983413962843,0.0,0.008931963499187678
0.031,0.633919512483934,-0.6241674433255605,20.599051081946484,-19.755376560708132,0.0,0.009752069158373455
0.032,0.6545147221884725,-0.6438949856827614,20.591368066620788,-19.699496251793267,0.0,0.01061973650571113
0.033,0.6751022480985942,-0.663566012709026,20.583683495573766,-19.642346589343884,0.0,0.011536235389568161
0.034,0.6956820886660066,-0.6831792571359765,20.575997383708945,-19.583931757280173,0.0,0.012502831530030067
0.035,0.7162542423574577,-0.7027334559199263,20.56830974620369,-19.52425602101434,0.0,0.013520786437531407
0.036000000000000004,0.7368187076550096,-0.7222273503232192,20.560620598508052,-19.463323727142857,0.0,0.0145913573317904
0.037,0.75737548305631,-0.7416596859952573,20.552929956343608,-19.40113930313345,0.0,0.01571579706105264
0.038,0.7779245670748636,-0.7610292130532139,20.54523783570225,-19.337707257006954,0.0,0.016895354021649656
0.039,0.7984659582403016,-0.780334686162425,20.537544252844995,-19.27303217701394,0.0,0.01813127207787668
0.04,0.8189996550986505,-0.7995748646164553,20.52984922430076,-19.207118731306227,0.0,0.019424790482195142
0.041,0.8395256562125987,-0.8187485124168334,20.52215276686512,-19.139971667603273,0.0,0.02077714379576523
0.042,0.8600439601617632,-0.8378543983524501,20.514454897599034,-19.07159581285344,0.0,0.022189561809313085
0.043000000000000003,0.8805545655429543,-0.856891296078616,20.506755633827602,-19.00199607289021,0.0,0.023663269464338277
0.044,0.9010574709704386,-0.8758579841957727,20.499054993138746,-18.93117743208332,0.0,0.02519948677466599
0.045,0.9215526750762019,-0.894753246327852,20.491352993381913,-18.859144952984895,0.0,0.02679942874834984
0.046,0.9420401765102091,-0.9135758712002804,20.483649652666752,-18.78590377597057,0.0,0.028464305309928717
0.047,0.9625199739406649,-0.9323246527176198,20.47594498936177,-18.711459118875627,0.0,0.030195321223045135
0.048,0.9829920660542709,-0.950998390040844,20.468239022092973,-18.63581627662618,0.0,0.03199367601342695
0.049,1.0034564515564832,-0.9695958876642427,20.460531769742488,-18.558980620865444,0.0,0.03386056389224057
0.05,1.0239131291717674,-0.9881159554919499,20.45282325144718,-18.480957599575106,0.0,0.035797173679817496
0.051000000000000004,1.0443620976438523,-1.0065574089140907,20.445113486597247,-18.4017527366918,0.0,0.037804688729761615
0.052000000000000005,1.064803355735984,-1.0249190688825431,20.437402494834778,-18.321371631718765,0.0,0.03988428685344081
0.053,1.085236902231175,-1.0431997619863078,20.429690296052335,-18.239819959332657,0.0,0.042037140244867155
0.054,1.1056627359324556,-1.0613983205264832,20.421976910391496,-18.157103468985586,0.0,0.04426441540597237
0.055,1.1260808556631214,-1.07951358259084,20.41426235824137,-18.073227984502385,0.0,0.04656727307228148
0.056,1.1464912602669801,-1.0975443921279904,20.406546660237126,-17.988199403673136,0.0,0.04894686813898974
0.057,1.1668939486085974,-1.115489599021148,20.398829837258482,-17.902023697841003,0.0,0.05140434958744944
0.058,1.1872889195735399,-1.1333480591614722,20.39111191042819,-17.814706911485363,0.0,0.05394086041206769
0.059000000000000004,1.207676172068618,-1.151118634520995,20.383392901110504,-17.72625516180031,0.0,0.05655753754762305
0.06,1.2280557050221266,-1.168800193225122,20.37567283090963,-17.636674638268524,0.0,0.05925551179700461
0.061,1.2484275173840838,-1.1863916096247067,20.367951721668167,-17.545971602230544,0.0,0.06203590775937706
0.062,1.2687916081264692,-1.203891764367691,20.360229595465523,-17.454152386449504,0.0,0.06489984375877822
0.063,1.2891479762434594,-1.2212995444703079,20.352506474616327,-17.361223394671306,0.0,0.06784843177315159
0.064,1.3094966207516627,-1.2386138433878429,20.344782381668814,-17.26719110118031,0.0,0.07088277736381987
0.065,1.3298375406903513,-1.2558335610849483,20.337057339403213,-17.172062050350547,0.0,0.07400397960540306
0.066,1.3501707351216936,-1.2729576041055066,20.329331370830094,-17.0758428561925,0.0,0.07721313101618699
0.067,1.3704962031309824,-1.2899848856420384,20.321604499188734,-16.978540201895477,0.0,0.08051131748894402
0.068,1.390813943826864,-1.306914325604651,20.313876747945432,-16.880160839365583,0.0,0.08389961822221315
0.069,1.4111239563415636,-1.3237448506895215,20.306148140791848,-16.78071158875938,0.0,0.0873791056520421
0.07,1.43142623983111,-1.3404753944469134,20.298418701643293,-16.68019933801322,0.0,0.09095084538419651
0.07100000000000001,1.4517207934755583,-1.3571048973487188,20.29068845463702,-16.578631042368286,0.0,0.09461589612683952
0.07200000000000001,1.4720076164792113,-1.3736323068555232,20.282957424130515,-16.476013723891406,0.0,0.09837530962368812
0.073,1.4922867080708386,-1.3900565774831912,20.275225634699744,-16.372354470991638,0.0,0.1022301305876474
0.074,1.5125580675038943,-1.4063766708689642,20.267493111137416,-16.26766043793268,0.0,0.10618139663493009
0.075,1.532821694056733,-1.4225915558370703,20.259759878451206,-16.161938844341122,0.0,0.11023013821966265
0.076,1.5530775870328233,-1.4387002084638387,20.252025961861992,-16.055196974710594,0.0,0.11437737856898456
0.077,1.5733257457609608,-1.4547016121423177,20.24429138680205,-15.947442177901822,0.0,0.1186241336186431
0.078,1.5935661695954786,-1.4705947576463905,20.236556178913265,-15.838681866638654,0.0,0.12297141194908812
0.079,1.6137988579164553,-1.4863786431943837,20.228820364045298,-15.728923517000053,0.0,0.12742021472207155
0.08,1.6340238101299223,-1.5020522745121676,20.22108396825377,-15.61817466790813,0.0,0.13197153561775465
0.081,1.654241025668069,-1.5176146648957412,20.213347017798405,-15.506442920612221,0.0,0.13662636077232793
0.082,1.6744505039894462,-1.5330648352733,20.205609539141193,-15.393735938169064,0.0,0.1413856687161461
0.083,1.694652244579166,-1.5484018142667821,20.197871558944502,-15.280061444919099,0.0,0.14625043031238394
0.084,1.7148462469491035,-1.563624638252888,20.19013310406921,-15.165427225958942,0.0,0.15122160869621548
0.085,1.7350325106380922,-1.5787323514235716,20.182394201572812,-15.04984112661004,0.0,0.15630015921452056
0.08600000000000001,1.7552110352121209,-1.5937240058459983,20.174654878707504,-14.933311051883585,0.0,0.16148702936612258
0.08700000000000001,1.7753818202645273,-1.6085986615219647,20.166915162918276,-14.815844965941675,0.0,0.16678315874256255
0.088,1.7955448654161894,-1.6233553864467796,20.15917508184098,-14.697450891554803,0.0,0.17218947896940984
0.089,1.815700170315716,-1.6379932566675983,20.151434663300396,-14.578136909555683,0.0,0.17770691364811775
0.09,1.8358477346396345,-1.652511356341212,20.143693935308256,-14.457911158289459,0.0,0.18333637829842253
0.091,1.855987558092576,-1.6669087777912819,20.135952926061307,-14.336781833060334,0.0,0.1890787803012941
0.092,1.8761196404074605,-1.6811846215650215,20.12821166393932,-14.214757185574657,0.0,0.19493501884243902
0.093,1.8962439813456782,-1.6953379964893183,20.120470177503112,-14.091845523380508,0.0,0.2009059848563599
0.094,1.91636058069727,-1.709368019726294,20.112728495492533,-13.968055209303808,0.0,0.20699256097097618
0.095,1.9364694382811058,-1.7232738168282986,20.104986646824475,-13.843394660881005,0.0,0.21319562145280724
0.096,1.956570553945059,-1.7370545217923368,20.09724466059084,-13.717872349788374,0.0,0.2195160321527223
0.097,1.9766639275661826,-1.7507092771139197,20.08950256605651,-13.591496801267958,0.0,0.22595465045226293
0.098,1.9967495590508793,-1.7642372338403431,20.081760392657312,-13.464276593550194,0.0,0.2325123252105361
0.099,2.0168274483350728,-1.777637551623386,20.07401816999796,-13.336220357273277,0.0,0.23918989671168678
0.1,2.0368975953843744,-1.790909398771426,20.06627592784999,-13.207336774899273,0.0,0.24598819661294846
0.101,2.0569600001942505,-1.8040519523009702,20.058533696149702,-13.077634580127052,0.0,0.25290804789328036
0.10200000000000001,2.0770146627901847,-1.8170643979875971,20.05079150499606,-12.94712255730205,0.0,0.25995026480258754
0.10300000000000001,2.0970615832278403,-1.8299459304163073,20.043049384648608,-12.815809540822931,0.0,0.26711565281153304
0.10400000000000001,2.117100761593219,-1.8426957530312778,20.03530736552537,-12.683704414545158,0.0,0.27440500856194117
0.105,2.1371321980028193,-1.85531307818502,20.02756547820073,-12.550816111181533,0.0,0.2818191198177993
0.106,2.1571558926037917,-1.867797127186936,20.019823753403323,-12.41715361169975,0.0,0.2893587654168557
0.107,2.177171845574091,-1.8801471303512707,20.012082222013888,-12.282725944716978,0.0,0.2970247152228205
0.108,2.1971800571226283,-1.8923623270444576,20.004340915063143,-12.147542185891538,0.0,0.3048177300781707
0.109,2.217180527489419,-1.9044419657318545,19.996599863729628,-12.01161145731171,0.0,0.31273856175756465
0.11,2.2371732569457308,-1.916385304023867,19.98885909933755,-11.8749429268817,0.0,0.3207879529218638
0.111,2.2571582457942267,-1.9281916087214555,19.98111865335461,-11.73754580770481,0.0,0.3289666370727713
0.112,2.2771354943691087,-1.9398601558610256,19.97337855738984,-11.599429357463885,0.0,0.3372753385080831
0.113,2.2971050030362576,-1.951390230758696,19.965638843191403,-11.460602877799014,0.0,0.34571477227756153
0.114,2.3170667721933715,-1.9627811280539447,19.95789954264442,-11.321075713682596,0.0,0.35428564413942687
0.115,2.3370208022701,-1.9740321517526256,19.95016068776875,-11.180857252791764,0.0,0.3629886505174744
0.116,2.35696709372818,-1.9851426152693605,19.9424223107168,-11.03995692487823,0.0,0.3718244784588194
0.117,2.3769056470615655,-1.9961118414692967,19.93468444377129,-10.898384201135594,0.0,0.38079380559226883
0.11800000000000001,2.396836462796558,-2.006939162709231,19.92694711934304,-10.756148593564152,0.0,0.3898973000873269
0.11900000000000001,2.4167595414919325,-2.017623920878098,19.919210369968745,-10.613259654333243,0.0,0.39913562061383434
0.12,2.4366748837390633,-2.0281654674368212,19.911474228308716,-10.469726975141194,0.0,0.408509416302242
0.121,2.456582490162045,-2.038563163457517,19.903738727144653,-10.325560186572885,0.0,0.418019326704528
0.122,2.476482361417815,-2.0488163796620635,19.89600389937738,-10.18076895745499,0.0,0.42766598175575155
0.123,2.4963744981962686,-2.0589244964600155,19.888269778024586,-10.03536299420894,0.0,0.43745000173625304
0.124,2.5162589012203767,-2.068886903985877,19.880536396218563,-9.889352040201633,0.0,0.44737199723449983
0.125,2.5361355712462994,-2.0787030021357196,19.872803787203924,-9.742745875093956,0.0,0.45743256911057983
0.126,2.556004509063497,-2.088372200603151,19.86507198433533,-9.595554314187147,0.0,0.46763230846034576
0.127,2.575865715494837,-2.097893918914627,19.857341021075197,-9.447787207767059,0.0,0.47797179658020994
0.128,2.5957191913967033,-2.1072675864641073,19.849610930991403,-9.299454440446329,0.0,0.488451604932596
0.129,2.6155649376590993,-2.1164926425470534,19.841881747754993,-9.150565930504563,0.0,0.49907229511204587
0.13,2.63540295520575,-2.1255685363937635,19.834153505137866,-9.001131629226505,0.0,0.5098344188119865
0.131,2.655233244994202,-2.134494727202047,19.826426237010477,-8.851161520238296,0.0,0.5207385177921551
0.132,2.675055808015921,-2.1432706841692335,19.8186999773395,-8.700665618841832,0.0,0.5317851238466873
0.133,2.6948706452963846,-2.151895886523513,19.810974760185523,-8.549653971347272,0.0,0.5429747587728717
0.134,2.714677757895179,-2.160369823554612,19.803250619700716,-8.398136654403755,0.0,0.5543079343405672
0.135,2.734477146906087,-2.1686919946437953,19.795527590126493,-8.246123774328353,0.0,0.5657851522622916
0.136,2.754268813457176,-2.176861909293199,19.78780570579118,-8.093625466433306,0.0,0.5774069041639769
0.137,2.7740527587108845,-2.184879087154489,19.78008500110766,-7.940651894351597,0.0,0.5891736715563956
0.138,2.793828983864105,-2.1927430580568408,19.772365510571053,-7.787213249360902,0.0,0.601085925807264
0.139,2.813597490148265,-2.2004533620342497,19.76464726875633,-7.633319749705956,0.0,0.6131441281140155
0.14,2.833358278829407,-2.208009549352155,19.756930310315987,-7.478981639919391,0.0,0.6253487294772522
0.14100000000000001,2.8531113512082626,-2.2154111805333896,19.749214669977654,-7.324209190141083,0.0,0.6377001706748731
0.14200000000000002,2.872856708620328,-2.2226578263834456,19.74150038254176,-7.169012695436054,0.0,0.6501988822368823
0.14300000000000002,2.892594352435935,-2.229749068015058,19.733787482879137,-7.013402475110981,0.0,0.662845284420877
0.14400000000000002,2.9123242840603214,-2.236684496872104,19.726076005928675,-6.857388872029344,0.0,0.6756397871882176
0.145,2.932046504933696,-2.2434637147528167,19.718365986694927,-6.700982251925275,0.0,0.6885827901808792
0.146,2.951761016531304,-2.250086333832313,19.710657460245727,-6.5441930027161375,0.0,0.7016746826989912
0.147,2.97146782036349,-2.2565519766844306,19.702950461709825,-6.387031533813892,0.0,0.7149158436790595
0.148,2.9911669179757556,-2.2628602763028804,19.695245026274485,-6.229508275435293,0.0,0.7283066416728752
0.149,3.0108583109488185,-2.269010876121704,19.687541189183097,-6.071633677910958,0.0,0.7418474348271147
0.15,3.030542000898667,-2.2750034300350417,19.6798389857328,-5.913418210993353,0.0,0.7555385708636253
0.151,3.0502179894766126,-2.2808376024162094,19.672138451272073,-5.754872363163752,0.0,0.7693803870604032
0.152,3.069886278369339,-2.2865130681360792,19.664439621198333,-5.596006640938202,0.0,0.7833732102332598
0.153,3.089546869298952,-2.292029512580767,19.65674253095556,-5.436831568172546,0.0,0.7975173567181848
0.154,3.109199764023022,-2.297386631668625,19.64904721603187,-5.277357685366554,0.0,0.8118131323543971
0.155,3.1288449643346308,-2.302584131866536,19.641353711957123,-5.117595548967196,0.0,0.8262608324680949
0.156,3.1484824720624083,-2.307621730205513,19.633662054300515,-4.957555730671117,0.0,0.8408607418568952
0.157,3.1681122890705726,-2.3124991542956006,19.625972278668176,-4.79724881672635,0.0,0.855613134774972
0.158,3.1877344172589654,-2.3172161423400746,19.618284420700753,-4.636685407233317,0.0,0.8705182749188909
0.159,3.2073488585630856,-2.3217724431489466,19.610598516071008,-4.475876115445163,0.0,0.885576415414139
0.16,3.22695561495412,-2.3261678161517656,19.602914600481395,-4.31483156706747,0.0,0.9007877988023543
0.161,3.246554688438971,-2.3304020314097205,19.59523270966166,-4.153562399557396,0.0,0.9161526570292504
0.162,3.266146081060284,-2.334474869627041,19.587552879366417,-3.9920792614222864,0.0,0.9316712114332426
0.163,3.2857297948964703,-2.3383861221616975,19.579875145372746,-3.830392811517804,0.0,0.9473436727347728
0.164,3.3053058320617286,-2.342135591035396,19.57219954347777,-3.6685137183456202,0.0,0.9631702410263325
0.165,3.324874194706063,-2.3457230889428757,19.564526109496235,-3.506452659350721,0.0,0.9791511057631874
0.166,3.3444348850153016,-2.349148439260499,19.556854879258104,-3.3442203202183656,0.0,0.9952864457548025
0.167,3.3639879052111077,-2.352411476054141,19.549185888606136,-3.1818273941707482,0.0,1.0115764291569667
0.168,3.3835332575509933,-2.355512044086374,19.54151917339347,-3.019284581263411,0.0,1.0280212134646192
0.169,3.403070944328328,-2.3584499988229495,19.53385476948122,-2.856602587681451,0.0,1.0446209455053785
0.17,3.422600967872345,-2.361225206438575,19.526192712736037,-2.693792125035567,0.0,1.0613757614337702
0.171,3.442123330548146,-2.3638375438219885,19.518533039027716,-2.530863909657995,0.0,1.0782857867261573
0.17200000000000001,3.461638034756703,-2.3662868985803285,19.510875784226773,-2.367828661898378,0.0,1.0953511361763746
0.17300000000000001,3.4811450829348582,-2.3685731690427967,19.50322098420203,-2.204697105419617,0.0,1.1125719138920616
0.17400000000000002,3.500644477555321,-2.3706962642636227,19.49556867481821,-2.0414799664937417,0.0,1.1299482132916983
0.17500000000000002,3.5201362211266614,-2.3726561040243177,19.487918891933514,-1.8781879732978617,0.0,1.1474801171023437
0.176,3.539620316193304,-2.374452618835231,19.480271671397226,-1.7148318552102308,0.0,1.1651676973580734
0.177,3.5590967653355183,-2.3760857499363954,19.47262704904729,-1.5514223421064777,0.0,1.183011015399123
0.178,3.578565571169403,-2.377555449297677,19.464985060707914,-1.3879701636560458,0.0,1.2010101218717262
0.179,3.5980267363468745,-2.378861679618214,19.457345742187155,-1.2244860486188915,0.0,1.2191650567286607
0.18,3.6174802635556476,-2.3800044143251564,19.449709129274527,-1.0609807241424836,0.0,1.2374758492304911
0.181,3.6369261555192165,-2.380983637571704,19.442075257738598,-0.8974649150591513,0.0,1.2559425179475125
0.182,3.656364414996833,-2.381799344234438,19.434444163324574,-0.733949343183828,0.0,1.274565070762395
0.183,3.6757950447834804,-2.382451539909953,19.426815881751928,-0.570444726612234,0.0,1.2933435048735276
0.184,3.6952180477098486,-2.382940240910788,19.419190448711987,-0.40696177901954644,0.0,1.3122778067990608
0.185,3.7146334266423033,-2.383265474260655,19.411567899865553,-0.24351120895960085,0.0,1.3313679523816484
0.186,3.7340411844828547,-2.383427277688967,19.403948270840502,-0.08010371916467057,0.0,1.3506139067938876
0.187,3.7534413241691236,-2.3834256996246674,19.396331597229413,0.08324999415413015,0.0,1.3700156245444561
0.188,3.7728338486743045,-2.383260799189358,19.388717914587172,0.24653924200577387,0.0,1.3895730494849463
0.189,3.792218761007127,-2.382932646189732,19.381107258428603,0.4097533433175331,0.0,1.409286114817395
0.19,3.811596064211815,-2.3824413211093045,19.373499664226088,0.572881625632433,0.0,1.4291547431025107
0.191,3.830965761368042,-2.3817869150994495,19.365895167407196,0.7359134258058984,0.0,1.4491788462685924
0.192,3.8503278555908853,-2.3809695299697395,19.358293803352314,0.8988380907015497,0.0,1.4693583256211458
0.193,3.8696823500307795,-2.3799892781775904,19.350695607392282,1.0616449778861026,0.0,1.489693071853189
0.194,3.889029247873463,-2.3788462828172094,19.34310061480604,1.2243234563233247,0.0,1.5101829650562535
0.195,3.908368552339926,-2.3775406776078536,19.335508860818262,1.386862907067008,0.0,1.5308278747320725
0.196,3.9277002666863567,-2.3760726068813924,19.327920380597007,1.5492527239529066,0.0,1.5516276598049643
0.197,3.9470243942040804,-2.3744422255691813,19.320335209251382,1.7114823142895992,0.0,1.572582168634899
0.198,3.9663409382195023,-2.3726496991882424,19.31275338182919,1.873541099548229,0.0,1.5936912390312599
0.199,3.985649902094043,-2.370695203826759,19.305174933314586,2.035418516051077,0.0,1.614954698267284
0.2,4.004951289224075,-2.3685789261288797,19.297599898625766,2.1971040156589248,0.0,1.6363723630951954
0.201,4.024245103040855,-2.3663010632788377,19.29002831261262,2.3585870664571593,0.0,1.6579440397620169
0.202,4.043531347010454,-2.363861822984383,19.282460210054417,2.519857153440579,0.0,1.679669524026071
0.203,4.062810024633686,-2.3612614234595304,19.274895625657493,2.680903779196853,0.0,1.7015486011741556
0.20400000000000001,4.082081139446035,-2.3585000934066276,19.267334594052937,2.8417164645885933,0.0,1.7235810460394072
0.20500000000000002,4.101344695017576,-2.355578071997738,19.259777149794278,3.0022847494339917,0.0,1.745766623019838
0.20600000000000002,4.120600694952899,-2.3524956088553455,19.252223327355196,3.162598193185978,0.0,1.7681050860975538
0.20700000000000002,4.139849142891026,-2.3492529640323823,19.244673161127228,3.322646375609859,0.0,1.7905961788586437
0.20800000000000002,4.159090042505329,-2.3458504079915765,19.23712668541748,3.482418897459391,0.0,1.8132396345137525
0.209,4.178323397503443,-2.3422882215841274,19.22958393444634,3.64190538115124,0.0,1.8360351759193159
0.21,4.197549211627181,-2.338566696027706,19.222044942345207,3.8010954714377934,0.0,1.8589825155994752
0.211,4.21676748865244,-2.3346861328837822,19.214509743154235,3.959978836078273,0.0,1.882081355768658
0.212,4.235978232389112,-2.3306468440342862,19.20697837082006,4.118545166508106,0.0,1.9053313883548255
0.213,4.255181446680986,-2.326449151657595,19.199450859193544,4.276784178506516,0.0,1.9287322950233907
0.214,4.274377135405655,-2.322093388203858,19.191927242027536,4.434685612862286,0.0,1.9522837472017969
0.215,4.2935653024744145,-2.3175798963696534,19.184407552974633,4.592239236037651,0.0,1.975985406104761
0.216,4.312745951832161,-2.3129090290719847,19.176891825584946,4.74943484083028,0.0,1.9998369227601764
0.217,4.33191908745729,-2.308081149421615,19.169380093303864,4.906262247033302,0.0,2.0238379380356752
0.218,4.351084713361588,-2.3030966306957428,19.161872389469863,5.062711302093335,0.0,2.047988082665845
0.219,4.370242833590125,-2.2979558563100193,19.15436874731227,5.218771881766473,0.0,2.072286977280106
0.22,4.389393452221147,-2.2926592197899125,19.146869199949077,5.374433890772194,0.0,2.0967342324312344
0.221,4.408536573365959,-2.2872071247414176,19.139373780384748,5.529687263445137,0.0,2.1213294486245413
0.222,4.427672201168815,-2.2815999848211166,19.131882521508025,5.684521964384723,0.0,2.1460722163476986
0.223,4.446800339806798,-2.27583822370559,19.124395456089758,5.838927989102558,0.0,2.1709621161012085
0.224,4.465920993489702,-2.2699222750601815,19.116912616780738,5.9928953646675875,0.0,2.19599871842952
0.225,4.48503416645991,-2.2638525825071194,19.109434036109533,6.146414150348964,0.0,2.22118158395279
0.226,4.504139862992272,-2.257629599592996,19.101959746480347,6.2994744382565795,0.0,2.246510263399276
0.227,4.52323808739398,-2.2512537897556064,19.094489780170864,6.45206635397922,0.0,2.2719842976383737
0.228,4.54232884400444,-2.2447256262901543,19.087024169330125,6.604180057220309,0.0,2.2976032177142858
0.229,4.5614121371951395,-2.238045592314817,19.0795629459764,6.755805742431197,0.0,2.3233665448803227
0.23,4.580487971369521,-2.2312141807356833,19.072106141995082,6.906933639441948,0.0,2.3492737906338372
0.231,4.599556350962842,-2.2242318942110626,19.064653789136575,7.057554014089593,0.0,2.375324456751779
0.232,4.618617280442043,-2.2170992451151617,19.057205919014194,7.207657168843806,0.0,2.4015180353268817
0.233,4.637670764305611,-2.209816755501141,19.0497625631021,7.35723344342996,0.0,2.4278540088044696
0.234,4.656716807083432,-2.202384957063551,19.042323752733196,7.506273215449531,0.0,2.4543318500198814
0.23500000000000001,4.675755413336659,-2.1948043911001434,19.03488951909709,7.654766900997797,0.0,2.4809510222365154
0.23600000000000002,4.694786587657556,-2.1870756084730725,19.027459893238014,7.802704955278805,0.0,2.5077109791844836
0.23700000000000002,4.713810334669363,-2.179199169569478,19.0200349060528,7.9500778732175625,0.0,2.534611165099885
0.23800000000000002,4.73282665902614,-2.1711756442614614,19.012614588288837,8.096876190069413,0.0,2.5616510147646783
0.23900000000000002,4.751835565412618,-2.1630056118654495,19.00519897054204,8.24309048202655,0.0,2.5888299535471684
0.24,4.770837058544048,-2.154689661100958,18.99778808325485,8.388711366821655,0.0,2.61614739744309
0.241,4.789831143166047,-2.1462283900487478,18.99038195671422,8.533729504328578,0.0,2.6436027531172996
0.242,4.80881782405444,-2.1376224061083877,18.982980621049627,8.678135597160079,0.0,2.6711954179460524
0.243,4.8277971060151,-2.1288723259552156,18.975584106231096,8.821920391262536,0.0,2.6989247800598846
0.244,4.846768993883792,-2.11997877549671,18.968192442067224,8.965074676507614,0.0,2.726790218387082
0.245,4.865733492526006,-2.1109423898282693,18.960805658203224,9.107589287280861,0.0,2.754791102697737
0.246,4.884690606836797,-2.101763813188405,18.953423784118982,9.249455103067167,0.0,2.7829267936483917
0.247,4.903640341740613,-2.0924436989133524,18.94604684912711,9.39066304903307,0.0,2.8111966428272606
0.248,4.922582702191134,-2.0829827093910964,18.938674882371036,9.531204096605872,0.0,2.8395999928000375
0.249,4.941517693171096,-2.073381516014826,18.931307912823083,9.67106926404952,0.0,2.86813617715627
0.25,4.960445319692121,-2.0636407991358077,18.923945969282574,9.810249617037204,0.0,2.896804520556313
0.251,4.979365586794543,-2.0537612480156935,18.916589080373946,9.948736269220673,0.0,2.9256043387788497
0.252,4.998278499547234,-2.0437435607782586,18.90923727454486,10.086520382796188,0.0,2.954534938768975
0.253,5.017184063047421,-2.0335884443605745,18.901890580064357,10.223593169067113,0.0,2.9835956186868464
0.254,5.036082282420513,-2.0232966144636233,18.894549025020993,10.35994588900308,0.0,3.01278566795689
0.255,5.054973162819916,-2.012868795502352,18.887212637321007,10.495569853795713,0.0,3.042104367317564
0.256,5.073856709426849,-2.0023057205551757,18.87988144468649,10.630456425410863,0.0,3.071550988871673
0.257,5.092732927450161,-1.9916081313129266,18.872555474653577,10.76459701713733,0.0,3.1011247961372344
0.258,5.111601822126144,-1.98077677802726,18.86523475457064,10.897983094132027,0.0,3.1308250440988843
0.259,5.1304633987183434,-1.9698124194585143,18.857919311596508,11.030606173961548,0.0,3.160650979259829
0.26,5.149317662517368,-1.9587158228230321,18.850609172698686,11.162457827140129,0.0,3.190601839694336
0.261,5.168164618840697,-1.9474877637399453,18.843304364651594,11.29352967766394,0.0,3.2206768551007516
0.262,5.187004273032487,-1.9361290261774273,18.836004914034824,11.423813403541693,0.0,3.2508752468550597
0.263,5.205836630463377,-1.924640402398417,18.828710847231402,11.553300737321521,0.0,3.2811962280649603
0.264,5.224661696530289,-1.913022692905817,18.821422190426066,11.681983466614103,0.0,3.311639003624472
0.265,5.243479476656229,-1.9012767063871716,18.81413896960356,11.809853434611995,0.0,3.3422027702690573
0.266,5.26228997629009,-1.8894032596588266,18.80686121054694,11.936902540605148,0.0,3.372886716631263
0.267,5.281093200906444,-1.877403177609576,18.799588938835893,12.063122740492554,0.0,3.4036900232968677
0.268,5.2998891560053405,-1.8652772931437984,18.79232217984507,12.188506047290023,0.0,3.434611862861542
0.269,5.318677847112102,-1.853026447124088,18.785060958742434,12.313044531634022,0.0,3.4656513999880145
0.27,5.337459279777114,-1.840651488313384,18.777805300487632,12.436730322281576,0.0,3.4968077914637306
0.271,5.356233459575616,-1.828153273316601,18.770555229830357,12.559555606606185,0.0,3.5280801862590154
0.272,5.375000392107493,-1.8155326665217673,18.763310771308742,12.681512631089715,0.0,3.559467725585726
0.273,5.39376008299706,-1.8027905400406714,18.756071949247772,12.802593701810261,0.0,3.5909695429563886
0.274,5.412512537892852,-1.789927773649024,18.7488387877577,12.922791184925927,0.0,3.6225847642438276
0.275,5.431257762467403,-1.7769452547261375,18.74161131073247,13.042097507154493,0.0,3.654312507741266
0.276,5.4499957624170365,-1.7638438781941284,18.73438954184819,13.16050515624896,0.0,3.686151884222908
0.277,5.468726543461639,-1.7506245464566461,18.727173504561584,13.27800668146892,0.0,3.718101997004992
0.278,5.487450111344444,-1.7372881693371323,18.719963222108454,13.39459469404774,0.0,3.7501619420073116
0.279,5.50616647183181,-1.723835664016615,18.712758717502204,13.510261867655508,0.0,3.782330807815195
0.28,5.524875630713,-1.7102679549710431,18.705560013532327,13.625000938857742,0.0,3.8146076757419567
0.281,5.543577593799949,-1.6965859739081623,18.69836713276294,13.738804707569802,0.0,3.8469916198917864
0.28200000000000003,5.562272366927045,-1.6827906597039404,18.691180097531312,13.851666037507009,0.0,3.879481707223105
0.28300000000000003,5.580959955950901,-1.6688829583385438,18.68399892994644,13.963577856630412,0.0,3.912076997612357
0.28400000000000003,5.59964036675012,-1.654863822831871,18.676823651887595,14.074533157588192,0.0,3.944776543918249
0.28500000000000003,5.618313605225073,-1.6407342131786469,18.669654285002927,14.184524998152684,0.0,3.9775793920464264
0.28600000000000003,5.636979677297662,-1.6264950962830809,18.662490850708053,14.293546501652962,0.0,4.01048458101458
0.28700000000000003,5.655638588911086,-1.6121474458930967,18.655333370184685,14.40159085740299,0.0,4.043491143017989
0.28800000000000003,5.67429034602961,-1.5976922425341347,18.648181864379254,14.508651321125297,0.0,4.076598103495476
0.289,5.692934954638327,-1.583130473442534,18.641036354001564,14.614721215370146,0.0,4.109804481195793
0.29,5.71157242074292,-1.5684631324984963,18.63389685952346,14.719793929930182,0.0,4.143109288244424
0.291,5.730202750369425,-1.5536912201586386,18.626763401177506,14.823862922250532,0.0,4.176511530210786
0.292,5.748825949563989,-1.5388157433881369,18.619635998955676,14.926921717834322,0.0,4.210010206175852
0.293,5.767442024392634,-1.5238377155924685,18.612514672608082,15.028963910643595,0.0,4.243604308800165
0.294,5.786050980941006,-1.5087581565487536,18.605399441641687,15.129983163495607,0.0,4.277292824392252
0.295,5.804652825314139,-1.493578092336704,18.59829032531907,15.229973208454465,0.0,4.311074732977435
0.296,5.823247563636205,-1.4782985552691825,18.591187342657168,15.328927847218093,0.0,4.344949008367022
0.297,5.84183520205027,-1.4629205838223782,18.584090512426076,15.426840951500504,0.0,4.378914618227892
0.298,5.860415746718048,-1.4474452225656,18.57699985314783,15.52370646340934,0.0,4.412970524152448
0.299,5.878989203819648,-1.431873522090697,18.569915383095214,15.61951839581868,0.0,4.447115681728951
0.3,5.8975555795533285,-1.4162065389411074,18.562837120290613,15.714270832737071,0.0,4.481349040612221
0.301,5.916114880135243,-1.4004453355405422,18.555765082504834,15.80795792967077,0.0,4.515669544594701
0.302,5.934667111799191,-1.3845909801213077,18.548699287255985,15.900573913982177,0.0,4.5500761316778835
0.303,5.953212280796363,-1.3686445466522719,18.54163975180835,15.992113085243428,0.0,4.584567734144091
0.304,5.9717503933950855,-1.3526071147664809,18.534586493171282,16.08256981558514,0.0,4.619143278628605
0.305,5.9902814558805675,-1.336479769688427,18.527539528098124,16.17193855004027,0.0,4.653801686192141
0.306,6.008805474554642,-1.320263602160977,18.520498873085142,16.260213806883087,0.0,4.688541872393666
0.307,6.027322455735511,-1.3039597083719634,18.51346454437046,16.347390177963213,0.0,4.723362747363548
0.308,6.0458324057574835,-1.2875691898804442,18.506436557933046,16.433462329034736,0.0,4.758263215877039
0.309,6.064335330970717,-1.2710931535426355,18.499414929491678,16.51842500008036,0.0,4.793242177428082
0.31,6.082831237740959,-1.2545327114375238,18.492399674503957,16.602273005630572,0.0,4.828298526303435
0.311,6.101320132449282,-1.2378889807921594,18.485390808165317,16.685001235077827,0.0,4.863431151657123
0.312,6.119802021491824,-1.2211630839066403,18.478388345408067,16.7666046529857,0.0,4.898638937585184
0.313,6.138276911279522,-1.2043561480787888,18.47139230090044,16.84707829939301,0.0,4.933920763200733
0.314,6.15674480823785,-1.1874693055285257,18.46440268904567,16.926417290112905,0.0,4.9692755027093245
0.315,6.175205718806551,-1.1705036933219488,18.45741952398107,17.00461681702684,0.0,5.004702025484603
0.316,6.193659649439374,-1.1534604532951196,18.45044281957715,17.08167214837351,0.0,5.040199196144254
0.317,6.212106606603801,-1.1363407319775638,18.44347258943674,17.157578629032653,0.0,5.075765874626238
0.318,6.230546596780787,-1.1191456805154907,18.436508846894125,17.23233168080373,0.0,5.111400916265296
0.319,6.248979626464484,-1.101876454594736,18.429551605014208,17.305926802679476,0.0,5.147103171869748
0.32,6.267405702161975,-1.084534214363434,18.422600876591694,17.37835957111429,0.0,5.182871487798541
0.321,6.285824830393001,-1.067120124354424,18.41565667415028,17.449625640287465,0.0,5.218704706038578
0.322,6.304237017689694,-1.0496353534073952,18.408719009941873,17.51972074236121,0.0,5.254601664282299
0.323,6.322642270596297,-1.0320810745907785,18.40178789594582,17.588640687733484,0.0,5.290561196005518
0.324,6.341040595668899,-1.014458465123385,18.39486334386816,17.656381365285636,0.0,5.326582130545514
0.325,6.359431999475158,-0.9967687062958017,18.38794536514089,17.722938742624766,0.0,5.362663293179356
0.326,6.377816488594024,-0.9790129833915465,18.381033970921255,17.788308866320882,0.0,5.398803505202477
0.327,6.39619406961547,-0.9611924856079891,18.374129172091052,17.852487862138783,0.0,5.435001584007481
0.328,6.414564749140212,-0.9433084059770422,18.36723097925596,17.915471935264673,0.0,5.471256343163169
0.329,6.432928533779431,-0.9253619412856294,18.360339402744867,17.97725737052748,0.0,5.507566592493801
0.33,6.451285430154501,-0.9073542919959336,18.353454452609245,18.037840532614897,0.0,5.543931138158567
0.331,6.469635444896706,-0.8892866621654327,18.346576138622524,18.097217866284108,0.0,5.580348782731273
0.332,6.487978584646968,-0.8711602593667268,18.339704470279482,18.155385896567175,0.0,5.616818325280241
0.333,6.5063148560555595,-0.8529762946071628,18.332839456795675,18.21234122897111,0.0,5.653338561448397
0.334,6.5246442657818315,-0.8347359822482622,18.325981107106855,18.268080549672597,0.0,5.689908283533569
0.335,6.54296682049393,-0.8164405399249552,18.31912942986844,18.322600625707363,0.0,5.726526280568975
0.336,6.561282526868517,-0.7980911884646305,18.312284433454973,18.375898305154166,0.0,5.763191338403887
0.337,6.579591391590487,-0.7796891518060013,18.305446125959612,18.427970517313433,0.0,5.799902239784486
0.338,6.597893421352687,-0.7612356569177976,18.29861451519365,18.478814272880488,0.0,5.836657764434889
0.339,6.616188622855635,-0.7427319337172863,18.291789608686024,18.528426664113397,0.0,5.873456689138348
0.34,6.634477002807235,-0.7241792149886268,18.284971413682886,18.576804864995406,0.0,5.9102977878186085
0.341,6.652758567922497,-0.7055787363010673,18.27815993714714,18.62394613139197,0.0,5.94717983162143
0.342,6.671033324923252,-0.6869317359269858,18.271355185758047,18.669847801202348,0.0,5.984101588996267
0.343,6.689301280537868,-0.668239454759783,18.264557165910816,18.714507294505772,0.0,6.0210618257780855
0.34400000000000003,6.707562441500966,-0.6495031362316317,18.257765883716228,18.757922113702193,0.0,6.058059305269334
0.34500000000000003,6.725816814553134,-0.6307240262310878,18.25098134500028,18.800089843647562,0.0,6.095092788322047
0.34600000000000003,6.744064406440647,-0.6119033730205687,18.244203555303834,18.84100815178367,0.0,6.132161033420078
0.34700000000000003,6.762305223915175,-0.5930424271537054,18.237432519882304,18.880674788262517,0.0,6.169262796761469
0.34800000000000003,6.780539273733501,-0.5741424413925715,18.23066824370535,18.919087586065245,0.0,6.206396832340929
0.34900000000000003,6.798766562657236,-0.5552046706247978,18.223910731456584,18.956244461115563,0.0,6.243561892032438
0.35000000000000003,6.816987097452531,-0.5362303717805749,18.217159987533318,18.99214341238772,0.0,6.280756725671956
0.35100000000000003,6.835200884889789,-0.5172208037495506,18.210416016046313,19.026782522008986,0.0,6.317980081140239
0.352,6.8534079317433845,-0.4981772272976286,18.20367882081954,19.06015995535666,0.0,6.355230704445756
0.353,6.871608244791369,-0.4791009049836718,18.19694840538999,19.092273961149562,0.0,6.392507339807697
0.354,6.889801830815188,-0.4599931010761175,18.190224773007458,19.12312287153406,0.0,6.4298087297390705
0.355,6.907988696599395,-0.4408550814695091,18.1835079266344,19.152705102164578,0.0,6.467133615129885
0.356,6.9261688489313595,-0.42168811360094993,18.176797868945766,19.181019152278598,0.0,6.50448073533041
0.357,6.944342294600984,-0.4024934663664853,18.17009460232886,19.20806360476618,0.0,6.541848828234499
0.358,6.962509040400415,-0.38327241003741713,18.163398128883234,19.23383712623396,0.0,6.579236630362998
0.359,6.980669093123753,-0.3640262161765579,18.15670845042059,19.25833846706363,0.0,6.616642876947195
0.36,6.9988224595667665,-0.34475615755442857,18.150025568464713,19.281566461464912,0.0,6.654066302012338
0.361,7.016969146526605,-0.3254635080654063,18.143349484251388,19.303520027523035,0.0,6.691505638461198
0.362,7.0351091608015075,-0.3061495426438276,18.136680198728392,19.32419816724067,0.0,6.72895961815768
0.363,7.053242509190519,-0.28681553718005215,18.13001771255545,19.343599966574374,0.0,6.766426972010467
0.364,7.0713691984932,-0.267462768436493,18.123362026104246,19.36172459546549,0.0,6.803906430056707
0.365,7.089489235509338,-0.24809251396361875,18.116713139458433,19.378571307865567,0.0,6.841396721545719
0.366,7.107602627038659,-0.22870605201593275,18.11007105241368,19.394139441756227,0.0,6.8788965750227264
0.367,7.125709379880543,-0.20930466146793547,18.10343576447772,19.408428419163545,0.0,6.916404718412608
0.368,7.143809500833732,-0.1898896217300752,18.09680727487042,19.421437746166895,0.0,6.9539198791036565
0.369,7.161902996696045,-0.17046221266469255,18.09018558252389,19.4331670129023,0.0,6.991440784031353
0.37,7.1799898742640895,-0.1510237145019645,18.083570686082574,19.443615893560253,0.0,7.028966159762125
0.371,7.198070140332972,-0.13157540775585325,18.0769625839034,19.452784146378047,0.0,7.0664947325771195
0.372,7.216143801696015,-0.11211857314006553,18.070361274055916,19.460671613626577,0.0,7.104025228555949
0.373,7.234210865144464,-0.09265449148402799,18.06376675432247,19.46727822159166,0.0,7.1415563736604355
0.374,7.252271337467204,-0.07318444364888385,18.057179022198387,19.472603980549835,0.0,7.17908689381832
0.375,7.270325225450474,-0.053709710443516544,18.050598074892186,19.47664898473868,0.0,7.216615515006957
0.376,7.288372535877576,-0.03423157254060585,18.04402390932579,19.479413412321627,0.0,7.25414096333697
0.377,7.306413275528592,-0.014751310392721904,18.03745652213479,19.480897525347284,0.0,7.29166196513587
0.378,7.324447451180095,0.004729795851537346,18.03089590966868,19.481101669703285,0.0,7.329177247031633
0.379,7.342475069604867,0.02421046643135981,18.024342067991167,19.480026275064652,0.0,7.3666855360362264
0.38,7.360496137571608,0.043689422057478555,18.017794992880454,19.477671854836675,0.0,7.404185559629086
0.381,7.378510661844656,0.06316538399587121,18.011254679829555,19.474039006092337,0.0,7.441676045840527
0.382,7.396518649183698,0.08263707415139412,18.004721124046647,19.46912840950427,0.0,7.479155723335093
0.383,7.414520106343488,0.10210321515134568,17.998194320455415,19.462940829271247,0.0,7.5166233214948335
0.384,7.432515040073561,0.12156253042895347,17.991674263695423,19.45547711303924,0.0,7.554077570502514
0.385,7.450503457117949,0.14101374430677968,17.985160948122516,19.44673819181702,0.0,7.591517201424729
0.386,7.4684853642149,0.16045558208003952,17.978654367809227,19.43672507988632,0.0,7.628940946294939
0.387,7.486460768096592,0.17988677009982687,17.972154516545203,19.425438874706586,0.0,7.666347538196419
0.388,7.504429675488851,0.19930603585624226,17.965661387837656,19.412880756814307,0.0,7.703735711345093
0.389,7.522392093110869,0.21871210806141722,17.959174974911832,19.399051989716906,0.0,7.741104201172287
0.39,7.540348027674924,0.23810371673242994,17.952695270711494,19.38395391978126,0.0,7.778451744407354
0.391,7.558297485886096,0.25747959327410674,17.94622226789942,19.367587976116816,0.0,7.815777079160203
0.392,7.576240474441988,0.27683847056170396,17.939755958857923,19.34995567045332,0.0,7.853078945003692
0.393,7.5941770000324444,0.29617908302346485,17.933296335689406,19.331058597013175,0.0,7.890356083055909
0.394,7.612107069339273,0.31550016672304626,17.926843390216902,19.310898432378433,0.0,7.927607236062319
0.395,7.630030689035966,0.33480045944180936,17.920397113984663,19.289476935352443,0.0,7.964831148477775
0.396,7.647947865787419,0.3540787007609698,17.91395749825874,19.266795946816142,0.0,8.00202656654839
0.397,7.665858606249656,0.37333363214360105,17.9075245340276,19.242857389579022,0.0,8.039192238393257
0.398,7.683762917069551,0.3925639970164862,17.901098212002776,19.21766326822479,0.0,8.076326914086037
0.399,7.70166080488455,0.4117685408518129,17.894678522619472,19.191215668951696,0.0,8.113429345736362
0.4,7.719552276322397,0.4309460112487058,17.888265456037274,19.16351675940759,0.0,8.150498287571104
0.401,7.73743733800086,0.4500951580145915,17.881859002140803,19.134568788519672,0.0,8.187532496015452
0.402,7.755315996527452,0.4692147332463905,17.875459150540433,19.10437408631901,0.0,8.224530729773843
0.403,7.77318825849916,0.48830349141153134,17.869065890572998,19.07293506375975,0.0,8.261491749910691
0.404,7.791054130502172,0.5073601894287808,17.86267921130254,19.04025421253314,0.0,8.298414319930952
0.405,7.808913619111602,0.5263835867488862,17.856299101521056,19.00633410487627,0.0,8.335297205860488
0.406,7.826766730891224,0.545372445435023,17.849925549749273,18.971177393375655,0.0,8.372139176326247
0.40700000000000003,7.844613472393195,0.5643255302430442,17.843558544237435,18.934786810765562,0.0,8.408939002636238
0.40800000000000003,7.862453850157786,0.5832416087015251,17.83719807296612,18.897165169721198,0.0,8.445695458859312
0.40900000000000003,7.8802878707131185,0.6021194511915983,17.83084412364705,18.858315362646703,0.0,8.482407321904716
0.41000000000000003,7.898115540574887,0.6209578310265749,17.82449668372394,18.818240361458002,0.0,8.519073371601461
0.41100000000000003,7.915936866246098,0.6397555245313453,17.81815574037336,18.776943217360515,0.0,8.555692390777443
0.41200000000000003,7.933751854216802,0.6585113111215558,17.811821280505608,18.734427060621737,0.0,8.592263165338357
0.41300000000000003,7.9515605109638265,0.6772239733825542,17.805493290765604,18.69069510033874,0.0,8.628784484346381
0.41400000000000003,7.969362842950511,0.6958922971481017,17.799171757533802,18.645750624200556,0.0,8.665255140098612
0.41500000000000004,7.9871588566264435,0.7145150715788434,17.792856666927115,18.59959699824551,0.0,8.701673928205286
0.41600000000000004,8.004948558427198,0.7330910892405345,17.78654800479986,18.552237666613497,0.0,8.738039647667733
0.417,8.022731954774073,0.7516191461820154,17.78024575674473,18.503676151293227,0.0,8.774351100956089
0.418,8.04050905207383,0.7700980420129331,17.773949908093755,18.45391605186444,0.0,8.810607094086762
0.419,8.058279856718428,0.7885265799811999,17.767660443919308,18.40296104523514,0.0,8.846806436699628
0.42,8.076044375084773,0.8069035670501893,17.76137734903511,18.350814885373854,0.0,8.882947942134964
0.421,8.093802613534455,0.8252278139756599,17.755100607997278,18.297481403036898,0.0,8.919030427510116
0.422,8.111554578413491,0.8434981353824053,17.748830205105342,18.24296450549075,0.0,8.955052713795897
0.423,8.12930027605207,0.8617133498406229,17.74256612440333,18.187268176229477,0.0,8.991013625892693
0.424,8.147039712764299,0.8798722799419985,17.736308349680826,18.130396474687256,0.0,9.026911992706298
0.425,8.164772894847944,0.8979737523755005,17.730056864474083,18.07235353594604,0.0,9.062746647223445
0.426,8.182499828584186,0.9160165980028795,17.723811652067123,18.013143570438345,0.0,9.098516426587066
0.427,8.200220520237362,0.9339996519338682,17.717572695492866,17.952770863645213,0.0,9.134220172171231
0.428,8.217934976054718,0.9519217536010771,17.711339977534273,17.89123977578935,0.0,9.169856729655795
0.429,8.235643202266155,0.9697817468345804,17.705113480725508,17.828554741523483,0.0,9.205424949100736
0.43,8.253345205083988,0.9875784799361885,17.698893187353107,17.764720269613925,0.0,9.240923685020176
0.431,8.271040990702694,1.0053108057534013,17.692679079457168,17.69974094261941,0.0,9.276351796456096
0.432,8.288730565298668,1.022977581753038,17.68647113883257,17.6336214165652,0.0,9.311708147051705
0.433,8.306413935029974,1.0405776700945386,17.680269347030176,17.56636642061248,0.0,9.346991605124513
0.434,8.32409110603611,1.058109937702933,17.67407368535809,17.497980756723063,0.0,9.382201043739045
0.435,8.341762084437763,1.075573256341472,17.66788413488289,17.428469299319477,0.0,9.417335340779236
0.436,8.359426876336558,1.092966502683915,17.66170067643092,17.357836994940378,0.0,9.452393379020473
0.437,8.377085487814835,1.1102885583864741,17.655523290589556,17.286088861891372,0.0,9.487374046201309
0.438,8.394737924935397,1.127538310159402,17.649351957708507,17.213229989891254,0.0,9.522276235094798
0.439,8.412384193741282,1.1447146498382288,17.643186657901136,17.13926553971368,0.0,9.55709884357951
0.44,8.430024300255523,1.1618164744546338,17.63702737104579,17.064200742824323,0.0,9.591840774710157
0.441,8.447658250480913,1.1788426863069554,17.630874076787137,16.9880409010135,0.0,9.626500936787869
0.442,8.465286050399774,1.1957921930303301,17.62472675453753,16.91079138602431,0.0,9.661078243430104
0.443,8.482907705973725,1.2126639076664572,17.61858538347838,16.832457639176358,0.0,9.695571613640181
0.444,8.500523223143452,1.229456748732985,17.612449942561543,16.753045170984993,0.0,9.729979971876437
0.445,8.518132607828477,1.2461696402925153,17.606320410510733,16.672559560776175,0.0,9.764302248120993
0.446,8.535735865926934,1.2628015120212188,17.600196765822922,16.591006456296952,0.0,9.798537377948154
0.447,8.553333003315341,1.2793512992770597,17.594078986769787,16.508391573321603,0.0,9.832684302592401
0.448,8.570924025848374,1.2958179431676247,17.587967051399154,16.424720695253427,0.0,9.866741969016
0.449,8.588508939358647,1.3122003906175506,17.581860937536455,16.339999672722268,0.0,9.900709329976198
0.45,8.60608774965649,1.3284975944355477,17.5757606227862,16.25423442317775,0.0,9.934585344092039
0.451,8.623660462529726,1.3447085133810155,17.569666084533473,16.167430930478282,0.0,9.96836897591074
0.452,8.641227083743452,1.3608321122302427,17.563577299945436,16.07959524447585,0.0,10.002059195973695
0.453,8.658787619039828,1.3768673618421927,17.557494245972833,15.99073348059663,0.0,10.03565498088202
0.454,8.676342074137853,1.3928132392238655,17.551416899351537,15.900851819417433,0.0,10.069155313361719
0.455,8.693890454733161,1.4086687275952356,17.545345236604074,15.809956506238047,0.0,10.102559182328397
0.456,8.711432766497795,1.4244328164537587,17.539279234041203,15.718053850649467,0.0,10.135865582951554
0.457,8.72896901508001,1.440104501638446,17.533218867763466,15.625150226098066,0.0,10.169073516718456
0.458,8.746499206104053,1.4556827853934993,17.527164113662785,15.531252069445731,0.0,10.202181991497552
0.459,8.764023345169962,1.4711666764315054,17.521114947424053,15.436365880525992,0.0,10.235190021601467
0.46,8.781541437853354,1.4865551899961842,17.515071344526742,15.340498221696174,0.0,10.268096627849538
0.461,8.799053489705226,1.5018473479246863,17.509033280246538,15.243655717385613,0.0,10.300900837629912
0.462,8.81655950625175,1.5170421787094386,17.50300072965696,15.145845053639949,0.0,10.333601684961188
0.463,8.834059492994067,1.5321387175595298,17.49697366763102,15.047072977661548,0.0,10.366198210553597
0.464,8.851553455408096,1.5471360064616366,17.490952068842883,14.947346297346062,0.0,10.398689461869733
0.465,8.86904139894433,1.5620330942404836,17.484935907769533,14.846671880815178,0.0,10.431074493184813
0.466,8.88652332902764,1.576829036618834,17.478925158692466,14.745056655945582,0.0,10.463352365646474
0.467,8.903999251057082,1.5915228962770074,17.472919795699386,14.642507609894162,0.0,10.49552214733409
0.468,8.921469170405704,1.6061137429119212,17.46691979268592,14.539031788619491,0.0,10.527582913317625
0.46900000000000003,8.938933092420354,1.6206006532956514,17.46092512335733,14.434636296399624,0.0,10.559533745716006
0.47000000000000003,8.956391022421492,1.6349827113335096,17.454935761230253,14.329328295346237,0.0,10.591373733755002
0.47100000000000003,8.973842965702998,1.6492590081216318,17.44895167963445,14.223115004915138,0.0,10.62310197382463
0.47200000000000003,8.991288927531992,1.6634286420040771,17.44297285171456,14.116003701413199,0.0,10.654717569536068
0.47300000000000003,9.008728913148644,1.6774907186294299,17.436999250431874,14.008001717501713,0.0,10.686219631778075
0.47400000000000003,9.026162927765998,1.6914443510069048,17.431030848566103,13.899116441696252,0.0,10.717607278772903
0.47500000000000003,9.043590976569787,1.7052886595619494,17.42506761871718,13.789355317863018,0.0,10.748879636131736
0.47600000000000003,9.061013064718251,1.7190227721913418,17.41910953330707,13.678725844711742,0.0,10.780035836909594
0.47700000000000004,9.078429197341968,1.732645824317779,17.413156564581563,13.567235575285174,0.0,10.811075021659747
0.47800000000000004,9.095839379543673,1.7461569589439532,17.407208684612126,13.454892116445173,0.0,10.841996338487625
0.47900000000000004,9.113243616398083,1.7595553267061126,17.401265865297717,13.34170312835546,0.0,10.872798943104197
0.48,9.130641912951734,1.7728400859271036,17.39532807836664,13.227676323961045,0.0,10.903481998878839
0.481,9.148034274222802,1.7860104026688897,17.3893952953784,13.112819468464378,0.0,10.934044676891691
0.482,9.16542070520094,1.7990654507845463,17.383467487725575,12.997140378798257,0.0,10.964486155985487
0.483,9.182801210847112,1.8120044119697258,17.377544626635697,12.880646923095522,0.0,10.994805622816838
0.484,9.200175796093426,1.8248264758135917,17.371626683173123,12.763347020155585,0.0,11.025002271907017
0.485,9.217544465842973,1.837530839849216,17.365713628240954,12.645248638907809,0.0,11.055075305692188
0.486,9.23490722496967,1.8501167096034412,17.35980543258293,12.5263597978718,0.0,11.08502393457311
0.487,9.252264078318095,1.8625832986461979,17.353902066785356,12.406688564614628,0.0,11.114847376964294
0.488,9.26961503070334,1.8749298286392801,17.34800350127902,12.286243055205016,0.0,11.14454485934262
0.489,9.286960086910847,1.8871555293845732,17.34210970634114,12.165031433664549,0.0,11.17411561629542
0.49,9.304299251696259,1.8992596388717307,17.336220652097303,12.043061911415917,0.0,11.20355889056799
0.491,9.32163252978527,1.9112414033252985,17.330336308523428,11.920342746728254,0.0,11.232873933110568
0.492,9.338959925873475,1.9231000772512823,17.32445664544773,11.796882244159587,0.0,11.262060003124757
0.493,9.356281444626228,1.9348349234831572,17.318581632552682,11.672688753996447,0.0,11.291116368109385
0.494,9.37359709067849,1.9464452132273142,17.312711239377016,11.547770671690676,0.0,11.320042303905804
0.495,9.390906868634692,1.9579302261079436,17.306845435317705,11.42213643729347,0.0,11.348837094742636
0.496,9.408210783068588,1.9692892502113495,17.30098418963196,11.29579453488669,0.0,11.377500033279938
0.497,9.425508838523124,1.980521582129695,17.295127471439255,11.168753492011485,0.0,11.406030420652819
0.498,9.442801039510295,1.9916265270041753,17.289275249723318,11.04102187909426,0.0,11.43442756651447
0.499,9.460087390511015,2.002603398567614,17.28342749333418,10.912608308870041,0.0,11.462690789078628
0.5,9.477367895974982,2.0134515191864835,17.277584170990202,10.783521435803255,0.0,11.490819415161466
0.501,9.494642560320544,2.0241702199023424,17.271745251280105,10.653769955505977,0.0,11.518812780222888
0.502,9.511911387934578,2.034758840472692,17.26591070266504,10.523362604153684,0.0,11.54667022840727
0.503,9.529174383172355,2.0452167294112464,17.26008049348062,10.39230815789855,0.0,11.574391112583601
0.504,9.546431550357424,2.0555432440276156,17.25425459193901,10.260615432280321,0.0,11.60197479438504
0.505,9.56368289378148,2.0657377504663956,17.24843296613098,10.128293281634818,0.0,11.629420644247876
0.506,9.580928417704257,2.0757996237456693,17.242615584027995,9.995350598500087,0.0,11.656728041449927
0.507,9.598168126353393,2.085728247794911,17.236802413484295,9.861796313020271,0.0,11.683896374148304
0.508,9.615402023924327,2.0955230154922924,17.230993422238992,9.727639392347204,0.0,11.710925039416619
0.509,9.63263011458018,2.105183328701391,17.225188577918164,9.592888840039791,0.0,11.73781344328157
0.51,9.649852402451646,2.114708598307295,17.219387848036977,9.457553695461218,0.0,11.764561000758942
0.511,9.667068891636873,2.1240982442521075,17.213591200001776,9.321643033174007,0.0,11.79116713588898
0.512,9.684279586201368,2.1333516955698393,17.207798601112223,9.185165962332988,0.0,11.817631281771208
0.513,9.701484490177881,2.1424683904206994,17.202010018563417,9.048131626076204,0.0,11.84395288059858
0.514,9.718683607566309,2.1514477761247712,17.196225419448023,8.910549200913797,0.0,11.87013138369108
0.515,9.735876942333588,2.16028930919508,17.190444770758415,8.77242789611493,0.0,11.896166251528669
0.516,9.753064498413602,2.1689924553700424,17.184668039388818,8.633776953092756,0.0,11.922056953783645
0.517,9.770246279707075,2.177556689645304,17.17889519213746,8.494605644787505,0.0,11.947802969352379
0.518,9.787422290081487,2.185981496304956,17.173126195708722,8.354923275047716,0.0,11.973403786386443
0.519,9.804592533370974,2.194266368952134,17.167361016715304,8.214739178009646,0.0,11.998858902323107
0.52,9.821757013376239,2.2024108105389946,17.161599621680388,8.074062717474925,0.0,12.024167823915233
0.521,9.838915733864468,2.210414333396068,17.155841977039813,7.932903286286467,0.0,12.049330067260536
0.522,9.856068698569237,2.2182764592609887,17.150088049144248,7.791270305702698,0.0,12.074345157830226
0.523,9.87321591119043,2.225996719306594,17.14433780426137,7.649173224770139,0.0,12.099212630497025
0.524,9.890357375394162,2.233574654168402,17.138591208578056,7.506621519694383,0.0,12.123932029562564
0.525,9.907493094812692,2.2410098139714516,17.132848228202576,7.3636246932095055,0.0,12.148502908784144
0.526,9.92462307304435,2.2483017583565177,17.127108829166772,7.220192273945961,0.0,12.172924831400866
0.527,9.94174731365346,2.255450056505689,17.121372977428276,7.076333815796993,0.0,12.197197370159149
0.528,9.958865820170269,2.2624542871673152,17.1156406388727,6.93205889728361,0.0,12.221320107337585
0.529,9.975978596090874,2.269314038680315,17.109911779315855,6.787377120918167,0.0,12.24529263477119
0.53,9.993085644877151,2.2760289089978496,17.104186364505942,6.6422981125665945,0.0,12.269114553875001
0.531,10.010186969956697,2.2825985057103573,17.098464360125792,6.496831520809314,0.0,12.292785475667054
0.532,10.027282574722754,2.2890224460679467,17.092745731795066,6.350987016300888,0.0,12.3163050207907
0.533,10.044372462534158,2.295300357002151,17.08703044507248,6.204774291128441,0.0,12.33967281953631
0.534,10.06145663671527,2.3014318751470393,17.081318465458033,6.058203058168903,0.0,12.362888511862309
0.535,10.078535100555927,2.3074166468596835,17.075609758395238,5.911283050445108,0.0,12.38595174741561
0.536,10.095607857311377,2.3132543282399833,17.069904289273346,5.76402402048079,0.0,12.40886218555136
0.537,10.112674910202234,2.318944585149843,17.064202023429583,5.616435739654538,0.0,12.431619495352077
0.538,10.129736262414426,2.3244870932317037,17.058502926151384,5.468527997552715,0.0,12.454223355646128
0.539,10.14679191709914,2.3298815379264264,17.052806962678634,5.320310601321434,0.0,12.476673455025566
0.54,10.163841877372784,2.335127614490528,17.04711409820591,5.171793375017583,0.0,12.498969491863312
0.541,10.180886146316936,2.3402250280127674,17.04142429788472,5.022986158958984,0.0,12.521111174329704
0.542,10.197924726978309,2.3451734934300794,17.03573752682576,4.873898809073695,0.0,12.543098220408389
0.543,10.2149576223687,2.3499727355428615,17.030053750101143,4.724541196248524,0.0,12.564930357911562
0.544,10.231984835464969,2.3546224890296057,17.02437293274666,4.574923205676789,0.0,12.586607324494574
0.545,10.249006369208987,2.359122498460878,17.01869503976404,4.425054736205349,0.0,12.608128867669866
0.546,10.266022226507612,2.3634725183126464,17.013020036123176,4.274945699680991,0.0,12.629494744820258
0.547,10.28303241023266,2.3676723129789528,17.007347886764403,4.1246060202961665,0.0,12.650704723211614
0.548,10.300036923220873,2.3717216567839308,17.001678556600744,3.974045633934161,0.0,12.671758580004804
0.549,10.31703576827389,2.3756203339931705,16.99601201052016,3.8232744875137143,0.0,12.69265610226706
0.55,10.33402894815823,2.379368138824425,16.990348213387822,3.6723025383331485,0.0,12.713397086982654
0.551,10.351016465605264,2.3829648754576627,16.984687130048346,3.52113975341404,0.0,12.733981341062927
0.552,10.3679983233112,2.3864103580444604,16.97902872532807,3.3697961088444814,0.0,12.75440868135566
0.553,10.384974523937064,2.389704410716743,16.973372964037313,3.2182815891219767,0.0,12.774678934653807
0.554,10.401945070108685,2.3928468675948635,16.967719810972614,3.066606186496011,0.0,12.794791937703549
0.555,10.418909964416681,2.395837572795027,16.962069230919013,2.914779900310339,0.0,12.814747537211709
0.556,10.435869209416452,2.3986763804360547,16.956421188652296,2.762812736345037,0.0,12.834545589852507
0.557,10.452822807628172,2.401363154645492,16.950775648941264,2.610714706158361,0.0,12.854185962273665
0.558,10.469770761536775,2.403897769565057,16.94513257654998,2.458495826428448,0.0,12.873668531101833
0.559,10.486713073591964,2.406280109355433,16.939491936240035,2.306166118294917,0.0,12.892993182947396
0.56,10.503649746208202,2.408510068200397,16.933853692772807,2.1537356067003994,0.0,12.9121598144086
0.561,10.520580781764712,2.410587550310298,16.928217810911708,2.001214319732049,0.0,12.93116833207501
0.562,10.537506182605483,2.412512469924868,16.922584255424447,1.8486122879630735,0.0,12.950018652530352
0.5630000000000001,10.554425951039276,2.4142847513153822,16.916952991085285,1.695939543794332,0.0,12.968710702354658
0.5640000000000001,10.57134008933963,2.4159043287861564,16.911323982677285,1.5432061207960373,0.0,12.987244418125787
0.5650000000000001,10.588248599744873,2.417371146675386,16.90569719499457,1.39042205304961,0.0,13.005619746420258
0.5660000000000001,10.60515148445813,2.4186851593553307,16.900072592844566,1.2375973744897284,0.0,13.02383664381346
0.5670000000000001,10.622048745647346,2.419846331231836,16.894450141050257,1.0847421182466122,0.0,13.041895076879182
0.5680000000000001,10.638940385445295,2.420854636743202,16.888829804452424,0.9318663159885885,0.0,13.059795022188498
0.5690000000000001,10.655826405949602,2.4217100603583925,16.883211547911905,0.7789799972649801,0.0,13.077536466307995
0.5700000000000001,10.672706809222765,2.4224125965745875,16.877595336311828,0.626093188849359,0.0,13.095119405797352
0.5710000000000001,10.689581597292175,2.422962249914079,16.87198113455985,0.47321591408320973,0.0,13.112543847206254
0.5720000000000001,10.706450772150145,2.423359034920511,16.8663689075904,0.32035819222004347,0.0,13.129809807070655
0.5730000000000001,10.723314335753937,2.423602976154464,16.860758620366916,0.16753003777000788,0.0,13.146917311908402
0.5740000000000001,10.740172290025791,2.423694108188385,16.85515023788408,0.014741459845033361,0.0,13.163866398214177
0.5750000000000001,10.757024636852961,2.4236324756008596,16.849543725170037,-0.13799753849544039,0.0,13.18065711245382
0.5760000000000001,10.773871378087742,2.423418132970235,16.843939047288643,-0.2906769608981147,0.0,13.197289511057978
0.577,10.790712515547515,2.4230511448675873,16.83833616934167,-0.4432868183688171,0.0,13.213763660415102
0.578,10.807548051014782,2.422531585849034,16.83273505647104,-0.5958171299247785,0.0,13.230079636863817
0.579,10.82437798623721,2.421859540447399,16.827135673861044,-0.7482579232461599,0.0,13.246237526684608
0.58,10.841202322927666,2.4210351031632227,16.821537986740537,-0.9005992353267857,0.0,13.262237426090888
0.581,10.858021062764276,2.420058378455125,16.815941960385178,-1.0528311131240418,0.0,13.2780794412194
0.582,10.874834207390464,2.418929480729516,16.810347560119617,-1.204943614207897,0.0,13.29376368811998
0.583,10.891641758415002,2.4176485343296585,16.8047547513197,-1.356926807409003,0.0,13.30929029274466
0.584,10.908443717412066,2.4162156735240856,16.79916349941468,-1.5087707734658333,0.0,13.324659390936151
0.585,10.925240085921288,2.4146310424943684,16.79357376988939,-1.6604656056708171,0.0,13.339871128415657
0.586,10.942030865447816,2.4128947953222397,16.78798552828647,-1.8120014105154287,0.0,13.354925660770055
0.587,10.958816057462368,2.411007095976073,16.782398740208507,-1.9633683083341862,0.0,13.36982315343844
0.588,10.975595663401295,2.408968118296718,16.776813371320248,-2.114556433947523,0.0,13.384563781698013
0.589,10.992369684666647,2.406778045982693,16.77122938735077,-2.2655559373034855,0.0,13.39914773064934
0.59,11.009138122626233,2.404437072574738,16.76564675409564,-2.4163569841182184,0.0,13.41357519520097
0.591,11.025900978613695,2.401945401439727,16.760065437419108,-2.566949756515195,0.0,13.427846380053422
0.592,11.042658253928574,2.3993032457539396,16.754485403256233,-2.7173244536631516,0.0,13.441961499682513
0.593,11.059409949836379,2.3965108284857,16.748906617615063,-2.8674712924126817,0.0,13.45592077832208
0.594,11.07615606756867,2.3935683823773757,16.743329046578776,-3.0173805079314557,0.0,13.469724449946046
0.595,11.092896608323123,2.390476149926743,16.73775265630783,-3.1670423543380153,0.0,13.483372758249866
0.596,11.109631573263618,2.3872343833677223,16.7321774130421,-3.31644710533411,0.0,13.496865956631341
0.597,11.126360963520314,2.3838433446504768,16.726603283103003,-3.4655850548355307,0.0,13.510204308170792
0.598,11.143084780189733,2.380303305420884,16.721030232895643,-3.6144465176014,0.0,13.523388085610618
0.599,11.159803024334844,2.376614546999381,16.715458228910908,-3.763021829861878,0.0,13.536417571334225
0.6,11.176515696985152,2.372777360359176,16.709887237727607,-3.911301349944245,0.0,13.549293057344329
0.601,11.193222799136787,2.368792046103842,16.704317226014556,-4.059275458897319,0.0,13.562014845240629
0.602,11.20992433175259,2.3646589144442838,16.698748160532702,-4.206934561114166,0.0,13.574583246196875
0.603,11.226620295762213,2.3603782851750807,16.6931800081372,-4.354269084953071,0.0,13.586998580937294
0.604,11.24331069206221,2.355950487650214,16.687612735779513,-4.5012694833567135,0.0,13.599261179712423
0.605,11.259995521516133,2.3513758607581727,16.682046310509474,-4.647926234469527,0.0,13.611371382274307
0.606,11.276674784954638,2.346654752896444,16.676480699477384,-4.79422984225319,0.0,13.623329537851081
0.607,11.293348483175581,2.3417875219453883,16.670915869936056,-4.940170837100207,0.0,13.63513600512097
0.608,11.310016616944123,2.3367745352415037,16.665351789242894,-5.085739776445552,0.0,13.646791152185628
0.609,11.326679186992836,2.3316161695500783,16.659788424861922,-5.230927245376324,0.0,13.658295356542915
0.61,11.343336194021807,2.3263128110372335,16.65422574436585,-5.375723857239382,0.0,13.669649005059041
0.611,11.359987638698755,2.3208648552413615,16.64866371543809,-5.520120254246915,0.0,13.680852493940115
0.612,11.376633521659135,2.3152727070439583,16.6431023058748,-5.66410710807991,0.0,13.691906228703093
0.613,11.39327384350626,2.3095367806398532,16.637541483586894,-5.80767512048948,0.0,13.702810624146112
0.614,11.409908604811406,2.3036574995068406,16.63198121660205,-5.95081502389602,0.0,13.713566104318247
0.615,11.426537806113943,2.29763529637471,16.626421473066728,-6.093517581986132,0.0,13.724173102488653
0.616,11.443161447921442,2.2914706131936846,16.620862221248146,-6.235773590307306,0.0,13.734632061115127
0.617,11.459779530709804,2.2851639011022615,16.615303429536286,-6.377573876860304,0.0,13.744943431812066
0.618,11.476392054923384,2.2787156203944647,16.609745066445853,-6.518909302689208,0.0,13.755107675317849
0.619,11.492999020975113,2.272126240486508,16.604187100618258,-6.659770762469099,0.0,13.76512526146162
0.62,11.509600429246627,2.265396239882871,16.598629500823563,-6.800149185091335,0.0,13.774996669129496
0.621,11.5261962800884,2.2585261061417894,16.59307223596245,-6.940035534246374,0.0,13.78472238623019
0.622,11.54278657381987,2.251516335840168,16.587515275068142,-7.079420809004123,0.0,13.794302909660038
0.623,11.559371310729576,2.2443674345379114,16.58195858730835,-7.21829604439176,0.0,13.803738745267488
0.624,11.575950491075295,2.2370799167416777,16.576402141987188,-7.356652311969006,0.0,13.813030407816973
0.625,11.592524115084174,2.2296543058680607,16.570845908547092,-7.494480720400796,0.0,13.822178420952234
0.626,11.609092182952873,2.222091134206199,16.56528985657072,-7.631772416027329,0.0,13.831183317159072
0.627,11.625654694847707,2.2143909428798167,16.559733955782836,-7.76851858343144,0.0,13.840045637727524
0.628,11.642211650904787,2.206554281808699,16.554178176052208,-7.904710446003283,0.0,13.848765932713487
0.629,11.658763051230165,2.1985817096696025,16.54862248739348,-8.04033926650226,0.0,13.857344760899768
0.63,11.675308895899981,2.1904737938566066,16.54306685996902,-8.175396347616184,0.0,13.865782689756587
0.631,11.691849184960613,2.1822311104409065,16.537511264090792,-8.30987303251763,0.0,13.87408029540152
0.632,11.708383918428828,2.1738542441300526,16.531955670222185,-8.443760705417445,0.0,13.882238162558881
0.633,11.724913096291928,2.165343788226635,16.526400048979852,-8.57705079211536,0.0,13.890256884518564
0.634,11.741436718507915,2.156700344586422,16.520844371135528,-8.709734760547704,0.0,13.898137063094337
0.635,11.757954785005637,2.147924523575949,16.51528860761784,-8.841804121332157,0.0,13.905879308581586
0.636,11.774467295684952,2.139016944029568,16.509732729514106,-8.973250428309518,0.0,13.91348423971452
0.637,11.790974250416882,2.1299782332059545,16.50417670807213,-9.104065279082457,0.0,13.920952483622838
0.638,11.807475649043782,2.120809026744076,16.498620514701972,-9.234240315551205,0.0,13.928284675787857
0.639,11.823971491379497,2.111509968618629,16.493064120977717,-9.363767224446153,0.0,13.935481459998126
0.64,11.840461777209528,2.1020817110949452,16.487507498639225,-9.492637737857349,0.0,13.942543488304473
0.641,11.856946506291202,2.0925249146833655,16.481950619593885,-9.620843633760805,0.0,13.949471420974568
0.642,11.873425678353835,2.082840248093094,16.476393455918338,-9.748376736541646,0.0,13.956265926446928
0.643,11.889899293098907,2.073028388185529,16.4708359798602,-9.875228917514017,0.0,13.962927681284436
0.644,11.90636735020023,2.063090019927074,16.465278163839773,-10.001392095437735,0.0,13.969457370127303
0.645,11.922829849304124,2.053025836341436,16.459719980451734,-10.126858237031668,0.0,13.97585568564556
0.646,11.939286790029595,2.0428365384614113,16.454161402466823,-10.251619357483767,0.0,13.982123328491006
0.647,11.955738171968504,2.032522835280162,16.44860240283352,-10.375667520957771,0.0,13.988261007248665
0.648,11.97218399468575,2.022085443701989,16.443042954679697,-10.498994841096508,0.0,13.99426943838774
0.649,11.988624257719454,2.0115250884926024,16.437483031314276,-10.621593481521785,0.0,14.000149346212057
0.65,12.005058960581135,2.0008425022288936,16.431922606228856,-10.74345565633083,0.0,14.005901462810028
0.651,12.021488102755892,1.9900384252482137,16.426361653099338,-10.864573630589254,0.0,14.011526528004106
0.652,12.0379116837026,1.9791136055971603,16.420800145787535,-10.984939720820494,0.0,14.01702528929976
0.653,12.054329702854083,1.9680687989798757,16.41523805834277,-11.104546295491724,0.0,14.022398501833958
0.654,12.070742159617314,1.956904768705862,16.409675365003462,-11.22338577549619,0.0,14.027646928323176
0.655,12.087149053373595,1.9456222856373158,16.404112040198697,-11.341450634631935,0.0,14.03277133901091
0.656,12.103550383478758,1.9342221281359844,16.39854805854979,-11.458733400076897,0.0,14.037772511614742
0.657,12.119946149263347,1.9227050820095515,16.392983394871816,-11.575226652860346,0.0,14.042651231272899
0.658,12.136336350032824,1.91107194045755,16.387418024175165,-11.690923028330623,0.0,14.047408290490374
0.659,12.152720985067756,1.8993235040168122,16.381851921667042,-11.805815216619152,0.0,14.052044489084569
0.66,12.169100053624017,1.8874605805064548,16.376285062752984,-11.919895963100712,0.0,14.056560634130472
0.661,12.185473554932988,1.8754839849724083,16.37071742303835,-12.033158068849923,0.0,14.060957539905397
0.662,12.201841488201756,1.8633945396314895,16.365148978329795,-12.145594391093919,0.0,14.065236027833246
0.663,12.218203852613314,1.8511930738150246,16.359579704636737,-12.257197843661189,0.0,14.06939692642834
0.664,12.234560647326767,1.8388804239120253,16.35400957817281,-12.36796139742655,0.0,14.073441071238792
0.665,12.250911871477536,1.8264574333119212,16.348438575357303,-12.477878080752228,0.0,14.077369304789457
0.666,12.267257524177566,1.8139249523468537,16.342866672816577,-12.586940979925023,0.0,14.08118247652442
0.667,12.283597604515533,1.8012838382335343,16.33729384738548,-12.695143239589507,0.0,14.084881442749067
0.668,12.29993211155705,1.7885349550146725,16.33172007610874,-12.802478063177274,0.0,14.088467066571722
0.669,12.316261044344882,1.7756791734999748,16.326145336242345,-12.908938713332164,0.0,14.091940217844858
0.67,12.332584401899156,1.7627173712067223,16.320569605254907,-13.014518512331476,0.0,14.095301773105879
0.671,12.348902183217573,1.7496504322999282,16.314992860829026,-13.119210842503112,0.0,14.098552615517502
0.672,12.365214387275628,1.73647924753208,16.30941508086261,-13.223009146638653,0.0,14.101693634807708
0.673,12.381521013026818,1.7232047141824713,16.303836243470215,-13.325906928402318,0.0,14.104725727209289
0.674,12.397822059402865,1.7098277359961265,16.298256326984344,-13.4278977527358,0.0,14.107649795398991
0.675,12.414117525313934,1.696349223122322,16.29267530995674,-13.528975246258938,0.0,14.110466748436256
0.676,12.430407409648849,1.6827700920527104,16.28709317115967,-13.62913309766621,0.0,14.113177501701559
0.677,12.44669171127532,1.6690912655590484,16.28150988958718,-13.728365058119028,0.0,14.11578297683437
0.678,12.462970429040164,1.6553136726305364,16.275925444456366,-13.826664941633783,0.0,14.1182841016707
0.679,12.479243561769522,1.6414382484107706,16.270339815208583,-13.924026625465658,0.0,14.120681810180292
0.68,12.495511108269092,1.627465934134314,16.264752981510675,-14.020444050488141,0.0,14.122977042403406
0.681,12.511773067324352,1.613397677062891,16.259164923256176,-14.11591122156826,0.0,14.125170744387244
0.682,12.528029437700786,1.5992344304212074,16.253575620566505,-14.210422207937471,0.0,14.127263868121993
0.683,12.544280218144117,1.584977153332402,16.247985053792135,-14.303971143558217,0.0,14.129257371476518
0.684,12.56052540738053,1.570626810753135,16.24239320351375,-14.396552227486099,0.0,14.131152218133664
0.685,12.576765004116908,1.556184373408315,16.236800050543383,-14.488159724227673,0.0,14.132949377525222
0.686,12.592999007041062,1.5416508177254709,16.231205575925554,-14.578787964093816,0.0,14.134649824766532
0.687,12.609227414821962,1.5270271257687733,16.225609760938372,-14.668431343548674,0.0,14.136254540590736
0.6880000000000001,12.62545022610998,1.5123142851727085,16.220012587094633,-14.757084325554134,0.0,14.137764511282688
0.6890000000000001,12.641667439537109,1.4975132890754097,16.214414036142905,-14.84474143990983,0.0,14.13918072861252
0.6900000000000001,12.657879053717217,1.4826251360516518,16.208814090068582,-14.93139728358865,0.0,14.140504189768869
0.6910000000000001,12.674085067246272,1.467650830045512,16.203212731094943,-15.017046521067714,0.0,14.141735897291785
0.6920000000000001,12.690285478702588,1.4525913803027024,16.197609941684174,-15.101683884654825,0.0,14.142876859005291
0.6930000000000001,12.706480286647055,1.437447801302577,16.19200570453839,-15.185304174810353,0.0,14.143928087949632
0.6940000000000001,12.722669489623394,1.4222211126898217,16.18640000260063,-15.267902260464542,0.0,14.144890602313216
0.6950000000000001,12.738853086158382,1.4069123392058258,16.180792819055856,-15.349473079330213,0.0,14.145765425364209
0.6960000000000001,12.755031074762107,1.3915225106197464,16.1751841373319,-15.430011638210866,0.0,14.146553585381852
0.6970000000000001,12.771203453928203,1.376052661659265,16.169573941100428,-15.509513013304128,0.0,14.147256115587469
0.6980000000000001,12.787370222134104,1.3605038319410439,16.163962214277873,-15.587972350500557,0.0,14.147874054075148
0.6990000000000001,12.803531377841276,1.344877065900885,16.158348941026354,-15.665384865677774,0.0,14.148408443742161
0.7000000000000001,12.819686919495476,1.3291734127235992,16.152734105754575,-15.741745844989904,0.0,14.148860332219076
0.7010000000000001,12.835836845526991,1.3133939262725858,16.14711769311872,-15.817050645152305,0.0,14.149230771799576
0.7020000000000001,12.851981154350888,1.2975396650191307,16.14149968802331,-15.891294693721585,0.0,14.149520819370018
0.7030000000000001,12.868119844367262,1.2816116919714284,16.135880075622065,-15.964473489370866,0.0,14.149731536338692
0.704,12.884252913961491,1.265611074603329,16.130258841318746,-16.036582602160294,0.0,14.149863988564821
0.705,12.900380361504478,1.2495388847828175,16.12463597076795,-16.10761767380279,0.0,14.149919246287295
0.706,12.916502185352908,1.2333961987002313,16.11901144987595,-16.177574417924983,0.0,14.149898384053138
0.707,12.932618383849496,1.217184096796217,16.11338526480144,-16.24644862032337,0.0,14.149802480645713
0.708,12.948728955323247,1.200903663689435,16.10775740195634,-16.314236139215634,0.0,14.149632619012682
0.709,12.9648338980897,1.1845559881040146,16.102127848006532,-16.380932905487136,0.0,14.149389886193715
0.71,12.980933210451193,1.1681421627967647,16.096496589872594,-16.44653492293256,0.0,14.149075373247957
0.711,12.997026890697104,1.1516632844841463,16.090863614730523,-16.5110382684927,0.0,14.14869017518125
0.712,13.01311493710412,1.1351204537690096,16.08522891001244,-16.57443909248635,0.0,14.148235390873129
0.713,13.029197347936492,1.1185147750671023,16.079592463407266,-16.636733618837326,0.0,14.147712123003593
0.714,13.045274121446282,1.1018473565333526,16.0739542628614,-16.697918145296565,0.0,14.147121477979635
0.715,13.06134525587363,1.0851193099879344,16.06831429657936,-16.757989043659336,0.0,14.146464565861564
0.716,13.077410749447008,1.0683317508421144,16.062672553024424,-16.816942759977486,0.0,14.145742500289122
0.717,13.093470600383487,1.0514857980238936,16.05702902091924,-16.87477581476677,0.0,14.14495639840738
0.718,13.109524806888984,1.03458257390344,16.05138368924644,-16.931484803209226,0.0,14.144107380792425
0.719,13.125573367158532,1.0176232042183244,16.04573654724919,-16.98706639535057,0.0,14.143196571376857
0.72,13.141616279376535,1.0006088179985595,16.0400875844318,-17.041517336292628,0.0,14.142225097375094
0.721,13.157653541717035,0.9835405474914498,16.03443679056022,-17.094834446380784,0.0,14.141194089208485
0.722,13.173685152343973,0.9664195280862564,16.02878415566262,-17.147014621386422,0.0,14.140104680430229
0.723,13.189711109411443,0.949246898238682,16.023129670029867,-17.198054832684363,0.0,14.138958007650125
0.724,13.205731411063965,0.9320237993951807,16.017473324216038,-17.247952127425286,0.0,14.137755210459146
0.725,13.221746055436746,0.9147513759170977,16.011815109038885,-17.29670362870312,0.0,14.136497431353844
0.726,13.237755040655943,0.8974307750046452,16.00615501558031,-17.34430653571741,0.0,14.135185815660588
0.727,13.253758364838921,0.880063146620717,16.000493035186796,-17.390758123930613,0.0,14.133821511459638
0.728,13.269756026094534,0.8626496434145497,15.994829159469846,-17.43605574522037,0.0,14.132405669509083
0.729,13.285748022523372,0.8451914206452328,15.989163380306374,-17.480196828026695,0.0,14.130939443168604
0.73,13.301734352218038,0.8276896361050752,15.983495689839108,-17.523178877494107,0.0,14.129423988323113
0.731,13.31771501326341,0.8101454500428318,15.977826080476959,-17.564999475608676,0.0,14.127860463306241
0.732,13.33369000373691,0.7925600250867955,15.972154544895375,-17.60565628132999,0.0,14.126250028823705
0.733,13.349659321708767,0.7749345261677596,15.966481076036683,-17.645147030718018,0.0,14.124593847876527
0.734,13.365622965242286,0.7572701204418565,15.960805667110403,-17.683469537054908,0.0,14.122893085684142
0.735,13.381580932394117,0.7395679772132764,15.955128311593558,-17.72062169096163,0.0,14.121148909607394
0.736,13.397533221214518,0.7218292678568724,15.949449003230953,-17.75660146050955,0.0,14.11936248907139
0.737,13.413479829747628,0.7040551657406566,15.943767736035445,-17.791406891326886,0.0,14.117534995488285
0.738,13.429420756031732,0.686246846148192,15.938084504288195,-17.82503610670001,0.0,14.115667602179924
0.739,13.44535599809953,0.6684054862008856,15.932399302538894,-17.85748730766966,0.0,14.113761484300415
0.74,13.461285553978406,0.6505322647801887,15.926712125605981,-17.888758773122003,0.0,14.111817818758595
0.741,13.4772094216907,0.6326283624497074,15.921022968576843,-17.91884885987457,0.0,14.109837784140408
0.742,13.493127599253972,0.614694961377231,15.915331826807988,-17.947756002757046,0.0,14.107822560631202
0.743,13.50904008468127,0.596733245256681,15.909638695925208,-17.975478714686936,0.0,14.105773329937952
0.744,13.524946875981408,0.5787443992299881,15.90394357182373,-18.002015586740054,0.0,14.103691275211396
0.745,13.540847971159225,0.5607296098089004,15.898246450668326,-18.027365288215893,0.0,14.101577580968126
0.746,13.556743368215864,0.5426900647967295,15.892547328893441,-18.05152656669784,0.0,14.099433433012594
0.747,13.572633065149033,0.5246269532100387,15.886846203203266,-18.074498248108224,0.0,14.097260018359071
0.748,13.588517059953283,0.5065414652002781,15.881143070571824,-18.096279236758214,0.0,14.095058525153561
0.749,13.60439535062027,0.4884347919753735,15.875437928243015,-18.11686851539258,0.0,14.092830142595645
0.75,13.620267935139033,0.47030812572127245,15.869730773730662,-18.136265145229263,0.0,14.090576060860306
0.751,13.636134811496257,0.45216265952345347,15.864021604818527,-18.15446826599383,0.0,14.088297471019711
0.752,13.651995977676547,0.43399958728840327,15.858310419560311,-18.171477095948728,0.0,14.08599556496495
0.753,13.667851431662696,0.4158201036650673,15.852597216279642,-18.187290931917403,0.0,14.083671535327763
0.754,13.683701171435956,0.39762540396627905,15.84688199357004,-18.201909149303255,0.0,14.081326575402235
0.755,13.699545194976308,0.37941668409017265,15.841164750294867,-18.215331202103442,0.0,14.07896187906648
0.756,13.715383500262728,0.36119514044158435,15.83544548558726,-18.22755662291752,0.0,14.076578640704312
0.757,13.731216085273465,0.342961969853448,15.829724198850037,-18.238585022950915,0.0,14.074178055126913
0.758,13.747042947986301,0.32471836950818955,15.824000889755608,-18.24841609201328,0.0,14.071761317494492
0.759,13.76286408637883,0.30646553685912586,15.818275558245839,-18.25704959851165,0.0,14.069329623237955
0.76,13.778679498428717,0.2882046695518728,15.812548204531918,-18.264485389438484,0.0,14.06688416798059
0.761,13.794489182113978,0.26993696534576794,15.806818829094203,-18.270723390354547,0.0,14.064426147459745
0.762,13.81029313541324,0.2516636220353131,15.80108743268204,-18.275763605366638,0.0,14.061956757448552
0.763,13.826091356306016,0.23338583737164148,15.795354016313578,-18.279606117100194,0.0,14.059477193677656
0.764,13.84188384277297,0.21510480898401474,15.789618581275555,-18.282251086666744,0.0,14.056988651756985
0.765,13.85767059279619,0.19682173430135555,15.783881129123074,-18.28369875362624,0.0,14.054492327097545
0.766,13.873451604359447,0.17853781047382003,15.77814166167936,-18.28394943594424,0.0,14.051989414833267
0.767,13.889226875448475,0.16025423429441568,15.772400181035492,-18.283003529943993,0.0,14.04948110974289
0.768,13.90499640405123,0.14197220212066983,15.76665668955013,-18.28086151025337,0.0,14.0469686061719
0.769,13.920760188158162,0.1236929097963536,15.760911189849217,-18.277523929746714,0.0,14.044453097954516
0.77,13.93651822576248,0.10541755257326671,15.755163684825662,-18.272991419481556,0.0,14.041935778335747
0.771,13.952270514860418,0.08714732503308804,15.749414177639013,-18.26726468863025,0.0,14.039417839893506
0.772,13.968017053451504,0.0688834210092971,15.743662671715104,-18.260344524406474,0.0,14.0369004744608
0.773,13.983757839538825,0.05062703350917158,15.737909170745692,-18.252231791986688,0.0,14.034384873047996
0.774,13.999492871129291,0.032379354635865956,15.732153678688073,-18.242927434426477,0.0,14.031872225765158
0.775,14.015222146233905,0.014141575510576331,15.72639619976468,-18.23243247257182,0.0,14.029363721744481
0.776,14.030945662868021,-0.004085113805203513,15.720636738462668,-18.220748004965298,0.0,14.026860549062818
0.777,14.046663419051614,-0.022299524387329694,15.714875299533473,-18.207875207747247,0.0,14.024363894664283
0.778,14.062375412809542,-0.04050046852655445,15.709111887992368,-18.193815334551832,0.0,14.021874944282988
0.779,14.078081642171814,-0.05868675980596592,15.703346509117987,-18.178569716398115,0.0,14.019394882365848
0.78,14.09378210517384,-0.07685721317831645,15.697579168451842,-18.162139761576054,0.0,14.016924891995524
0.781,14.109476799856713,-0.09501064504323445,15.691809871797819,-18.14452695552749,0.0,14.014466154813478
0.782,14.125165724267454,-0.11314587332431461,15.686038625221657,-18.125732860722124,0.0,14.012019850943139
0.783,14.140848876459284,-0.1312617175460817,15.680265435050412,-18.10575911652848,0.0,14.009587158913202
0.784,14.15652625449188,-0.1493569989108228,15.6744903078719,-18.084607439079853,0.0,14.007169255581056
0.785,14.172197856431636,-0.16743054037528293,15.668713250534124,-18.062279621135325,0.0,14.004767316056352
0.786,14.187863680351924,-0.18548116672721932,15.662934270144696,-18.038777531935736,0.0,14.002382513624704
0.787,14.203523724333357,-0.20350770466180904,15.657153374070221,-18.014103117054745,0.0,14.000016019671547
0.788,14.219177986464038,-0.22150898285790532,15.65137056993568,-17.988258398244916,0.0,13.997669003606132
0.789,14.234826464839829,-0.2394838320541374,15.645585865623794,-17.96124547327886,0.0,13.995342632785691
0.79,14.2504691575646,-0.25743108512484913,15.639799269274361,-17.93306651578547,0.0,13.99303807243975
0.791,14.26610606275049,-0.27534957715587133,15.634010789283595,-17.903723775081207,0.0,13.990756485594618
0.792,14.281737178518163,-0.2932381455201229,15.62822043430343,-17.87321957599651,0.0,13.98849903299804
0.793,14.297362502997062,-0.311095629953036,15.622428213240816,-17.84155631869731,0.0,13.986266873044027
0.794,14.312982034325664,-0.3289208726278004,15.616634135257005,-17.808736478501654,0.0,13.984061161697863
0.795,14.328595770651734,-0.3467127182304215,15.610838209766806,-17.774762605691482,0.0,13.981883052421313
0.796,14.344203710132579,-0.3644700140345885,15.605040446437831,-17.739637325319546,0.0,13.97973369609799
0.797,14.359805850935297,-0.38219160997634655,15.59924085518973,-17.703363337011496,0.0,13.97761424095895
0.798,14.375402191237034,-0.39987635872856847,15.5934394461934,-17.665943414763145,0.0,13.975525832508467
0.799,14.390992729225234,-0.4175231157752218,15.587636229870187,-17.627380406732936,0.0,13.973469613450012
0.8,14.406577463097882,-0.43513073948542547,15.58183121689106,-17.587677235029602,0.0,13.971446723612457
0.801,14.422156391063764,-0.45269809118729215,15.576024418175788,-17.546836895495076,0.0,13.969458299876472
0.802,14.437729511342704,-0.47022403524155076,15.570215844892074,-17.50486245748262,0.0,13.967505476101154
0.803,14.453296822165823,-0.4877074391149449,15.5644055084547,-17.461757063630216,0.0,13.965589383050878
0.804,14.468858321775777,-0.5051471734534023,15.558593420524641,-17.417523929629247,0.0,13.963711148322375
0.805,14.484414008427004,-0.5225421121549707,15.552779593008166,-17.372166343988457,0.0,13.961871896272033
0.806,14.499963880385975,-0.5398911324425151,15.546964038055926,-17.32568766779321,0.0,13.96007274794346
0.807,14.51550793593143,-0.5571931149361721,15.541146768062017,-17.278091334460093,0.0,13.958314820995257
0.808,14.531046173354625,-0.5744469437255565,15.535327795663045,-17.229380849486848,0.0,13.956599229629068
0.809,14.546578590959573,-0.5916515064417155,15.529507133737157,-17.179559790197676,0.0,13.954927084517857
0.81,14.562105187063288,-0.6088056943288259,15.523684795403067,-17.128631805483913,0.0,13.953299492734462
0.811,14.577625959996022,-0.6259084023156297,15.517860794019068,-17.076600615540105,0.0,13.951717557680391
0.812,14.593140908101502,-0.6429585290866031,15.512035143182016,-17.023470011595503,0.0,13.950182379014898
0.8130000000000001,14.608650029737172,-0.6599549771528557,15.506207856726318,-16.96924385564099,0.0,13.948695052584316
0.8140000000000001,14.624153323274431,-0.6768966529227528,15.500378948722885,-16.913926080151466,0.0,13.947256670351678
0.8150000000000001,14.639650787098864,-0.6937824667722597,15.494548433478082,-16.857520687803714,0.0,13.945868320326603
0.8160000000000001,14.655142419610481,-0.7106113331150001,15.488716325532664,-16.80003175118975,0.0,13.94453108649548
0.8170000000000001,14.670628219223948,-0.727382170472026,15.482882639660689,-16.74146341252569,0.0,13.943246048751922
0.8180000000000001,14.686108184368823,-0.7440939015412947,15.477047390868421,-16.681819883356173,0.0,13.942014282827529
0.8190000000000001,14.701582313489785,-0.7607454532668476,15.471210594393218,-16.62110544425431,0.0,13.940836860222937
0.8200000000000001,14.717050605046865,-0.7773357569076869,15.465372265702404,-16.559324444517245,0.0,13.939714848139177
0.8210000000000001,14.732513057515677,-0.7938637481063451,15.45953242049213,-16.496481301857276,0.0,13.938649309409332
0.8220000000000001,14.747969669387643,-0.8103283669571445,15.453691074686208,-16.43258050208864,0.0,13.9376413024305
0.8230000000000001,14.763420439170227,-0.8267285580741405,15.447848244434955,-16.367626598809924,0.0,13.936691881096086
0.8240000000000001,14.778865365387151,-0.8430632706587452,15.44200394611399,-16.30162421308212,0.0,13.935802094728405
0.8250000000000001,14.794304446578627,-0.8593314585670271,15.436158196323053,-16.234578033102412,0.0,13.9349729880116
0.8260000000000001,14.809737681301575,-0.8755320803766825,15.430311011884772,-16.166492813873642,0.0,13.934205600924892
0.8270000000000001,14.825165068129856,-0.8916640994536742,15.424462409843446,-16.097373376869516,0.0,13.933500968676181
0.8280000000000001,14.840586605654478,-0.9077264840185327,15.418612407463804,-16.027224609695587,0.0,13.932860121635946
0.8290000000000001,14.856002292483826,-0.9237182072123175,15.412761022229741,-15.956051465745995,0.0,13.932284085271508
0.8300000000000001,14.87141212724388,-0.9396382471622317,15.406908271843053,-15.883858963856028,0.0,13.931773880081648
0.8310000000000001,14.88681610857843,-0.9554855870468879,15.401054174222146,-15.810652187950506,0.0,13.931330521531542
0.8320000000000001,14.902214235149286,-0.9712592151612205,15.395198747500752,-15.73643628668803,0.0,13.930955019988065
0.833,14.917606505636506,-0.9869581249810393,15.389342010026603,-15.66121647310109,0.0,13.930648380655466
0.834,14.932992918738602,-1.0025813152272223,15.383483980360111,-15.584998024232108,0.0,13.93041160351138
0.835,14.948373473172747,-1.0181277899295416,15.377624677273033,-15.50778628076538,0.0,13.930245683243205
0.836,14.963748167674996,-1.0335965584901194,15.371764119747114,-15.429586646654986,0.0,13.930151609184877
0.837,14.979117001000487,-1.048986635746511,15.365902326972725,-15.350404588748688,0.0,13.930130365253977
0.838,14.994479971923653,-1.0642970420344073,15.360039318347482,-15.270245636407825,0.0,13.930182929889245
0.839,15.009837079238427,-1.079526803249958,15.354175113474856,-15.189115381123244,0.0,13.930310275988468
0.84,15.02518832175845,-1.094674950911707,15.34830973216277,-15.107019476127292,0.0,13.930513370846743
0.841,15.04053369831727,-1.1097405222221377,15.342443194422177,-15.02396363600189,0.0,13.930793176095133
0.842,15.05587320776855,-1.1247225601288253,15.336575520465635,-14.93995363628273,0.0,13.931150647639726
0.843,15.071206848986263,-1.139620113385192,15.33070673070586,-14.854995313059609,0.0,13.931586735601071
0.844,15.086534620864892,-1.1544322366108581,15.324836845754273,-14.76909456257292,0.0,13.932102384254033
0.845,15.101856522319638,-1.1691579903515907,15.318965886419532,-14.68225734080636,0.0,13.932698531968047
0.846,15.1171725522866,-1.1837964411388406,15.313093873706048,-14.594489663075844,0.0,13.93337611114776
0.847,15.132482709722984,-1.198346661548868,15.307220828812499,-14.505797603614685,0.0,13.934136048174116
0.848,15.14778699360729,-1.2128077302614513,15.301346773130316,-14.416187295155044,0.0,13.93497926334584
0.849,15.163085402939505,-1.2271787321181742,15.295471728242175,-14.3256649285057,0.0,13.93590667082133
0.85,15.178377936741292,-1.2414587581802905,15.289595715920463,-14.234236752126149,0.0,13.936919178561002
0.851,15.193664594056182,-1.25564690578616,15.283718758125737,-14.141909071697079,0.0,13.938017688270023
0.852,15.208945373949762,-1.269742278608253,15.277840877005172,-14.048688249687235,0.0,13.939203095341508
0.853,15.224220275509856,-1.2837439867097216,15.271962094890998,-13.954580704916717,0.0,13.940476288800134
0.854,15.239489297846713,-1.2976511466005296,15.266082434298925,-13.859592912116735,0.0,13.941838151246184
0.855,15.254752440093188,-1.3114628812931435,15.260201917926548,-13.763731401485845,0.0,13.943289558800045
0.856,15.270009701404927,-1.3251783203577752,15.254320568651757,-13.667002758242706,0.0,13.944831381047152
0.857,15.285261080960538,-1.338796599977178,15.248438409531122,-13.569413622175384,0.0,13.94646448098336
0.858,15.30050657796178,-1.352316863000989,15.242555463798277,-13.470970687187238,0.0,13.94818971496079
0.859,15.31574619163373,-1.3657382589996152,15.236671754862282,-13.371680700839407,0.0,13.950007932634115
0.86,15.33097992122496,-1.3790599443176625,15.23078730630598,-13.271550463889948,0.0,13.951919976907298
0.861,15.346207766007716,-1.3922810821268998,15.22490214188435,-13.170586829829636,0.0,13.953926683880816
0.862,15.361429725278079,-1.4054008424787583,15.21901628552283,-13.068796704414478,0.0,13.95602888279932
0.863,15.376645798356142,-1.4184184023563617,15.213129761315658,-12.966187045194948,0.0,13.95822739599978
0.864,15.391855984586178,-1.4313329457260846,15.207242593524171,-12.862764861042008,0.0,13.960523038860092
0.865,15.4070602833368,-1.4441436635886338,15.20135480657512,-12.758537211669909,0.0,13.962916619748167
0.866,15.422258694001135,-1.4568497540296517,15.195466425058957,-12.653511207155839,0.0,13.965408939971484
0.867,15.437451215996976,-1.4694504222698384,15.189577473728122,-12.547694007456428,0.0,13.968000793727137
0.868,15.452637848766953,-1.4819448807145874,15.183687977495314,-12.441092821921151,0.0,13.970692968052365
0.869,15.467818591778686,-1.4943323490031346,15.177797961431757,-12.333714908802664,0.0,13.973486242775552
0.87,15.482993444524945,-1.5066120540572148,15.171907450765454,-12.225567574764098,0.0,13.976381390467731
0.871,15.498162406523807,-1.5187832301292246,15.166016470879429,-12.116658174383355,0.0,13.979379176394582
0.872,15.513325477318807,-1.5308451188498886,15.160125047309963,-12.006994109654434,0.0,13.982480358468917
0.873,15.528482656479092,-1.5427969692754242,15.154233205744822,-11.896582829485817,0.0,13.985685687203668
0.874,15.543633943599573,-1.5546380379342044,15.148340972021467,-11.785431829195957,0.0,13.98899590566537
0.875,15.558779338301074,-1.5663675888729147,15.142448372125266,-11.673548650005893,0.0,13.99241174942816
0.876,15.573918840230473,-1.5779848937022,15.13655543218769,-11.560940878529035,0.0,13.995933946528272
0.877,15.589052449060857,-1.589489231641802,15.130662178484501,-11.447616146258152,0.0,13.999563217419055
0.878,15.604180164491655,-1.6008798895651788,15.124768637433935,-11.333582129049592,0.0,14.003300274926477
0.879,15.619301986248791,-1.6121561620436118,15.118874835594868,-11.218846546604766,0.0,14.00714582420518
0.88,15.634417914084812,-1.6233173513897885,15.112980799664983,-11.103417161948949,0.0,14.011100562695024
0.881,15.649527947779033,-1.634362767700866,15.107086556478928,-10.98730178090741,0.0,14.015165180078167
0.882,15.66463208713767,-1.6452917289010074,15.101192133006448,-10.870508251578931,0.0,14.019340358236663
0.883,15.67973033199398,-1.6561035607833905,15.09529755635054,-10.753044463806715,0.0,14.023626771210589
0.884,15.694822682208384,-1.6667975970516875,15.08940285374557,-10.634918348646766,0.0,14.028025085156697
0.885,15.709909137668605,-1.6773731793610105,15.083508052555404,-10.516137877833726,0.0,14.032535958307594
0.886,15.724989698289793,-1.687829657358322,15.077613180271513,-10.396711063244252,0.0,14.037160040931472
0.887,15.740064364014652,-1.6981663887223075,15.071718264511086,-10.276645956357934,0.0,14.041897975292343
0.888,15.755133134813565,-1.7083827392027084,15.065823333015125,-10.1559506477158,0.0,14.046750395610857
0.889,15.770196010684721,-1.718478082659111,15.059928413646537,-10.034633266376463,0.0,14.05171792802561
0.89,15.785252991654225,-1.7284518010991918,15.054033534388221,-9.912701979369917,0.0,14.056801190555033
0.891,15.80030407777623,-1.7383032847164142,15.048138723341141,-9.790164991149032,0.0,14.062000793059816
0.892,15.815349269133048,-1.7480319319271769,15.042244008722397,-9.667030543038798,0.0,14.067317337205871
0.893,15.830388565835259,-1.757637149407409,15.036349418863287,-9.543306912683331,0.0,14.072751416427849
0.894,15.845421968021839,-1.7671183521286122,15.030454982207363,-9.41900241349069,0.0,14.078303615893226
0.895,15.860449475860257,-1.776474963393346,15.024560727308483,-9.294125394075548,0.0,14.083974512466911
0.896,15.875471089546593,-1.7857064148701551,15.018666682828847,-9.168684237699743,0.0,14.089764674676438
0.897,15.890486809305642,-1.7948121466279354,15.012772877537044,-9.042687361710746,0.0,14.095674662677707
0.898,15.90549663539102,-1.8037916071697386,15.006879340306071,-8.9161432169781,0.0,14.10170502822128
0.899,15.920500568085265,-1.8126442534660114,15.000986100111366,-8.789060287327846,0.0,14.107856314619253
0.9,15.935498607699945,-1.8213695509872683,14.995093186028816,-8.661447088974993,0.0,14.114129056712676
0.901,15.95049075457575,-1.829966973736196,14.989200627232782,-8.533312169954051,0.0,14.120523780839553
0.902,15.965477009082594,-1.8384360042791879,14.98330845299409,-8.40466410954768,0.0,14.127041004803406
0.903,15.98045737161971,-1.8467761337773048,14.977416692678045,-8.275511517713488,0.0,14.133681237842406
0.904,15.995431842615742,-1.8549868620166634,14.971525375742418,-8.14586303450902,0.0,14.14044498059908
0.905,16.010400422528836,-1.8630676974382476,14.965634531735441,-8.015727329514963,0.0,14.147332725090589
0.906,16.025363111846733,-1.8710181571671427,14.959744190293787,-7.885113101256624,0.0,14.15434495467959
0.907,16.04031991108685,-1.8788377670411895,14.953854381140552,-7.754029076623702,0.0,14.16148214404566
0.908,16.055270820796377,-1.886526061639059,14.94796513408323,-7.62248401028841,0.0,14.168744759157319
0.909,16.070215841552344,-1.8940825843077418,14.94207647901168,-7.49048668412197,0.0,14.1761332572446
0.91,16.085154973961718,-1.9015068871894563,14.936188445896093,-7.35804590660953,0.0,14.183648086772262
0.911,16.10008821866147,-1.908798531247968,14.930301064784954,-7.225170512263537,0.0,14.191289687413501
0.912,16.11501557631866,-1.9159570862943243,14.924414365802996,-7.091869361035606,0.0,14.199058490024338
0.913,16.129937047630516,-1.922982131011997,14.91852837914915,-6.958151337726927,0.0,14.20695491661852
0.914,16.14485263332449,-1.9298732529814389,14.912643135094498,-6.824025351397245,0.0,14.21497938034305
0.915,16.159762334158348,-1.936630048704044,14.906758663980213,-6.689500334772453,0.0,14.223132285454303
0.916,16.17466615092023,-1.9432521236255187,14.900874996215496,-6.554585243650839,0.0,14.231414027294713
0.917,16.18956408442872,-1.9497390921586557,14.89499216227552,-6.419289056308028,0.0,14.239824992270066
0.918,16.204456135532904,-1.9560905777055138,14.889110192699354,-6.28362077290065,0.0,14.248365557827391
0.919,16.21934230511244,-1.9623062126789994,14.883229118087899,-6.147589414868791,0.0,14.257036092433442
0.92,16.23422259407762,-1.9683856385238518,14.877348969101808,-6.011204024337238,0.0,14.26583695555377
0.921,16.249097003369425,-1.9743285057370277,14.871469776459413,-5.8744736635155945,0.0,14.274768497632397
0.922,16.263965533959578,-1.9801344738874846,14.865591570934642,-5.737407414097268,0.0,14.283831060072092
0.923,16.278828186850607,-1.9858032116353654,14.859714383354936,-5.600014376657403,0.0,14.293024975215241
0.924,16.293684963075894,-1.9913343967505774,14.853838244599164,-5.462303670049776,0.0,14.302350566325316
0.925,16.30853586369972,-1.9967277161307693,14.84796318559553,-5.3242844308027015,0.0,14.311808147568952
0.926,16.323380889817326,-2.0019828658187033,14.842089237319488,-5.185965812513991,0.0,14.321398023998622
0.927,16.33822004255494,-2.0070995510190217,14.836216430791644,-5.047356985244996,0.0,14.33112049153592
0.928,16.353053323069844,-2.012077486114407,14.83034479707566,-4.908467134913794,0.0,14.340975836955437
0.929,16.367880732550397,-2.0169163946811355,14.82447436727616,-4.769305462687523,0.0,14.35096433786926
0.93,16.382702272216083,-2.0216160095040214,14.818605172536623,-4.629881184373952,0.0,14.36108626271206
0.931,16.39751794331755,-2.026176072590753,14.812737244037288,-4.49020352981228,0.0,14.371341870726797
0.932,16.41232774713664,-2.0305963351856193,14.80687061299305,-4.350281742263241,0.0,14.381731411951021
0.933,16.427131684986435,-2.034876557782627,14.801005310651348,-4.210125077798527,0.0,14.392255127203807
0.934,16.44192975821127,-2.0390165101380044,14.795141368290068,-4.0697428046895965,0.0,14.402913248073265
0.935,16.456721968186777,-2.0430159712820974,14.789278817215427,-3.9291442027958787,0.0,14.41370599690468
0.936,16.471508316319905,-2.0468747295306495,14.783417688759874,-3.7883385629524438,0.0,14.424633586789255
0.937,16.486288804048954,-2.0505925824954723,14.77755801427997,-3.647335186357155,0.0,14.435696221553481
0.9380000000000001,16.501063432843583,-2.0541693370945002,14.771699825154283,-3.5061433839573586,0.0,14.446894095749084
0.9390000000000001,16.515832204204845,-2.0576048095612345,14.765843152781278,-3.3647724758361446,0.0,14.458227394643611
0.9400000000000001,16.5305951196652,-2.060898825453572,14.759988028577203,-3.22323179059822,0.0,14.469696294211628
0.9410000000000001,16.545352180788534,-2.0640512196620184,14.754134483973974,-3.0815306647554377,0.0,14.481300961126514
0.9420000000000001,16.560103389170166,-2.0670618364172886,14.748282550417072,-2.939678442112018,0.0,14.493041552752878
0.9430000000000001,16.57484874643687,-2.0699305292972925,14.742432259363415,-2.797684473149503,0.0,14.50491821713958
0.9440000000000001,16.589588254246884,-2.072657161233503,14.736583642279262,-2.65555811441149,0.0,14.516931093013381
0.9450000000000001,16.604321914289912,-2.075241604516711,14.73073673063809,-2.513308727888175,0.0,14.529080309773201
0.9460000000000001,16.619049728287134,-2.0776837408021653,14.724891555918488,-2.370945680400755,0.0,14.54136598748497
0.9470000000000001,16.633771697991214,-2.079983461114095,14.719048149602035,-2.2284783429857264,0.0,14.55378823687712
0.9480000000000001,16.648487825186297,-2.082140665849615,14.713206543171202,-2.0859160902791167,0.0,14.566347159336683
0.9490000000000001,16.66319811168801,-2.084155264782021,14.707366768107232,-1.9432682999006974,0.0,14.57904284690599
0.9500000000000001,16.67790255934346,-2.0860271770634644,14.701528855888034,-1.8005443518382094,0.0,14.591875382279998
0.9510000000000001,16.692601170031228,-2.0877563312270095,14.695692837986076,-1.6577536278316503,0.0,14.604844838804219
0.9520000000000001,16.707293945661362,-2.089342665188082,14.689858745866273,-1.514905510757656,0.0,14.61795128047328
0.9530000000000001,16.721980888175374,-2.0907861262452956,14.684026610983882,-1.3720093840140222,0.0,14.631194761930079
0.9540000000000001,16.736661999546225,-2.092086671080666,14.678196464782397,-1.2290746309044047,0.0,14.64457532846556
0.9550000000000001,16.751337281778312,-2.0932442657592087,14.67236833869145,-1.0861106340232372,0.0,14.658093016019103
0.9560000000000001,16.766006736907453,-2.094258885727924,14.666542264124702,-0.9431267746409087,0.0,14.671747851179529
0.9570000000000001,16.78067036700087,-2.095130515814163,14.660718272477748,-0.8001324320892402,0.0,14.685539851186707
0.9580000000000001,16.795328174157174,-2.095859150223385,14.654896395126014,-0.6571369831473007,0.0,14.699469023933789
0.9590000000000001,16.80998016050634,-2.0964447925362952,14.649076663422667,-0.5141498014276025,0.0,14.713535367970042
0.96,16.82462632820968,-2.0968874557053723,14.643259108696515,-0.37118025676271643,0.0,14.727738872504306
0.961,16.839266679459826,-2.0971871620507825,14.637443762249923,-0.22823771459234665,0.0,14.742079517409042
0.962,16.853901216480697,-2.0973439432556806,14.631630655356714,-0.08533153535090507,0.0,14.756557273225017
0.963,16.86852994152747,-2.0973578403608975,14.62581981926009,0.05752892614437438,0.0,14.771172101166572
0.964,16.883152856886554,-2.097228903759018,14.620011285170548,0.200334321304742,0.0,14.785923953127536
0.965,16.89776996487554,-2.0969571931878477,14.614205084263796,0.34307530838061895,0.0,14.800812771687692
0.966,16.912381267843188,-2.096542777723267,14.608401247678675,0.4857425530716247,0.0,14.815838490119921
0.967,16.92698676816937,-2.095985735771479,14.602599806515087,0.6283267291359055,0.0,14.831001032397893
0.968,16.941586468265044,-2.095286155060645,14.596800791831924,0.7708185189987236,0.0,14.846300313204399
0.969,16.9561803705722,-2.0944441326319145,14.591004234644997,0.9132086143602685,0.0,14.861736237940285
0.97,16.970768477563823,-2.093459774829847,14.58521016592497,1.0554877168026504,0.0,14.877308702733975
0.971,16.985350791743848,-2.0923331972922257,14.579418616595307,1.1976465383960357,0.0,14.893017594451623
0.972,16.999927315647103,-2.091064524939267,14.573629617530209,1.3396758023038857,0.0,14.908862790707836
0.973,17.014498051839272,-2.089653891962226,14.567843199552561,1.4815662433872587,0.0,14.924844159877047
0.974,17.02906300291683,-2.088101441811397,14.562059393431888,1.6233086088081374,0.0,14.940961561105432
0.975,17.043622171506993,-2.086407327183509,14.5562782298823,1.7648936586317407,0.0,14.957214844323484
0.976,17.05817556026767,-2.0845717100085257,14.550499739560468,1.906312166427782,0.0,14.973603850259146
0.977,17.07272317188739,-2.0825947614358378,14.544723953063572,2.0475549198706338,0.0,14.990128410451552
0.978,17.08726500908525,-2.0804766618198594,14.53895090092728,2.1886127213383615,0.0,15.006788347265392
0.979,17.101801074610854,-2.078217600705026,14.533180613623715,2.329476388510585,0.0,15.023583473905829
0.98,17.116331371244243,-2.075817776810194,14.52741312155944,2.4701367549651323,0.0,15.04051359443405
0.981,17.130855901795833,-2.0732773980124444,14.521648455073437,2.610584670773443,0.0,15.05757850378339
0.982,17.145374669106342,-2.0705966813302923,14.515886644435097,2.750811003094686,0.0,15.07477798777605
0.983,17.159887676046722,-2.0677758529063035,14.510127719842215,2.8908066367685525,0.0,15.092111823140419
0.984,17.174394925518087,-2.0648151479891164,14.504371711418985,3.0305624749066835,0.0,15.109579777528971
0.985,17.188896420451634,-2.0617148109148764,14.49861864921401,3.170069439482695,0.0,15.127181609536757
0.986,17.20339216380858,-2.058475095088079,14.492868563198309,3.3093184719207653,0.0,15.1449170687205
0.987,17.21788215858006,-2.055096262961825,14.487121483263337,3.448300533682742,0.0,15.162785895618235
0.988,17.232366407787072,-2.0515785860174915,14.481377439219003,3.5870066068537327,0.0,15.18078782176958
0.989,17.246844914480373,-2.0479223447438146,14.4756364607917,3.7254276947261413,0.0,15.19892256973656
0.99,17.26131768174041,-2.0441278286153914,14.469898577622338,3.8635548223821146,0.0,15.21718985312502
0.991,17.275784712677225,-2.040195336070601,14.46416381926439,4.001379037274356,0.0,15.235589376606624
0.992,17.29024601043037,-2.036125174488942,14.458432215181935,4.138891409805273,0.0,15.254120835941427
0.993,17.30470157816881,-2.031917660167796,14.452703794747707,4.276083033904423,0.0,15.272783918001014
0.994,17.319151419090844,-2.0275731182986108,14.446978587241166,4.412945027604213,0.0,15.291578300792233
0.995,17.333595536424,-2.023091882942511,14.441256621846556,4.5494685336138225,0.0,15.310503653481488
0.996,17.34803393342494,-2.018474297005336,14.435537927650985,4.685644719891312,0.0,15.329559636419603
0.997,17.362466613379368,-2.013720712212105,14.429822533642502,4.8214647802138755,0.0,15.348745901167263
0.998,17.37689357960192,-2.0088314890809125,14.42411046870819,4.956919934746206,0.0,15.368062090521008
0.999,17.391314835436074,-2.0038069968962593,14.418401761632252,5.092001430606933,0.0,15.387507838539815
1.0,17.405730384254035,-1.9986476136818154,14.412696441094129,5.226700542433099,0.0,15.40708277057222
1.0010000000000001,17.420140229456635,-1.9933537261726197,14.406994535666596,5.361008572942635,0.0,15.426786503284015
1.002,17.43454437447323,-1.9879257297867192,14.401296073813892,5.4949168534948045,0.0,15.446618644686511
1.0030000000000001,17.448942822761577,-1.9823640285962483,14.395601083889837,5.628416744648573,0.0,15.46657879416533
1.004,17.463335577807737,-1.9766690352979508,14.389909594135968,5.761499636718868,0.0,15.486666542509786
1.0050000000000001,17.47772264312595,-1.9708411711831464,14.384221632679688,5.894156950330705,0.0,15.506881471942805
1.006,17.492104022258534,-1.9648808661071449,14.378537227532405,6.026380136971128,0.0,15.52722315615139
1.0070000000000001,17.506479718775754,-1.9587885584581086,14.3728564065877,6.158160679538936,0.0,15.547691160317646
1.008,17.520849736275707,-1.9525646951253672,14.367179197619485,6.289490092892163,0.0,15.56828504115034
1.0090000000000001,17.535214078384207,-1.9462097314671853,14.361505628280188,6.420359924393276,0.0,15.589004346917022
1.01,17.549572748754656,-1.939724131277987,14.355835726098926,6.550761754452048,0.0,15.609848617476668
1.0110000000000001,17.563925751067927,-1.9331083667550366,14.350169518479708,6.68068719706608,0.0,15.630817384312891
1.012,17.57827308903223,-1.9263629184645839,14.34450703269963,6.810127900358936,0.0,15.651910170567646
1.0130000000000001,17.59261476638299,-1.9194882753074678,14.338848295907084,6.939075547115855,0.0,15.673126491075521
1.014,17.606950786882717,-1.9124849344841892,14.333193335119987,7.067521855316999,0.0,15.694465852398528
1.0150000000000001,17.621281154320865,-1.9053534014594502,14.327542177223995,7.19545857866822,0.0,15.715927752861415
1.016,17.635605872513715,-1.8980941899261639,14.321894848970754,7.322877507129296,0.0,15.73751168258755
1.0170000000000001,17.649924945304228,-1.8907078217689375,14.316251376976139,7.449770467439604,0.0,15.75921712353529
1.018,17.664238376561915,-1.883194827027031,14.310611787718518,7.5761293236412115,0.0,15.781043549534884
1.0190000000000001,17.678546170182695,-1.875555743856794,14.30497610753701,7.701945977599329,0.0,15.802990426325902
1.02,17.692848330088754,-1.8677911184935836,14.29934436262977,7.827212369520113,0.0,15.82505721159517
1.0210000000000001,17.707144860228404,-1.8599015052131653,14.293716579052266,7.951920478465772,0.0,15.847243355015237
1.022,17.721435764575943,-1.8518874662926008,14.288092782715584,8.076062322866951,0.0,15.869548298283343
1.0230000000000001,17.73572104713151,-1.8437495719706247,14.282472999384726,8.199629961032354,0.0,15.891971475160885
1.024,17.750000711920926,-1.8354884004075123,14.276857254676933,8.322615491655574,0.0,15.914512311513413
1.025,17.764274762995566,-1.8271045376444428,14.271245574060009,8.44501105431911,0.0,15.937170225351123
1.026,17.778543204432186,-1.8185985775623597,14.265637982850654,8.566808829995527,0.0,15.959944626869826
1.027,17.792806040332792,-1.809971121840331,14.260034506212818,8.688001041545714,0.0,15.982834918492461
1.028,17.807063274824475,-1.801222779913413,14.254435169156057,8.808579954214252,0.0,16.005840494911062
1.029,17.821314912059254,-1.7923541689300206,14.2488399965339,8.928537876121807,0.0,16.028960743129232
1.03,17.835560956213925,-1.7833659137088058,14.243249013042226,9.047867158754553,0.0,16.05219504250512
1.031,17.8498014114899,-1.7742586466950487,14.237662243217661,9.166560197450586,0.0,16.07554276479485
1.032,17.864036282113045,-1.765033007916564,14.232079711435977,9.284609431883291,0.0,16.09900327419648
1.033,17.878265572333525,-1.755689644939125,14.226501441910504,9.402007346541632,0.0,16.1225759273944
1.034,17.892489286425636,-1.7462292128214096,14.220927458690552,9.518746471207347,0.0,16.14626007360423
1.035,17.90670742868764,-1.7366523740694695,14.215357785659847,9.634819381429002,0.0,16.17005505461817
1.036,17.920920003441594,-1.7269597985907283,14.209792446534983,9.750218698992885,0.0,16.193960204850868
1.037,17.935127015033196,-1.7171521636475096,14.204231464863872,9.864937092390704,0.0,16.217974851385687
1.038,17.949328467831602,-1.7072301538100985,14.198674864024218,9.978967277284065,0.0,16.242098314021504
1.039,17.96352436622926,-1.6971944609093415,14.193122667221996,10.092302016965688,0.0,16.26632990531992
1.04,17.977714714641742,-1.6870457839887858,14.187574897489949,10.204934122817356,0.0,16.290668930652956
1.041,17.991899517507555,-1.676784829256363,14.18203157768609,10.31685645476454,0.0,16.315114688251192
1.042,18.00607877928799,-1.6664123100356187,14.176492730492217,10.428061921727695,0.0,16.33966646925237
1.043,18.020252504466917,-1.6559289467164942,14.17095837841245,10.538543482070176,0.0,16.364323557750424
1.044,18.034420697550633,-1.6453354667056603,14.165428543771764,10.648294144042776,0.0,16.389085230844973
1.045,18.04858336306766,-1.6346326043764097,14.159903248714546,10.757306966224819,0.0,16.41395075869125
1.046,18.06274050556858,-1.6238211010181087,14.15438251520316,10.865575057961818,0.0,16.43891940455047
1.047,18.076892129625847,-1.612901704785214,14.148866365016527,10.973091579799647,0.0,16.46399042484063
1.048,18.091038239833594,-1.601875170645857,14.143354819748716,11.079849743915206,0.0,16.489163069187736
1.049,18.105178840807458,-1.5907422603299979,14.137847900807541,11.185842814543555,0.0,16.51443658047746
1.05,18.119313937184394,-1.579503742277157,14.132345629413189,11.291064108401489,0.0,16.539810194907236
1.051,18.133443533622483,-1.568160391583721,14.12684802659684,11.39550699510752,0.0,16.565283142038762
1.052,18.147567634800733,-1.556712989949834,14.121355113199309,11.49916489759825,0.0,16.5908546448509
1.053,18.16168624541891,-1.545162325625872,14.115866909869707,11.602031292541112,0.0,16.61652391979304
1.054,18.17579937019732,-1.533509193358508,14.110383437064103,11.704099710743431,0.0,16.642290176838813
1.055,18.18990701387664,-1.5217543943363685,14.104904715044208,11.805363737557808,0.0,16.66815261954027
1.056,18.2040091812177,-1.5098987361352871,14.099430763876068,11.905817013283782,0.0,16.694110445082412
1.057,18.218105877001303,-1.4979430326631584,14.093961603428772,12.005453233565747,0.0,16.720162844338144
1.058,18.232197106028025,-1.485888104104396,14.088497253373173,12.104266149787119,0.0,16.746309001923628
1.059,18.24628287311801,-1.473734776863998,14.083037733180623,12.202249569460694,0.0,16.77254809625401
1.06,18.26036318311077,-1.461483883511223,14.077583062121718,12.299397356615204,0.0,16.798879299599545
1.061,18.274438040864993,-1.4491362627228839,14.072133259265065,12.39570343217803,0.0,16.82530177814211
1.062,18.28850745125833,-1.4366927592262588,14.06668834347605,12.491161774354055,0.0,16.85181469203207
1.063,18.302571419187196,-1.4241542237416256,14.061248333415634,12.58576641900063,0.0,16.87841719544557
1.064,18.31662994956656,-1.4115215129244238,14.055813247539149,12.679511459998627,0.0,16.905108436642138
1.065,18.330683047329757,-1.3987954893070476,14.050383104095122,12.772391049619573,0.0,16.93188755802271
1.066,18.34473071742825,-1.3859770212402722,14.044957921124098,12.86439939888881,0.0,16.958753696187976
1.067,18.358772964831445,-1.3730669828343214,14.039537716457493,12.955530777944698,0.0,16.985705981997125
1.068,18.37280979452648,-1.3600662538995754,14.034122507716447,13.045779516393807,0.0,17.012743540626904
1.069,18.386841211517996,-1.3469757198869272,14.028712312310695,13.135140003662086,0.0,17.03986549163107
1.07,18.40086722082795,-1.33379627182779,14.023307147437462,13.223606689341997,0.0,17.06707094900016
1.071,18.414887827495384,-1.3205288062737577,14.01790703008036,13.311174083535587,0.0,17.094359021221628
1.072,18.428903036576212,-1.3071742252359257,14.012511977008304,13.39783675719346,0.0,17.121728811340287
1.073,18.442912853143017,-1.2937334361238755,14.007122004774441,13.483589342449656,0.0,17.14917941701914
1.074,18.456917282284824,-1.2802073516843242,14.001737129715101,13.568426532952406,0.0,17.1767099306005
1.075,18.470916329106885,-1.2665968899394477,13.99635736794875,13.652343084190726,0.0,17.20431943916744
1.076,18.48490999873046,-1.252902974124878,13.990982735374967,13.735333813816855,0.0,17.23200702460558
1.077,18.498898296292598,-1.2391265326273802,13.985613247673435,13.817393601964506,0.0,17.259771763665217
1.078,18.51288122694592,-1.225268498922214,13.980248920302941,13.898517391562907,0.0,17.287612728023706
1.079,18.5268587958584,-1.2113298115101832,13.974889768500397,13.978700188646622,0.0,17.315528984348216
1.08,18.54083100821312,-1.1973114138543761,13.969535807279872,14.057937062661123,0.0,17.343519594358746
1.081,18.554797869208087,-1.1832142543166053,13.964187051431644,14.136223146764102,0.0,17.37158361489148
1.082,18.56875938405597,-1.169039286093545,13.958843515521258,14.213553638122503,0.0,17.399720097962422
1.083,18.582715557983896,-1.1547874671525757,13.95350521388861,14.289923798205253,0.0,17.42792809083132
1.084,18.596666396233218,-1.140459760167338,13.948172160647037,14.365328953071682,0.0,17.45620663606588
1.085,18.61061190405929,-1.1260571324529993,13.942844369682426,14.439764493655602,0.0,17.48455477160629
1.086,18.624552086731235,-1.1115805559012388,13.937521854652344,14.513225876045038,0.0,17.512971530829997
1.087,18.63848694953172,-1.0970310069149563,13.932204628985167,14.585708621757595,0.0,17.541455942616764
1.088,18.652416497756732,-1.0824094663427053,13.926892705879242,14.657208318011435,0.0,17.570007031414026
1.089,18.66634073671533,-1.0677169194128606,13.921586098302058,14.727720617991856,0.0,17.59862381730247
1.09,18.68025967172943,-1.0529543556675178,13.916284818989425,14.797241241113456,0.0,17.627305316061914
1.091,18.69417330813357,-1.0381227688961363,13.910988880444684,14.865765973277858,0.0,17.656050539237434
1.092,18.70808165127467,-1.0232231570689245,13.905698294937915,14.933290667127,0.0,17.68485849420575
1.093,18.72198470651181,-1.0082565222699746,13.900413074505174,14.999811242291951,0.0,17.713728184241837
1.094,18.73588247921598,-0.9932238706301515,13.89513323094774,15.065323685637255,0.0,17.742658608585828
1.095,18.74977497476986,-0.9781262122597383,13.889858775831378,15.129824051500776,0.0,17.77164876251012
1.096,18.763662198567573,-0.9629645611808457,13.884589720485618,15.193308461929055,0.0,17.800697637386726
1.097,18.777544156014457,-0.947739935259587,13.87932607600305,15.255773106908121,0.0,17.82980422075487
1.098,18.791420852526823,-0.9324533561380252,13.874067853238635,15.317214244589794,0.0,17.858967496388797
1.099,18.805292293531718,-0.9171058491658961,13.868815062809032,15.37762820151342,0.0,17.88818644436582
1.1,18.819158484466683,-0.9016984433321117,13.86356771509194,15.437011372823068,0.0,17.91746004113457
1.101,18.833019430779522,-0.8862321711960487,13.858325820225454,15.495360222480128,0.0,17.946787259583473
1.102,18.846875137928055,-0.870708068818627,13.853089388107446,15.552671283471351,0.0,17.97616706910943
1.103,18.86072561137988,-0.8551271756931819,13.847858428394943,15.608941158012273,0.0,18.0055984356867
1.104,18.874570856612127,-0.839490534676136,13.84263295050355,15.664166517746043,0.0,18.03508032193599
1.105,18.888410879111227,-0.8237991919174737,13.837412963606855,15.718344103937623,0.0,18.064611687193754
1.106,18.90224568437266,-0.8080541967910245,13.832198476635883,15.77147072766336,0.0,18.094191487581636
1.107,18.91607527790071,-0.7922566018245584,13.826989498278536,15.823543269995913,0.0,18.12381867607615
1.108,18.92989966520824,-0.7764074626296992,13.821786036979075,15.874558682184535,0.0,18.15349220257854
1.109,18.943718851816428,-0.7605078378316601,13.816588100937603,15.924513985830687,0.0,18.183211013984767
1.11,18.957532843254526,-0.7445587889988051,13.811395698109564,15.973406273058979,0.0,18.21297405425572
1.111,18.971341645059628,-0.7285613805720427,13.806208836205268,16.021232706683428,0.0,18.242780264487585
1.112,18.985145262776406,-0.7125166797940549,13.801027522689424,16.067990520369026,0.0,18.27262858298235
1.113,18.998943701956883,-0.6964257566383678,13.795851764780691,16.113677018788618,0.0,18.302517945318513
1.114,19.01273696816017,-0.6802896837382674,13.79068156945125,16.158289577775047,0.0,18.332447284421903
1.115,19.026525066952228,-0.6641095363155648,13.78551694342638,16.201825644468606,0.0,18.362415530636664
1.116,19.040308003905622,-0.6478863921092176,13.78035789318407,16.244282737459752,0.0,18.392421611796404
1.117,19.054085784599273,-0.6316213313038103,13.775204424954625,16.285658446927084,0.0,18.42246445329546
1.118,19.067858414618204,-0.6153154364578988,13.770056544720308,16.325950434770593,0.0,18.452542978160306
1.119,19.0816258995533,-0.5989697924322246,13.764914258214986,16.365156434740157,0.0,18.482656107121073
1.12,19.095388245001047,-0.5825854863178028,13.759777570923797,16.40327425255927,0.0,18.512802758683243
1.121,19.109145456563304,-0.5661636073638884,13.75464648808283,16.440301766044037,0.0,18.542981849199418
1.122,19.122897539847035,-0.5497052469058259,13.74952101467883,16.476236925217375,0.0,18.573192292941208
1.123,19.13664450046406,-0.533211498292788,13.744401155448909,16.51107775241846,0.0,18.603433002171272
1.124,19.150386344030828,-0.5166834568154062,13.739286914880278,16.54482234240738,0.0,18.63370288721542
1.125,19.16412307616813,-0.5001222196332995,13.73417829721,16.57746886246502,0.0,18.66400085653483
1.1260000000000001,19.177854702500884,-0.483528885702506,13.729075306424752,16.609015552488156,0.0,18.69432581679838
1.127,19.19158122865786,-0.4669045557028212,13.723977946260606,16.639460725079733,0.0,18.724676672955038
1.1280000000000001,19.205302660271446,-0.45025033196504866,13.718886220202824,16.668802765634382,0.0,18.755052328306398
1.129,19.219019002977387,-0.4335673183981677,13.713800131485685,16.697040132419104,0.0,18.78545168457922
1.1300000000000001,19.232730262414535,-0.4168566204164227,13.708719683092303,16.72417135664917,0.0,18.815873641998113
1.131,19.2464364442246,-0.40011934486633866,13.70364487775448,16.7501950425592,0.0,18.84631709935826
1.1320000000000001,19.260137554051898,-0.3833565999536686,13.698575717952568,16.775109867469435,0.0,18.87678095409823
1.133,19.2738335975431,-0.3665694951702766,13.693512205915356,16.798914581847214,0.0,18.90726410237282
1.1340000000000001,19.287524580346982,-0.34975914122096213,13.688454343619961,16.821608009363583,0.0,18.93776543912602
1.135,19.30121050811417,-0.3329266499502299,13.683402132791743,16.843189046945145,0.0,18.96828385816394
1.1360000000000001,19.31489138649689,-0.3160731342690105,13.67835557490424,16.863656664821058,0.0,18.998818252227878
1.137,19.32856722114871,-0.2991997080813363,13.673314671179108,16.883009906565206,0.0,19.029367513067374
1.1380000000000001,19.3422380177243,-0.28230748621097757,13.66827942258609,16.901247889133582,0.0,19.05993053151332
1.139,19.35590378187917,-0.2653975843280439,13.663249829842995,16.9183698028968,0.0,19.090506197551125
1.1400000000000001,19.36956451926943,-0.2484711188755551,13.658225893415691,16.934374911667824,0.0,19.121093400393875
1.141,19.38322023555152,-0.2315292069959872,13.653207613518127,16.949262552724843,0.0,19.151691028555533
1.1420000000000001,19.39687093638197,-0.21457296645779764,13.64819499011235,16.963032136829348,0.0,19.18229796992417
1.143,19.41051662741715,-0.197603515581935,13.643188022908562,16.97568314823937,0.0,19.212913111835213
1.1440000000000001,19.42415731431301,-0.18062197316833792,13.63818671136518,16.98721514471789,0.0,19.24353534114467
1.145,19.437793002724842,-0.1636294584224278,13.633191054688908,16.997627757536453,0.0,19.274163544302414
1.1460000000000001,19.451423698307003,-0.14662709088160053,13.628201051834846,17.006920691473926,0.0,19.304796607425402
1.147,19.465049406712694,-0.12961599034172183,13.623216701506593,17.01509372481047,0.0,19.33543341637097
1.1480000000000001,19.478670133593685,-0.1125972767836309,13.618238002156374,17.02214670931668,0.0,19.366072856810053
1.149,19.492285884600076,-0.09557207029965749,13.613264951985196,17.02807957023791,0.0,19.39671381430042
1.1500000000000001,19.50589666538004,-0.07854149102015692,13.608297548942994,17.032892306273794,0.0,19.42735517435988
1.151,19.519502481579575,-0.0615066590400681,13.603335790728824,17.036584989552956,0.0,19.45799582253951
1.1520000000000001,19.53310333884226,-0.04446869434549913,13.598379674791047,17.039157765602912,0.0,19.48863464449676
1.153,19.546699242808987,-0.02742871674034552,13.593429198327547,17.040610853315176,0.0,19.51927052606864
1.154,19.560290199117727,-0.010387845772945586,13.58848435828595,17.040944544905564,0.0,19.54990235334478
1.155,19.57387621340327,0.00665279933722198,13.583545151363875,17.04015920586971,0.0,19.58052901274049
1.156,19.58745729129698,0.0236920997727937,13.578611574009193,17.038255274933785,0.0,19.611149391069777
1.157,19.60103343842655,0.040728937191725205,13.573683622420296,17.03523326400045,0.0,19.641762375618278
1.158,19.614604660415736,0.05776219380043872,13.568761292546398,17.03109375809,0.0,19.672366854216175
1.159,19.628170962884123,0.07479075242690927,13.563844580087839,17.025837415276776,0.0,19.702961715311034
1.16,19.641732351446876,0.09181349659368497,13.558933480496409,17.01946496662077,0.0,19.73354584804056
1.161,19.655288831714483,0.10882931059083645,13.554027988975692,17.0119772160945,0.0,19.764118142305318
1.162,19.66884040929251,0.1258370795488309,13.549128100481424,17.00337504050511,0.0,19.79467748884134
1.163,19.682387089781365,0.14283568951132566,13.544233809721863,16.99365938941173,0.0,19.82522277929269
1.164,19.695928878776026,0.15982402750787708,13.539345111158179,16.9828312850381,0.0,19.855752906283904
1.165,19.709465781865823,0.1768009816265593,13.53446199900486,16.97089182218045,0.0,19.886266763492383
1.166,19.72299780463417,0.1937654410864888,13.529584467230134,16.957842168110677,0.0,19.916763245720656
1.167,19.736524952658325,0.21071629631024968,13.524712509556407,16.943683562474757,0.0,19.947241248968574
1.168,19.75004723150915,0.22765243899621496,13.519846119460716,16.928417317186508,0.0,19.977699670505366
1.169,19.763564646750858,0.24457276219075938,13.5149852901752,16.91204481631661,0.0,20.008137408941618
1.17,19.777077203940774,0.26147616036035876,13.510130014687583,16.89456751597694,0.0,20.038553364301134
1.171,19.790584908629086,0.2783615294635715,13.505280285741673,16.875986944200253,0.0,20.068946438092656
1.172,19.80408776635861,0.29522776702289727,13.500436095837886,16.856304700815137,0.0,20.099315533381507
1.173,19.817585782664533,0.31207377219650834,13.495597437233775,16.835522457316358,0.0,20.129659554861043
1.174,19.831078963074187,0.3288984458498492,13.490764301944578,16.813641956730518,0.0,20.159977408924036
1.175,19.844567313106793,0.345700690627099,13.485936681743784,16.79066501347708,0.0,20.19026800373389
1.176,19.858050838273222,0.3624794110224933,13.48111456816371,16.766593513224773,0.0,20.220530249295717
1.177,19.871529544075763,0.3792335134514993,13.4762979524961,16.741429412743347,0.0,20.250763057527262
1.178,19.885003436007874,0.39596190632184103,13.47148682579274,16.715174739750754,0.0,20.280965342329715
1.179,19.89847251955395,0.41266350010436914,13.466681178866072,16.6878315927557,0.0,20.311136019658317
1.18,19.911936800189064,0.4293372074037711,13.461881002289848,16.659402140895626,0.0,20.341274007592837
1.181,19.925396283378763,0.445981943029117,13.457086286399788,16.62988862377012,0.0,20.37137822640788
1.182,19.9388509745788,0.4625966240642363,13.45229702129424,16.599293351269754,0.0,20.401447598643035
1.183,19.952300879234908,0.4791801699379217,13.447513196834889,16.567618703400374,0.0,20.43148104917283
1.184,19.965746002782566,0.49573150249395426,13.442734802647438,16.534867130102867,0.0,20.46147750527652
1.185,19.979186350646764,0.5122495460609469,13.437961828122345,16.501041151068392,0.0,20.49143589670771
1.186,19.992621928241757,0.5287332275219999,13.43319426241555,16.46614335554911,0.0,20.521355155763757
1.187,20.006052740970848,0.5451814763841658,13.428432094449219,16.43017640216442,0.0,20.551234217355013
1.188,20.01947879422614,0.5615932248477178,13.423675312912524,16.393143018702702,0.0,20.581072019073858
1.189,20.032900093388307,0.5779674078752175,13.418923906262403,16.355046001918616,0.0,20.610867501263524
1.19,20.046316643826373,0.5943029632603783,13.41417786272437,16.31588821732593,0.0,20.64061960708675
1.191,20.059728450897463,0.6105988316967191,13.409437170293316,16.275672598985924,0.0,20.670327282594183
1.192,20.07313551994659,0.6268539568460036,13.404701816734335,16.234402149291363,0.0,20.69998947679259
1.193,20.086537856306407,0.6430672854064627,13.399971789583562,16.192079938746083,0.0,20.72960514171287
1.194,20.099935465297,0.6592377671807931,13.395247076149031,16.148709105740167,0.0,20.759173232477796
1.195,20.113328352225643,0.6753643551439291,13.39052766351154,16.104292856320765,0.0,20.788692707369574
1.196,20.12671652238658,0.6914460055105841,13.385813538525532,16.058834463958547,0.0,20.818162527897165
1.197,20.140099981060796,0.7074816778025546,13.381104687819997,16.012337269309825,0.0,20.84758165886335
1.198,20.15347873351579,0.7234703349157854,13.376401097799379,15.964804679974344,0.0,20.876949068431575
1.199,20.166852785005357,0.7394109431871906,13.371702754644508,15.916240170248782,0.0,20.90626372819255
1.2,20.18022214076936,0.755302472461225,13.367009644313535,15.866647280875943,0.0,20.935524613230584
1.201,20.193586806033508,0.7711438961562029,13.362321752542893,15.8160296187897,0.0,20.964730702189712
1.202,20.20694678600914,0.7869341913303606,13.357639064848263,15.76439085685568,0.0,20.9938809773395
1.203,20.220302085893,0.8026723387476559,13.352961566525554,15.711734733607708,0.0,21.022974424640655
1.204,20.233652710867013,0.8183573229433032,13.34828924265191,15.658065052980051,0.0,21.052010033810316
1.205,20.24699866609808,0.8339881322890383,13.343622078086712,15.603385684035462,0.0,21.08098679838712
1.206,20.260339956737845,0.8495637590581092,13.338960057472606,15.547700560689044,0.0,21.109903715795955
1.207,20.27367658792249,0.8650831994899885,13.334303165236548,15.491013681427964,0.0,21.13875978741248
1.208,20.28700856477252,0.8805454538548034,13.329651385590848,15.433329109027023,0.0,21.167554018627325
1.209,20.300335892392543,0.8959495265174802,13.325004702534244,15.374650970260122,0.0,21.196285418910023
1.21,20.313658575871056,0.9112944260015963,13.32036309985298,15.314983455607626,0.0,21.224953001872652
1.211,20.326976620280238,0.9265791650529397,13.315726561121899,15.25433081895965,0.0,21.253555785333177
1.212,20.340290030675742,0.941802760702768,13.311095069705553,15.19269737731529,0.0,21.28209279137851
1.213,20.35359881209648,0.9569642343307656,13.306468608759323,15.130087510477829,0.0,21.310563046427244
1.214,20.366902969564407,0.9720626117276938,13.30184716123055,15.066505660745927,0.0,21.3389655812921
1.215,20.38020250808433,0.9870969231577301,13.297230709859688,15.001956332600816,0.0,21.36729943124206
1.216,20.393497432643695,1.0020662034204926,13.292619237181462,14.936444092389536,0.0,21.39556363606419
1.217,20.406787748212373,1.016969491912746,13.288012725526043,14.869973568004214,0.0,21.42375724012512
1.218,20.42007345974247,1.0318058326897845,13.28341115702023,14.802549448557432,0.0,21.451879292432253
1.219,20.43335457216811,1.0465742745264883,13.27881451358866,14.734176484053682,0.0,21.479928846694598
1.22,20.44663109040525,1.06127387097805,13.27422277695501,14.664859485056947,0.0,21.5079049613833
1.221,20.45990301935147,1.0759036804403657,13.269635928643229,14.594603322354434,0.0,21.535806699791834
1.222,20.47317036388576,1.0904627662100885,13.265053949978773,14.523412926616462,0.0,21.563633130095848
1.223,20.486433128868356,1.104950196544341,13.260476822089856,14.451293288052552,0.0,21.591383325412696
1.224,20.499691319140513,1.1193650447200794,13.255904525908718,14.378249456063733,0.0,21.619056363860594
1.225,20.512944939524328,1.133706389093111,13.251337042172894,14.304286538891077,0.0,21.646651328617438
1.226,20.526193994822528,1.147973313156756,13.246774351426504,14.229409703260513,0.0,21.674167307979282
1.227,20.5394384898183,1.1621649056001537,13.242216434021557,14.15362417402392,0.0,21.701603395418452
1.228,20.552678429275076,1.1762802603662075,13.237663270119258,14.076935233796533,0.0,21.728958689641285
1.229,20.565913817936366,1.1903184767091648,13.233114839691336,13.999348222590697,0.0,21.75623229464553
1.23,20.57914466052555,1.2042786592518304,13.228571122521377,13.920868537445974,0.0,21.78342331977738
1.231,20.5923709617457,1.2181599180424065,13.224032098206179,13.841501632055646,0.0,21.810530879788107
1.232,20.60559272627939,1.2319613686109585,13.219497746157105,13.76125301638963,0.0,21.837554094890347
1.233,20.618809958788518,1.2456821320255018,13.21496804560146,13.680128256313834,0.0,21.864492090814018
1.234,20.63202266391411,1.2593213349477055,13.210442975583868,13.59813297320599,0.0,21.891343998861817
1.235,20.645230846276156,1.2728781096882111,13.205922514967677,13.515272843567962,0.0,21.918108955964367
1.236,20.658434510473413,1.2863515942615613,13.201406642436355,13.431553598634588,0.0,21.944786104734973
1.237,20.67163366108323,1.2997409324407356,13.196895336494915,13.34698102397907,0.0,21.971374593523965
1.238,20.68482830266138,1.3130452738112903,13.19238857547134,13.26156095911493,0.0,21.99787357647267
1.239,20.69801843974187,1.3262637738250984,13.187886337518023,13.175299297094574,0.0,22.024282213566966
1.24,20.711204076836772,1.339395593853686,13.183388600613224,13.088201984104474,0.0,22.05059967069046
1.241,20.72438521843605,1.3524399012411625,13.178895342562521,13.000275019057032,0.0,22.076825119677213
1.242,20.737561869007397,1.3653958693567423,13.174406541000295,12.911524453179094,0.0,22.10295773836414
1.243,20.750734032996043,1.3782626776468503,13.169922173391203,12.821956389597208,0.0,22.128996710642895
1.244,20.763901714824602,1.391039511686814,13.165442217031682,12.731576982919602,0.0,22.154941226511415
1.245,20.777064918892904,1.4037255632321346,13.160966649051444,12.640392438814944,0.0,22.18079048212504
1.246,20.790223649577825,1.4163200302693357,13.156495446414999,12.548409013587888,0.0,22.20654367984716
1.247,20.80337791123312,1.4288221170663853,13.152028585923176,12.455633013751465,0.0,22.232200028299506
1.248,20.81652770818927,1.441231034222689,13.147566044214662,12.362070795596312,0.0,22.25775874241196
1.249,20.829673044753306,1.4535459987186519,13.143107797767541,12.267728764756797,0.0,22.28321904347196
1.25,20.842813925208667,1.4657662339648025,13.13865382290086,12.17261337577406,0.0,22.30858015917347
1.2510000000000001,20.855950353815025,1.4778909698504814,13.134204095776187,12.076731131655993,0.0,22.333841323665506
1.252,20.869082334808137,1.4899194427920854,13.12975859239919,11.980088583434197,0.0,22.359001777600223
1.2530000000000001,20.88220987239969,1.5018508957808696,13.12531728862122,11.882692329717948,0.0,22.38406076818056
1.254,20.895332970777147,1.5136845784302997,13.120880160140908,11.784549016245188,0.0,22.409017549207448
1.2550000000000001,20.908451634103592,1.5254197470229558,13.116447182505766,11.685665335430599,0.0,22.433871381126547
1.256,20.92156586651758,1.5370556645569815,13.112018331113806,11.58604802591075,0.0,22.45862153107456
1.2570000000000001,20.93467567213299,1.5485916007920775,13.107593581215157,11.485703872086399,0.0,22.48326727292507
1.258,20.94778105503888,1.5600268322950355,13.103172907913702,11.384639703661922,0.0,22.507807887333918
1.2590000000000001,20.96088201929934,1.5713606424848103,13.098756286168717,11.28286239518196,0.0,22.53224266178415
1.26,20.973978568953346,1.5825923216771276,13.094343690796517,11.180378865565265,0.0,22.556570890630475
1.2610000000000001,20.98707070801462,1.5937211671286236,13.089935096472123,11.077196077635811,0.0,22.580791875143245
1.262,21.000158440471488,1.6047464830805143,13.085530477730924,10.973321037651186,0.0,22.604904923552002
1.2630000000000001,21.013241770286744,1.615667580801793,13.081129808970351,10.868760794828294,0.0,22.628909351088538
1.264,21.026320701397513,1.626483778631951,13.07673306445157,10.763522440866412,0.0,22.652804480029463
1.2650000000000001,21.03939523771511,1.63719440202322,13.072340218301168,10.657613109467626,0.0,22.676589639738328
1.266,21.052465383124908,1.647798783582335,13.067951244512855,10.551039975854673,0.0,22.700264166707242
1.2670000000000001,21.065531141486215,1.6582962631118112,13.063566116949175,10.443810256286232,0.0,22.723827404598026
1.268,21.07859251663213,1.6686861876507384,13.059184809343225,10.335931207569697,0.0,22.74727870428287
1.2690000000000001,21.091649512369425,1.678967911515084,13.054807295300375,10.227410126571451,0.0,22.77061742388451
1.27,21.104702132478415,1.6891407963375062,13.050433548300004,10.118254349724689,0.0,22.79384292881592
1.2710000000000001,21.117750380712828,1.6992042111066739,13.046063541697247,10.008471252534815,0.0,22.816954591819503
1.272,21.13079426079969,1.7091575322060903,13.041697248724729,9.898068249082453,0.0,22.83995179300578
1.2730000000000001,21.143833776439195,1.7190001434524194,13.037334642494335,9.787052791524092,0.0,22.862833919891614
1.274,21.156868931304594,1.72873143613331,13.032975695998962,9.675432369590416,0.0,22.885600367437902
1.2750000000000001,21.16989972904207,1.7383508090447193,13.0286203821143,9.563214510082341,0.0,22.908250538086786
1.276,21.182926173270616,1.7478576685277296,13.0242686736006,9.450406776364796,0.0,22.930783841798345
1.2770000000000001,21.195948267581944,1.7572514285048582,13.019920543104465,9.33701676785828,0.0,22.953199696086802
1.278,21.208966015540344,1.766531510515858,13.015575963160636,9.223052119528235,0.0,22.975497526056202
1.2790000000000001,21.221979420682594,1.7756973437530068,13.011234906193792,9.108520501372263,0.0,22.9976767644356
1.28,21.234988486517835,1.7847483650958806,13.006897344520356,8.993429617905223,0.0,23.019736851613715
1.281,21.247993216527473,1.7936840191456147,13.002563250350304,8.877787207642244,0.0,23.041677235673088
1.282,21.260993614165073,1.8025037582586425,12.998232595788984,8.761601042579692,0.0,23.063497372423715
1.283,21.273989682856257,1.811207042579918,12.993905352838938,8.644878927674107,0.0,23.085196725436177
1.284,21.286981425998594,1.8197933400756139,12.989581493401735,8.527628700319182,0.0,23.106774766074206
1.285,21.2999688469615,1.828262126565296,12.9852609892798,8.409858229820776,0.0,23.128230973526797
1.286,21.312951949086163,1.8366128857535735,12.980943812178262,8.291575416870026,0.0,23.149564834839737
1.287,21.325930735685404,1.8448451092612181,12.976629933706802,8.172788193014586,0.0,23.170775844946622
1.288,21.338905210043627,1.8529582966557572,12.972319325381497,8.053504520128014,0.0,23.191863506699384
1.289,21.351875375416693,1.8609519554815326,12.968011958626692,7.933732389877366,0.0,23.212827330898225
1.29,21.36484123503185,1.8688256012892275,12.96370780477685,7.81347982318902,0.0,23.233666836321078
1.291,21.377802792087632,1.8765787576648576,12.959406835078436,7.69275486971276,0.0,23.25438154975249
1.292,21.39076004975378,1.8842109562582268,12.955109020691776,7.571565607284167,0.0,23.274971006012006
1.293,21.40371301117115,1.891721736810842,12.950814332692946,7.449920141385342,0.0,23.295434747981993
1.294,21.41666167945163,1.8991106471832913,12.946522742075658,7.327826604604017,0.0,23.31577232663492
1.295,21.42960605767807,1.906377243382076,12.942234219753137,7.205293156091057,0.0,23.335983301060143
1.296,21.44254614890418,1.9135210895859043,12.93794873656003,7.082327981016423,0.0,23.356067238490084
1.297,21.455481956154486,1.9205417581714361,12.933666263254292,6.958939290023611,0.0,23.37602371432592
1.298,21.468413482424214,1.927438829738484,12.929386770519095,6.835135318682611,0.0,23.3958523121627
1.299,21.48134073067925,1.934211893134665,12.925110228964732,6.710924326941418,0.0,23.415552623813916
1.3,21.49426370385605,1.9408605454795045,12.920836609130529,6.58631459857614,0.0,23.435124249335555
1.301,21.507182404861574,1.947384392187988,12.916565881486761,6.46131444063973,0.0,23.454566797049562
1.302,21.52009683657322,1.9537830469935624,12.91229801643657,6.33593218290938,0.0,23.47387988356678
1.303,21.533007001838758,1.9600561319705831,12.908032984317884,6.210176177332624,0.0,23.49306313380934
1.304,21.54591290347626,1.966203277556207,12.90377075540535,6.084054797472175,0.0,23.512116181032468
1.305,21.558814544274043,1.9722241225717296,12.899511299912259,5.95757643794953,0.0,23.531038666845774
1.306,21.57171192699061,1.9781183142433647,12.895254587992477,5.830749513887404,0.0,23.549830241233973
1.307,21.584605054354586,1.983885508222467,12.891000589742388,5.703582460350989,0.0,23.568490562577054
1.308,21.597493929064665,1.989525368605194,12.88674927520283,5.576083731788123,0.0,23.58701929766986
1.309,21.61037855378956,1.995037567951609,12.882500614361035,5.448261801468362,0.0,23.605416121741168
1.31,21.623258931167936,2.000421787304222,12.878254577152578,5.320125160921027,0.0,23.62368071847216
1.311,21.636135063808375,2.005677716205967,12.874011133463322,5.191682319372234,0.0,23.64181278001434
1.312,21.649006954289316,2.010805052717618,12.869770253131371,5.062941803180972,0.0,23.659812007006934
1.313,21.66187460515902,2.015803503434638,12.865531905949023,4.933912155274245,0.0,23.67767810859366
1.314,21.674738018935514,2.0206727835034672,12.861296061664723,4.804601934581324,0.0,23.695410802438982
1.315,21.687597198106552,2.0254126166372393,12.857062689985021,4.675019715467145,0.0,23.713009814743792
1.316,21.700452145129574,2.0300227351309337,12.852831760576537,4.5451740871648925,0.0,23.73047488026051
1.317,21.71330286243167,2.0345028798759612,12.848603243067913,4.415073653207805,0.0,23.747805742307634
1.318,21.726149352409543,2.038852800374179,12.844377107051788,4.284727030860235,0.0,23.765002152783723
1.319,21.73899161742946,2.0430722547513356,12.840153322086751,4.154142850548014,0.0,23.782063872180796
1.32,21.75182965982724,2.04716100976995,12.835931857699318,4.023329755288136,0.0,23.798990669597192
1.321,21.764663481908215,2.0511188408416157,12.831712683385895,3.8922964001178366,0.0,23.815782322749833
1.322,21.777493085947192,2.0549455320387344,12.827495768614746,3.7610514515230538,0.0,23.832438617985925
1.323,21.79031847418844,2.0586408761056805,12.823281082827972,3.6296035868663576,0.0,23.84895935029412
1.324,21.80313964884565,2.0622046744693905,12.81906859544347,3.497961493814353,0.0,23.865344323315043
1.325,21.815956612101928,2.065636737249381,12.814858275856919,3.3661338697646084,0.0,23.88159334935131
1.326,21.828769366109757,2.0689368832671926,12.81065009344374,3.2341294212721445,0.0,23.89770624937695
1.327,21.841577912990992,2.0721049400552602,12.806444017561084,3.10195686347552,0.0,23.913682853046254
1.328,21.854382254836835,2.0751407438652105,12.802240017549796,2.9696249195225533,0.0,23.929522998702048
1.329,21.867182393707825,2.0780441396755824,12.798038062736394,2.8371423199957175,0.0,23.94522653338341
1.33,21.879978331633815,2.0808149811989756,12.793838122435044,2.704517802337247,0.0,23.96079331283279
1.331,21.89277007061397,2.083453130888622,12.789640165949537,2.5717601102739915,0.0,23.97622320150259
1.332,21.905557612616754,2.0859584599443837,12.785444162575262,2.43887799324206,0.0,23.991516072561136
1.333,21.918340959579922,2.088330848318172,12.78125008160118,2.3058802058112846,0.0,24.006671807898094
1.334,21.93112011341052,2.090570184718797,12.777057892311802,2.1727755071095514,0.0,24.021690298129315
1.335,21.94389507598487,2.092676366616235,12.772867563989168,2.039572660247027,0.0,24.036571442601105
1.336,21.95666584914858,2.0946493002453233,12.76867906591481,1.9062804317403264,0.0,24.051315149393904
1.337,21.969432434716545,2.0964889006088794,12.764492367371735,1.7729075909366552,0.0,24.065921335325424
1.338,21.98219483447293,2.0981950914802434,12.760307437646395,1.6394629094379642,0.0,24.080389925953174
1.339,21.99495305017121,2.099767805405245,12.756124246030655,1.5059551605251575,0.0,24.094720855576455
1.34,22.00770708353413,2.1012069837035945,12.751942761823772,1.3723931185823866,0.0,24.108914067237723
1.341,22.02045693625376,2.1025125764696972,12.747762954334357,1.238785558521473,0.0,24.122969512723454
1.342,22.033202609991474,2.1036845425728954,12.743584792882347,1.1051412552064952,0.0,24.13688715256437
1.343,22.045944106377977,2.104722849657131,12.739408246800972,0.9714689828785756,0.0,24.15066695603511
1.344,22.058681427013312,2.105627474140037,12.73523328543872,0.8377775145809099,0.0,24.164308901153348
1.345,22.071414573466882,2.1063984012114503,12.731059878161304,0.7040756215840706,0.0,24.177812974678332
1.346,22.08414354727746,2.107035624831353,12.726887994353616,0.5703720728116276,0.0,24.191179172108814
1.347,22.096868349953215,2.1075391477272385,12.722717603421694,0.43667563426612,0.0,24.204407497680453
1.348,22.109588982971736,2.107908981390902,12.71854867479468,0.30299506845541757,0.0,24.21749796436264
1.349,22.122305447780057,2.1081451460746616,12.714381177926775,0.1693391338195103,0.0,24.23045059385472
1.35,22.13501774579467,2.1082476707870024,12.710215082299188,0.03571658415776169,0.0,24.24326541658167
1.351,22.14772587840157,2.10821659328765,12.706050357422093,-0.09786383194333523,0.0,24.25594247168922
1.352,22.160429846956276,2.108051960082072,12.701886972836576,-0.23139337168186275,0.0,24.26848180703835
1.353,22.173129652783864,2.1077538264154074,12.697724898116581,-0.3648632986116065,0.0,24.28088347919927
1.354,22.185825297179,2.107322256265826,12.693564102870852,-0.49826488321256956,0.0,24.293147553444825
1.355,22.198516781405978,2.1067573223373164,12.689404556744872,-0.6315894034608356,0.0,24.305274103743294
1.356,22.211204106698755,2.106059106051907,12.685246229422805,-0.7648281453977432,0.0,24.31726321275066
1.357,22.223887274260996,2.1052276975413142,12.681089090629426,-0.8979724036983361,0.0,24.32911497180231
1.358,22.23656628526611,2.104263195638027,12.676933110132053,-1.031013482239049,0.0,24.340829480904137
1.359,22.249241140857297,2.1031657078658204,12.672778257742472,-1.1639426946645968,0.0,24.352406848723117
1.36,22.261911842147583,2.101935350429705,12.668624503318863,-1.296751364954024,0.0,24.36384719257729
1.361,22.27457839021989,2.100572248205309,12.66447181676772,-1.429430827985886,0.0,24.3751506384252
1.362,22.28724078612706,2.099076534727698,12.660320168045768,-1.5619724301025153,0.0,24.386317320854758
1.363,22.299899030891925,2.0974483521796277,12.65616952716187,-1.6943675296733454,0.0,24.397347383071555
1.364,22.31255312550735,2.0956878513792376,12.65201986417894,-1.8266074976572493,0.0,24.40824097688659
1.365,22.32520307093629,2.0937951917671787,12.647871149215845,-1.95868371816386,0.0,24.418998262703468
1.366,22.33784886811185,2.091770541393184,12.643723352449308,-2.090587589013834,0.0,24.429619409505033
1.367,22.350490517937335,2.0896140769020772,12.639576444115798,-2.2223105222980215,0.0,24.44010459483941
1.368,22.363128021286325,2.0873259835192233,12.635430394513422,-2.3538439449355115,0.0,24.45045400480555
1.369,22.375761379002725,2.084906455035422,12.631285174003812,-2.4851792992305075,0.0,24.460667834038148
1.37,22.388390591900837,2.082355693791245,12.62714075301401,-2.6163080434280053,0.0,24.470746285692083
1.371,22.401015660765424,2.0796739106608175,12.622997102038333,-2.747221652268233,0.0,24.48068957142624
1.372,22.41363658635177,2.076861325035046,12.618854191640258,-2.877911617539819,0.0,24.490497911386818
1.373,22.426253369385773,2.0739181648042946,12.614711992454277,-3.0083694486316483,0.0,24.500171534190066
1.374,22.438866010563984,2.0708446663405082,12.610570475187766,-3.1385866730833794,0.0,24.509710676904493
1.375,22.451474510553712,2.0676410744787885,12.60642961062283,-3.2685548371345754,0.0,24.5191155850325
1.3760000000000001,22.46407886999308,2.0643076424984192,12.602289369618168,-3.3982655062724247,0.0,24.5283865124915
1.377,22.476679089491114,2.060844632103345,12.5981497231109,-3.527710265778007,0.0,24.53752372159446
1.3780000000000001,22.489275169627806,2.0572523134021066,12.59401064211842,-3.656880721271075,0.0,24.546527483029912
1.379,22.50186711095422,2.0535309648872277,12.589872097740216,-3.7857684992533147,0.0,24.555398075841445
1.3800000000000001,22.51445491399255,2.0496808734140646,12.585734061159705,-3.9143652476500472,0.0,24.564135787406617
1.381,22.527038579236226,2.045702334179111,12.581596503646054,-4.042662636350341,0.0,24.572740913415338
1.3820000000000001,22.539618107149984,2.041595650697765,12.577459396555987,-4.170652357745499,0.0,24.58121375784775
1.383,22.55219349816996,2.037361134781559,12.573322711335601,-4.298326127265876,0.0,24.58955463295152
1.3840000000000001,22.564764752703788,2.0329991065148523,12.569186419522158,-4.425675683916018,0.0,24.597763859218638
1.385,22.57733187113068,2.0285098942309903,12.565050492745888,-4.552692790808048,0.0,24.60584176536167
1.3860000000000001,22.589894853801532,2.0238938344879305,12.560914902731774,-4.679369235693309,0.0,24.61378868828946
1.387,22.602453701039003,2.019151272043339,12.556779621301331,-4.805696831492193,0.0,24.62160497308234
1.3880000000000001,22.615008413137634,2.014282559829157,12.552644620374386,-4.931667416822144,0.0,24.629290972966793
1.389,22.627558990363926,2.00928805892564,12.548509871970838,-5.057272856523795,0.0,24.636847049289567
1.3900000000000001,22.640105432956457,2.0041681385348733,12.544375348212423,-5.1825050421851975,0.0,24.64427357149133
1.391,22.65264774112597,1.998923175953762,12.540241021324467,-5.307355892664124,0.0,24.651570917079734
1.3920000000000001,22.665185915055503,1.9935535565465023,12.53610686363763,-5.431817354608398,0.0,24.658739471602004
1.393,22.677719954900457,1.9880596737165315,12.531972847589637,-5.555881402974224,0.0,24.66577962861699
1.3940000000000001,22.69024986078874,1.982441928877961,12.527838945727026,-5.679540041542482,0.0,24.6726917896667
1.395,22.702775632820856,1.9767007314264946,12.523705130706855,-5.8027853034329535,0.0,24.67947636424735
1.3960000000000001,22.71529727107002,1.9708364987098337,12.519571375298419,-5.925609251616453,0.0,24.686133769779854
1.397,22.72781477558228,1.9648496559975706,12.515437652384962,-6.048003979424811,0.0,24.692664431579853
1.3980000000000001,22.74032814637662,1.9587406364505735,12.511303934965374,-6.169961611058709,0.0,24.699068782827194
1.399,22.75283738344508,1.952509881089865,12.50717019615588,-6.291474302093301,0.0,24.705347264534943
1.4000000000000001,22.76534248675288,1.946157838764995,12.503036409191722,-6.412534239981608,0.0,24.711500325517875
1.401,22.77784345623853,1.9396849661219129,12.498902547428838,-6.5331336445556545,0.0,24.71752842236044
1.4020000000000001,22.79034029181396,1.9330917275703385,12.49476858434552,-6.6532647685253,0.0,24.723432019384298
1.403,22.802832993364643,1.9263785952506363,12.490634493544079,-6.772919897974751,0.0,24.72921158861528
1.4040000000000001,22.815321560749712,1.9195460490001925,12.486500248752485,-6.892091352856707,0.0,24.734867609749905
1.405,22.827805993802098,1.9125945763193022,12.482365823826013,-7.01077148748412,0.0,24.740400570121402
1.4060000000000001,22.840286292328646,1.905524672336563,12.47823119274887,-7.128952691019531,0.0,24.74581096466521
1.407,22.85276245611025,1.8983368397737825,12.47409632963582,-7.2466273879619525,0.0,24.751099295884032
1.408,22.865234484901983,1.8910315889103986,12.469961208733793,-7.363788038631263,0.0,24.75626607381238
1.409,22.87770237843324,1.8836094375474184,12.465825804423488,-7.480427139650093,0.0,24.76131181598066
1.41,22.890166136407863,1.8760709109708753,12.461690091220971,-7.596537224423157,0.0,24.766237047378738
1.411,22.902625758504268,1.8684165419148078,12.457554043779256,-7.712110863614018,0.0,24.771042300419076
1.412,22.915081244375603,1.8606468705237638,12.453417636889881,-7.827140665619231,0.0,24.775728114899366
1.413,22.92753259364987,1.8527624443148318,12.449280845484475,-7.941619277039867,0.0,24.780295037964702
1.414,22.939979805930086,1.8447638181392014,12.44514364463631,-8.055539383150352,0.0,24.78474362406929
1.415,22.952422880794398,1.8366515541432569,12.441006009561852,-8.168893708364621,0.0,24.789074434937653
1.416,22.96486181779625,1.828426221729205,12.436867915622292,-8.281675016699541,0.0,24.793288039525457
1.417,22.97729661646452,1.8200883975152433,12.432729338325077,-8.393876112235576,0.0,24.797385013979763
1.418,22.989727276303665,1.811638665295265,12.428590253325417,-8.50548983957467,0.0,24.80136594159893
1.419,23.00215379679387,1.8030776159981114,12.424450636427805,-8.616509084295314,0.0,24.805231412791983
1.42,23.014576177391202,1.7944058476463685,12.4203104635875,-8.72692677340477,0.0,24.808982025037572
1.421,23.02699441752776,1.7856239653147132,12.416169710912015,-8.836735875788419,0.0,24.812618382842473
1.422,23.03940851661183,1.776732581087812,12.412028354662597,-8.945929402656214,0.0,24.816141097699642
1.423,23.05181847402803,1.767732314017774,12.407886371255685,-9.054500407986206,0.0,24.819550788045802
1.424,23.064224289137474,1.758623790081163,12.403743737264364,-9.162441988965103,0.0,24.822848079218637
1.425,23.076625961277934,1.7494076421355684,12.399600429419808,-9.269747286425853,0.0,24.826033603413503
1.426,23.08902348976399,1.7400845098757431,12.395456424612716,-9.376409485282213,0.0,24.82910799963973
1.427,23.101416873887185,1.730655039789306,12.391311699894727,-9.482421814960281,0.0,24.83207191367649
1.428,23.11380611291621,1.7211198851120142,12.387166232479832,-9.587777549826948,0.0,24.834925998028222
1.429,23.126191206097033,1.711479705782611,12.383019999745771,-9.69247000961527,0.0,24.837670911879645
1.43,23.1385721526531,1.701735168397247,12.378872979235428,-9.796492559846723,0.0,24.840307321050346
1.431,23.150948951785477,1.691886946163483,12.374725148658195,-9.899838612250283,0.0,24.84283589794896
1.432,23.163321602673015,1.6819357188538726,12.370576485891345,-10.002501625178372,0.0,24.845257321526887
1.433,23.17569010447254,1.6718821727591342,12.366426968981385,-10.104475104019567,0.0,24.847572277231674
1.434,23.188054456318998,1.661727000640908,12.362276576145392,-10.20575260160811,0.0,24.849781456959906
1.435,23.200414657325645,1.6514709016841083,12.358125285772351,-10.306327718630143,0.0,24.85188555900975
1.436,23.212770706584212,1.6411145814488688,12.353973076424468,-10.406194104026694,0.0,24.85388528803308
1.437,23.225122603165076,1.6306587518220885,12.349819926838478,-10.50534545539333,0.0,24.855781354987165
1.438,23.23747034611744,1.620104130968578,12.345665815926939,-10.603775519376507,0.0,24.85757447708602
1.439,23.24981393446951,1.609451443281812,12.341510722779518,-10.70147809206655,0.0,24.859265377751324
1.44,23.26215336722867,1.598701419334291,12.337354626664258,-10.798447019387268,0.0,24.86085478656296
1.441,23.27448864338166,1.587854795827513,12.333197507028837,-10.894676197482164,0.0,24.862343439209173
1.442,23.28681976189476,1.576912315541564,12.329039343501817,-10.990159573097218,0.0,24.86373207743632
1.443,23.299146721713964,1.565874727284324,12.324880115893874,-11.084891143960215,0.0,24.865021448998288
1.444,23.31146952176518,1.5547427858402976,12.320719804199028,-11.178864959156616,0.0,24.866212307605476
1.445,23.32378816095439,1.5435172519190699,12.316558388595839,-11.272075119501915,0.0,24.86730541287346
1.446,23.33610263816785,1.5321988921033916,12.312395849448617,-11.364515777910487,0.0,24.868301530271243
1.447,23.348412952272284,1.5207884787968973,12.3082321673086,-11.456181139760892,0.0,24.869201431069182
1.448,23.360719102115045,1.50928679017146,12.304067322915124,-11.547065463257605,0.0,24.870005892286503
1.449,23.373021086524332,1.497694610114186,12.299901297196788,-11.637163059789172,0.0,24.87071569663852
1.45,23.385318904309365,1.486012728174053,12.295734071272594,-11.726468294282745,0.0,24.871331632483418
1.451,23.397612554260576,1.474241939508196,12.291565626453083,-11.814975585554986,0.0,24.871854493768772
1.452,23.409902035149802,1.4623830448278436,12.287395944241457,-11.902679406659328,0.0,24.872285079977644
1.453,23.42218734573049,1.4504368503439096,12.28322500633468,-11.989574285229539,0.0,24.872624196074398
1.454,23.434468484737867,1.4384041677122414,12.279052794624583,-12.075654803819615,0.0,24.87287265245011
1.455,23.44674545088916,1.426285813978533,12.274879291198934,-12.160915600239937,0.0,24.873031264867695
1.456,23.459018242883783,1.4140826115229006,12.27070447834251,-12.245351367889695,0.0,24.873100854406683
1.457,23.471286859403524,1.4017953880041296,12.266528338538158,-12.328956856085552,0.0,24.873082247407652
1.458,23.483551299112765,1.3894249763035946,12.262350854467828,-12.411726870386536,0.0,24.87297627541636
1.459,23.495811560658662,1.3769722144688563,12.258172009013599,-12.49365627291512,0.0,24.87278377512752
1.46,23.508067642671353,1.3644379456569384,12.253991785258703,-12.574739982674497,0.0,24.87250558832829
1.461,23.520319543764167,1.3518230180772908,12.249810166488523,-12.654972975862005,0.0,24.872142561841457
1.462,23.532567262533814,1.3391282849344395,12.24562713619157,-12.734350286178703,0.0,24.871695547468253
1.463,23.544810797560597,1.32635460437033,12.241442678060475,-12.812867005135061,0.0,24.871165401930927
1.464,23.557050147408617,1.3135028394063673,12.23725677599293,-12.890518282352765,0.0,24.870552986814985
1.465,23.56928531062597,1.3005738578851538,12.23306941409265,-12.967299325862607,0.0,24.869859168511123
1.466,23.581516285744957,1.2875685324119348,12.228880576670296,-13.043205402398428,0.0,24.869084818156892
1.467,23.593743071282304,1.2744877402957486,12.224690248244395,-13.118231837687137,0.0,24.86823081157805
1.468,23.60596566573935,1.2613323634902913,12.220498413542247,-13.192374016734743,0.0,24.86729802922964
1.469,23.61818406760227,1.2481032885344954,12.216305057500813,-13.265627384108402,0.0,24.866287356136766
1.47,23.630398275342284,1.2348014064928297,12.212110165267598,-13.337987444214477,0.0,24.865199681835115
1.471,23.642608287415857,1.2214276128953225,12.207913722201502,-13.409449761572565,0.0,24.86403590031118
1.472,23.65481410226493,1.2079828076773138,12.20371571387368,-13.480009961085498,0.0,24.862796909942244
1.473,23.667015718317106,1.1944678951189376,12.199516126068366,-13.549663728305283,0.0,24.861483613436043
1.474,23.679213133985897,1.1808837837843422,12.195314944783703,-13.618406809694985,0.0,24.86009691777024
1.475,23.69140634767091,1.1672313864606498,12.191112156232542,-13.686235012886515,0.0,24.85863773413156
1.476,23.703595357758076,1.1535116200966602,12.186907746843234,-13.75314420693433,0.0,24.857106977854734
1.477,23.715780162619858,1.1397254057413033,12.182701703260408,-13.819130322565012,0.0,24.85550556836116
1.478,23.727960760615478,1.1258736684818444,12.178494012345734,-13.884189352422723,0.0,24.853834429097322
1.479,23.740137150091126,1.1119573373818445,12.17428466117867,-13.948317351310509,0.0,24.85209448747297
1.48,23.75230932938018,1.0979773454188835,12.170073637057193,-14.01151043642745,0.0,24.85028667479906
1.481,23.76447729680342,1.0839346294220467,12.165860927498526,-14.073764787601643,0.0,24.848411926225467
1.482,23.77664105066927,1.0698301300091815,12.161646520239835,-14.135076647518988,0.0,24.84647118067845
1.483,23.788800589273983,1.0556647915239268,12.157430403238916,-14.195442321947784,0.0,24.84446538079791
1.484,23.800955910901887,1.0414395619725199,12.153212564674881,-14.254858179959106,0.0,24.842395472874408
1.485,23.813107013825604,1.0271553929603852,12.14899299294881,-14.31332065414296,0.0,24.84026240678599
1.486,23.825253896306265,1.0128132396285094,12.144771676684394,-14.370826240820195,0.0,24.838067135934775
1.487,23.837396556593735,0.9984140605896061,12.140548604728577,-14.427371500250173,0.0,24.83581061718334
1.488,23.84953499292684,0.9839588178640756,12.136323766152161,-14.48295305683416,0.0,24.833493810790916
1.489,23.86166920353359,0.9694484768157624,12.132097150250411,-14.53756759931446,0.0,24.831117680349355
1.49,23.873799186631402,0.9548840060875172,12.12786874654364,-14.59121188096925,0.0,24.82868319271892
1.491,23.88592494042732,0.9402663775365648,12.123638544777783,-14.643882719803122,0.0,24.826191317963882
1.492,23.898046463118256,0.9255965661696846,12.11940653492495,-14.695576998733312,0.0,24.82364302928794
1.493,23.9101637528912,0.9108755500782062,12.115172707183968,-14.746291665771619,0.0,24.821039302969407
1.494,23.922276807923463,0.8961043103728262,12.110937051980907,-14.796023734201981,0.0,24.81838111829629
1.495,23.934385626382888,0.8812838311182487,12.106699559969591,-14.844770282753723,0.0,24.815669457501137
1.496,23.946490206428088,0.8664150992676554,12.102460222032098,-14.892528455770444,0.0,24.812905305695743
1.497,23.958590546208672,0.8514991045970082,12.098219029279234,-14.939295463374549,0.0,24.81008965080568
1.498,23.97068664386548,0.8365368396391905,12.093975973051,-14.98506858162742,0.0,24.80722348350467
1.499,23.9827784975308,0.8215292996179897,12.089731044917048,-15.029845152685194,0.0,24.804307797148788
1.5,23.994866105328605,0.8064774823819265,12.08548423667711,-15.073622584950165,0.0,24.80134358771053
1.5010000000000001,24.006949465374788,0.7913823883379347,12.081235540361421,-15.11639835321779,0.0,24.798331853712725
1.502,24.019028575777384,0.7762450203848965,12.076984948231125,-15.158169998819284,0.0,24.79527359616228
1.5030000000000001,24.031103434636805,0.7610663838470371,12.072732452778663,-15.19893512975982,0.0,24.792169818483842
1.504,24.04317404004607,0.7458474864071838,12.068478046728146,-15.23869142085229,0.0,24.78902152645325
1.5050000000000001,24.05524039009104,0.730589338039893,12.064221723035715,-15.277436613846655,0.0,24.78582972813093
1.506,24.06730248285065,0.7152929509444504,12.059963474889887,-15.315168517554863,0.0,24.7825954337951
1.5070000000000001,24.079360316397135,0.6999593394777484,12.055703295711881,-15.351885007971314,0.0,24.779319655874882
1.508,24.091413888796275,0.684589520087045,12.051441179155931,-15.387584028388893,0.0,24.77600340888332
1.5090000000000001,24.10346319810761,0.6691845112426098,12.047177119109584,-15.422263589510548,0.0,24.77264770935022
1.51,24.1155082423847,0.6537453333702594,12.04291110969398,-15.455921769556404,0.0,24.76925357575496
1.5110000000000001,24.127549019675325,0.6382730087837887,12.038643145264125,-15.488556714366421,0.0,24.765822028459112
1.512,24.139585528021748,0.6227685616173015,12.034373220409135,-15.520166637498583,0.0,24.76235408963905
1.5130000000000001,24.151617765460937,0.6072330177574458,12.030101329952478,-15.55074982032261,0.0,24.75885078321838
1.514,24.1636457300248,0.5916674047755561,12.025827468952192,-15.580304612109193,0.0,24.755313134800357
1.5150000000000001,24.17566941974042,0.5760727518597106,12.021551632701089,-15.608829430114756,0.0,24.75174217160013
1.516,24.18768883263029,0.5604500897467045,12.017273816726945,-15.636322759661716,0.0,24.748138922376995
1.5170000000000001,24.199703966712548,0.5448004506539458,12.012994016792677,-15.662783154214269,0.0,24.744504417366493
1.518,24.211714820001216,0.5291248682112775,12.0087122288965,-15.68820923544967,0.0,24.740839688212493
1.5190000000000001,24.223721390506427,0.5134243773927307,12.004428449272067,-15.712599693325021,0.0,24.737145767899158
1.52,24.235723676234667,0.4977000144482136,12.000142674388606,-15.735953286139575,0.0,24.73342369068288
1.5210000000000001,24.247721675189013,0.4819528168351396,11.995854900951018,-15.758268840592505,0.0,24.729674492024152
1.522,24.259715385369358,0.4661838231500005,11.99156512589999,-15.779545251836206,0.0,24.72589920851936
1.5230000000000001,24.27170480477266,0.4503940730598889,11.987273346412067,-15.799781483525061,0.0,24.72209887783255
1.524,24.28368993139317,0.4345846072339731,11.982979559899716,-15.818976567859723,0.0,24.718274538627142
1.5250000000000001,24.295670763222663,0.41875646727493093,11.978683764011382,-15.83712960562687,0.0,24.714427230497595
1.526,24.30764729825069,0.40291069565034576,11.974385956631522,-15.854239766234466,0.0,24.710557993901034
1.5270000000000001,24.319619534464795,0.38704833562406926,11.970086135880624,-15.870306287742492,0.0,24.706667870088864
1.528,24.33158746985077,0.37117043118755594,11.965784300115208,-15.88532847688919,0.0,24.702757901038325
1.5290000000000001,24.343551102392876,0.35527802699117383,11.961480447927821,-15.899305709112776,0.0,24.69882912938405
1.53,24.355510430074087,0.3393721682754953,11.957174578147002,-15.912237428568647,0.0,24.694882598349583
1.5310000000000001,24.36746545087632,0.3234539008025733,11.952866689837247,-15.924123148142087,0.0,24.690919351678893
1.532,24.37941616278068,0.30752427078720695,11.948556782298947,-15.93496244945645,0.0,24.686940433567887
1.5330000000000001,24.391362563767682,0.29158432482820124,11.944244855068316,-15.944754982876841,0.0,24.682946888595882
1.534,24.403304651817503,0.2756351098396253,11.939930907917304,-15.95350046750929,0.0,24.67893976165713
1.5350000000000001,24.415242424910208,0.25967767298207395,11.93561494085349,-15.961198691195413,0.0,24.674920097892283
1.536,24.42717588102598,0.24371306159393633,11.931296954119965,-15.967849510502582,0.0,24.670888942619918
1.537,24.439105018145376,0.22774232312267723,11.926976948195195,-15.973452850709577,0.0,24.666847341268053
1.538,24.45102983424954,0.2117665050561346,11.922654923792873,-15.978008705787754,0.0,24.66279633930567
1.539,24.462950327320446,0.19578665485383823,11.918330881861753,-15.981517138377702,0.0,24.658736982174283
1.54,24.47486649534114,0.1798038198783542,11.914004823585469,-15.98397827976142,0.0,24.654670315219494
1.541,24.486778336295966,0.16381904732665908,11.909676750382335,-15.985392329829995,0.0,24.650597383622625
1.542,24.498685848170805,0.147833384161549,11.905346663905144,-15.985759557046798,0.0,24.646519232332352
1.543,24.510589028953305,0.13184787704308762,11.901014566040928,-15.98508029840619,0.0,24.642436905996394
1.544,24.52248787663312,0.11586357226009758,11.896680458910724,-15.983354959387768,0.0,24.638351448893218
1.545,24.534382389202147,0.09988151566170006,11.892344344869318,-15.980584013906109,0.0,24.634263904863847
1.546,24.546272564654746,0.0839027525889068,11.888006226504965,-15.976768004256071,0.0,24.63017531724365
1.547,24.558158400987985,0.06792832780626899,11.883666106639108,-15.971907541053621,0.0,24.626086728794252
1.548,24.57003989620187,0.05195928543358765,11.879323988326075,-15.9660033031722,0.0,24.621999181635456
1.549,24.581917048299577,0.03599666887768979,11.874979874852755,-15.95905603767464,0.0,24.617913717177267
1.55,24.59378985528769,0.020041520764274928,11.870633769738271,-15.951066559740635,0.0,24.613831376051962
1.551,24.605658315176417,0.004094882869836346,11.86628567673363,-15.942035752589769,0.0,24.609753198046253
1.552,24.617522425979846,-0.011842203946338462,11.86193559982136,-15.931964567400113,0.0,24.60568022203351
1.553,24.629382185716157,-0.02776869981008375,11.857583543215128,-15.920854023222399,0.0,24.60161348590607
1.554,24.641237592407855,-0.04368356590018341,11.853229511359352,-15.908705206889758,0.0,24.59755402650767
1.555,24.65308864408201,-0.05958576451610639,11.84887350892879,-15.895519272923067,0.0,24.593502879565904
1.556,24.664935338770483,-0.07547425914564533,11.844515540828118,-15.88129744343188,0.0,24.589461079624837
1.557,24.67677767451015,-0.09134801453245381,11.840155612191488,-15.866041008010958,0.0,24.585429659977695
1.558,24.688615649343134,-0.107205996743478,11.83579372838208,-15.849751323632427,0.0,24.581409652599657
1.559,24.700449261317047,-0.12304717323627834,11.831429894991633,-15.832429814533537,0.0,24.577402088080767
1.56,24.71227850848519,-0.13887051292623664,11.827064117839958,-15.814077972100064,0.0,24.573407995558956
1.561,24.724103388906816,-0.15467498625364456,11.822696402974447,-15.794697354745347,0.0,24.56942840265317
1.562,24.73592390064732,-0.17045956525066885,11.818326756669556,-15.77428958778497,0.0,24.56546433539665
1.563,24.747740041778503,-0.18622322360818908,11.81395518542628,-15.752856363307103,0.0,24.561516818170315
1.564,24.759551810378763,-0.20196493674250365,11.80958169597161,-15.730399440038513,0.0,24.55758687363626
1.565,24.77135920453335,-0.21768368186189962,11.805206295257982,-15.706920643206248,0.0,24.55367552267145
1.566,24.783162222334578,-0.23337843803308195,11.800828990462696,-15.682421864395018,0.0,24.549783784301496
1.567,24.794960861882043,-0.24904818624745806,11.79644978898734,-15.656905061400261,0.0,24.545912675634586
1.568,24.806755121282862,-0.26469190948727345,11.79206869845719,-15.630372258076939,0.0,24.54206321179559
1.569,24.818544998651884,-0.28030859279159365,11.787685726720587,-15.602825544184032,0.0,24.53823640586029
1.57,24.83033049211192,-0.2958972233221288,11.783300881848321,-15.57426707522479,0.0,24.53443326878979
1.571,24.84211159979396,-0.3114567904288963,11.778914172132977,-15.544699072282711,0.0,24.530654809365064
1.572,24.853888319837402,-0.3269862857157172,11.77452560608828,-15.514123821853284,0.0,24.526902034121687
1.573,24.865660650390264,-0.34248470310554235,11.770135192448434,-15.48254367567151,0.0,24.523175947284724
1.574,24.877428589609412,-0.3579510389056039,11.765742940167419,-15.449961050535187,0.0,24.519477550703808
1.575,24.88919213566077,-0.3733842918723881,11.761348858418303,-15.416378428124013,0.0,24.515807843788384
1.576,24.90095128671955,-0.38878346327642466,11.75695295659253,-15.38179835481448,0.0,24.512167823443125
1.577,24.91270604097046,-0.4041475569668897,11.75255524429918,-15.346223441490599,0.0,24.50855848400357
1.578,24.924456396607926,-0.41947557943601665,11.748155731364236,-15.309656363350463,0.0,24.50498081717191
1.579,24.936202351836315,-0.4347665398833119,11.743754427829826,-15.272099859708659,0.0,24.501435811953
1.58,24.947943904870133,-0.45001945027957063,11.739351343953457,-15.23355673379454,0.0,24.497924454590564
1.581,24.959681053934258,-0.46523332543068946,11.734946490207221,-15.194029852546386,0.0,24.49444772850357
1.582,24.971413797264145,-0.4804071830412702,11.730539877277009,-15.153522146401455,0.0,24.491006614222876
1.583,24.983142133106043,-0.4955400437780126,11.726131516061692,-15.11203660908194,0.0,24.48760208932803
1.584,24.994866059717204,-0.5106309313328902,11.721721417672299,-15.069576297376862,0.0,24.484235128384313
1.585,25.0065855753661,-0.5256788724861065,11.717309593431178,-15.026144330919891,0.0,24.48090670287999
1.586,25.018300678332622,-0.5406828971688271,11.712896054871145,-14.981743891963134,0.0,24.477617781163794
1.587,25.030011366908308,-0.5556420385256832,11.708480813734617,-14.936378225146893,0.0,24.474369328382625
1.588,25.04171763939654,-0.5705553329770426,11.704063881972735,-14.89005063726541,0.0,24.471162306419497
1.589,25.05341949411276,-0.5854218202810457,11.699645271744465,-14.842764497028627,0.0,24.467997673831714
1.59,25.065116929384658,-0.6002405435953996,11.695224995415707,-14.794523234819954,0.0,24.464876385789257
1.591,25.07680994355241,-0.6150105495389291,11.690803065558358,-14.745330342450096,0.0,24.46179939401348
1.592,25.088498534968853,-0.6297308882528795,11.68637949494939,-14.695189372906924,0.0,24.458767646715973
1.593,25.100182701999714,-0.6444006134619668,11.68195429656991,-14.644103940101433,0.0,24.455782088537745
1.594,25.111862443023792,-0.6590187825351721,11.677527483604187,-14.592077718609781,0.0,24.45284366048862
1.595,25.123537756433183,-0.6735844565462765,11.673099069438695,-14.539114443411455,0.0,24.449953299886907
1.596,25.13520864063346,-0.6880967003341317,11.668669067661119,-14.485217909623554,0.0,24.44711194029933
1.597,25.146875094043892,-0.702554582562663,11.664237492059364,-14.430391972231234,0.0,24.44432051148123
1.598,25.15853711509763,-0.7169571757806011,11.659804356620544,-14.374640545814312,0.0,24.44157993931703
1.599,25.17019470224191,-0.7313035564809387,11.655369675529958,-14.317967604270063,0.0,24.438891145760973
1.6,25.18184785393826,-0.7455928051601074,11.650933463170055,-14.260377180532219,0.0,24.436255048778154
1.601,25.193496568662685,-0.7598240063768724,11.64649573411939,-14.201873366286204,0.0,24.433672562285814
1.602,25.20514084490586,-0.7739962488109401,11.642056503151561,-14.142460311680608,0.0,24.43114459609492
1.603,25.216780681173333,-0.7881086253212752,11.637615785234134,-14.08214222503493,0.0,24.428672055852058
1.604,25.228416075985724,-0.8021602330041245,11.633173595527563,-14.02092337254361,0.0,24.4262558429816
1.605,25.2400470278789,-0.816150173250742,11.62872994938409,-13.958808077976368,0.0,24.42389685462816
1.606,25.251673535404187,-0.8300775518048126,11.624284862346638,-13.895800722374874,0.0,24.421595983599374
1.607,25.263295597128536,-0.8439414788195712,11.619838350147688,-13.831905743745768,0.0,24.419354118308966
1.608,25.274913211634733,-0.8577410689146125,11.615390428708148,-13.767127636750047,0.0,24.41717214272012
1.609,25.28652637752157,-0.8714754412323888,11.610941114136201,-13.701470952388856,0.0,24.415050936289184
1.61,25.298135093404053,-0.8851437194943912,11.606490422726159,-13.634940297685683,0.0,24.412991373909662
1.611,25.309739357913564,-0.8987450320570116,11.602038370957283,-13.567540335364994,0.0,24.410994325856553
1.612,25.321339169698064,-0.9122785119670819,11.597584975492609,-13.499275783527334,0.0,24.409060657730983
1.613,25.33293452742226,-0.9257432970170856,11.593130253177755,-13.430151415320907,0.0,24.407191230405175
1.614,25.344525429767806,-0.9391385298000402,11.588674221039712,-13.36017205860965,0.0,24.405386899967766
1.615,25.356111875433463,-0.9524633577640454,11.584216896285636,-13.289342595637859,0.0,24.403648517669417
1.616,25.367693863135294,-0.9657169332664945,11.579758296301616,-13.217667962691333,0.0,24.4019769298688
1.617,25.37927139160684,-0.9788984136279447,11.575298438651439,-13.145153149755131,0.0,24.400372977978893
1.618,25.390844459599283,-0.9920069611856439,11.57083734107534,-13.07180320016789,0.0,24.398837498413638
1.619,25.402413065881646,-1.0050417433467105,11.56637502148874,-12.997623210272792,0.0,24.397371322534937
1.62,25.413977209240947,-1.018001932640961,11.561911497980981,-12.922618329065159,0.0,24.395975276599987
1.621,25.425536888482384,-1.030886706773386,11.557446788814032,-12.846793757836732,0.0,24.394650181708997
1.622,25.437092102429496,-1.0436952486762663,11.552980912421207,-12.770154749816635,0.0,24.39339685375323
1.623,25.448642849924347,-1.0564267465609294,11.548513887405855,-12.692706609809065,0.0,24.392216103363417
1.624,25.460189129827686,-1.0690803939691425,11.54404573254005,-12.614454693827716,0.0,24.391108735858545
1.625,25.471730941019118,-1.081655389824138,11.539576466763261,-12.535404408726986,0.0,24.39007555119498
1.6260000000000001,25.483268282397272,-1.0941509384812675,11.535106109181017,-12.455561211829973,0.0,24.389117343916006
1.627,25.494801152879965,-1.1065662497782849,11.530634679063565,-12.374930610553282,0.0,24.38823490310168
1.6280000000000001,25.506329551404363,-1.1189005390852491,11.52616219584451,-12.29351816202869,0.0,24.387429012319114
1.629,25.517853476927147,-1.1311530273540498,11.521688679119448,-12.21132947272168,0.0,24.386700449573098
1.6300000000000001,25.529372928424678,-1.143322941167549,11.517214148644593,-12.128370198046868,0.0,24.386049987257127
1.631,25.540887904893154,-1.1554095127883361,11.512738624335384,-12.044646041980362,0.0,24.38547839210482
1.6320000000000001,25.552398405348757,-1.1674119802070955,11.508262126265095,-11.96016275666906,0.0,24.384986425141662
1.633,25.563904428827833,-1.1793295871905791,11.503784674663423,-11.874926142036935,0.0,24.384574841637253
1.6340000000000001,25.575405974387028,-1.1911615833291866,11.499306289915076,-11.788942045388325,0.0,24.38424439105784
1.635,25.586903041103454,-1.2029072240841459,11.494826992558343,-11.702216361008238,0.0,24.383995817019308
1.6360000000000001,25.598395628074833,-1.214565770834292,11.49034680328366,-11.614755029759744,0.0,24.383829857240542
1.637,25.609883734419657,-1.2261364909224441,11.48586574293217,-11.526564038678421,0.0,24.383747243497215
1.6380000000000001,25.621367359277333,-1.2376186577013724,11.481383832494256,-11.437649420563938,0.0,24.38374870157596
1.639,25.632846501808327,-1.2490115505793578,11.47690109310809,-11.348017253568766,0.0,24.38383495122897
1.6400000000000001,25.644321161194323,-1.2603144550653376,11.472417546058153,-11.257673660784066,0.0,24.384006706128986
1.641,25.655791336638362,-1.2715266628136361,11.467933212773758,-11.166624809822768,0.0,24.384264673824728
1.6420000000000001,25.667257027364982,-1.2826474716682768,11.463448114827552,-11.074876912399874,0.0,24.384609555696706
1.643,25.678718232620366,-1.2936761857068728,11.458962273934024,-10.982436223910028,0.0,24.385042046913494
1.6440000000000001,25.690174951672482,-1.3046121152840953,11.454475711947993,-10.889309043002353,0.0,24.385562836388388
1.645,25.701627183811226,-1.3154545770747132,11.449988450863088,-10.795501711152607,0.0,24.386172606736512
1.6460000000000001,25.71307492834855,-1.3262028941162054,11.445500512810229,-10.701020612232679,0.0,24.386872034232347
1.647,25.72451818461861,-1.3368563958509405,11.441011920056086,-10.605872172077452,0.0,24.38766178876767
1.6480000000000001,25.735956951977894,-1.3474144181679217,11.436522695001539,-10.51006285804907,0.0,24.38854253380997
1.649,25.747391229805356,-1.357876303444096,11.43203286018013,-10.413599178598623,0.0,24.389514926361258
1.6500000000000001,25.75882101750255,-1.3682414005852217,11.427542438256497,-10.316487682825304,0.0,24.39057961691733
1.651,25.770246314493765,-1.3785090650662963,11.423051452024817,-10.218734960033041,0.0,24.391737249427468
1.6520000000000001,25.781667120226135,-1.3886786589715376,11.418559924407221,-10.120347639284653,0.0,24.392988461254596
1.653,25.793083434169795,-1.398749551033919,11.414067878452217,-10.021332388953553,0.0,24.394333883135875
1.6540000000000001,25.80449525581798,-1.408721116674255,11.409575337333099,-9.92169591627303,0.0,24.395774139143725
1.655,25.815902584687166,-1.4185927380398347,11.405082324346346,-9.821444966883135,0.0,24.39730984664733
1.6560000000000001,25.827305420317185,-1.4283638040426008,11.400588862910022,-9.720586324375208,0.0,24.398941616274584
1.657,25.838703762271344,-1.4380337103968723,11.396094976562155,-9.619126809834077,0.0,24.40067005187447
1.6580000000000001,25.85009761013655,-1.4476018596566083,11.391600688959125,-9.51707328137795,0.0,24.402495750479943
1.659,25.86148696352343,-1.4570676612522102,11.387106023874027,-9.414432633696055,0.0,24.40441930227122
1.6600000000000001,25.87287182206643,-1.4664305315268606,11.382611005195049,-9.311211797584019,0.0,24.40644129053957
1.661,25.88425218542395,-1.4756898937723966,11.378115656923816,-9.207417739477055,0.0,24.408562291651553
1.6620000000000001,25.895628053278447,-1.4848451782647147,11.373620003173754,-9.103057460980978,0.0,24.410782875013734
1.663,25.906999425336544,-1.4938958222987067,11.369124068168427,-8.998137998401061,0.0,24.413103603037836
1.6640000000000001,25.91836630132914,-1.5028412702227218,11.364627876239881,-8.892666422268798,0.0,24.41552503110642
1.665,25.929728681011525,-1.5116809734725567,11.360131451826968,-8.78664983686657,0.0,24.418047707538967
1.666,25.941086564163477,-1.520414390604966,11.35563481947368,-8.680095379750275,0.0,24.42067217355851
1.667,25.952439950589373,-1.5290409873306983,11.351138003827462,-8.573010221269938,0.0,24.423398963258673
1.668,25.963788840118283,-1.537560236547048,11.346641029637523,-8.465401564088328,0.0,24.426228603571236
1.669,25.97513323260408,-1.545971618369928,11.342143921753152,-8.357276642697641,0.0,24.42916161423415
1.67,25.986473127925535,-1.5542746201654551,11.337646705122012,-8.24864272293425,0.0,24.43219850776008
1.671,25.997808525986418,-1.5624687365810528,11.333149404788431,-8.139507101491564,0.0,24.435339789405365
1.672,26.00913942671559,-1.5705534695760621,11.328652045891701,-8.029877105431053,0.0,24.438585957139527
1.673,26.02046583006709,-1.5785283284518654,11.324154653664356,-7.919760091691428,0.0,24.44193750161522
1.674,26.031787736020245,-1.586392829881517,11.319657253430448,-7.809163446596044,0.0,24.445394906138727
1.675,26.04310514457975,-1.5941464979388813,11.315159870603823,-7.698094585358546,0.0,24.44895864664087
1.676,26.054418055775756,-1.6017888641272744,11.310662530686388,-7.586560951586791,0.0,24.45262919164848
1.677,26.065726469663954,-1.6093194674076103,11.306165259266374,-7.474570016785079,0.0,24.456407002256345
1.678,26.077030386325674,-1.6167378542260475,11.301668082016588,-7.362129279854728,0.0,24.460292532099626
1.679,26.08832980586796,-1.6240435785411358,11.297171024692673,-7.249246266593024,0.0,24.464286227326824
1.68,26.099624728423645,-1.6312362018504605,11.29267411313135,-7.135928529190586,0.0,24.468388526573186
1.681,26.110915154151446,-1.6383152932167844,11.28817737324866,-7.022183645727168,0.0,24.47259986093466
1.682,26.122201083236032,-1.645280429293684,11.283680831038208,-6.90801921966594,0.0,24.476920653942347
1.683,26.1334825158881,-1.6521311943506793,11.27918451256939,-6.793442879346285,0.0,24.48135132153742
1.684,26.144759452344463,-1.6588671802978563,11.274688443985628,-6.678462277475133,0.0,24.485892272046605
1.685,26.156031892868103,-1.6654879867099783,11.27019265150259,-6.563085090616877,0.0,24.490543906158123
1.686,26.16729983774826,-1.6719932208500896,11.265697161406413,-6.4473190186819,0.0,24.49530661689817
1.687,26.178563287300495,-1.6783824976926038,11.261202000051922,-6.33117178441375,0.0,24.500180789607892
1.688,26.18982224186675,-1.6846554399458806,11.25670719386084,-6.214651132874996,0.0,24.50516680192087
1.689,26.20107670181543,-1.6908116780742872,11.252212769320002,-6.097764830931794,0.0,24.510265023741145
1.69,26.212326667541454,-1.696850850319743,11.247718752979551,-5.980520666737205,0.0,24.515475817221713
1.691,26.223572139466324,-1.7027726027227488,11.243225171451154,-5.8629264492132975,0.0,24.520799536743574
1.692,26.234813118038183,-1.7085765891428952,11.238732051406188,-5.7449900075320635,0.0,24.52623652889529
1.693,26.246049603731873,-1.7142624712788535,11.234239419573944,-5.626719190595191,0.0,24.53178713245302
1.694,26.257281597048994,-1.719829918687844,11.229747302739815,-5.508121866512718,0.0,24.53745167836115
1.695,26.268509098517963,-1.725278608804584,11.225255727743487,-5.3892059220806106,0.0,24.54323048971338
1.696,26.279732108694056,-1.730608226959711,11.220764721477128,-5.269979262257296,0.0,24.549123881734346
1.697,26.29095062815947,-1.7358184663976843,11.216274310883563,-5.150449809639186,0.0,24.555132161761787
1.698,26.302164657523374,-1.7409090282941595,11.211784522954463,-5.030625503935223,0.0,24.561255629229215
1.699,26.313374197421947,-1.7458796217728378,11.207295384728525,-4.91051430144049,0.0,24.56749457564911
1.7,26.324579248518425,-1.7507299639217895,11.202806923289637,-4.790124174508912,0.0,24.573849284596637
1.701,26.335779811503162,-1.7554597798092475,11.198319165765064,-4.6694631110250855,0.0,24.580320031693915
1.702,26.34697588709365,-1.7600688024988749,11.19383213932361,-4.548539113875279,0.0,24.586907084594774
1.703,26.35816747603457,-1.7645567730645009,11.189345871173797,-4.427360200417624,0.0,24.593610702970068
1.704,26.36935457909784,-1.7689234406043275,11.18486038856202,-4.305934401951548,0.0,24.600431138493512
1.705,26.380537197082635,-1.7731685622546058,11.180375718770721,-4.184269763186472,0.0,24.607368634828028
1.706,26.391715330815426,-1.7772919032027796,11.175891889116553,-4.062374341709813,0.0,24.614423427612646
1.707,26.402888981150028,-1.781293236700097,11.171408926948539,-3.940256207454329,0.0,24.62159574444993
1.708,26.414058148967612,-1.7851723440736897,11.166926859646235,-3.8179234421648376,0.0,24.628885804893923
1.709,26.425222835176744,-1.7889290147381174,11.162445714617887,-3.695384138864341,0.0,24.636293820438627
1.71,26.436383040713416,-1.7925630462063793,11.157965519298589,-3.572646401319601,0.0,24.643819994507037
1.711,26.447538766541065,-1.7960742441003907,11.153486301148444,-3.449718343506191,0.0,24.651464522440673
1.712,26.458690013650596,-1.7994624221609237,11.149008087650715,-3.3266080890730656,0.0,24.65922759148967
1.713,26.469836783060416,-1.8027274022570126,11.144530906309987,-3.20332377080668,0.0,24.667109380803403
1.714,26.480979075816443,-1.8058690143948237,11.140054784650314,-3.0798735300946953,0.0,24.67511006142162
1.715,26.492116892992126,-1.8088870967259878,11.135579750213376,-2.9562655163893066,0.0,24.683229796266136
1.716,26.503250235688462,-1.8117814955553961,11.131105830556631,-2.832507886670226,0.0,24.691468740133065
1.717,26.51437910503402,-1.8145520653484601,11.126633053251474,-2.7086088049073584,0.0,24.69982703968556
1.718,26.525503502184943,-1.8171986687378319,11.122161445881382,-2.584576441523206,0.0,24.708304833447112
1.719,26.53662342832496,-1.8197211765295882,11.117691036040068,-2.4604189728550345,0.0,24.71690225179537
1.72,26.5477388846654,-1.8221194677088766,11.113221851329635,-2.336144580616835,0.0,24.725619416956523
1.721,26.558849872445197,-1.8243934294450224,11.108753919358731,-2.2117614513611237,0.0,24.734456443000177
1.722,26.5699563929309,-1.8265429570960985,11.104287267740698,-2.087277775940608,0.0,24.743413435834803
1.723,26.58105844741667,-1.8285679542129565,11.099821924091726,-1.9627017489697558,0.0,24.752490493203712
1.724,26.59215603722428,-1.8304683325427185,11.095357916029009,-1.8380415682863063,0.0,24.761687704681563
1.725,26.60324916370313,-1.8322440120317318,11.090895271168895,-1.7133054344127538,0.0,24.771005151671396
1.726,26.614337828230223,-1.8338949208279847,11.086434017125045,-1.5885015500178434,0.0,24.78044290740224
1.727,26.625422032210185,-1.835420995282982,11.081974181506585,-1.4636381193781094,0.0,24.790001036927205
1.728,26.636501777075246,-1.8368221799530857,11.077515791916266,-1.3387233478394969,0.0,24.79967959712216
1.729,26.647577064285226,-1.8380984276003132,11.073058875948622,-1.2137654412790977,0.0,24.80947863668491
1.73,26.658647895327544,-1.8392496991926008,11.068603461188124,-1.0887726055670381,0.0,24.819398196134944
1.731,26.669714271717194,-1.8402759639035275,11.064149575207345,-0.9637530460285529,0.0,24.829438307813668
1.732,26.68077619499674,-1.841177199111501,11.059697245565124,-0.8387149669062804,0.0,24.839598995885236
1.733,26.691833666736287,-1.8419533903984056,11.055246499804719,-0.7136665708228149,0.0,24.84988027633788
1.734,26.702886688533486,-1.8426045315477153,11.050797365451984,-0.5886160582435508,0.0,24.86028215698577
1.735,26.713935262013496,-1.8431306245420669,11.046349870013529,-0.4635716269398533,0.0,24.87080463747143
1.736,26.72497938882898,-1.8435316795602978,11.041904040974886,-0.33854147145259195,0.0,24.881447709268684
1.737,26.73601907066007,-1.8438077149739478,11.03745990579869,-0.21353378255607053,0.0,24.892211355686122
1.738,26.74705430921435,-1.8439587573432246,11.033017491922838,-0.08855674672238938,0.0,24.903095551871125
1.739,26.758085106226822,-1.8439848414124336,11.028576826758677,0.03638145441372516,0.0,24.91410026481439
1.74,26.769111463459897,-1.8438860101048737,11.024137937689172,0.1612726445895894,0.0,24.925225453355022
1.741,26.780133382703347,-1.843662314517198,11.019700852067093,0.2861086534486941,0.0,24.93647106818615
1.742,26.791150865774288,-1.8433138139132403,11.01526559721319,0.41088131707426445,0.0,24.947837051861047
1.743,26.802163914517127,-1.8428405757173096,11.010832200414386,0.5355824785222139,0.0,24.959323338799816
1.744,26.813172530803552,-1.8422426755069505,11.00640068892196,0.6602039883534563,0.0,24.970929855296603
1.745,26.824176716532477,-1.8415201970051729,11.00197108994974,0.7847377051655424,0.0,24.982656519527303
1.746,26.835176473630018,-1.8406732320721495,10.997543430672295,0.9091754961235863,0.0,24.99450324155787
1.747,26.846171804049433,-1.839701880696383,10.993117738223136,1.0335092374904455,0.0,25.006469923353052
1.748,26.857162709771103,-1.8386062509853438,10.988694039692916,1.1577308151561236,0.0,25.01855645878576
1.749,26.868149192802473,-1.8373864591555786,10.984272362127632,1.2818321251663565,0.0,25.030762733646895
1.75,26.879131255178013,-1.8360426295222905,10.979852732526833,1.405805074250352,0.0,25.043088625655724
1.7510000000000001,26.890108898959166,-1.8345748944883922,10.975435177841835,1.5296415803476464,0.0,25.055534004470775
1.752,26.901082126234304,-1.8329833945330323,10.971019724973932,1.6533335731340437,0.0,25.068098731701273
1.7530000000000001,26.91205093911867,-1.8312682781995966,10.966606400772616,1.7768729945466042,0.0,25.080782660919073
1.754,26.92301533975434,-1.8294297020831853,10.962195232033801,1.9002517993076473,0.0,25.093585637671154
1.7550000000000001,26.933975330310144,-1.8274678308175654,10.957786245498053,2.0234619554477367,0.0,25.10650749949258
1.756,26.944930912981633,-1.8253828370616014,10.953379467848816,2.1464954448276106,0.0,25.119548075920033
1.7570000000000001,26.95588208999101,-1.8231749014851655,10.948974925710651,2.269344263659026,0.0,25.132707188505847
1.758,26.96682886358708,-1.8208442127545257,10.944572645647476,2.392000423024483,0.0,25.145984650832553
1.7590000000000001,26.977771236045164,-1.8183909675172159,10.940172654160811,2.514455949395792,0.0,25.159380268527947
1.76,26.98870920966707,-1.8158153703863882,10.93577497768803,2.636702885151457,0.0,25.172893839280682
1.7610000000000001,26.999642786781003,-1.8131176339246478,10.931379642600609,2.7587332890928336,0.0,25.186525152856355
1.762,27.010571969741502,-1.8102979786273719,10.926986675202393,2.880539236959034,0.0,25.20027399111413
1.7630000000000001,27.021496760929384,-1.8073566329055164,10.922596101727857,3.002112821940544,0.0,25.214140128023868
1.764,27.032417162751656,-1.804293833067907,10.918207948340374,3.123446155191518,0.0,25.22812332968375
1.7650000000000001,27.043333177641458,-1.801109823303021,10.913822241130493,3.2445313663407185,0.0,25.242223354338435
1.766,27.054244808057984,-1.7978048556602564,10.90943900611422,3.3653606040010704,0.0,25.256439952397727
1.7670000000000001,27.0651520564864,-1.7943791900306951,10.905058269231295,3.485926036277792,0.0,25.270772866455705
1.768,27.07605492543778,-1.7908330941273565,10.9006800563435,3.606219851275075,0.0,25.285221831310423
1.7690000000000001,27.086953417449017,-1.7871668434649453,10.89630439323294,3.726234257601277,0.0,25.299786573984072
1.77,27.097847535082742,-1.783380721339096,10.891931305600355,3.845961484872596,0.0,25.314466813743646
1.7710000000000001,27.10873728092725,-1.779475018805114,10.887560819063426,3.965393784215192,0.0,25.329262262122135
1.772,27.119622657596413,-1.7754500346562148,10.883192959155087,4.0845234287657295,0.0,25.3441726229402
1.7730000000000001,27.130503667729588,-1.7713060754012635,10.878827751321854,4.2033427141703,0.0,25.359197592328325
1.774,27.141380313991537,-1.7670434552420178,10.874465220922145,4.321843959081696,0.0,25.37433685874952
1.7750000000000001,27.152252599072334,-1.7626624960498725,10.870105393224618,4.44001950565501,0.0,25.38959010302246
1.776,27.16312052568728,-1.7581635273421101,10.865748293406506,4.557861720041515,0.0,25.40495699834517
1.7770000000000001,27.173984096576802,-1.7535468862576589,10.861393946551972,4.675362992880809,0.0,25.420437210319143
1.778,27.18484331450637,-1.7488129175323588,10.857042377650455,4.792515739791178,0.0,25.43603039697401
1.7790000000000001,27.195698182266387,-1.7439619734737386,10.852693611595033,4.909312401858152,0.0,25.45173620879265
1.78,27.20654870267211,-1.7389944139353049,10.84834767318079,5.025745446121228,0.0,25.467554288736803
1.7810000000000001,27.217394878563532,-1.7339106062903458,10.844004587103191,5.141807366058719,0.0,25.483484272273188
1.782,27.228236712805295,-1.7287109254052504,10.839664377956462,5.257490682070705,0.0,25.499525787400046
1.7830000000000001,27.23907420828659,-1.7233957536123463,10.835327070231978,5.3727879419600475,0.0,25.51567845467424
1.784,27.249907367921033,-1.7179654806822573,10.830992688316663,5.48769172141145,0.0,25.531941887238776
1.7850000000000001,27.260736194646586,-1.7124205037957825,10.826661256491384,5.602194624468516,0.0,25.548315690850803
1.786,27.27156069142544,-1.7067612275153,10.822332798929372,5.7162892840087896,0.0,25.564799463910138
1.7870000000000001,27.28238086124389,-1.7009880637556962,10.818007339694633,5.829968362216738,0.0,25.581392797488196
1.788,27.29319670711226,-1.6951014317548234,10.81368490274038,5.943224551054653,0.0,25.598095275357434
1.7890000000000001,27.30400823206475,-1.6891017580434873,10.80936551190746,6.056050572731435,0.0,25.61490647402126
1.79,27.31481543915936,-1.6829894764149664,10.805049190922801,6.16843918016923,0.0,25.631825962744394
1.7910000000000001,27.325618331477752,-1.6767650278940676,10.80073596339786,6.2803831574679005,0.0,25.648853303583685
1.792,27.336416912125145,-1.6704288607057156,10.796425852827081,6.391875320367282,0.0,25.66598805141943
1.793,27.347211184230186,-1.6639814302430842,10.792118882586362,6.502908516707213,0.0,25.683229753987103
1.794,27.358001150944848,-1.657423199035266,10.787815075931524,6.613475626885298,0.0,25.700577951909583
1.795,27.36878681544429,-1.6507546367144872,10.783514455996805,6.723569564312378,0.0,25.718032178729803
1.796,27.379568180926753,-1.6439762199828682,10.77921704579334,6.833183275865683,0.0,25.735591960943886
1.797,27.39034525061342,-1.6370884325787307,10.774922868207668,6.942309742339632,0.0,25.75325681803469
1.798,27.4011180277483,-1.6300917652424562,10.770631946000236,7.050941978894251,0.0,25.771026262505842
1.799,27.411886515598095,-1.622986715681898,10.76634430180392,7.159073035501186,0.0,25.788899799916198
1.8,27.422650717452083,-1.6157737885373464,10.762059958122553,7.266695997387283,0.0,25.806876928914736
1.801,27.433410636621975,-1.6084534953460536,10.75777893732945,7.373803985475697,0.0,25.82495714127592
1.802,27.44416627644179,-1.601026354506318,10.753501261665965,7.480390156824513,0.0,25.843139921935474
1.803,27.454917640267723,-1.59349289124113,10.749226953240038,7.586447705062848,0.0,25.861424749026593
1.804,27.46566473147801,-1.585853637561385,10.74495603402476,7.691969860824398,0.0,25.879811093916626
1.805,27.476407553472793,-1.5781091322286627,10.740688525856942,7.796949892178418,0.0,25.89829842124413
1.806,27.48714610967398,-1.5702599207175771,10.7364244504357,7.9013811050580935,0.0,25.9168861889564
1.807,27.497880403525105,-1.5623065551776998,10.732163829321046,8.005256843686283,0.0,25.935573848347406
1.808,27.5086104384912,-1.5542495943950578,10.727906683932485,8.108570490998606,0.0,25.954360844096144
1.809,27.51933621805864,-1.5460896037532113,10.72365303554763,8.211315469063841,0.0,25.97324661430543
1.81,27.53005774573501,-1.5378271551939104,10.719402905300818,8.31348523950162,0.0,25.9922305905411
1.811,27.540775025048955,-1.5294628271773378,10.715156314181746,8.415073303897385,0.0,26.011312197871618
1.812,27.551488059550035,-1.5209972046419358,10.710913283034103,8.516073204214571,0.0,26.0304908549081
1.813,27.562196852808583,-1.5124308789638232,10.706673832554229,8.616478523204016,0.0,26.04976597384476
1.814,27.572901408415554,-1.5037644479158052,10.702437983289768,8.716282884810543,0.0,26.069136960499748
1.815,27.583601729982373,-1.4949985156259766,10.698205755638341,8.815479954576707,0.0,26.088603214356397
1.816,27.59429782114079,-1.4861336925359236,10.69397716984623,8.914063440043675,0.0,26.108164128604866
1.817,27.60498968554272,-1.4771705953585261,10.689752246007064,9.01202709114921,0.0,26.127819090184193
1.818,27.6156773268601,-1.4681098470353633,10.685531004060524,9.109364700622749,0.0,26.147567479824737
1.819,27.626360748784734,-1.4589520766937252,10.681313463791053,9.20607010437752,0.0,26.167408672091007
1.82,27.637039955028122,-1.4496979196032347,10.677099644826582,9.302137181899718,0.0,26.187342035424887
1.821,27.647714949321315,-1.440348017132081,10.67288956663726,9.39755985663467,0.0,26.207366932189235
1.822,27.65838573541476,-1.430903016702869,10.6686832485342,9.49233209636999,0.0,26.227482718711894
1.823,27.669052317078133,-1.4213635717480853,10.664480709668235,9.586447913615704,0.0,26.24768874533005
1.824,27.679714698100177,-1.411730341665189,10.660281969028683,9.679901365981298,0.0,26.267984356434987
1.825,27.690372882288546,-1.4020039917713234,10.656087045442126,9.772686556549687,0.0,26.288368890517223
1.826,27.701026873469637,-1.392185193257658,10.651895957571194,9.864797634248074,0.0,26.30884168021198
1.827,27.71167667548843,-1.3822746231433596,10.64770872391337,9.956228794215676,0.0,26.32940205234507
1.828,27.722322292208318,-1.3722729642291973,10.643525362799798,10.046974278168289,0.0,26.35004932797912
1.829,27.73296372751094,-1.3621809050507856,10.639345892394102,10.137028374759677,0.0,26.370782822460153
1.83,27.743600985296013,-1.351999139831467,10.635170330691226,10.22638541993976,0.0,26.391601845464546
1.831,27.754234069481168,-1.341728368434838,10.630998695516276,10.315039797309577,0.0,26.412505701046328
1.832,27.764862984001777,-1.3313692963169217,10.626831004523371,10.402985938473,0.0,26.433493687684855
1.833,27.775487732810774,-1.3209226344779903,10.622667275194523,10.490218323385182,0.0,26.454565098332782
1.834,27.786108319878494,-1.310389099414042,10.618507524838506,10.57673148069772,0.0,26.475719220464452
1.835,27.796724749192492,-1.2997694130679318,10.614351770589753,10.662519988100497,0.0,26.49695533612456
1.836,27.807337024757366,-1.289064302780165,10.610200029407256,10.747578472660194,0.0,26.5182727219772
1.837,27.817945150594593,-1.2782745012393517,10.606052318073484,10.831901611155457,0.0,26.53967064935524
1.838,27.828549130742335,-1.2674007464323294,10.60190865319331,10.915484130408673,0.0,26.561148384310005
1.839,27.839148969255277,-1.256443781593954,10.59776905119295,10.99832080761437,0.0,26.582705187661322
1.84,27.849744670204434,-1.2454043551565654,10.593633528318913,11.080406470664183,0.0,26.604340315047867
1.841,27.860336237676982,-1.2342832206991292,10.589502100636963,11.1617359984684,0.0,26.626053016977853
1.842,27.870923675776073,-1.2230811368960586,10.585374784031103,11.242304321274037,0.0,26.647842538880013
1.843,27.881506988620643,-1.2117988674657203,10.581251594202552,11.322106420979457,0.0,26.669708121154923
1.844,27.89208618034525,-1.2004371811186272,10.577132546668752,11.401137331445474,0.0,26.691648999226622
1.845,27.90266125509986,-1.1889968515053218,10.57301765676238,11.47939213880296,0.0,26.71366440359454
1.846,27.913232217049703,-1.1774786571639537,10.56890693963037,11.556865981756902,0.0,26.73575355988575
1.847,27.92379907037504,-1.1658833814675555,10.564800410232957,11.63355405188693,0.0,26.757915688907485
1.848,27.93436181927101,-1.1542118125710186,10.56069808334272,11.709451593944255,0.0,26.78015000669999
1.849,27.94492046794743,-1.142464743357775,10.55659997354365,11.784553906145025,0.0,26.802455724589656
1.85,27.9554750206286,-1.1306429713861876,10.552506095230221,11.858856340460077,0.0,26.824832049242413
1.851,27.966025481553128,-1.1187472988356513,10.548416462606486,11.932354302901073,0.0,26.847278182717478
1.852,27.97657185497372,-1.1067785324524113,10.544331089685171,12.005043253802972,0.0,26.86979332252131
1.853,27.987114145157012,-1.0947374834950998,10.540249990286792,12.076918708102864,0.0,26.892376661661913
1.854,27.99765235638335,-1.0826249676799962,10.536173178038784,12.147976235615122,0.0,26.915027388703354
1.855,28.008186492946624,-1.0704418051260134,10.532100666374632,12.218211461302857,0.0,26.93774468782061
1.856,28.018716559154047,-1.0581888202994152,10.528032468533038,12.287620065545674,0.0,26.960527738854633
1.857,28.029242559325983,-1.0458668419582673,10.523968597557076,12.356197784403689,0.0,26.983375717367714
1.858,28.039764497795737,-1.0334767030966265,10.519909066293376,12.423940409877815,0.0,27.006287794699112
1.859,28.050282378909362,-1.0210192408884715,10.515853887391316,12.490843790166291,0.0,27.02926313802089
1.86,28.06079620702546,-1.008495296631378,10.511803073302223,12.556903829917434,0.0,27.052300910394084
1.861,28.071305986514993,-0.995905715689945,10.507756636278602,12.622116490478602,0.0,27.07540027082505
1.862,28.081811721761063,-0.9832513474389721,10.503714588373356,12.686477790141359,0.0,27.09856037432209
1.863,28.092313417158735,-0.9705330452063946,10.49967694143904,12.74998380438282,0.0,27.12178037195234
1.864,28.102811077114822,-0.9577516662159786,10.495643707127117,12.812630666103166,0.0,27.145059410898842
1.865,28.113304706047685,-0.9449080715297812,10.491614896887231,12.874414565859306,0.0,27.168396634517904
1.866,28.12379430838704,-0.932003125990378,10.487590521966494,12.935331752094687,0.0,27.191791182396663
1.867,28.134279888573744,-0.9190376981628641,10.483570593408782,12.995378531365224,0.0,27.21524219041088
1.868,28.144761451059598,-0.9060126602766292,10.47955512205405,13.054551268561351,0.0,27.238748790782967
1.869,28.155239000307137,-0.8929288881669146,10.475544118537659,13.112846387126154,0.0,27.262310112140224
1.87,28.165712540789436,-0.8797872612161527,10.471537593289716,13.170260369269611,0.0,27.285925279573284
1.871,28.17618207698989,-0.8665886622950946,10.467535556534429,13.226789756178889,0.0,27.309593414694795
1.872,28.186647613402016,-0.8533339777037295,10.463538018289473,13.282431148224713,0.0,27.333313635698286
1.873,28.197109154529247,-0.8400240971119998,10.459544988365371,13.33718120516378,0.0,27.357085057417247
1.874,28.207566704884727,-0.826659913500315,10.455556476364892,13.391036646337207,0.0,27.38090679138441
1.875,28.21802026899109,-0.8132423230998704,10.451572491682455,13.44399425086501,0.0,27.40477794589122
1.8760000000000001,28.228469851380265,-0.7997722253327721,10.447593043503561,13.496050857836595,0.0,27.42869762604749
1.877,28.23891545659326,-0.7862505227519744,10.443618140804219,13.547203366497246,0.0,27.452664933841287
1.8780000000000001,28.24935708917996,-0.772678120981032,10.439647792350405,13.597448736430618,0.0,27.47667896819893
1.879,28.259794753698902,-0.7590559286536722,10.435682006697524,13.646783987737198,0.0,27.50073882504523
1.8800000000000001,28.270228454717078,-0.7453848573531908,10.43172079218989,13.69520620120875,0.0,27.524843597363887
1.881,28.280658196809714,-0.7316658215516748,10.427764156960212,13.742712518498706,0.0,27.548992375258038
1.8820000000000001,28.29108398456007,-0.7178997385490575,10.423812108929111,13.789300142288523,0.0,27.573184246011014
1.883,28.301505822559214,-0.7040875284120092,10.419864655804638,13.834966336449975,0.0,27.597418294147204
1.8840000000000001,28.31192371540582,-0.6902301139126666,10.415921805081803,13.879708426203377,0.0,27.621693601493153
1.885,28.322337667705945,-0.676328420467208,10.411983564042131,13.923523798271734,0.0,27.646009247238737
1.8860000000000001,28.332747684072825,-0.6623833760742742,10.408049939753225,13.966409901030804,0.0,27.67036430799855
1.887,28.34315376912666,-0.6483959112532433,10.404120939068338,14.008364244655075,0.0,27.694757857873416
1.8880000000000001,28.353555927494384,-0.6343669589823598,10.400196568625974,14.049384401259625,0.0,27.719188968512025
1.889,28.363954163809474,-0.6202974546367257,10.396276834849482,14.089468005037887,0.0,27.743656709172747
1.8900000000000001,28.374348482711714,-0.6061883359261543,10.392361743946687,14.128612752395291,0.0,27.768160146785558
1.891,28.384738888846993,-0.5920405428328932,10.38845130190952,14.166816402078785,0.0,27.7926983460141
1.8920000000000001,28.395125386867086,-0.5778550175492202,10.384545514513665,14.204076775302212,0.0,27.817270369317868
1.893,28.405507981429427,-0.563632704414915,10.380644387318226,14.24039175586757,0.0,27.841875277014513
1.8940000000000001,28.41588667719691,-0.5493745498546121,10.376747925665404,14.275759290282107,0.0,27.866512127342297
1.895,28.426261478837652,-0.535081502315039,10.372856134680188,14.310177387871278,0.0,27.891179976522615
1.8960000000000001,28.436632391024798,-0.5207545122021433,10.368969019270056,14.34364412088754,0.0,27.915877878822656
1.897,28.446999418436285,-0.5063945318181126,10.365086584124706,14.376157624614981,0.0,27.94060488661817
1.8980000000000001,28.457362565754632,-0.4920025152982926,10.361208833715782,14.407716097469793,0.0,27.96536005045634
1.899,28.46772183766672,-0.4775794185480066,10.357335772296627,14.438317801096552,0.0,27.990142419118712
1.9000000000000001,28.478077238863573,-0.4631261991792806,10.35346740390205,14.467961060460343,0.0,28.01495103968429
1.901,28.488428774040145,-0.4486438164474783,10.349603732348093,14.49664426393468,0.0,28.039784957592666
1.9020000000000001,28.49877644789509,-0.43413323118785063,10.345744761231838,14.524365863385256,0.0,28.06464321670724
1.903,28.50912026513055,-0.4195954057520035,10.341890493931205,14.551124374249495,0.0,28.08952485937855
1.9040000000000001,28.519460230451948,-0.4050313039442879,10.338040933604773,14.576918375611905,0.0,28.11442892650766
1.905,28.52979634856774,-0.39044189095811693,10.334196083191623,14.601746510275243,0.0,28.139354457609624
1.9060000000000001,28.540128624189215,-0.3758281333122138,10.33035594541118,14.62560748482747,0.0,28.164300490877
1.907,28.55045706203028,-0.3611909987867948,10.326520522763083,14.6485000697045,0.0,28.189266063243483
1.9080000000000001,28.56078166680722,-0.3465314563596917,10.322689817527065,14.670423099248755,0.0,28.214250210447528
1.909,28.571102443238498,-0.33185047614241786,10.318863831762842,14.69137547176349,0.0,28.23925196709608
1.9100000000000001,28.581419396044524,-0.3171490293161819,10.315042567310025,14.711356149562926,0.0,28.264270366728343
1.911,28.591732529947436,-0.3024280880678534,10.31122602578804,14.730364159018162,0.0,28.289304441879583
1.9120000000000001,28.602041849670883,-0.2876886255258848,10.30741420859607,14.748398590598862,0.0,28.314353224144998
1.913,28.612347359939804,-0.27293161569619395,10.303607116913003,14.765458598910744,0.0,28.33941574424361
1.9140000000000001,28.622649065480203,-0.2581580333980108,10.299804751697398,14.781543402728836,0.0,28.364491032082192
1.915,28.63294697101894,-0.2433688541996934,10.296007113687464,14.796652285026527,0.0,28.389578116819244
1.9160000000000001,28.64324108128349,-0.22856505435451666,10.292214203401063,14.810784593000385,0.0,28.414676026928976
1.917,28.653531401001754,-0.21374761073643858,10.288426021135708,14.823939738090772,0.0,28.439783790265317
1.9180000000000001,28.6638179349018,-0.19891750077584794,10.284642566968596,14.836117195998225,0.0,28.46490043412595
1.919,28.67410068771168,-0.1840757023952976,10.280863840756645,14.847316506695634,0.0,28.49002498531638
1.92,28.68437966415918,-0.16922319394522792,10.27708984213654,14.857537274436188,0.0,28.515156470213952
1.921,28.694654868971625,-0.15436095413968412,10.27332057052481,14.866779167757116,0.0,28.540293914831942
1.922,28.704926306875638,-0.13948996199203223,10.269556025117902,14.875041919479207,0.0,28.565436344883604
1.923,28.71519398259693,-0.1246111967506775,10.265796204892283,14.882325326702116,0.0,28.59058278584625
1.924,28.725457900860075,-0.10972563783478961,10.262041108604546,14.888629250795459,0.0,28.615732263025286
1.925,28.7357180663883,-0.09483426477003896,10.258290734791538,14.8939536173857,0.0,28.640883801618262
1.926,28.74597448390326,-0.07993805712434807,10.254545081770498,14.898298416338823,0.0,28.666036426778913
1.927,28.756227158124812,-0.06503799444366251,10.250804147639208,14.901663701738814,0.0,28.69118916368115
1.928,28.7664760937708,-0.05013505618774544,10.247067930276167,14.904049591861918,0.0,28.716341037583057
1.929,28.776721295556847,-0.03523022166599993,10.243336427340767,14.905456269146718,0.0,28.741491073890845
1.93,28.786962768196112,-0.020324469973323326,10.239609636273494,14.905883980160008,0.0,28.766638298222787
1.931,28.797200516399094,-0.005418779925997883,10.23588755429614,14.90533303555847,0.0,28.791781736473098
1.932,28.807434544873406,0.009485870002378242,10.232170178412021,14.903803810046181,0.0,28.816920414875785
1.933,28.81766485832355,0.024388501744915386,10.228457505406224,14.901296742327911,0.0,28.842053360068466
1.934,28.827891461450704,0.039288137705407976,10.224749531845857,14.897812335058259,0.0,28.867179599156113
1.935,28.83811435895251,0.0541838008222572,10.221046254080319,14.893351154786611,0.0,28.892298159774768
1.936,28.848333555522846,0.06907451463233652,10.217347668241578,14.887913831897926,0.0,28.917408070155183
1.937,28.85854905585161,0.0839593033347959,10.213653770244473,14.881501060549356,0.0,28.94250835918641
1.938,28.86876086462452,0.09883719185480061,10.20996455578702,14.874113598602717,0.0,28.96759805647932
1.939,28.878968986522867,0.11370720590720036,10.206280020350738,14.865752267552793,0.0,28.992676192430068
1.94,28.889173426223323,0.1285683720601247,10.202600159200987,14.856417952451505,0.0,29.01774179828345
1.941,28.89937418839772,0.14341971779850052,10.198924967387324,14.846111601827934,0.0,29.04279390619622
1.942,28.909571277712825,0.15826027158748748,10.195254439743865,14.834834227604214,0.0,29.067831549300312
1.943,28.91976469883014,0.17308906293582735,10.191588570889666,14.822586905007292,0.0,29.092853761765966
1.944,28.929954456405675,0.1879051224591029,10.187927355229123,14.80937077247658,0.0,29.117859578864778
1.945,28.940140555089734,0.20270748194290256,10.184270786952375,14.795187031567481,0.0,29.142848037032635
1.946,28.950322999526705,0.21749517440588637,10.18061886003573,14.780036946850823,0.0,29.16781817393259
1.947,28.96050179435485,0.23226723416274953,10.176971568242099,14.763921845808186,0.0,29.1927690285176
1.948,28.970676944206087,0.247022696887079,10.173328905121446,14.746843118723154,0.0,29.217699641093166
1.949,28.98084845370577,0.26176059967409954,10.169690864011256,14.728802218568475,0.0,29.242609053379873
1.95,28.991016327472494,0.27647998110330463,10.16605743803701,14.709800660889158,0.0,29.267496308575797
1.951,29.001180570117867,0.2911798813009687,10.162428620112676,14.689840023681505,0.0,29.292360451418837
1.952,29.01134118624631,0.3058593420025362,10.158804402941216,14.668921947268094,0.0,29.317200528248843
1.953,29.021498180454838,0.3205174066148837,10.155184779015105,14.647048134168719,0.0,29.34201558706972
1.954,29.031651557332854,0.33515312027845084,10.15156974061686,14.624220348967288,0.0,29.366804677611306
1.955,29.041801321461943,0.3497655299292363,10.147959279819595,14.60044041817472,0.0,29.39156685139118
1.956,29.051947477415652,0.3643536843606546,10.14435338848757,14.575710230087804,0.0,29.416301161776307
1.957,29.062090029759297,0.37891663428524947,10.140752058276771,14.550031734644072,0.0,29.441006664044547
1.958,29.072228983049737,0.39345343239626085,10.137155280635495,14.523406943272683,0.0,29.465682415445997
1.959,29.082364341835177,0.40796313342903984,10.133563046804952,14.495837928741315,0.0,29.490327475264216
1.96,29.092496110654967,0.4224447942223093,10.129975347819874,14.467326824999104,0.0,29.514940904877275
1.961,29.10262429403938,0.4368974737792649,10.126392174509148,14.43787582701561,0.0,29.539521767818645
1.962,29.112748896509423,0.4513202333285137,10.122813517496448,14.407487190615857,0.0,29.564069129837936
1.963,29.12286992257662,0.46571213638484504,10.1192393672009,14.376163232311425,0.0,29.588582058961464
1.964,29.132987376742808,0.48007224880983157,10.115669713837736,14.343906329127629,0.0,29.61305962555264
1.965,29.143101263499947,0.4943996388722544,10.112104547418985,14.310718918426788,0.0,29.637500902372203
1.966,29.153211587329903,0.5086933773083505,10.108543857754157,14.276603497727612,0.0,29.661904964638254
1.967,29.16331835270425,0.5229525373818771,10.104987634450953,14.241562624520682,0.0,29.686270890086124
1.968,29.173421564084066,0.5371761949439894,10.101435866915988,14.20559891608009,0.0,29.710597759028055
1.969,29.183521225919744,0.5513634284929286,10.097888544355511,14.168715049271208,0.0,29.734884654412674
1.97,29.193617342650775,0.5655133192335154,10.094345655776163,14.130913760354623,0.0,29.759130661884292
1.971,29.203709918705563,0.5796249511364457,10.090807189985727,14.092197844786243,0.0,29.783334869842008
1.972,29.21379895850122,0.593697410997384,10.087273135593898,14.052570157013598,0.0,29.8074963694986
1.973,29.223884466443362,0.607729788495852,10.083743481013073,14.012033610268334,0.0,29.831614254939215
1.974,29.233966446925926,0.6217211762539072,10.080218214459137,13.970591176354938,0.0,29.855687623179833
1.975,29.244044904330966,0.6356706698946085,10.07669732395228,13.928245885435683,0.0,29.879715574225575
1.976,29.25411984302846,0.6495773681002651,10.073180797317812,13.88500082581183,0.0,29.903697211128723
1.977,29.26419126737611,0.6634403726704642,10.069668622187002,13.840859143701092,0.0,29.927631640046574
1.978,29.274259181719152,0.677258788579875,10.066160785997917,13.795824043011383,0.0,29.951517970299026
1.979,29.284323590390173,0.6910317240358238,10.062657275996289,13.749898785110851,0.0,29.975355314425997
1.98,29.294384497708897,0.7047582905356383,10.059158079236374,13.703086688594238,0.0,29.999142788244537
1.981,29.304441907982017,0.7184376029237552,10.055663182581847,13.65539112904556,0.0,30.022879510905774
1.982,29.31449582550299,0.7320687794485898,10.052172572706692,13.606815538797134,0.0,30.04656460495158
1.983,29.32454625455186,0.7456509418191621,10.048686236096104,13.557363406684976,0.0,30.07019719637102
1.984,29.334593199395044,0.7591832152614766,10.04520415904742,13.507038277800568,0.0,30.09377641465652
1.985,29.344636664285183,0.7726647285746522,10.04172632767104,13.455843753239032,0.0,30.117301392859837
1.986,29.354676653460924,0.7860946141867985,10.03825272789137,13.403783489843711,0.0,30.14077126764772
1.987,29.36471317114675,0.7994720082106348,10.034783345447789,13.350861199947198,0.0,30.164185179357386
1.988,29.37474622155279,0.8127960504988485,10.031318165895602,13.2970806511088,0.0,30.18754227205164
1.989,29.384775808874636,0.8260658846991888,10.027857174607027,13.242445665848482,0.0,30.210841693573826
1.99,29.39480193729316,0.8392806583092931,10.024400356772182,13.1869601213773,0.0,30.23408259560245
1.991,29.404824610974337,0.8524395227312417,10.020947697400088,13.130627949324339,0.0,30.25726413370558
1.992,29.41484383406906,0.865541633325838,10.017499181319682,13.07345313546018,0.0,30.280385467394897
1.993,29.42485961071296,0.8785861494666102,10.014054793180845,13.015439719416912,0.0,30.30344576017957
1.994,29.43487194502623,0.8915722345935312,10.010614517455432,12.95659179440471,0.0,30.326444179619763
1.995,29.444880841113445,0.9044990562664541,10.007178338438326,12.896913506925001,0.0,30.349379897379897
1.996,29.454886303063386,0.917365786218258,10.003746240248494,12.836409056480228,0.0,30.372252089281645
1.997,29.46488833494887,0.9301716004077029,10.000318206830057,12.775082695280252,0.0,30.395059935356574
1.998,29.474886940826565,0.9429156790719886,9.996894221953372,12.712938727945394,0.0,30.417802619898552
1.999,29.484882124736828,0.9555972067790156,9.993474269216124,12.649981511206136,0.0,30.440479331515842
2.0,29.494873890703524,0.9682153724793436,9.990058332044429,12.586215453599523,0.0,30.463089263182866
2.001,29.50486224273386,0.9807693695578449,9.986646393693949,12.521645015162273,0.0,30.485631612291705
2.0020000000000002,29.51484718481822,0.9932583958850492,9.983238437251016,12.456274707120597,0.0,30.50810558070327
2.003,29.52482872092998,1.0056816538681765,9.979834445633767,12.390109091576804,0.0,30.530510374798155
2.004,29.53480685502535,1.018038350501856,9.97643440159329,12.323152781192645,0.0,30.55284520552721
2.005,29.544781591043222,1.0303276974185245,9.973038287714784,12.255410438869477,0.0,30.575109288461746
2.0060000000000002,29.55475293290498,1.0425489109385058,9.969646086418726,12.186886777425233,0.0,30.597301843843486
2.007,29.564720884514344,1.0547012121197643,9.96625777996204,12.11758655926823,0.0,30.619422096634107
2.008,29.57468544975722,1.0667838268073306,9.9628733504393,12.047514596067842,0.0,30.64146927656455
2.009,29.584646632501517,1.078795985682397,9.959492779783917,11.976675748422066,0.0,30.663442618183915
2.0100000000000002,29.594604436597006,1.0907369243110783,9.956116049769347,11.905074925521976,0.0,30.685341360908083
2.011,29.604558865875145,1.1026058831928358,9.952743142010318,11.832717084813122,0.0,30.70716474906798
2.012,29.614509924148933,1.1144021078085615,9.949374037964052,11.759607231653884,0.0,30.728912031957496
2.013,29.624457615212748,1.126124848668319,9.946008718931505,11.68575041897079,0.0,30.750582463881067
2.0140000000000002,29.63440194284219,1.1377733613587373,9.942647166058615,11.611151746910844,0.0,30.772175304200925
2.015,29.64434291079392,1.149346906590057,9.939289360337561,11.535816362490888,0.0,30.793689817383978
2.016,29.654280522805532,1.160844750242823,9.935935282608032,11.459749459243989,0.0,30.815125273048356
2.017,29.66421478259537,1.172266163414223,9.932584913558497,11.382956276862918,0.0,30.836480946009594
2.0180000000000002,29.674145693862393,1.183610422464068,9.929238233727501,11.305442100840722,0.0,30.85775611632646
2.019,29.68407326028603,1.1948768090604107,9.925895223504957,11.22721226210841,0.0,30.87895006934644
2.02,29.693997485526022,1.2060646102248025,9.922555863133452,11.148272136669796,0.0,30.900062095750826
2.021,29.703918373222283,1.2171731183771812,9.919220132709558,11.068627145233508,0.0,30.921091491599466
2.0220000000000002,29.713835926994747,1.2282016313803916,9.915888012185162,10.988282752842197,0.0,30.942037558375137
2.023,29.723750150443227,1.2391494525843325,9.912559481368794,10.90724446849896,0.0,30.96289960302756
2.024,29.73366104714728,1.2500158908697292,9.90923451992697,10.825517844791015,0.0,30.98367693801701
2.025,29.743568620666053,1.2608002606915287,9.905913107385546,10.743108477510662,0.0,31.004368881357582
2.0260000000000002,29.75347287453815,1.271501882121914,9.90259522313107,10.660022005273511,0.0,31.024974756660065
2.027,29.763373812281497,1.2821200808929347,9.899280846412159,10.576264109134069,0.0,31.04549389317443
2.028,29.773271437393195,1.292654188438754,9.895969956340867,10.491840512198657,0.0,31.065925625831948
2.029,29.78316575334939,1.3031035419375043,9.892662531894079,10.406756979235706,0.0,31.086269295286893
2.0300000000000002,29.793056763605144,1.3134674843527547,9.889358551914894,10.321019316283465,0.0,31.1065242479579
2.031,29.802944471594284,1.3237453644745827,9.886057995114037,10.234633370255136,0.0,31.126689836068866
2.032,29.812828880729292,1.333936536960251,9.882760840071262,10.147605028541458,0.0,31.146765417689544
2.033,29.822709994401166,1.3440403623744854,9.879467065236774,10.059940218610784,0.0,31.16675035677565
2.0340000000000003,29.83258781597928,1.3540562072293516,9.876176648932656,9.971644907606668,0.0,31.186644023208633
2.035,29.842462348811278,1.363983444023727,9.872889569354296,9.882725101942983,0.0,31.206445792835005
2.036,29.852333596222927,1.3738214512823694,9.869605804571837,9.793186846896614,0.0,31.226155047505298
2.037,29.862201561518006,1.3835696135945736,9.86632533253162,9.703036226197735,0.0,31.24577117511258
2.0380000000000003,29.872066247978182,1.3932273216524202,9.86304813105765,9.612279361617718,0.0,31.265293569630604
2.039,29.88192765886288,1.4027939722886087,9.85977417785305,9.520922412554677,0.0,31.28472163115149
2.04,29.891785797409177,1.4122689685138767,9.856503450501542,9.428971575616702,0.0,31.304054765923055
2.041,29.901640666831664,1.4216517195540006,9.853235926468923,9.336433084202783,0.0,31.323292386385663
2.0420000000000003,29.91149227032234,1.4309416408863755,9.849971583104548,9.243313208081485,0.0,31.342433911208715
2.043,29.92134061105051,1.4401381542761735,9.846710397642832,9.149618252967368,0.0,31.361478765326684
2.044,29.93118569216264,1.449240687812077,9.843452347204746,9.055354560095205,0.0,31.380426379974715
2.045,29.941027516782267,1.4582486759415847,9.840197408799321,8.960528505792016,0.0,31.399276192723853
2.0460000000000003,29.950866088009885,1.46716155950589,9.836945559325173,8.865146501046956,0.0,31.418027647515775
2.047,29.960701408922827,1.475978785774326,9.833696775572013,8.769214991079068,0.0,31.436680194697153
2.048,29.970533482575167,1.4846998084783793,9.830451034222186,8.672740454902948,0.0,31.455233291053545
2.049,29.980362311997602,1.4933240878452667,9.827208311852194,8.575729404892348,0.0,31.47368639984287
2.05,29.99018790019736,1.5018510906310758,9.823968584934248,8.478188386341733,0.0,31.492038990828433
2.051,30.00001025015808,1.5102802901534658,9.820731829837808,8.380123977025843,0.0,31.510290540311548
2.052,30.00982936483973,1.5186111663239261,9.817498022831138,8.281542786757269,0.0,31.528440531163657
2.053,30.019645247178495,1.5268432056795933,9.814267140082869,8.182451456942085,0.0,31.54648845285809
2.054,30.029457900086676,1.5349759014146203,9.811039157663558,8.08285666013356,0.0,31.564433801501295
2.055,30.039267326452595,1.5430087534111003,9.807814051547266,7.982765099583991,0.0,31.582276079863696
2.056,30.0490735291405,1.5509412682695412,9.804591797613133,7.882183508794668,0.0,31.60001479741004
2.057,30.05887651099048,1.558772959338888,9.80137237164696,7.781118651064014,0.0,31.61764947032937
2.058,30.06867627481835,1.566503346746094,9.798155749342795,7.679577319033929,0.0,31.635179621564447
2.059,30.078472823415588,1.5741319574252366,9.794941906304537,7.577566334234374,0.0,31.652604780840825
2.06,30.08826615954922,1.5816583251461764,9.791730818047522,7.475092546626205,0.0,31.669924484695397
2.061,30.098056285961754,1.5890819905427598,9.78852246000014,7.372162834142308,0.0,31.687138276504513
2.062,30.107843205371076,1.5964025011405596,9.785316807505433,7.268784102227067,0.0,31.704245706511635
2.063,30.11762692047037,1.6036194113841564,9.782113835822722,7.164963283374169,0.0,31.721246331854527
2.064,30.127407433928052,1.6107322826639563,9.778913520129217,7.060707336662813,0.0,31.73813971659201
2.065,30.13718474838766,1.6177406833425432,9.775715835521648,6.956023247292329,0.0,31.754925431730204
2.066,30.1469588664678,1.624644188780566,9.77252075701789,6.850918026115243,0.0,31.771603055248363
2.067,30.156729790762046,1.6314423813621577,9.7693282595586,6.745398709168829,0.0,31.788172172124206
2.068,30.16649752383889,1.6381348505198847,9.766138318008855,6.639472357205162,0.0,31.804632374358775
2.069,30.176262068241634,1.6447211927592271,9.762950907159793,6.533146055219723,0.0,31.820983261000862
2.07,30.18602342648835,1.651201011682585,9.75976600173026,6.426426911978573,0.0,31.837224438170935
2.071,30.195781601071786,1.6575739180128126,9.756583576368467,6.319322059544129,0.0,31.853355519084598
2.072,30.205536594459304,1.663839529616276,9.753403605653638,6.211838652799586,0.0,31.86937612407558
2.073,30.215288409092814,1.6699974715254366,9.750226064097674,6.103983868971995,0.0,31.88528588061825
2.074,30.225037047388703,1.6760473759609558,9.747050926146818,5.995764907154052,0.0,31.90108442334966
2.075,30.234782511737773,1.6819888823533202,9.743878166183311,5.887188987824611,0.0,31.916771394091093
2.076,30.244524804505176,1.6878216373639885,9.74070775852708,5.778263352367966,0.0,31.932346441869164
2.077,30.25426392803035,1.6935452949060557,9.737539677437397,5.668995262591927,0.0,31.947809222936407
2.078,30.263999884626973,1.6991595161644348,9.734373897114564,5.55939200024472,0.0,31.963159400791408
2.079,30.273732676582885,1.7046639696155559,9.731210391701591,5.449460866530754,0.0,31.97839664619844
2.08,30.283462306160043,1.710058331046579,9.728049135285884,5.339209181625273,0.0,31.993520637206622
2.081,30.29318877559447,1.7153422835741223,9.724890101900929,5.228644284187937,0.0,32.00853105916859
2.082,30.302912087096185,1.720515517662503,9.721733265527979,5.117773530875353,0.0,32.02342760475869
2.083,30.312632242849176,1.72557773114149,9.718578600097754,5.006604295852603,0.0,32.03820997399067
2.084,30.322349245011324,1.7305286292235669,9.715426079492133,4.895143970303788,0.0,32.05287787423489
2.085,30.33206309571438,1.7353679245207074,9.71227567754585,4.783399961941623,0.0,32.067431020235084
2.086,30.341773797063897,1.740095337060657,9.7091273680482,4.671379694516127,0.0,32.08186913412455
2.087,30.351481351139206,1.7447105943027252,9.705981124744739,4.559090607322419,0.0,32.09619194544193
2.088,30.361185759993354,1.7492134311530836,9.702836921338987,4.446540154707676,0.0,32.110399191146435
2.089,30.370887025653072,1.7536035899795712,9.699694731494143,4.333735805577267,0.0,32.124490615632645
2.09,30.380585150118737,1.7578808206260055,9.696554528834788,4.220685042900109,0.0,32.13846597074474
2.091,30.390280135364332,1.7620448804259983,9.6934162869486,4.107395363213268,0.0,32.15232501579033
2.092,30.39997198333741,1.7660955342162756,9.690279979388063,3.9938742761258434,0.0,32.166067517553685
2.093,30.409660695959055,1.7700325543495021,9.687145579672192,3.8801293038221663,0.0,32.17969325030856
2.094,30.419346275123864,1.7738557207066068,9.68401306128824,3.7661679805643447,0.0,32.19320199583047
2.095,30.429028722699897,1.777564820708612,9.680882397693424,3.65199785219419,0.0,32.20659354340851
2.096,30.43870804052866,1.7811596493279644,9.677753562316633,3.537626475634556,0.0,32.21986768985663
2.097,30.448384230425074,1.784640009099366,9.674626528560166,3.4230614183901227,0.0,32.23302423952444
2.098,30.458057294177447,1.7880057101301057,9.671501269801439,3.3083102580476607,0.0,32.24606300430755
2.099,30.46772723354746,1.7912565701098924,9.668377759394719,3.1933805817758056,0.0,32.25898380365735
2.1,30.47739405027013,1.7943924143201855,9.66525597067284,3.078279985824379,0.0,32.27178646459032
2.101,30.487057746053804,1.7974130756430264,9.662135876948934,2.9630160750232837,0.0,32.28447082169683
2.102,30.496718322580126,1.8003183945693675,9.659017451518153,2.847596462281015,0.0,32.297036717149496
2.103,30.50637578150403,1.8031082192068997,9.655900667659397,2.7320287680828104,0.0,32.30948400071093
2.104,30.516030124453724,1.8057824052873783,9.65278549863704,2.616320619988478,0.0,32.3218125297411
2.105,30.52568135303067,1.8083408161734464,9.649671917702662,2.5004796521299357,0.0,32.33402216920412
2.106,30.535329468809575,1.8107833228649557,9.646559898096765,2.3845135047084924,0.0,32.34611279167453
2.107,30.544974473338385,1.8131098040047842,9.643449413050512,2.2684298234919034,0.0,32.35808427734317
2.108,30.554616368138273,1.8153201458841512,9.640340435787447,2.152236259311237,0.0,32.36993651402243
2.109,30.564255154703627,1.8174142424474293,9.63723293952523,2.0359404675575825,0.0,32.38166939715106
2.11,30.57389083450206,1.8193919952964523,9.634126897477357,1.919550107678631,0.0,32.39328282979851
2.111,30.58352340897439,1.82125331369432,9.63102228285489,1.8030728426751674,0.0,32.40477672266871
2.112,30.59315287953465,1.8229981145687002,9.627919068868183,1.6865163385975013,0.0,32.41615099410335
2.113,30.602779247570076,1.8246263225146253,9.62481722872861,1.5698882640418723,0.0,32.4274055700847
2.114,30.612402514441126,1.8261378697967876,9.621716735650288,1.453196289646863,0.0,32.43854038423791
2.115,30.622022681481468,1.8275326963513292,9.618617562851803,1.336448087589852,0.0,32.449555377832795
2.116,30.631639749997998,1.828810749787129,9.615519683557931,1.219651331083538,0.0,32.460450499785125
2.117,30.641253721270832,1.829971985386587,9.612423071001366,1.1028136938725739,0.0,32.47122570665742
2.118,30.65086459655333,1.8310163661059033,9.609327698424437,0.9859428497303363,0.0,32.48188096265923
2.119,30.660472377072093,1.831943862574857,9.606233539080828,0.8690464719558686,0.0,32.49241623964695
2.12,30.67007706402699,1.832754453096079,9.6031405662373,0.7521322328710287,0.0,32.50283151712307
2.121,30.67967865859116,1.8334481236438245,9.600048753175411,0.6352078033178744,0.0,32.513126782234984
2.122,30.689277161911033,1.8340248678622408,9.596958073193223,0.5182808521563198,0.0,32.523302029773276
2.123,30.698872575106343,1.8344846870631355,9.593868499607025,0.4013590457620948,0.0,32.53335726216948
2.124,30.708464899270155,1.8348275902232405,9.590780005753043,0.28445004752504083,0.0,32.543292489493396
2.125,30.71805413546888,1.835053593980976,9.58769256498915,0.16756151734777586,0.0,32.553107729449856
2.126,30.72764028474229,1.835162722632712,9.584606150696574,0.05070111114476131,0.0,32.562803007375
2.1270000000000002,30.737223348103562,1.8351550081285306,9.581520736281607,-0.06612351965819692,0.0,32.57237835623209
2.128,30.74680332653929,1.835030490067487,9.57843629517731,-0.1829047286239799,0.0,32.581833816606775
2.129,30.756380221009508,1.8347892156923709,9.57535280084521,-0.29963487480368767,0.0,32.591169436701875
2.13,30.765954032447734,1.8344312398839688,9.572270226777004,-0.41630632323563854,0.0,32.6003852723317
2.1310000000000002,30.77552476176099,1.8339566251548278,9.569188546496257,-0.5329114454438038,0.0,32.60948138691582
2.132,30.78509240982984,1.8333654416425207,9.566107733560093,-0.649442619935645,0.0,32.618457851472364
2.133,30.79465697750842,1.8326577671024138,9.563027761560889,-0.7658922326993215,0.0,32.627314744610835
2.134,30.804218465624484,1.831833686899938,9.55994860412796,-0.8822526777002355,0.0,32.63605215252442
2.1350000000000002,30.81377687497942,1.8308932940023637,9.556870234929253,-0.9985163573768834,0.0,32.64467016898178
2.136,30.823332206348322,1.8298366889700795,9.55379262767302,-1.1146756831359792,0.0,32.6531688953184
2.137,30.83288446048,1.8286639799473774,9.550715756109506,-1.2307230758468204,0.0,32.661548440427374
2.138,30.842433638097038,1.8273752826527434,9.547639594032615,-1.3466509663348616,0.0,32.66980892074978
2.1390000000000002,30.85197973989584,1.8259707203686542,9.544564115281595,-1.4624517958744654,0.0,32.67795046026449
2.14,30.86152276654667,1.824450423930883,9.541489293742696,-1.5781180166807982,0.0,32.685973190477554
2.141,30.871062718693707,1.8228145317173123,9.538415103350845,-1.6936420924008386,0.0,32.69387725041102
2.142,30.880599596955083,1.8210631896362584,9.535341518091299,-1.8090164986034671,0.0,32.70166278659134
2.1430000000000002,30.890133401922945,1.819196551114303,9.532268512001309,-1.9242337232686044,0.0,32.70932995303725
2.144,30.899664134163505,1.817214777083639,9.529196059171774,-2.039286267275368,0.0,32.71687891124714
2.145,30.90919179421709,1.8151180359689285,9.526124133748885,-2.154166644889214,0.0,32.724309830186016
2.146,30.918716382598205,1.8129065036736711,9.523052709935778,-2.268867384248032,0.0,32.73162288627188
2.1470000000000002,30.928237899795583,1.810580363566091,9.51998176199417,-2.3833810278471654,0.0,32.73881826336167
2.148,30.937756346272256,1.8081398064645366,9.516911264246,-2.497700133023321,0.0,32.74589615273679
2.149,30.9472717224656,1.8055850306223975,9.513841191075054,-2.611817272437338,0.0,32.752856753088
2.15,30.956784028787414,1.8029162417125395,9.510771516928605,-2.725725034555787,0.0,32.759700270499955
2.1510000000000002,30.96629326562397,1.8001336528112593,9.507702216319027,-2.8394160241313666,0.0,32.76642691843523
2.152,30.97579943333609,1.7972374843817576,9.504633263825415,-2.952882862682065,0.0,32.773036917717846
2.153,30.985302532259208,1.7942279642571355,9.5015646340952,-3.066118188969059,0.0,32.779530496516344
2.154,30.99480256270344,1.7911053276229125,9.498496301845755,-3.179114659473315,0.0,32.78590789032636
2.1550000000000002,31.004299524953655,1.7878698169990697,9.495428241866003,-3.2918649488708653,0.0,32.79216934195272
2.156,31.013793419269547,1.7845216822216166,9.49236042901801,-3.4043617505067294,0.0,32.79831510149116
2.157,31.023284245885712,1.7810611804236862,9.48929283823858,-3.5165977768674432,0.0,32.804345426309396
2.158,31.032772005011715,1.7774885760161583,9.486225444540842,-3.6285657600521737,0.0,32.810260581027876
2.1590000000000003,31.04225669683218,1.7738041406678111,9.483158223015833,-3.7402584522423843,0.0,32.81606083749999
2.16,31.051738321506857,1.7700081532850052,9.48009114883407,-3.8516686261700204,0.0,32.821746474791865
2.161,31.06121687917071,1.7661008999908991,9.477024197247124,-3.962789075584188,0.0,32.82731777916161
2.162,31.070692369933994,1.7620826741042006,9.473957343589184,-4.073612615716292,0.0,32.83277504403819
2.1630000000000003,31.080164793882336,1.7579537761174509,9.470890563278617,-4.184132083743606,0.0,32.838118569999786
2.164,31.089634151076833,1.7537145136748487,9.467823831819516,-4.2943403392512405,0.0,32.84334866475168
2.165,31.09910044155412,1.749365201549612,9.464757124803247,-4.40423026469249,0.0,32.84846564310374
2.166,31.10856366532648,1.74490616162088,9.461690417909997,-4.513794765847514,0.0,32.85346982694736
2.1670000000000003,31.118023822381904,1.740337722850158,9.458623686910297,-4.623026772280333,0.0,32.858361545232064
2.168,31.127480912684216,1.7356602212573053,9.455556907666555,-4.731919237794112,0.0,32.863141133941525
2.169,31.13693493617314,1.7308739998960698,9.452490056134579,-4.840465140884687,0.0,32.86780893606921
2.17,31.146385892764407,1.7259794088291684,9.449423108365083,-4.94865748519233,0.0,32.872365301593575
2.1710000000000003,31.15583378234984,1.7209768051029184,9.446356040505204,-5.056489299951697,0.0,32.87681058745276
2.172,31.165278604797468,1.7158665527214183,9.443288828799995,-5.163953640439954,0.0,32.88114515751889
2.173,31.174720359951607,1.7106490226202822,9.440221449593922,-5.271043588423028,0.0,32.88536938257189
2.174,31.18415904763297,1.7053245926399285,9.437153879332353,-5.377752252599981,0.0,32.8894836402729
2.1750000000000003,31.193594667638767,1.6998936474984259,9.434086094563034,-5.484072769045456,0.0,32.89348831513719
2.176,31.203027219742808,1.6943565787638966,9.431018071937558,-5.589998301650176,0.0,32.8973837985067
2.177,31.212456703695604,1.6887137848264815,9.427949788212839,-5.6955220425594755,0.0,32.901170488522084
2.178,31.221883119224483,1.6829656708698668,9.424881220252564,-5.800637212609814,0.0,32.90484879009435
2.179,31.231306466033683,1.6771126488423758,9.421812345028643,-5.905337061763274,0.0,32.90841911487606
2.18,31.240726743804476,1.6711551374276261,9.418743139622652,-6.009614869539986,0.0,32.911881881232105
2.181,31.250143952195263,1.6650935620147573,9.415673581227269,-6.113463945448475,0.0,32.91523751421002
2.182,31.2595580908417,1.6589283546682276,9.4126036471477,-6.216877629413892,0.0,32.91848644550993
2.183,31.2689691593568,1.652659954097184,9.409533314803097,-6.319849292204093,0.0,32.92162911345398
2.184,31.278377157331057,1.6462888056244074,9.406462561727974,-6.422372335853568,0.0,32.924665962955466
2.185,31.28778208433256,1.6398153611548354,9.403391365573604,-6.524440194085154,0.0,32.92759744548739
2.186,31.297183939907097,1.6332400791436636,9.400319704109421,-6.626046332729541,0.0,32.93042401905076
2.187,31.3065827235783,1.6265634245640292,9.397247555224398,-6.727184250142516,0.0,32.93314614814233
2.188,31.315978434847736,1.619785868874278,9.394174896928435,-6.827847477619939,0.0,32.93576430372202
2.189,31.325371073195058,1.6129078899848173,9.391101707353723,-6.928029579810415,0.0,32.938278963179876
2.19,31.334760638078098,1.605929972224559,9.388027964756107,-7.027724155125631,0.0,32.94069061030266
2.191,31.344147128933017,1.5988526063069517,9.38495364751644,-7.126924836148345,0.0,32.942999735239965
2.192,31.353530545174415,1.5916762892956062,9.381878734141926,-7.225625290037992,0.0,32.94520683447002
2.193,31.362910886195465,1.5844015245695175,9.37880320326746,-7.323819218933881,0.0,32.94731241076498
2.194,31.372288151368036,1.5770288217878847,9.375727033656949,-7.421500360355963,0.0,32.94931697315592
2.195,31.38166234004283,1.56955869685453,9.372650204204634,-7.518662487603136,0.0,32.95122103689736
2.196,31.391033451549504,1.5619916718819227,9.369572693936398,-7.615299410149075,0.0,32.95302512343142
2.197,31.400401485196813,1.5543282751548064,9.366494482011065,-7.711404974035546,0.0,32.95472976035162
2.198,31.409766440272733,1.5465690410934365,9.363415547721694,-7.806973062263192,0.0,32.95633548136617
2.199,31.419128316044606,1.5387145102164264,9.360335870496852,-7.901997595179758,0.0,32.957842826261036
2.2,31.428487111759267,1.5307652291032072,9.357255429901903,-7.996472530865734,0.0,32.95925234086248
2.201,31.437842826643184,1.5227217503561037,9.35417420564025,-8.090391865517397,0.0,32.96056457699929
2.202,31.447195459902602,1.5145846325620276,9.351092177554605,-8.18374963382721,0.0,32.96178009246463
2.203,31.456545010723676,1.5063544402537927,9.348009325628224,-8.27653990936158,0.0,32.96289945097747
2.204,31.465891478272617,1.498031743871053,9.344925629986145,-8.368756804935927,0.0,32.96392322214367
2.205,31.475234861695828,1.4896171197208676,9.341841070896411,-8.460394472987055,0.0,32.96485198141669
2.206,31.48457516012006,1.4811111499378935,9.338755628771285,-8.551447105942794,0.0,32.965686310057954
2.207,31.49391237265254,1.4725144224442115,9.335669284168455,-8.641908936588896,0.0,32.96642679509675
2.208,31.503246498381134,1.4638275309087858,9.332582017792229,-8.73177423843316,0.0,32.96707402928992
2.209,31.51257753637448,1.4550510747065615,9.329493810494718,-8.821037326066753,0.0,32.96762861108104
2.21,31.521905485682144,1.4461856588772009,9.326404643277016,-8.909692555522724,0.0,32.968091144559345
2.211,31.531230345334773,1.4372318940834643,9.323314497290358,-8.997734324631672,0.0,32.96846223941824
2.212,31.540552114344234,1.4281903965692353,9.320223353837278,-9.085157073374548,0.0,32.96874251091347
2.213,31.549870791703775,1.4190617881171956,9.317131194372754,-9.17195528423258,0.0,32.96893257982097
2.214,31.559186376388176,1.4098466960061506,9.31403800050534,-9.258123482534279,0.0,32.969033072394325
2.215,31.568498867353902,1.4005457529680103,9.310943753998288,-9.343656236799536,0.0,32.96904462032191
2.216,31.57780826353926,1.3911595971444268,9.307848436770664,-9.428548159080748,0.0,32.96896786068369
2.217,31.587114563864557,1.3816888720430924,9.304752030898449,-9.512793905300981,0.0,32.968803435907645
2.218,31.59641776723225,1.3721342264937013,9.301654518615628,-9.596388175589144,0.0,32.96855199372595
2.219,31.605717872527112,1.3624963146035776,9.298555882315275,-9.679325714612144,0.0,32.96821418713069
2.22,31.61501487861639,1.3527757957129716,9.295456104550622,-9.761601311904007,0.0,32.96779067432936
2.221,31.62430878434996,1.3429733343500307,9.292355168036114,-9.843209802191948,0.0,32.96728211869999
2.222,31.6335995885605,1.3330896001854433,9.28925305564846,-9.924146065719363,0.0,32.966689188745946
2.223,31.64288729006364,1.3231252679867633,9.286149750427676,-10.00440502856572,0.0,32.9660125580504
2.224,31.65217188765814,1.3130810175724146,9.283045235578099,-10.083981662963353,0.0,32.96525290523056
2.225,31.66145338012604,1.3029575337653816,9.279939494469412,-10.162870987611093,0.0,32.96441091389142
2.226,31.670731766232834,1.2927555063465874,9.276832510637643,-10.24106806798477,0.0,32.96348727257942
2.227,31.68000704472764,1.2824756300079623,9.273724267786163,-10.318568016644532,0.0,32.962482674735604
2.228,31.689279214343355,1.2721186043052073,9.270614749786658,-10.395365993538965,0.0,32.961397818648564
2.229,31.69854827379684,1.2616851336102555,9.26750394068011,-10.471457206306011,0.0,32.960233407407095
2.23,31.70781422178908,1.251175927063433,9.264391824677745,-10.546836910570653,0.0,32.958990148852514
2.231,31.71707705700535,1.2405916985253247,9.261278386161989,-10.621500410239344,0.0,32.957668755530676
2.232,31.72633677811541,1.2299331665283466,9.258163609687399,-10.695443057791184,0.0,32.95626994464376
2.233,31.735593383773644,1.2192010542280294,9.255047479981588,-10.7686602545658,0.0,32.95479443800167
2.234,31.74484687261926,1.2083960893540149,9.251929981946136,-10.841147451047924,0.0,32.953242961973274
2.235,31.754097243276448,1.1975190041607708,9.24881110065749,-10.912900147148662,0.0,32.951616247437215
2.236,31.76334449435457,1.1865705353780243,9.245690821367857,-10.98391389248341,0.0,32.949915029732594
2.237,31.77258862444832,1.1755514241609202,9.242569129506078,-11.054184286646429,0.0,32.94814004860924
2.238,31.78182963213792,1.1644624160399069,9.239446010678494,-11.123706979482044,0.0,32.946292048177824
2.239,31.79106751598928,1.1533042608703514,9.236321450669795,-11.192477671352455,0.0,32.94437177685963
2.24,31.800302274554184,1.1420777127818897,9.233195435443868,-11.260492113402135,0.0,32.942379987336075
2.241,31.809533906370472,1.1307835301275129,9.230067951144623,-11.32774610781883,0.0,32.940317436497985
2.242,31.81876240996222,1.1194224754323954,9.22693898409681,-11.394235508091102,0.0,32.93818488539461
2.243,31.827987783839912,1.1079953153424666,9.223808520806823,-11.459956219262425,0.0,32.93598309918238
2.244,31.837210026500642,1.0965028205727303,9.220676547963496,-11.52490419818182,0.0,32.93371284707337
2.245,31.846429136428274,1.0849457658553356,9.21754305243888,-11.589075453751002,0.0,32.93137490228361
2.246,31.85564511209364,1.0733249298874017,9.214408021289014,-11.652466047168028,0.0,32.92897004198104
2.247,31.86485795195472,1.0616410952786013,9.211271441754677,-11.71507209216744,0.0,32.92649904723332
2.248,31.874067654456823,1.049895048498506,9.208133301262139,-11.77688975525687,0.0,32.92396270295533
2.249,31.88327421803279,1.0380875798236953,9.204993587423886,-11.837915255950115,0.0,32.921361797856484
2.25,31.892477641103152,1.0262194832846365,9.201852288039339,-11.89814486699665,0.0,32.91869712438779
2.251,31.901677922076345,1.0142915566123354,9.198709391095562,-11.957574914607573,0.0,32.91596947868868
2.2520000000000002,31.91087505934888,1.0023046011847625,9.19556488476796,-12.016201778677967,0.0,32.91317966053364
2.253,31.920069051305536,0.9902594219730606,9.192418757420949,-12.074021893005668,0.0,32.9103284732786
2.254,31.92925989631956,0.9781568274875331,9.189270997608638,-12.131031745506421,0.0,32.907416723807096
2.255,31.93844759275284,0.9659976297234204,9.186121594075475,-12.187227878425421,0.0,32.90444522247626
2.2560000000000002,31.94763213895611,0.9537826441064664,9.182970535756892,-12.242606888545206,0.0,32.90141478306258
2.257,31.95681353326913,0.9415126894382784,9.179817811779941,-12.297165427389915,0.0,32.89832622270741
2.258,31.965991774020885,0.9291885878414851,9.176663411463906,-12.350900201425887,0.0,32.89518036186237
2.259,31.97516685952978,0.9168111647046954,9.173507324320909,-12.403807972258576,0.0,32.891978024234476
2.2600000000000002,31.984338788103816,0.9043812486272627,9.170349540056502,-12.455885556825804,0.0,32.88872003673108
2.261,31.99350755804081,0.8918996713638572,9.16719004857025,-12.507129827587294,0.0,32.88540722940467
2.262,32.00267316762857,0.8793672677688508,9.164028839956291,-12.557537712710525,0.0,32.88204043539742
2.263,32.0118356151451,0.866784875740518,9.160865904503897,-12.607106196252854,0.0,32.87862049088562
2.2640000000000002,32.02099489885879,0.8541533361650566,9.157701232698004,-12.655832318339911,0.0,32.87514823502384
2.265,32.0301510170286,0.8414734928604317,9.154534815219751,-12.703713175340267,0.0,32.87162450988903
2.266,32.03930396790429,0.8287461925200469,9.151366642946986,-12.750745920036348,0.0,32.86805016042434
2.267,32.04845374972658,0.8159722846562466,9.148196706954769,-12.796927761791588,0.0,32.86442603438283
2.2680000000000002,32.05760036072738,0.8031526215436532,9.145024998515863,-12.842255966713827,0.0,32.86075298227103
2.269,32.06674379912995,0.7902880581623422,9.141851509101208,-12.886727857814918,0.0,32.85703185729229
2.27,32.07588406314914,0.7773794521408602,9.138676230380382,-12.930340815166566,0.0,32.85326351529
2.271,32.08502115099156,0.7644276636990889,9.135499154222046,-12.973092276052352,0.0,32.849448814690646
2.2720000000000002,32.09415506085579,0.7514335555909583,9.13232027269439,-13.014979735115972,0.0,32.84558861644675
2.273,32.103285790932574,0.7383979930470143,9.129139578065544,-13.056000744505655,0.0,32.84168378397959
2.274,32.11241333940504,0.7253218437168436,9.125957062803995,-13.096152914014764,0.0,32.83773518312188
2.275,32.121537704448855,0.7122059776113601,9.122772719578977,-13.135433911218572,0.0,32.833743682060216
2.2760000000000002,32.13065888423249,0.6990512670449555,9.11958654126086,-13.173841461607195,0.0,32.829710151277446
2.277,32.13977687691737,0.6858585865775202,9.116398520921512,-13.211373348714691,0.0,32.82563546349488
2.278,32.14889168065808,0.6726288129563363,9.113208651834661,-13.248027414244309,0.0,32.821520493614415
2.279,32.15800329360261,0.659362825057847,9.110016927476234,-13.283801558189873,0.0,32.81736611866046
2.2800000000000002,32.1671117138925,0.6460615038293078,9.106823341524688,-13.318693738953316,0.0,32.81317321772181
2.281,32.176216939663085,0.6327257322303204,9.103627887861325,-13.352701973458329,0.0,32.808942671893405
2.282,32.18531896904368,0.6193563951742558,9.100430560570596,-13.385824337260146,0.0,32.804675364217935
2.283,32.19441780015777,0.60595437946957,9.097231353940384,-13.418058964651447,0.0,32.800372179627345
2.2840000000000003,32.20351343112327,0.5925205737610149,9.094030262462288,-13.449404048764366,0.0,32.796034004884284
2.285,32.21260586005264,0.5790558684707493,9.090827280831883,-13.479857841668617,0.0,32.79166172852339
2.286,32.22169508505318,0.5655611557393544,9.087622403948965,-13.50941865446571,0.0,32.78725624079253
2.287,32.230781104227155,0.5520373293667559,9.084415626917787,-13.538084857379282,0.0,32.78281843359391
2.2880000000000003,32.23986391567206,0.5384852847530588,9.081206945047283,-13.565854879841497,0.0,32.77834920042512
2.289,32.2489435174808,0.524905918839297,9.077996353851278,-13.592727210575564,0.0,32.77384943632009
2.29,32.25801990774188,0.511300130048103,9.074783849048675,-13.618700397674312,0.0,32.76932003778999
2.291,32.26709308453966,0.4976688182243001,9.071569426563647,-13.643773048674866,0.0,32.76476190276396
2.2920000000000003,32.27616304595449,0.4840128845754228,9.068353082525796,-13.667943830629389,0.0,32.76017593052991
2.293,32.28522979006297,0.47033323161216795,9.065134813270312,-13.6912114701719,0.0,32.75556302167514
2.294,32.29429331493814,0.45663076308878103,9.061914615338111,-13.713574753581174,0.0,32.75092407802692
2.295,32.303353618649666,0.4429063839433817,9.058692485475964,-13.735032526839687,0.0,32.74626000259305
2.2960000000000003,32.31241069926409,0.42916100023823217,9.055468420636611,-13.755583695688655,0.0,32.74157169950232
2.297,32.321464554844994,0.4153955190999526,9.05224241797886,-13.775227225679116,0.0,32.736860073944946
2.298,32.33051518345322,0.4016108486596874,9.049014474867674,-13.793962142219076,0.0,32.73212603211291
2.299,32.33956258314709,0.3878078979932263,9.045784588874245,-13.81178753061673,0.0,32.72737048114032
2.3000000000000003,32.348606751982594,0.37398757706108426,9.042552757776049,-13.828702536119717,0.0,32.72259432904368
2.301,32.3576476880136,0.360150796648544,9.039318979556901,-13.84470636395046,0.0,32.71779848466215
2.302,32.36668538929206,0.34629846830566513,9.036083252406979,-13.859798279337534,0.0,32.71298385759772
2.303,32.375719853868226,0.33243150428726403,9.032845574722845,-13.873977607543113,0.0,32.70815135815549
2.3040000000000003,32.38475107979085,0.3185508174928682,9.029605945107456,-13.887243733886457,0.0,32.70330189728372
2.305,32.393779065107395,0.3046573214066489,9.026364362370147,-13.899596103763463,0.0,32.69843638651405
2.306,32.40280380786422,0.29075193003733674,9.023120825526618,-13.911034222662261,0.0,32.693555737901555
2.307,32.41182530610681,0.2768355578581228,9.019875333798892,-13.921557656174882,0.0,32.688660863964934
2.308,32.42084355787999,0.26290911974655096,9.016627886615268,-13.93116603000496,0.0,32.68375267762654
2.309,32.429858561228095,0.2489735309244039,9.013378483610266,-13.939859029971508,0.0,32.6788320921525
2.31,32.438870314195206,0.23502970689758754,9.010127124624539,-13.947636402008749,0.0,32.67390002109279
2.311,32.44787881482536,0.22107856339601742,9.006873809704794,-13.954497952161995,0.0,32.66895737822138
2.312,32.45688406116272,0.20712101631351149,9.003618539103687,-13.960443546579603,0.0,32.66400507747623
2.313,32.46588605125182,0.19315798164769263,9.000361313279704,-13.96547311150098,0.0,32.659044032899516
2.314,32.47488478313775,0.17919037543990526,8.997102132897034,-13.969586633240667,0.0,32.65407515857766
2.315,32.48388025486638,0.1652191137151498,8.993840998825425,-13.972784158168471,0.0,32.64909936858153
2.316,32.49287246448453,0.151245112422039,8.99057791214003,-13.975065792685688,0.0,32.64411757690657
2.317,32.501861410040206,0.13726928737277994,8.987312874121232,-13.976431703197386,0.0,32.63913069741299
2.318,32.51084708958281,0.12329255418318574,8.98404588625447,-13.976882116080764,0.0,32.634139643766
2.319,32.51982950116332,0.10931582821272096,8.980776950230036,-13.9764173176496,0.0,32.629145329376044
2.32,32.52880864283451,0.09534002450458431,8.977506067942864,-13.97503765411477,0.0,32.6241486673391
2.321,32.53778451265115,0.08136605772583307,8.97423324149231,-13.972743531540862,0.0,32.61915057037698
2.322,32.54675710867021,0.06739484210755253,8.970958473181918,-13.969535415798884,0.0,32.61415195077776
2.323,32.55572642895106,0.05342729138507502,8.967681765519163,-13.965413832515054,0.0,32.60915372033614
2.324,32.564692471555695,0.03946431873825179,8.964403121215195,-13.96037936701571,0.0,32.60415679029395
2.325,32.57365523454891,0.025506836731782126,8.96112254318456,-13.954432664268307,0.0,32.59916207128069
2.326,32.582614715998524,0.011555757255603335,8.95784003454491,-13.947574428818536,0.0,32.594170473254124
2.327,32.591570913975566,-0.0023880085346544167,8.9545555986167,-13.939805424723556,0.0,32.589182905440914
2.328,32.60052382655449,-0.01632355027714459,8.951269238922874,-13.931126475481348,0.0,32.58420027627735
2.329,32.60947345181339,-0.030249958463208146,8.947980959188534,-13.921538463956196,0.0,32.579223493350185
2.33,32.61841978783416,-0.04416632449670098,8.944690763340601,-13.911042332300305,0.0,32.57425346333746
2.331,32.627362832702744,-0.05807174075324105,8.941398655507456,-13.89963908187155,0.0,32.5692910919495
2.332,32.63630258450929,-0.0719653006393713,8.938104640018572,-13.887329773147389,0.0,32.56433728386992
2.333,32.6452390413484,-0.08584609865163463,8.934808721404139,-13.874115525634915,0.0,32.55939294269676
2.334,32.65417220131929,-0.09971323043555691,8.931510904394658,-13.859997517777073,0.0,32.554458970883736
2.335,32.66310206252602,-0.11356579284453439,8.928211193920546,-13.844976986855054,0.0,32.54953626968149
2.336,32.67202862307768,-0.12740288399862149,8.924909595111707,-13.829055228886855,0.0,32.54462573907906
2.337,32.680951881088575,-0.1412236033432154,8.921606113297102,-13.812233598522031,0.0,32.53972827774536
2.338,32.68987183467844,-0.1550270517076333,8.918300754004303,-13.794513508932635,0.0,32.53484478297081
2.339,32.698788481972656,-0.16881233136357884,8.914993522959033,-13.77589643170036,0.0,32.52997615060908
2.34,32.70770182110241,-0.18257854608349372,8.911684426084697,-13.756383896699898,0.0,32.52512327501892
2.341,32.71661185020492,-0.1963248011987908,8.908373469501893,-13.735977491978504,0.0,32.52028704900613
2.342,32.72551856742361,-0.21005020365796495,8.905060659527916,-13.714678863631805,0.0,32.51546836376565
2.343,32.73442197090834,-0.2237538620845776,8.901746002676251,-13.692489715675832,0.0,32.510668108823765
2.344,32.74332205881557,-0.2374348868351117,8.898429505656049,-13.669411809915305,0.0,32.50588717198046
2.345,32.75221882930856,-0.2510923900566931,8.895111175371587,-13.645446965808182,0.0,32.50112643925187
2.346,32.76111228055758,-0.26472548574467425,8.89179101892173,-13.62059706032646,0.0,32.496386794812906
2.347,32.770002410740105,-0.27833328980007727,8.888469043599356,-13.594864027813271,0.0,32.491669120940024
2.348,32.77888921804098,-0.291914920086892,8.885145256890798,-13.568249859836252,0.0,32.48697429795409
2.349,32.787772700652646,-0.30546949648922583,8.88181966647525,-13.540756605037222,0.0,32.48230320416342
2.35,32.79665285677531,-0.31899614096830087,8.87849228022417,-13.512386368978172,0.0,32.47765671580701
2.351,32.80552968461716,-0.33249397761929583,8.875163106200672,-13.483141313983566,0.0,32.47303570699787
2.352,32.814403182394535,-0.34596213272802806,8.8718321526589,-13.45302365897899,0.0,32.46844104966651
2.353,32.823273348332116,-0.3593997348274724,8.868499428043396,-13.42203567932613,0.0,32.463873613504646
2.354,32.83214018066314,-0.37280591475411334,8.865164940988452,-13.390179706654123,0.0,32.45933426590903
2.355,32.84100367762955,-0.3861798057041266,8.86182870031745,-13.357458128687268,0.0,32.45482387192543
2.356,32.84986383748223,-0.3995205432893866,8.85849071504219,-13.323873389069123,0.0,32.45034329419285
2.357,32.85872065848116,-0.41282726559329636,8.85515099436221,-13.289427987182991,0.0,32.44589339288787
2.358,32.86757413889561,-0.4260991132264359,8.851809547664086,-13.254124477968828,0.0,32.44147502566918
2.359,32.87642427700434,-0.4393352293820259,8.848466384520721,-13.217965471736555,0.0,32.437089047622315
2.36,32.88527107109576,-0.4525347598912028,8.845121514690637,-13.18095363397582,0.0,32.43273631120456
2.361,32.89411451946814,-0.46569685327810195,8.841774948117234,-13.143091685162196,0.0,32.428417666190036
2.362,32.90295462042979,-0.47882066081474517,8.838426694928046,-13.104382400559846,0.0,32.42413395961504
2.363,32.91179137229923,-0.4919053365757292,8.83507676543399,-13.064828610020674,0.0,32.4198860357235
2.364,32.92062477340538,-0.5049500374927116,8.8317251701286,-13.02443319777995,0.0,32.41567473591267
2.365,32.92945482208776,-0.5179539234086903,8.828371919687243,-12.983199102248454,0.0,32.41150089867907
2.366,32.938281516696655,-0.5309161571320739,8.825017024966332,-12.941129315801131,0.0,32.40736535956458
2.367,32.947104855593274,-0.5438359044905386,8.821660497002524,-12.898226884562288,0.0,32.40326895110274
2.368,32.95592483714998,-0.5567123343846692,8.818302347011906,-12.85449490818734,0.0,32.39921250276531
2.369,32.96474145975042,-0.5695446188413785,8.814942586389169,-12.809936539641122,0.0,32.395196840909044
2.37,32.97355472178973,-0.582331933067106,8.811581226706773,-12.764554984972781,0.0,32.39122278872263
2.371,32.98236462167472,-0.5950734555007867,8.8082182797141,-12.718353503087272,0.0,32.38729116617393
2.372,32.99117115782403,-0.6077683678665925,8.804853757336595,-12.671335405513455,0.0,32.38340278995744
2.373,32.999974328668294,-0.620415855226438,8.80148767167489,-12.623504056168839,0.0,32.379558473441854
2.374,33.008774132650366,-0.6330151060322505,8.798120035003931,-12.574862871120962,0.0,32.37575902661811
2.375,33.017570568225445,-0.645565312177999,8.794750859772082,-12.525415318345434,0.0,32.372005256047444
2.376,33.02636363386126,-0.65806566905148,8.79138015860022,-12.475164917480676,0.0,32.36829796480978
2.3770000000000002,33.035153328038255,-0.6705153755858567,8.78800794428082,-12.42411523957933,0.0,32.3646379524524
2.378,33.04393964924975,-0.6829136343109471,8.784634229777033,-12.372269906856411,0.0,32.3610260149388
2.379,33.05272259600212,-0.6952596514042593,8.781259028221749,-12.31963259243418,0.0,32.35746294459786
2.38,33.06150216681494,-0.7075526367417695,8.777882352916647,-12.266207020083764,0.0,32.35394953007317
2.3810000000000002,33.07027836022119,-0.7197918039484409,8.774504217331238,-12.211996963963553,0.0,32.35048655627275
2.382,33.079051174767386,-0.7319763704484784,8.771124635101897,-12.157006248354385,0.0,32.34707480431891
2.383,33.087820609013775,-0.7441055575153174,8.767743620030885,-12.101238747391527,0.0,32.34371505149846
2.384,33.09658666153449,-0.7561785903213429,8.76436118608536,-12.04469838479349,0.0,32.34040807121315
2.3850000000000002,33.1053493309177,-0.768194697987336,8.760977347396372,-11.987389133587682,0.0,32.337154632930364
2.386,33.114108615765794,-0.7801531136316439,8.757592118257858,-11.929315015832927,0.0,32.33395550213415
2.387,33.12286451469554,-0.7920530744190718,8.754205513125617,-11.870480102338863,0.0,32.33081144027647
2.388,33.13161702633825,-0.8038938216094917,8.750817546616284,-11.810888512382245,0.0,32.327723204728755
2.3890000000000002,33.140366149339904,-0.8156746006061668,8.747428233506282,-11.75054441342016,0.0,32.32469154873374
2.39,33.14911188236137,-0.8273946610037866,8.744037588730777,-11.689452020800191,0.0,32.32171722135758
2.391,33.157854224078505,-0.8390532566362116,8.740645627382612,-11.62761559746754,0.0,32.31880096744229
2.392,33.166593173182356,-0.8506496456239232,8.73725236471124,-11.565039453669135,0.0,32.31594352755843
2.3930000000000002,33.175328728379284,-0.8621830904211764,8.733857816121638,-11.501727946654723,0.0,32.31314563795811
2.394,33.184060888391144,-0.8736528578628512,8.730461997173219,-11.437685480375011,0.0,32.31040803052829
2.395,33.192789651955415,-0.8850582192110024,8.72706492357873,-11.372916505176825,0.0,32.30773143274441
2.396,33.20151501782537,-0.8963984502011012,8.723666611203143,-11.307425517495345,0.0,32.30511656762427
2.3970000000000002,33.210236984770226,-0.907672831087969,8.720267076062534,-11.241217059543429,0.0,32.302564153682255
2.398,33.21895555157529,-0.9188806466913984,8.716866334322951,-11.174295718998028,0.0,32.30007490488389
2.399,33.22767071704211,-0.930021186441459,8.713464402299282,-11.10666612868375,0.0,32.29764953060065
2.4,33.23638247998861,-0.9410937444234864,8.7100612964541,-11.038332966253554,0.0,32.29528873556513
2.4010000000000002,33.24509083924928,-0.9520976194227487,8.706657033396507,-10.969300953866625,0.0,32.29299321982653
2.402,33.25379579367525,-0.9630321149687915,8.703251629880967,-10.899574857863445,0.0,32.29076367870646
2.403,33.262497342134516,-0.9738965393794546,8.699845102806133,-10.829159488438078,0.0,32.28860080275506
2.404,33.271195483512024,-0.9846902058045616,8.69643746921366,-10.758059699307683,0.0,32.28650527770746
2.4050000000000002,33.27989021670983,-0.9954124322692756,8.693028746287009,-10.686280387379309,0.0,32.284477784440554
2.406,33.28858154064726,-1.006062541717122,8.68961895135025,-10.613826492413953,0.0,32.282518998930136
2.407,33.29726945426101,-1.0166398620526735,8.686208101866841,-10.540702996687939,0.0,32.28062959220834
2.408,33.30595395650534,-1.0271437261838943,8.682796215438419,-10.46691492465162,0.0,32.27881023032145
2.4090000000000003,33.31463504635215,-1.037573472064143,8.679383309803564,-10.392467342585434,0.0,32.277061574288005
2.41,33.323312722791165,-1.0479284427338291,8.67596940283656,-10.31736535825334,0.0,32.27538428005734
2.411,33.331986984830046,-1.0582079863617226,8.672554512546158,-10.24161412055365,0.0,32.27377899846832
2.412,33.340657831494525,-1.0684114562859128,8.66913865707431,-10.165218819167292,0.0,32.27224637520861
2.4130000000000003,33.349325261828554,-1.0785382110544133,8.665721854694917,-10.088184684203503,0.0,32.27078705077414
2.414,33.357989274894415,-1.0885876144654127,8.66230412381255,-10.010516985843024,0.0,32.269401660429004
2.415,33.36664986977286,-1.0985590356071666,8.658885482961178,-9.932221033978765,0.0,32.26809083416569
2.416,33.37530704556323,-1.1084518488975288,8.655465950802878,-9.853302177854001,0.0,32.2668551966657
2.4170000000000003,33.38396080138362,-1.1182654341231197,8.652045546126535,-9.773765805698117,0.0,32.265695367260506
2.418,33.39261113637095,-1.1279991764781299,8.64862428784655,-9.693617344359916,0.0,32.264611959892825
2.419,33.401258049681125,-1.1376524666027543,8.64520219500152,-9.612862258938524,0.0,32.26360558307837
2.42,33.40990154048915,-1.1472247006212581,8.641779286752927,-9.531506052411919,0.0,32.26267683986789
2.4210000000000003,33.418541607989255,-1.1567152801796676,8.638355582383806,-9.449554265263101,0.0,32.26182632780959
2.422,33.427178251395006,-1.1661236124830883,8.634931101297415,-9.367012475103937,0.0,32.261054638911915
2.423,33.435811469939445,-1.175449110332644,8.631505863015896,-9.283886296296693,0.0,32.2603623596068
2.424,33.44444126287518,-1.184691192162038,8.628079887178922,-9.200181379573296,0.0,32.259750070713146
2.4250000000000003,33.45306762947453,-1.1938492820737305,8.624653193542347,-9.115903411652344,0.0,32.259218347400804
2.426,33.46169056902962,-1.2029228098747333,8.621225801976841,-9.031058114853883,0.0,32.258767759154885
2.427,33.4703100808525,-1.2119112111120176,8.617797732466522,-8.945651246711986,0.0,32.25839886974048
2.428,33.478926164275265,-1.2208139271075336,8.614369005107577,-8.85968859958516,0.0,32.25811223716773
2.4290000000000003,33.487538818650165,-1.2296304049928388,8.61093964010688,-8.773176000264602,0.0,32.257908413657326
2.43,33.496148043349706,-1.2383600977433347,8.607509657780604,-8.686119309580329,0.0,32.257787945606374
2.431,33.504753837766756,-1.247002464212107,8.604079078552823,-8.598524422005227,0.0,32.25775137355465
2.432,33.51335620131468,-1.2555569691633697,8.600647922954108,-8.51039726525701,0.0,32.25779923215131
2.433,33.52195513342741,-1.2640230833055106,8.597216211620118,-8.421743799898161,0.0,32.2579320501219
2.434,33.530550633559585,-1.2724002833237351,8.593783965290182,-8.332570018933835,0.0,32.25815035023585
2.435,33.539142701186606,-1.2806880519123067,8.590351204805883,-8.24288194740779,0.0,32.2584546492743
2.436,33.54773133580479,-1.2888858778063825,8.586917951109617,-8.152685641996355,0.0,32.25884545799841
2.437,33.55631653693143,-1.296993255813443,8.583484225243176,-8.061987190600457,0.0,32.25932328111799
2.438,33.56489830410493,-1.3050096868443104,8.580050048346289,-7.970792711935749,0.0,32.25988861726062
2.439,33.573476636884855,-1.312934677943759,8.576615441655187,-7.879108355120859,0.0,32.2605419589411
2.44,33.58205153485208,-1.3207677423207107,8.57318042650115,-7.7869402992637875,0.0,32.261283792531366
2.441,33.59062299760884,-1.3285083993780173,8.56974502430904,-7.694294753046476,0.0,32.26211459823082
2.442,33.599191024778854,-1.3361561747418258,8.566309256595845,-7.601177954307592,0.0,32.26303485003703
2.443,33.607755616007395,-1.3437106002905252,8.562873144969213,-7.507596169623537,0.0,32.26404501571687
2.444,33.61631677096139,-1.351171214183275,8.559436711125967,-7.413555693887719,0.0,32.265145556778116
2.445,33.62487448932951,-1.3585375608881105,8.55599997685063,-7.319062849888117,0.0,32.2663369284414
2.446,33.633428770822235,-1.3658091912096257,8.552562964013944,-7.224123987883153,0.0,32.26761957961261
2.447,33.64197961517199,-1.3729856623162309,8.549125694571371,-7.128745485175923,0.0,32.26899395285576
2.448,33.65052702213318,-1.3800665377669836,8.545688190561604,-7.032933745686792,0.0,32.2704604843662
2.449,33.659070991482295,-1.387051387537992,8.542250474105062,-6.936695199524398,0.0,32.2720196039443
2.45,33.667611523017975,-1.3939397880483873,8.538812567402392,-6.840036302555083,0.0,32.27367173496959
2.451,33.67614861656111,-1.4007313221858664,8.53537449273295,-6.742963535970785,0.0,32.27541729437524
2.452,33.6846822719549,-1.4074255793317998,8.531936272453294,-6.645483405855422,0.0,32.2772566926231
2.453,33.69321248906495,-1.4140221553859071,8.528497928995659,-6.547602442749793,0.0,32.27919033367904
2.454,33.70173926777933,-1.4205206527904952,8.525059484866437,-6.449327201215022,0.0,32.28121861498884
2.455,33.71026260800865,-1.4269206805542596,8.52162096264465,-6.350664259394585,0.0,32.28334192745439
2.456,33.718782509686136,-1.4332218542756479,8.518182384980413,-6.251620218574937,0.0,32.285560655410485
2.457,33.7272989727677,-1.4394237961657814,8.514743774593404,-6.152201702744774,0.0,32.287875176601915
2.458,33.735811997232005,-1.4455261350709379,8.51130515427132,-6.052415358152965,0.0,32.29028586216107
2.459,33.74432158308054,-1.4515285064945889,8.507866546868332,-5.952267852865168,0.0,32.29279307658595
2.46,33.752827730337685,-1.4574305526189948,8.50442797530354,-5.851765876319177,0.0,32.29539717771869
2.461,33.76133043905075,-1.4632319223263541,8.50098946255942,-5.750916138879016,0.0,32.2980985167244
2.462,33.769829709290086,-1.4689322712195065,8.49755103168027,-5.649725371387822,0.0,32.30089743807058
2.463,33.7783255411491,-1.4745312616421873,8.494112705770647,-5.548200324719532,0.0,32.30379427950692
2.464,33.78681793474434,-1.4800285626988339,8.490674507993809,-5.446347769329416,0.0,32.30678937204551
2.465,33.79530689021554,-1.4854238502739423,8.48723646157015,-5.344174494803485,0.0,32.3098830399416
2.466,33.80379240772569,-1.4907168070509713,8.48379858977563,-5.24168730940679,0.0,32.313075600674715
2.467,33.812274487461075,-1.495907122530796,8.480360915940198,-5.1388930396306645,0.0,32.31636736493028
2.468,33.82075312963135,-1.5009944930497068,8.476923463446226,-5.035798529738923,0.0,32.31975863658164
2.469,33.82922833446956,-1.5059786217969544,8.47348625572693,-4.932410641313048,0.0,32.323249712672606
2.47,33.837700102232226,-1.5108592188318406,8.470049316264783,-4.828736252796409,0.0,32.326840883400386
2.471,33.84616843319935,-1.5156360011003505,8.466612668589933,-4.724782259037519,0.0,32.330532432099005
2.472,33.85463332767452,-1.5203086924513303,8.463176336278629,-4.620555570832389,0.0,32.33432463522319
2.473,33.8630947859849,-1.5248770236522045,8.459740342951617,-4.516063114465982,0.0,32.3382177623327
2.474,33.871552808481304,-1.5293407324042356,8.45630471227256,-4.41131183125282,0.0,32.34221207607707
2.475,33.88000739553823,-1.533699563357324,8.452869467946442,-4.306308677076756,0.0,32.346307832180905
2.476,33.888458547553896,-1.5379532681243466,8.449434633717972,-4.201060621929958,0.0,32.35050527942955
2.477,33.89690626495029,-1.542101605295034,8.446000233369988,-4.0955746494511205,0.0,32.35480465965526
2.478,33.905350548173196,-1.546144340449386,8.44256629072186,-3.989857756462945,0.0,32.35920620772381
2.479,33.91379139769224,-1.5500812461706244,8.439132829627885,-3.8839169525089154,0.0,32.363710151521616
2.48,33.92222881400093,-1.5539121020576814,8.435699873975691,-3.7777592593893985,0.0,32.36831671194325
2.481,33.93066279761665,-1.5576366947372244,8.432267447684627,-3.671391710697102,0.0,32.37302610287942
2.482,33.939093349080736,-1.5612548178752164,8.428835574704157,-3.564821351351919,0.0,32.37783853120552
2.483,33.94752046895849,-1.5647662721880091,8.425404279012263,-3.458055237135193,0.0,32.38275419677048
2.484,33.95594415783919,-1.5681708654529727,8.42197358461382,-3.3511004342234294,0.0,32.38777329238622
2.485,33.96436441633615,-1.5714684125186567,8.418543515539003,-3.243964018721486,0.0,32.3928960038175
2.486,33.97278124508672,-1.5746587353144847,8.415114095841666,-3.1366530761952784,0.0,32.398122509772236
2.487,33.981194644752314,-1.5777416628599823,8.411685349597736,-3.0291747012040204,0.0,32.40345298189233
2.488,33.98960461601843,-1.5807170312735357,8.408257300903596,-2.9215359968320422,0.0,32.408887584744896
2.489,33.998011159594675,-1.5835846837806826,8.404829973874477,-2.8137440742202076,0.0,32.41442647581399
2.49,34.00641427621478,-1.5863444707219347,8.40140339264284,-2.7058060520969662,0.0,32.420069805492844
2.491,34.01481396663661,-1.5889962495601304,8.39797758135676,-2.597729056309071,0.0,32.42581771707648
2.492,34.023210231642196,-1.5915398848873183,8.394552564178316,-2.489520219351989,0.0,32.43167034675488
2.493,34.031603072037726,-1.593975248431171,8.391128365281975,-2.381186679900044,0.0,32.437627823606555
2.494,34.03999248865358,-1.5963022190609293,8.387705008852977,-2.2727355823363067,0.0,32.44369026959265
2.495,34.04837848234432,-1.5985206827928748,8.384282519085712,-2.164174076282284,0.0,32.449857799551445
2.496,34.05676105398871,-1.6006305327953345,8.380860920182114,-2.0555093161274196,0.0,32.45613052119337
2.497,34.06514020448971,-1.6026316693932123,8.37744023635004,-1.946748460558448,0.0,32.4625085350965
2.498,34.0735159347745,-1.6045240000720515,8.374020491801655,-1.8378986720886283,0.0,32.468991934702444
2.499,34.081888245794474,-1.6063074394816257,8.37060171075182,-1.7289671165868907,0.0,32.47558080631285
2.5,34.09025713852524,-1.607981909439059,8.367183917416476,-1.6199609628069243,0.0,32.48227522908618
2.501,34.09862261396662,-1.6095473389314756,8.363767136011024,-1.5108873819162396,0.0,32.48907527503514
2.5020000000000002,34.10698467314265,-1.6110036641181775,8.36035139074872,-1.4017535470252356,0.0,32.49598100902447
2.503,34.11534331710157,-1.6123508283323524,8.35693670583906,-1.292566632716301,0.0,32.502992488769216
2.504,34.12369854691585,-1.6135887820823107,8.353523105486161,-1.1833338145729828,0.0,32.51010976483354
2.505,34.13205036368213,-1.6147174830522502,8.350110613887159,-1.0740622687092511,0.0,32.51733288062988
2.5060000000000002,34.14039876852127,-1.615736896102552,8.346699255230593,-0.9647591712988924,0.0,32.52466187241872
2.507,34.1487437625783,-1.6166469932696048,8.343289053694798,-0.8554316981050613,0.0,32.532096769308694
2.508,34.157085347022424,-1.6174477537651595,8.339880033446299,-0.7460870240100211,0.0,32.53963759325726
2.509,34.165423523047004,-1.6181391639752123,8.3364722186382,-0.636732322545106,0.0,32.54728435907179
2.5100000000000002,34.173758291869554,-1.6187212174584202,8.333065633408582,-0.5273747654209324,0.0,32.55503707441113
2.511,34.18208965473172,-1.6191939149440446,8.329660301878901,-0.41802152205789345,0.0,32.56289573978768
2.512,34.190417612899246,-1.6195572643294265,8.326256248152383,-0.30867975911696494,0.0,32.570860348569816
2.513,34.19874216766198,-1.6198112806769929,8.322853496312423,-0.19935664003085468,0.0,32.57893088698499
2.5140000000000002,34.20706332033385,-1.6199559862107942,8.319452070420992,-0.09005932453552523,0.0,32.587107334123054
2.515,34.21538107225282,-1.6199914103125734,8.316051994517037,0.019205031797879038,0.0,32.595389661940246
2.516,34.223695424780885,-1.6199175895173672,8.312653292614888,0.12842927803067034,0.0,32.60377783526352
2.517,34.232006379304046,-1.61973456750864,8.309255988702663,0.23760626832379045,0.0,32.61227181179541
2.5180000000000002,34.24031393723227,-1.6194423951129515,8.305860106740685,0.3467288624044881,0.0,32.62087154211932
2.519,34.24861809999949,-1.619041130294156,8.302465670659888,0.45578992603247015,0.0,32.62957696970533
2.52,34.256918869063526,-1.6185308381471386,8.299072704360235,0.5647823314654966,0.0,32.63838803091639
2.521,34.265216245906096,-1.617911590891083,8.295681231709136,0.6736989579243882,0.0,32.64730465501501
2.5220000000000002,34.27351023203277,-1.6171834678622778,8.292291276539865,0.7825326920574175,0.0,32.656326764170494
2.523,34.28180082897293,-1.616346555506456,8.288902862649993,0.8912764284040523,0.0,32.66545427346648
2.524,34.29008803827975,-1.6154009473706725,8.2855160137998,0.9999230698580217,0.0,32.674687090909075
2.525,34.29837186153012,-1.6143467440947188,8.282130753710716,1.1084655281296745,0.0,32.684025117435404
2.5260000000000002,34.30665230032465,-1.6131840534020752,8.278747106063745,1.2168967242075994,0.0,32.69346824692258
2.527,34.31492935628761,-1.6119129900904023,8.275365094497909,1.325209588819479,0.0,32.703016366197204
2.528,34.323203031066875,-1.6105336760215723,8.271984742608677,1.4333970628921442,0.0,32.7126693550453
2.529,34.33147332633391,-1.6090462401112386,8.268606073946412,1.5414520980108024,0.0,32.722427086222666
2.5300000000000002,34.33974024378368,-1.60745081831795,8.26522911201482,1.6493676568774078,0.0,32.73228942546573
2.531,34.348003785134665,-1.6057475536318035,8.261853880269395,1.757136713768145,0.0,32.742256231502864
2.532,34.35626395212875,-1.6039365960626437,8.25848040211587,1.8647522549899953,0.0,32.752327356066104
2.533,34.36452074653121,-1.602018102627802,8.255108700908679,1.972207279336357,0.0,32.76250264390341
2.5340000000000003,34.372774170130654,-1.5999922373393838,8.251738799949413,2.0794947985416896,0.0,32.77278193279127
2.535,34.381024224738944,-1.5978591711911008,8.248370722485289,2.1866078377351528,0.0,32.78316505354784
2.536,34.389270912191186,-1.5956190821446494,8.245004491707613,2.2935394358932104,0.0,32.793651830046535
2.537,34.397514234345635,-1.593272155115638,8.24164013075026,2.4002826462911706,0.0,32.80424207923
2.5380000000000003,34.40575419308365,-1.5908185819590617,8.23827766268815,2.5068305369536317,0.0,32.81493561112459
2.539,34.41399079030965,-1.5882585614543299,8.234917110535719,2.613176191103807,0.0,32.825732228855315
2.54,34.42222402795101,-1.5855922992898424,8.231558497245421,2.719312707611698,0.0,32.83663172866117
2.541,34.430453907958054,-1.5828200080471193,8.22820184570621,2.825233201441084,0.0,32.84763389991093
2.5420000000000003,34.43868043230395,-1.5799419071844842,8.224847178742031,2.9309308040953077,0.0,32.85873852511946
2.543,34.44690360298465,-1.5769582230203025,8.221494519110335,3.0363986640618172,0.0,32.86994537996434
2.544,34.45512342201884,-1.5738691887157752,8.21814388950057,3.1416299472554443,0.0,32.88125423330307
2.545,34.463339891447866,-1.5706750442572903,8.214795312532697,3.246617837460387,0.0,32.892664847190574
2.5460000000000003,34.471553013335644,-1.5673760364383338,8.211448810755705,3.351355536770866,0.0,32.90417697689731
2.547,34.47976278976861,-1.563972418840959,8.20810440664613,3.4558362660304303,0.0,32.915790370927645
2.548,34.48796922285563,-1.5604644518168185,8.204762122606583,3.5600532652698824,0.0,32.92750477103881
2.549,34.49617231472796,-1.5568524024677588,8.201421980964279,3.6639997941437925,0.0,32.939319912260196
2.5500000000000003,34.504372067539116,-1.5531365446259782,8.198084003969571,3.7676691323655764,0.0,32.95123552291314
2.551,34.51256848346484,-1.5493171588337515,8.1947482137945,3.871054580141109,0.0,32.96325132463109
2.552,34.52076156470301,-1.5453945323227216,8.191414632531332,3.9741494586008437,0.0,32.975367032380284
2.553,34.52895131347354,-1.541368958992759,8.188083282191124,4.076947110230411,0.0,32.987582354480786
2.5540000000000003,34.53713773201834,-1.537240739390392,8.184754184702273,4.179440899299668,0.0,32.999896992627946
2.555,34.54532082260118,-1.5330101806868088,8.181427361909082,4.281624212290174,0.0,33.01231064191437
2.556,34.55350058750764,-1.528677596655433,8.178102835570336,4.383490458321057,0.0,33.02482299085221
2.557,34.56167702904503,-1.5242433076490727,8.174780627357878,4.485033069573255,0.0,33.037433721395956
2.5580000000000003,34.56985014954226,-1.519707640576649,8.17146075885519,4.586245501712098,0.0,33.050142508965614
2.559,34.57801995134981,-1.5150709288794992,8.168143251555984,4.6871212343082,0.0,33.062949022470306
2.56,34.58618643683958,-1.5103335125072632,8.164828126862798,4.7876537712566405,0.0,33.07585292433232
2.561,34.59434960840485,-1.5054957378933491,8.1615154060856,4.887836641194412,0.0,33.0888538705115
2.562,34.602509468460134,-1.5005579579299841,8.158205110440399,4.987663397916094,0.0,33.10195151053015
2.563,34.61066601944115,-1.4955205319428495,8.154897261047854,5.087127620787739,0.0,33.115145487498296
2.564,34.61881926380466,-1.4903838256653028,8.1515918789319,5.186222915158934,0.0,33.128435438139356
2.565,34.62696920402842,-1.4851482112121894,8.148288985018382,5.284942912773024,0.0,33.14182099281623
2.566,34.63511584261104,-1.479814067053244,8.144988600133686,5.3832812721754575,0.0,33.1553017755578
2.567,34.64325918207194,-1.4743817779860857,8.141690745003382,5.481231679120233,0.0,33.16887740408585
2.568,34.65139922495118,-1.4688517351088064,8.138395440250877,5.578787846974429,0.0,33.18254748984237
2.569,34.659535973809405,-1.4632243357921566,8.135102706396072,5.675943517120778,0.0,33.19631163801725
2.57,34.66766943122774,-1.4574999836513294,8.131812563854028,5.772692459358263,0.0,33.21016944757641
2.571,34.67579959980766,-1.4516790885173443,8.128525032933636,5.869028472300718,0.0,33.224120511290316
2.572,34.68392648217089,-1.4457620664080346,8.125240133836295,5.964945383773401,0.0,33.23816441576285
2.573,34.692050080959305,-1.439749339498638,8.121957886654604,6.060437051207513,0.0,33.252300741460665
2.574,34.70017039883483,-1.4336413360919946,8.118678311371054,6.155497362032642,0.0,33.26652906274283
2.575,34.7082874384793,-1.4274384905883526,8.11540142785673,6.250120234067099,0.0,33.28084894789095
2.576,34.71640120259438,-1.4211412434547859,8.112127255870021,6.344299615906138,0.0,33.2952599591396
2.577,34.724511693901434,-1.4147500411942238,8.108855815055342,6.4380294873080155,0.0,33.30976165270721
2.578,34.732618915141394,-1.4082653363140956,8.105587124941852,6.531303859577875,0.0,33.3243535788273
2.579,34.74072286907469,-1.401687587294593,8.102321204942196,6.624116775949434,0.0,33.33903528178009
2.58,34.748823558481085,-1.3950172585565517,8.099058074351245,6.716462311964444,0.0,33.353806299924535
2.581,34.75692098615959,-1.3882548204289538,8.09579775234484,6.808334575849902,0.0,33.36866616573064
2.582,34.76501515492833,-1.381400749116056,8.092540257978559,6.899727708892988,0.0,33.383614405812274
2.583,34.77310606762441,-1.3744555266641423,8.089285610186478,6.990635885813707,0.0,33.39865054096027
2.584,34.78119372710383,-1.3674196409279058,8.08603382777995,7.08105331513521,0.0,33.41377408617593
2.585,34.789278136241336,-1.3602935855364613,8.082784929446385,7.170974239551772,0.0,33.428984550704875
2.586,34.79735929793028,-1.3530778598589914,8.079538933748045,7.260392936294403,0.0,33.444281438071286
2.587,34.80543721508253,-1.345772968970028,8.076295859120846,7.349303717494065,0.0,33.459664246112496
2.588,34.81351189062832,-1.3383794236143716,8.073055723873159,7.437700930542479,0.0,33.47513246701395
2.589,34.82158332751613,-1.3308977401716509,8.069818546184642,7.525578958450499,0.0,33.49068558734448
2.59,34.82965152871256,-1.3233284406205261,8.066584344105054,7.61293222020402,0.0,33.50632308809203
2.591,34.83771649720219,-1.3156720525025367,8.0633531355531,7.69975517111741,0.0,33.52204444469965
2.592,34.845778235987446,-1.307929108885597,8.060124938315273,7.786042303184433,0.0,33.53784912710185
2.593,34.85383674808848,-1.3001001483271428,8.056899770044705,7.871788145426659,0.0,33.55373659976134
2.594,34.86189203654304,-1.29218571483693,8.053677648260036,7.956987264239305,0.0,33.56970632170611
2.595,34.8699441044063,-1.2841863578394892,8.050458590344284,8.04163426373453,0.0,33.58575774656681
2.596,34.87799295475077,-1.2761026321362388,8.047242613543727,8.125723786082121,0.0,33.60189032261454
2.597,34.88603859066613,-1.267935097867257,8.044029734966792,8.209250511847575,0.0,33.61810349279887
2.598,34.894081015259104,-1.2596843204727193,8.040819971582959,8.292209160327548,0.0,33.63439669478638
2.599,34.902120231653306,-1.251350870654,8.037613340221668,8.374594489882641,0.0,33.650769360999305
2.6,34.91015624298912,-1.242935324334443,8.034409857571243,8.456401298267524,0.0,33.66722091865468
2.601,34.918189052423536,-1.2344382626198043,8.031209540177814,8.537624422958345,0.0,33.68375078980373
2.602,34.92621866313003,-1.225860271758367,8.028012404444267,8.61825874147744,0.0,33.700358391371665
2.603,34.9342450782984,-1.2172019431007355,8.024818466629181,8.698299171715298,0.0,33.71704313519767
2.604,34.94226830113464,-1.2084638730593056,8.021627742845794,8.777740672249765,0.0,33.73380442807533
2.605,34.950288334860765,-1.1996466630674198,8.01844024906097,8.856578242662472,0.0,33.750641671793346
2.606,34.9583051827147,-1.1907509195382069,8.015256001094174,8.934806923852475,0.0,33.76755426317649
2.607,34.96631884795012,-1.1817772538231075,8.01207501461647,9.012421798347063,0.0,33.78454159412701
2.608,34.97432933383628,-1.1727262821700926,8.008897305149503,9.089417990609743,0.0,33.80160305166619
2.609,34.98233664365789,-1.1635986256815745,8.005722888064525,9.165790667345362,0.0,33.818738017976315
2.61,34.99034078071495,-1.154394910272014,8.002551778581406,9.241535037802356,0.0,33.83594587044294
2.611,34.998341748322616,-1.1451157666252263,7.999383991767663,9.316646354072105,0.0,33.85322598169739
2.612,35.006339549811024,-1.1357618301513908,7.996219542537498,9.391119911385383,0.0,33.870577719659636
2.613,35.01433418852515,-1.1263337409437635,7.993058445650853,9.464951048405863,0.0,33.88800044758138
2.614,35.022325667824646,-1.1168321437350994,7.989900715712466,9.538135147520691,0.0,33.90549352408954
2.615,35.03031399108371,-1.1072576878537845,7.986746367170945,9.610667635128078,0.0,33.92305630322993
2.616,35.03829916169089,-1.0976110271796822,7.983595414317848,9.682543981921915,0.0,33.940688134511205
2.617,35.046281183048954,-1.087892820099697,7.980447871286772,9.75375970317339,0.0,33.95838836294926
2.618,35.054260058574734,-1.0781037294630569,7.977303752052464,9.824310359009578,0.0,33.976156329111674
2.619,35.06223579169894,-1.0682444225363206,7.974163070429924,9.894191554688993,0.0,33.993991369162615
2.62,35.070208385866025,-1.0583155709581085,7.971025840073538,9.963398940874095,0.0,34.01189281490792
2.621,35.07817784453401,-1.0483178506935642,7.967892074476207,10.031928213900718,0.0,34.02985999384045
2.622,35.08614417117434,-1.0382519419885476,7.9647617869684995,10.09977511604442,0.0,34.04789222918579
2.623,35.094107369271704,-1.0281185293235637,7.9616349907178,10.166935435783715,0.0,34.06598883994814
2.624,35.10206744232387,-1.0179183013674287,7.958511698727486,10.233405008060204,0.0,34.08414914095644
2.625,35.110024393841535,-1.0076519509306783,7.955391923836099,10.299179714535551,0.0,34.102372442910855
2.626,35.11797822734814,-0.997320174918721,7.952275678716539,10.364255483845323,0.0,34.12065805242942
2.6270000000000002,35.12592894637973,-0.986923674284738,7.949162975875266,10.428628291849655,0.0,34.13900527209499
2.628,35.133876554484765,-0.9764631539823349,7.946053827651511,10.492294161880736,0.0,34.15741340050243
2.629,35.141821055223964,-0.9659393229179469,7.942948246216498,10.555249164987092,0.0,34.17588173230602
2.63,35.14976245217013,-0.9553528939030024,7.939846243572685,10.617489420174666,0.0,34.194409558267125
2.6310000000000002,35.157700748907985,-0.9447045836058454,7.936747831553002,10.67901109464466,0.0,34.21299616530214
2.632,35.165635949034,-0.9339951125034237,7.933653021820115,10.739810404028146,0.0,34.23164083653057
2.633,35.17356805615622,-0.9232252048327421,7.930561825865693,10.799883612617416,0.0,34.25034285132348
2.634,35.1814970738941,-0.9123955885420876,7.927474255009689,10.859227033594054,0.0,34.26910148535201
2.6350000000000002,35.189423005878325,-0.901506995242027,7.92439032039963,10.917837029253747,0.0,34.287916010636295
2.636,35.19734585575064,-0.8905601601561821,7.921310033009925,10.975710011227768,0.0,34.306785695594456
2.637,35.20526562716368,-0.8795558220717845,7.9182334036411754,11.032842440701181,0.0,34.3257098050919
2.638,35.213182323780806,-0.8684947232900141,7.915160442919506,11.08923082862769,0.0,34.34468760049079
2.6390000000000002,35.22109594927589,-0.8573776095761246,7.9120911612959,11.14487173594118,0.0,34.363718339699766
2.64,35.229006507333196,-0.846205230109359,7.909025569045553,11.19976177376389,0.0,34.382801277223834
2.641,35.23691400164715,-0.834978337432658,7.9059636762672305,11.253897603611229,0.0,34.40193566421449
2.642,35.244818435922205,-0.8236976874021665,7.902905492882647,11.307275937593216,0.0,34.42112074852004
2.6430000000000002,35.25271981387264,-0.8123640391365394,7.899851028635848,11.359893538612544,0.0,34.4403557747361
2.644,35.26061813922239,-0.8009781549660513,7.896800293092609,11.411747220559233,0.0,34.459639984256334
2.645,35.26851341570486,-0.7895408003815132,7.893753295639843,11.462833848501877,0.0,34.47897261532334
2.646,35.27640564706277,-0.778052743983,7.890710045485024,11.513150338875473,0.0,34.49835290307977
2.6470000000000002,35.28429483704794,-0.7665147574283911,7.887670551655622,11.562693659665818,0.0,34.51778007961955
2.648,35.29218098942114,-0.7549276153817297,7.884634822998542,11.611460830590458,0.0,34.53725337403941
2.649,35.30006410795189,-0.743292095461401,7.881602868179591,11.659448923276186,0.0,34.55677201249049
2.65,35.30794419641828,-0.7316089781881361,7.8785746956829374,11.706655061433079,0.0,34.57633521823015
2.6510000000000002,35.3158212586068,-0.7198790469328435,7.8755503138105984,11.753076421025058,0.0,34.59594221167396
2.652,35.32369529831215,-0.7081030878642711,7.872529730681934,11.79871023043696,0.0,34.61559221044788
2.653,35.331566319337064,-0.6962818898965029,7.869512954233149,11.84355377063812,0.0,34.63528442944056
2.654,35.3394343254921,-0.6844162446362945,7.8664999922168155,11.887604375342452,0.0,34.655018080855804
2.6550000000000002,35.347299320595496,-0.6725069463302501,7.8634908522014,11.930859431165008,0.0,34.674792374265245
2.656,35.355161308472965,-0.6605547918118444,7.860485541570807,11.973316377775026,0.0,34.69460651666112
2.657,35.3630202929575,-0.6485605804482931,7.857484067523934,12.014972708045441,0.0,34.71445971250921
2.658,35.37087627788922,-0.6365251140872764,7.8544864370742395,12.055825968198855,0.0,34.73435116380194
2.6590000000000003,35.37872926711513,-0.6244491970035173,7.851492657049318,12.095873757949962,0.0,34.75428007011162
2.66,35.38657926448901,-0.6123336358452203,7.8485027340904985,12.13511373064442,0.0,34.77424562864379
2.661,35.394426273871154,-0.600179239580372,7.845516674652442,12.173543593394154,0.0,34.794247034290784
2.662,35.40227029912825,-0.5879868194429092,7.842534485002763,12.211161107209088,0.0,34.814283479685336
2.6630000000000003,35.41011134413312,-0.5757571888787559,7.839556171221655,12.247964087125307,0.0,34.83435415525437
2.664,35.417949412764614,-0.5634911634917351,7.836581739201533,12.28395040232962,0.0,34.85445824927288
2.665,35.42578450890735,-0.551189560989357,7.8336111946466875,12.319117976280536,0.0,34.87459494791799
2.666,35.43361663645157,-0.5388532011284883,7.830644543072951,12.353464786825645,0.0,34.89476343532308
2.6670000000000003,35.441445799292936,-0.5264829056609063,7.827681789807377,12.38698886631539,0.0,34.91496289363203
2.668,35.44927200133234,-0.51407949827874,7.824722939987927,12.419688301713217,0.0,34.9351925030536
2.669,35.45709524647572,-0.5016438045598042,7.82176799856318,12.451561234702126,0.0,34.95545144191591
2.67,35.46491553863385,-0.4891766519128278,7.818816970292046,12.482605861787581,0.0,34.975738886721025
2.6710000000000003,35.47273288172221,-0.47667886952258137,7.8158698597434935,12.512820434396803,0.0,34.99605401219963
2.672,35.48054727966071,-0.4641512882949076,7.812926671296293,12.542203258974414,0.0,35.016395991365805
2.673,35.48835873637357,-0.4515947408016571,7.809987409138771,12.57075269707446,0.0,35.03676399557191
2.674,35.49616725578909,-0.43901006122553504,7.807052077268574,12.598467165448769,0.0,35.05715719456355
2.6750000000000003,35.50397284183948,-0.4263980853048602,7.804120679492449,12.625345136131683,0.0,35.07757475653462
2.676,35.51177549846065,-0.4137596502782418,7.801193219426036,12.651385136521114,0.0,35.098015848182406
2.677,35.51957522959205,-0.40109559482917717,7.7982697004936705,12.676585749455958,0.0,35.11847963476287
2.678,35.527372039176434,-0.38840675903057326,7.795350125928201,12.70094561328984,0.0,35.13896528014586
2.6790000000000003,35.53516593115971,-0.37569398428919665,7.79243449877082,12.7244634219612,0.0,35.15947194687051
2.68,35.542956909490734,-0.36295811329005523,7.789522821870904,12.747137925059707,0.0,35.17999879620068
2.681,35.550744978121095,-0.3501999899407154,7.786615097885868,12.768967927889003,0.0,35.20054498818038
2.682,35.558530141004965,-0.3374204593155581,7.783711329281035,12.789952291525772,0.0,35.221109681689406
2.6830000000000003,35.56631240209888,-0.3246203675999778,7.780811518329514,12.810089932875137,0.0,35.241692034498904
2.684,35.574091765361544,-0.31180056203452805,7.7779156671120955,12.82937982472237,0.0,35.26229120332702
2.685,35.58186823475365,-0.2989618908590168,7.775023777517153,12.847820995780928,0.0,35.28290634389463
2.686,35.58964181423769,-0.2861052032565558,7.772135851240564,12.865412530736807,0.0,35.30353661098113
2.6870000000000003,35.59741250777774,-0.2732313492975675,7.769251889785639,12.882153570289198,0.0,35.32418115848017
2.688,35.605180319339304,-0.2603411798837529,7.766371894463065,12.89804331118748,0.0,35.34483913945555
2.689,35.612945252889084,-0.24743554669202458,7.763495866390863,12.913081006264505,0.0,35.36550970619706
2.69,35.62070731239481,-0.23451530211840804,7.760623806494356,12.927265964466207,0.0,35.3861920102764
2.691,35.628466501825045,-0.22158129922191536,7.757755715506146,12.940597550877511,0.0,35.40688520260313
2.692,35.63622282514898,-0.20863439166839473,7.754891593966118,12.95307518674457,0.0,35.42758843348058
2.693,35.64397628633625,-0.19567543367435974,7.752031442221433,12.964698349493299,0.0,35.44830085266189
2.694,35.651726889356745,-0.18270527995080185,7.7491752604265605,12.97546657274422,0.0,35.46902160940594
2.695,35.65947463818041,-0.16972478564698987,7.746323048543301,12.985379446323632,0.0,35.48974985253342
2.696,35.66721953677706,-0.15673480629426012,7.743474806340834,12.99443661627107,0.0,35.5104847304828
2.697,35.67496158911618,-0.14373619774980112,7.740630533395776,13.002637784843095,0.0,35.53122539136638
2.698,35.68270079916674,-0.13072981614043605,7.737790229092248,13.009982710513396,0.0,35.5519709830263
2.699,35.690437170896985,-0.11771651780640723,7.734953892621959,13.016471207969197,0.0,35.57272065309058
2.7,35.69817070827427,-0.10469715924516582,7.732121522984302,13.02210314810398,0.0,35.593473549029106
2.701,35.70590141526484,-0.09167259705517079,7.729293118986458,13.026878458006543,0.0,35.61422881820967
2.702,35.71362929583366,-0.07864368787970064,7.72646867924352,13.030797120946357,0.0,35.634985607953965
2.703,35.72135435394422,-0.06561128835068149,7.723648202178623,13.033859176355259,0.0,35.65574306559354
2.704,35.729076593558325,-0.05257625503253546,7.72083168602309,13.036064719805463,0.0,35.67650033852579
2.705,35.73679601863592,-0.03953944436605283,7.71801912881659,13.0374139029839,0.0,35.69725657426987
2.706,35.744512633134896,-0.02650171261229162,7.715210528407308,13.037906933662894,0.0,35.7180109205226
2.707,35.75222644101089,-0.01346391579650846,7.712405882452128,13.037544075667157,0.0,35.73876252521438
2.708,35.75993744621711,-0.0004269096521241772,7.709605188416826,13.036325648837137,0.0,35.75951053656498
2.709,35.767645652704125,0.012608450435272069,7.706808443576282,13.034252028988698,0.0,35.7802541031394
2.71,35.775351064419695,0.025641309483876516,7.704015645014696,13.031323647869147,0.0,35.80099237390357
2.711,35.78305368530855,0.03867081297157874,7.701226789625823,13.027540993109607,0.0,35.82172449828013
2.712,35.79075351931224,0.05169610689182014,7.6984418741132155,13.022904608173747,0.0,35.84244962620406
2.713,35.798450570368914,0.06471633780939931,7.6956608949904854,13.017415092302864,0.0,35.863166908178314
2.714,35.80614484241313,0.07773065291622075,7.692883848581569,13.011073100457336,0.0,35.883875495329356
2.715,35.8138363393757,0.09073820008698308,7.69011073102101,13.003879343254438,0.0,35.90457453946268
2.716,35.821525065183444,0.10373812793480337,7.687341538254255,12.995834586902523,0.0,35.92526319311825
2.717,35.82921102375906,0.11672958586677386,7.684576266037964,12.986939653131598,0.0,35.94594060962583
2.718,35.8368942190209,0.12971172413944726,7.68181490994032,12.977195419120271,0.0,35.966605943160346
2.719,35.84457465488278,0.14268369391424746,7.6790574653413675,12.966602817419094,0.0,35.98725834879703
2.72,35.852252335253816,0.15564464731280153,7.676303927433356,12.955162835870302,0.0,36.00789698256662
2.721,35.85992726403822,0.16859373747218986,7.673554291221092,12.942876517523954,0.0,36.02852100151041
2.722,35.867599445135106,0.18153011860011053,7.670808551522308,12.929744960550483,0.0,36.049129563735214
2.723,35.87526888243832,0.19445294602995444,7.668066702968045,12.915769318149668,0.0,36.069721828468275
2.724,35.88293557983624,0.20736137627578766,7.665328740003042,12.900950798456023,0.0,36.09029695611203
2.725,35.890599541211614,0.2202545670872374,7.662594656886139,12.885290664440621,0.0,36.11085410829885
2.726,35.89826077044133,0.233131677504278,7.659864447690698,12.868790233809362,0.0,36.13139244794561
2.727,35.90591927139627,0.24599186791191333,7.657138106305027,12.851450878897676,0.0,36.15191113930818
2.728,35.913575047941116,0.25883430009475233,7.654415626432822,12.833274026561694,0.0,36.17240934803587
2.729,35.921228103934155,0.2716581372914737,7.65169700159362,12.814261158065872,0.0,36.19288624122563
2.73,35.9288784432271,0.2844625442491766,7.648982225123259,12.794413808967095,0.0,36.21334098747627
2.731,35.936526069664914,0.2972466872776138,7.64627129017436,12.77373356899526,0.0,36.23377275694253
2.732,35.94417098708562,0.31000973430330314,7.64356418971681,12.752222081930343,0.0,36.25418072138892
2.733,35.951813199320114,0.32275085492351524,7.640860916538266,12.729881045475977,0.0,36.274564054243626
2.734,35.959452710192,0.335469220460132,7.6381614632446615,12.706712211129528,0.0,36.29492193065213
2.735,35.96708952351738,0.34816400401337416,7.635465822260735,12.68271738404869,0.0,36.31525352753076
2.736,35.97472364310471,0.36083438051539346,7.6327739858305605,12.657898422914618,0.0,36.3355580236201
2.737,35.982355072754586,0.3734795267837262,7.630085946018097,12.632257239791592,0.0,36.35583459953831
2.738,35.98998381625959,0.38609862157460473,7.627401694707745,12.605795799983229,0.0,36.37608243783419
2.739,35.99760987740408,0.39869084563612345,7.624721223604919,12.578516121885256,0.0,36.396300723040206
2.74,36.00523325996405,0.411255381761256,7.622044524236623,12.550420276834863,0.0,36.41648864172531
2.741,36.012853967706924,0.42379141484071975,7.619371587952051,12.521510388956617,0.0,36.436645382547646
2.742,36.02047200439138,0.436298131915685,7.616702405923185,12.491788635004989,0.0,36.456770136307064
2.743,36.02808737376719,0.44877472223032455,7.614036969145416,12.461257244203475,0.0,36.47686209599752
2.744,36.03570007957504,0.46122037728420084,7.611375268438167,12.429918498080335,0.0,36.496920456859236
2.745,36.04331012554631,0.4736342908844873,7.608717294445532,12.397774730300961,0.0,36.5169444164308
2.746,36.05091751540299,0.4860156591980201,7.60606303763693,12.36482832649688,0.0,36.53693317460101
2.747,36.05852225285742,0.49836368080317767,7.603412488307758,12.33108172409142,0.0,36.5568859336606
2.748,36.06612434161215,0.5106775567415838,7.600765636580072,12.296537412122033,0.0,36.576801898353736
2.749,36.073723785359775,0.5229564905696312,7.598122472403264,12.261197931059291,0.0,36.59668027592941
2.75,36.08132058778274,0.5351996884098235,7.595482985554758,12.225065872622588,0.0,36.61652027619257
2.751,36.0889147525532,0.5474063590019296,7.592847165640718,12.188143879592536,0.0,36.636321111555134
2.7520000000000002,36.09650628333282,0.5595757137539507,7.590215002096761,12.150434645620074,0.0,36.65608199708677
2.753,36.104095183772614,0.571706966792893,7.587586484188685,12.111940915032323,0.0,36.67580215056551
2.754,36.11168145751278,0.5837993350153461,7.584961601013209,12.07266548263517,0.0,36.69548079252813
2.755,36.11926510818253,0.5958520381378611,7.582340341498722,12.032611193512626,0.0,36.715117146320395
2.7560000000000002,36.12684613939992,0.6078642987471276,7.57972269440604,11.991780942822938,0.0,36.73471043814705
2.757,36.134424554771684,0.6198353423499441,7.57710864832918,11.950177675591515,0.0,36.75425989712163
2.758,36.14200035789307,0.631764397422981,7.574498191696138,11.907804386500633,0.0,36.77376475531605
2.759,36.149573552347654,0.6436506954623303,7.571891312769686,11.864664119675966,0.0,36.79322424780998
2.7600000000000002,36.157144141707214,0.6554934710328415,7.569287999648167,11.82075996846996,0.0,36.812637612740055
2.761,36.16471212953154,0.6672919618172382,7.566688240266315,11.776095075242027,0.0,36.83200409134878
2.762,36.17227751936826,0.6790454086650142,7.564092022396077,11.730672631135645,0.0,36.85132292803327
2.763,36.17984031475271,0.6907530556411048,7.56149933364744,11.684495875852289,0.0,36.87059337039381
2.7640000000000002,36.18740051920775,0.7024141500743306,7.558910161469286,11.637568097422292,0.0,36.88981466928208
2.765,36.194958136243606,0.7140279426056101,7.556324493150239,11.589892631972608,0.0,36.90898607884922
2.766,36.202513169357715,0.7255936872359392,7.553742315819532,11.54147286349149,0.0,36.92810685659366
2.767,36.21006562203457,0.7371106413741335,7.551163616447881,11.492312223590128,0.0,36.9471762634087
2.7680000000000002,36.21761549774554,0.7485780658843308,7.548588381848371,11.44241419126124,0.0,36.96619356362987
2.769,36.22516279994875,0.7599952251332508,7.54601659867735,11.391782292634637,0.0,36.985158025082
2.77,36.23270753208888,0.7713613870372084,7.5434482534353355,11.340420100729796,0.0,37.00406891912609
2.771,36.24024969759705,0.7826758231088785,7.540883332467927,11.288331235205424,0.0,37.02292552070593
2.7720000000000002,36.24778929989064,0.7939378085038092,7.538321821966732,11.235519362106071,0.0,37.04172710839445
2.773,36.25532634237315,0.8051466220666792,7.535763707970301,11.181988193605777,0.0,37.06047296443983
2.774,36.26286082843405,0.816301546377298,7.533208976365072,11.127741487748786,0.0,37.07916237481135
2.775,36.2703927614486,0.8274018677963454,7.53065761288632,11.072783048187349,0.0,37.097794629244945
2.7760000000000002,36.27792214477773,0.8384468765108471,7.528109603119128,11.01711672391662,0.0,37.11636902128858
2.777,36.28544898176789,0.849435866579384,7.5255649324993525,10.960746409006678,0.0,37.134884848347276
2.778,36.29297327575088,0.8603681359770314,7.523023586314612,10.903676042331675,0.0,37.153341411727915
2.779,36.30049503004372,0.8712429866400274,7.520485549705275,10.845909607296159,0.0,37.17173801668375
2.7800000000000002,36.308014247948485,0.8820597245101643,7.517950807665461,10.787451131558553,0.0,37.19007397245865
2.781,36.31553093275219,0.8928176595789039,7.5154193450440525,10.728304686751844,0.0,37.20834859233109
2.782,36.32304508772662,0.9035161059312105,7.512891146545717,10.668474388201473,0.0,37.22656119365783
2.783,36.330556716128186,0.9141543817891016,7.510366196731928,10.607964394640469,0.0,37.24471109791729
2.7840000000000003,36.338065821197794,0.9247318095549119,7.507844480022011,10.54677890792183,0.0,37.26279763075271
2.785,36.3455724061607,0.9352477158542679,7.505325980694185,10.484922172728178,0.0,37.280820122014966
2.786,36.35307647422636,0.9457014315787721,7.502810682886621,10.422398476278705,0.0,37.29877790580513
2.787,36.360578028588314,0.9560922919283908,7.500298570598504,10.359212148033436,0.0,37.31667032051671
2.7880000000000003,36.36807707242402,0.966419636453547,7.497789627691108,10.295367559394819,0.0,37.334496708877566
2.789,36.37557360889473,0.9766828090969115,7.495283837888876,10.230869123406679,0.0,37.35225641799165
2.79,36.38306764114537,0.9868811582348936,7.492781184780513,10.165721294450531,0.0,37.36994879938026
2.791,36.39055917230435,0.9970140367188254,7.490281651820081,10.0999285679393,0.0,37.387573209023174
2.7920000000000003,36.3980482054835,1.0070808019158388,7.487785222328111,10.033495480008453,0.0,37.40512900739934
2.793,36.40553474377789,1.017080815749433,7.485291879492717,9.966426607204571,0.0,37.42261555952732
2.794,36.413018790265724,1.0270134447397288,7.482801606370719,9.898726566171376,0.0,37.440032235005454
2.795,36.42050034800818,1.0368780600434069,7.480314385888776,9.830400013333234,0.0,37.45737840805159
2.7960000000000003,36.42797942004932,1.0466740374933305,7.477830200844526,9.761451644576171,0.0,37.47465345754265
2.797,36.435456009415915,1.0564007576378456,7.475349033907736,9.691886194926404,0.0,37.49185676705376
2.798,36.44293011911736,1.0660576057797595,7.472870867621457,9.621708438226417,0.0,37.50898772489712
2.799,36.45040175214552,1.0756439720149944,7.470395684403189,9.550923186808609,0.0,37.52604572416051
2.8000000000000003,36.45787091147462,1.0851592512709132,7.467923466546055,9.479535291166528,0.0,37.54303016274554
2.801,36.465337600061126,1.0946028433443145,7.465454196219978,9.407549639623717,0.0,37.55994044340544
2.802,36.47280182084359,1.1039741529390967,7.46298785547287,9.334971158000199,0.0,37.57677597378269
2.803,36.48026357674258,1.1132725897035871,7.460524426231829,9.26180480927661,0.0,37.593536166446164
2.8040000000000003,36.4877228706605,1.1224975682675327,7.458063890304339,9.188055593256022,0.0,37.61022043892803
2.805,36.495179705481526,1.131648508278753,7.455606229379481,9.113728546223467,0.0,37.62682821376028
2.806,36.50263408407145,1.1407248344394512,7.453151425029153,9.038828740603174,0.0,37.643358918510906
2.807,36.51008600927759,1.1497259765421801,7.450699458709293,8.96336128461358,0.0,37.65981198581977
2.8080000000000003,36.51753548392866,1.1586513695054639,7.44825031176111,8.887331321920088,0.0,37.676186853434125
2.809,36.524982510834654,1.1675004534090698,7.445803965412325,8.810744031285642,0.0,37.69248296424372
2.81,36.53242709278673,1.1762726735289308,7.443360400778417,8.733604626219105,0.0,37.70869976631566
2.811,36.53986923255712,1.184967480371714,7.440919598863875,8.655918354621495,0.0,37.724836712928834
2.8120000000000003,36.547308932899,1.1935843297090354,7.438481540563459,8.57769049843008,0.0,37.74089326260803
2.813,36.55474619654638,1.2021226826113176,7.436046206663468,8.498926373260366,0.0,37.7568688791577
2.814,36.56218102621402,1.2105820054812875,7.433613577843009,8.419631328046004,0.0,37.772763031695305
2.815,36.569613424597286,1.2189617700871143,7.431183634675283,8.339810744676633,0.0,37.7885751946844
2.816,36.577043394372076,1.2272614535951827,7.428756357628866,8.259470037633694,0.0,37.80430484796726
2.817,36.584470938194706,1.2354805386025027,7.426331727069007,8.178614653624223,0.0,37.81995147679721
2.818,36.5918960587018,1.2436185131687507,7.423909723258923,8.09725007121267,0.0,37.83551457187055
2.819,36.599318758510194,1.251674870847942,7.421490326361107,8.01538180045075,0.0,37.850993629358136
2.82,36.606739040216844,1.259649110719732,7.419073516438639,7.933015382505356,0.0,37.86638815093658
2.821,36.61415690639872,1.2675407374203456,7.416659273456505,7.850156389284566,0.0,37.88169764381907
2.822,36.6215723596127,1.275349261173129,7.414247577282917,7.76681042306176,0.0,37.896921620785825
2.823,36.628985402395486,1.2830741978187277,7.411838407690648,7.682983116097882,0.0,37.912059600214214
2.824,36.6363960372635,1.2907150688448836,7.409431744358363,7.598680130261856,0.0,37.927111106108384
2.825,36.64380426671282,1.2982714014158527,7.407027566871964,7.513907156649206,0.0,37.94207566812867
2.826,36.651210093219035,1.3057427284014402,7.404625854725932,7.428669915198879,0.0,37.956952821620476
2.827,36.65861351923719,1.3131285884056518,7.402226587324685,7.342974154308316,0.0,37.97174210764285
2.828,36.666014547201705,1.3204285257949588,7.399829743983931,7.256825650446795,0.0,37.986443072996664
2.829,36.67341317952626,1.327642090726176,7.397435303932033,7.170230207767054,0.0,38.00105527025244
2.83,36.680809418603715,1.3347688391739496,7.3950432463113795,7.083193657715248,0.0,38.01557825777766
2.831,36.68820326680605,1.3418083329578565,7.392653550179754,6.99572185863924,0.0,38.0300115997639
2.832,36.69559472648424,1.3487601397691078,7.3902661945117165,6.907820695395274,0.0,38.04435486625334
2.833,36.702983799968194,1.355623833196861,7.387881158199987,6.819496078953034,0.0,38.05860763316505
2.834,36.71037048956669,1.3623989927541347,7.385498420056831,6.730753945999142,0.0,38.07276948232083
2.835,36.717754797567274,1.3690852039033263,7.383117958815459,6.641600258539094,0.0,38.0868400014706
2.836,36.72513672623618,1.3756820580813325,7.380739753131419,6.552041003497681,0.0,38.10081878431751
2.837,36.732516277818256,1.382189152724267,7.3783637815839995,6.462082192317916,0.0,38.11470543054252
2.838,36.7398934545369,1.3886060912917775,7.375990022677642,6.3717298605584825,0.0,38.128499545828674
2.839,36.74726825859397,1.3949324832909609,7.373618454843345,6.280990067489754,0.0,38.14220074188493
2.84,36.75464069216973,1.401167944299871,7.371249056440086,6.189868895688391,0.0,38.1558086364696
2.841,36.76201075742276,1.4073120959906218,7.368881805756239,6.098372450630548,0.0,38.16932285341338
2.842,36.76937845648989,1.4133645661520833,7.366516681010999,6.0065068602837295,0.0,38.18274302264197
2.843,36.77674379148615,1.4193249887121684,7.364153660355813,5.914278274697301,0.0,38.19606878019832
2.844,36.78410676450466,1.4251930037597087,7.361792721875806,5.821692865591703,0.0,38.20929976826437
2.845,36.791467377616634,1.4309682575659204,7.3594338435912245,5.728756825946384,0.0,38.222435635182556
2.846,36.798825632871235,1.4366504026054565,7.3570770034588735,5.635476369586477,0.0,38.235476035476694
2.847,36.80618153229557,1.4422390975770454,7.354722179373558,5.541857730768259,0.0,38.24842062987261
2.848,36.813535077894606,1.447734007423714,7.3523693491695346,5.4479071637634116,0.0,38.26126908531832
2.849,36.820886271651126,1.4531348033525948,7.350018490621958,5.3536309424421145,0.0,38.27402107500372
2.85,36.82823511552564,1.458441162854316,7.347669581448337,5.259035359854993,0.0,38.28667627837996
2.851,36.83558161145637,1.4636527697219714,7.345322599309993,5.1641267278139615,0.0,38.299234381178344
2.852,36.84292576135915,1.4687693140696731,7.342977521813519,5.0689113764719735,0.0,38.31169507542882
2.853,36.850267567127396,1.4737904923506806,7.340634326512243,4.9733956539017194,0.0,38.32405805947808
2.854,36.85760703063207,1.4787160073751102,7.3382929909076955,4.877585925673293,0.0,38.33632303800718
2.855,36.864944153721595,1.4835455683272207,7.33595349245108,4.781488574430861,0.0,38.34848972204882
2.856,36.872278938221825,1.4882788907822753,7.333615808544742,4.685109999468349,0.0,38.3605578290041
2.857,36.87961138593599,1.4929156967229786,7.331279916543648,4.588456616304197,0.0,38.37252708265897
2.858,36.88694149864465,1.497455714555489,7.328945793756861,4.4915348562551864,0.0,38.384397213200145
2.859,36.89426927810567,1.5018986791250024,7.32661341744902,4.394351166009385,0.0,38.39616795723067
2.86,36.90159472605412,1.5062443317309102,7.324282764841826,4.29691200719823,0.0,38.40783905778503
2.861,36.908917844202314,1.5104924201415286,7.32195381311552,4.199223855967778,0.0,38.419410264343846
2.862,36.9162386342397,1.5146426986083978,7.319626539410381,4.1012932025491535,0.0,38.430881332848095
2.863,36.92355709783285,1.518694927880153,7.3173009208282025,4.003126550828222,0.0,38.442252025713
2.864,36.93087323662542,1.5226488752159621,7.314976934433794,3.9047304179145166,0.0,38.45352211184139
2.865,36.93818705223813,1.5265043143985355,7.31265455725647,3.806111333709446,0.0,38.464691366636664
2.866,36.945498546268674,1.5302610257467002,7.310333766291542,3.707275840473813,0.0,38.47575957201538
2.867,36.952807720291766,1.5339187961275433,7.308014538501822,3.6082304923946746,0.0,38.48672651641931
2.868,36.960114575859045,1.5374774189681217,7.305696850819114,3.508981855151567,0.0,38.49759199482717
2.869,36.96741911449907,1.5409366942667366,7.30338068014572,3.409536505482127,0.0,38.508355808765806
2.87,36.9747213377173,1.544296428603775,7.301066003355936,3.3099010307471426,0.0,38.51901776632107
2.871,36.98202124699603,1.547556435152115,7.298752797297556,3.210082028495052,0.0,38.529577682148144
2.872,36.98931884379441,1.5507165336870947,7.29644103879338,3.1100861060259293,0.0,38.5400353774815
2.873,36.9966141295484,1.5537765505960468,7.294130704642712,3.009919879954979,0.0,38.550390680144446
2.874,37.00390710567074,1.5567363188873946,7.291821771622872,2.909589975775573,0.0,38.56064342455814
2.875,37.01119777355094,1.5595956781993114,7.289514216490699,2.809103027421855,0.0,38.57079345175025
2.876,37.01848613455526,1.562354474807943,7.287208015984059,2.708465676830941,0.0,38.5808406093632
2.8770000000000002,37.025772190026686,1.5650125616351909,7.284903146823358,2.6076845735047516,0.0,38.59078475166188
2.878,37.03305594128492,1.5675697982560584,7.282599585713044,2.506766374071494,0.0,38.60062573954098
2.879,37.04033738962636,1.570026050905557,7.280297309343122,2.405717741846833,0.0,38.61036344053191
2.88,37.04761653632408,1.5723811924851754,7.277996294390663,2.3045453463947707,0.0,38.61999772880925
2.8810000000000002,37.05489338262783,1.5746351025689065,7.275696517521311,2.2032558630882724,0.0,38.62952848519674
2.882,37.06216792976403,1.5767876674088381,7.2733979553907995,2.1018559726696617,0.0,38.63895559717287
2.883,37.06944017893574,1.5788387799403016,7.271100584646457,2.000352360810815,0.0,38.64827895887604
2.884,37.07671013132267,1.5807883397865816,7.26880438192872,1.8987517176731856,0.0,38.65749847110925
2.8850000000000002,37.08397778808116,1.5826362532631857,7.266509323872644,1.797060737467685,0.0,38.666614041344346
2.886,37.091243150344184,1.5843824333816736,7.264215387109414,1.6952861180144516,0.0,38.67562558372586
2.887,37.098506219221356,1.5860267998530464,7.2619225482678535,1.5934345603025337,0.0,38.6845330190744
2.888,37.10576699579891,1.5875692790906952,7.259630783975936,1.4915127680495177,0.0,38.6933362748896
2.8890000000000002,37.1130254811397,1.5890098042129095,7.257340070862294,1.3895274472611296,0.0,38.70203528535261
2.89,37.120281676283234,1.590348315044945,7.255050385557728,1.287485305790838,0.0,38.710629991328176
2.891,37.12753558224563,1.591584758120651,7.252761704696714,1.1853930528994887,0.0,38.71912034036628
2.892,37.13478720001965,1.5927190866836587,7.250474004918912,1.0832573988149994,0.0,38.72750628670331
2.8930000000000002,37.14203653057471,1.5937512606881263,7.248187262870672,0.9810850542921417,0.0,38.73578779126284
2.894,37.14928357485685,1.5946812467990477,7.24590145520654,0.8788827301724427,0.0,38.7439648216559
2.895,37.1565283337888,1.5955090183921177,7.243616558590764,0.7766571369442311,0.0,38.75203735218091
2.896,37.16377080826994,1.5962345555531599,7.241332549698796,0.67441498430286,0.0,38.7600053638231
2.8970000000000002,37.17101099917633,1.5968578450771136,7.239049405218792,0.5721629807111318,0.0,38.76786884425344
2.898,37.17824890736075,1.5973788804665816,7.23676710185312,0.469907832959958,0.0,38.775627787827325
2.899,37.18548453365265,1.5977976619299386,7.2344856163198505,0.3676562457292783,0.0,38.783282195582586
2.9,37.19271787885824,1.5981141963790007,7.232204925354262,0.26541492114927095,0.0,38.79083207523724
2.9010000000000002,37.19994894376046,1.598328497426257,7.229925005710332,0.1631905583618816,0.0,38.79827744118672
2.902,37.207177729119024,1.5984405853816617,7.227645834162237,0.06098985308269929,0.0,38.805618314500684
2.903,37.214404235670415,1.598450487248989,7.225367387505839,-0.04118050283679128,0.0,38.812854722919404
2.904,37.22162846412794,1.5983582367217504,7.223089642560182,-0.14331382184655322,0.0,38.81998670084969
2.9050000000000002,37.22885041518172,1.5981638741786741,7.220812576168975,-0.2454034211349077,0.0,38.82701428936039
2.906,37.236070089498746,1.5978674466787497,7.218536165202085,-0.34744262306498264,0.0,38.833937536177494
2.907,37.243287487722895,1.5974690079558342,7.216260386557018,-0.44942475561067147,0.0,38.84075649567873
2.908,37.250502610474946,1.5969686184128238,7.2139852171604,-0.5513431527920735,0.0,38.84747122888777
2.9090000000000003,37.25771545835262,1.5963663451153904,7.21171063396946,-0.6531911551103873,0.0,38.85408180346801
2.91,37.264926031930614,1.5956622617852834,7.209436613973504,-0.7549621099822291,0.0,38.8605882937159
2.911,37.27213433176064,1.5948564487931964,7.207163134195392,-0.8566493721733482,0.0,38.866990780553834
2.912,37.279340358371435,1.593948993151203,7.204890171693009,-0.9582463042317101,0.0,38.87328935152264
2.9130000000000003,37.28654411226882,1.592939988504757,7.202617703560734,-1.05974627691992,0.0,38.87948410077358
2.914,37.293745593935725,1.5918295351242628,7.200345706930907,-1.161142669646959,0.0,38.88557512905999
2.915,37.30094480383224,1.5906177398962127,7.198074158975291,-1.2624288708992033,0.0,38.89156254372845
2.916,37.308141742395634,1.5893047163138947,7.195803036906532,-1.3635982786707015,0.0,38.89744645870953
2.9170000000000003,37.31533641004043,1.5878905844676698,7.193532317979617,-1.4646443008926766,0.0,38.9032269945081
2.918,37.322528807158406,1.5863754710348208,7.19126197949333,-1.5655603558622315,0.0,38.908904278193226
2.919,37.329718934118674,1.5847595092689717,7.188991998791696,-1.6663398726702254,0.0,38.914478443387644
2.92,37.33690679126771,1.5830428389890812,7.186722353265435,-1.7669762916282943,0.0,38.91994963025679
2.9210000000000003,37.3440923789294,1.5812256065680081,7.1844530203534,-1.8674630646949895,0.0,38.925317985497415
2.922,37.351275697405114,1.5793079649206525,7.18218397754402,-1.9677936559010047,0.0,38.930583662325766
2.923,37.35845674697371,1.5772900734916704,7.179915202376733,-2.067961541773466,0.0,38.935746820465376
2.924,37.36563552789161,1.575172098242766,7.177646672443423,-2.1679602117592536,0.0,38.94080762613438
2.9250000000000003,37.37281204039289,1.572954211639561,7.17537836538984,-2.2677831686473326,0.0,38.94576625203245
2.926,37.37998628468925,1.5706365926380412,7.173110258917035,-2.367423928990063,0.0,38.95062287732729
2.927,37.38715826097017,1.5682194266705838,7.170842330782769,-2.466876023523462,0.0,38.95537768764075
2.928,37.39432796940287,1.5657029056315626,7.168574558802938,-2.566132997586388,0.0,38.960030875034434
2.9290000000000003,37.401495410132455,1.5630872278625376,7.166306920852978,-2.6651884115386286,0.0,38.964582637994994
2.93,37.4086605832819,1.5603725981370244,7.1640393948692775,-2.7640358411778547,0.0,38.96903318141892
2.931,37.41582348895218,1.5575592276448487,7.161771958850575,-2.8626688781554197,0.0,38.97338271659703
2.932,37.42298412722228,1.5546473339760851,7.159504590859361,-2.9610811303909768,0.0,38.977631461198364
2.9330000000000003,37.43014249814928,1.5516371411045826,7.157237269023271,-3.0592662224858858,0.0,38.981779639253865
2.934,37.43729860176844,1.5485288793710756,7.154969971536472,-3.157217796135383,0.0,38.985827481139516
2.935,37.44445243809322,1.5453227854658855,7.1527026766610495,-3.25492951053949,0.0,38.98977522355911
2.936,37.45160400711541,1.5420191024112102,7.150435362728384,-3.35239504281263,0.0,38.99362310952662
2.9370000000000003,37.45875330880513,1.538618079543006,7.1481680081405266,-3.449608088391932,0.0,38.997371388348135
2.938,37.46590034311096,1.5351199724924611,7.145900591371566,-3.54656236144419,0.0,39.00102031560342
2.939,37.47304510995999,1.531525043167063,7.143633090968995,-3.643251595271454,0.0,39.004570153127055
2.94,37.48018760925789,1.5278335597312611,7.141365485555067,-3.7396695427152293,0.0,39.00802116898915
2.9410000000000003,37.487327840888995,1.5240457965867253,7.139097753828149,-3.8358099765592497,0.0,39.01137363747572
2.942,37.49446580471637,1.520162034352204,7.13682987456407,-3.931666689930811,0.0,39.014627839068574
2.943,37.5016015005819,1.5161825598429794,7.134561826617462,-4.027233496700627,0.0,39.01778406042488
2.944,37.50873492830635,1.5121076660499253,7.132293588923099,-4.122504231881191,0.0,39.02084259435628
2.945,37.515866087689496,1.5079376521181669,7.130025140497225,-4.2174727520236095,0.0,39.02380373980766
2.946,37.522994978510134,1.503672823325344,7.12775646043888,-4.312132935612893,0.0,39.02666780183548
2.947,37.53012160052622,1.4993134910594803,7.125487527931218,-4.406478683461667,0.0,39.029435091585704
2.948,37.53724595347494,1.49485997279646,7.123218322242824,-4.500503919102285,0.0,39.0321059262714
2.949,37.544368037072765,1.4903125920771116,7.120948822729015,-4.594202589177319,0.0,39.034680629149875
2.95,37.5514878510156,1.4856716784839048,7.118679008833147,-4.687568663828395,0.0,39.037159529499505
2.951,37.55860539497881,1.4809375676172558,7.116408860087905,-4.78059613708336,0.0,39.039542962596066
2.952,37.56572066861736,1.4761106010714498,7.114138356116594,-4.873279027241745,0.0,39.04183126968881
2.953,37.57283367156587,1.4711911264101762,7.111867476634421,-4.9656113772585035,0.0,39.04402479797604
2.954,37.579944403438724,1.4661794971416833,7.1095962014497704,-5.057587255126005,0.0,39.046123900580405
2.955,37.587052863830166,1.4610760726935488,7.107324510465471,-5.149200754254251,0.0,39.04812893652372
2.956,37.59415905231439,1.4558812183870744,7.1050523836800625,-5.2404459938492955,0.0,39.050040270701466
2.957,37.601262968445624,1.4505953054113006,7.102779801189047,-5.331317119289846,0.0,39.05185827385692
2.958,37.60836461175826,1.4452187107966468,7.10050674318614,-5.421808302502011,0.0,39.05358332255491
2.959,37.61546398176692,1.439751817388177,7.098233189964516,-5.51191374233219,0.0,39.0552157991551
2.96,37.62256107796658,1.4341950138184938,7.095959121918034,-5.601627664918055,0.0,39.056756091785076
2.961,37.62965589983265,1.428548694480263,7.093684519542476,-5.69094432405763,0.0,39.05820459431291
2.962,37.63674844682109,1.4228132594983691,7.091409363436764,-5.779858001576416,0.0,39.05956170631946
2.963,37.643838718368514,1.4169891147017049,7.08913363430417,-5.8683630076925635,0.0,39.06082783307022
2.964,37.65092671389229,1.4110766715945973,7.086857312953531,-5.956453681380049,0.0,39.06200338548689
2.965,37.65801243279065,1.4050763473278711,7.084580380300439,-6.044124390729846,0.0,39.06308878011852
2.966,37.66509587444279,1.3989885646695517,7.082302817368441,-6.1313695333090585,0.0,39.06408443911234
2.967,37.672177038209,1.3928137519752102,7.080024605290217,-6.218183536518005,0.0,39.06499079018421
2.968,37.67925592343074,1.3865523431579532,7.077745725308762,-6.304560857945213,0.0,39.06580826658869
2.969,37.686332529430764,1.380204777658057,7.075466158778551,-6.390495985720323,0.0,39.06653730708882
2.97,37.69340685551326,1.3737715004122522,7.073185887166704,-6.47598343886486,0.0,39.06717835592551
2.971,37.70047890096392,1.367252961822656,7.070904892054138,-6.561017767640864,0.0,39.06773186278658
2.972,37.70754866505009,1.3606496177253593,7.068623155136711,-6.645593553897349,0.0,39.06819828277545
2.973,37.714616147020855,1.3539619293586662,7.066340658226364,-6.729705411414573,0.0,39.068578076379524
2.974,37.72168134610718,1.3471903633309932,7.064057383252249,-6.813347986246095,0.0,39.06887170943818
2.975,37.72874426152202,1.3403353915884244,7.061773312261849,-6.896515957058601,0.0,39.06907965311044
2.976,37.73580489246042,1.33339749138193,7.059488427422096,-6.979204035469471,0.0,39.06920238384235
2.977,37.74286323809967,1.3263771452342474,7.057202711020472,-7.061406966382069,0.0,39.06924038333392
2.978,37.749919297599405,1.3192748409064294,7.05491614546611,-7.143119528318742,0.0,39.069194138505836
2.979,37.75697307010172,1.3120910713640588,7.05262871329088,-7.224336533751488,0.0,39.06906414146578
2.98,37.76402455473132,1.3048263347431344,7.050340397150473,-7.305052829430299,0.0,39.068850889474454
2.981,37.77107375059562,1.2974811343156305,7.048051179825469,-7.385263296709131,0.0,39.06855488491125
2.982,37.77812065678487,1.2900559784547303,7.045761044222404,-7.4649628518694975,0.0,39.0681766352396
2.983,37.78516527237231,1.2825513805997377,7.043469973374822,-7.544146446441664,0.0,39.067716652972045
2.984,37.79220759641426,1.2749678592206695,7.041177950444322,-7.622809067523417,0.0,39.067175455634924
2.985,37.799247627950265,1.2673059377825284,7.038884958721598,-7.7009457380963955,0.0,39.0665535657328
2.986,37.80628536600324,1.259566144709263,7.036590981627464,-7.778551517339955,0.0,39.0658515107125
2.987,37.81332080957957,1.2517490133474138,7.034296002713877,-7.855621500942556,0.0,39.065069822926986
2.988,37.82035395766928,1.2438550819294496,7.032000005664943,-7.932150821410648,0.0,39.06420903959873
2.989,37.82738480924613,1.2358848935367959,7.029702974297926,-8.008134648375034,0.0,39.063269702782925
2.99,37.83441336326775,1.2278389960625584,7.027404892564235,-8.083568188894697,0.0,39.06225235933031
2.991,37.84143961867582,1.2197179421739441,7.025105744550407,-8.158446687758065,0.0,39.061157560849765
2.992,37.84846357439616,1.2115222892743827,7.022805514479087,-8.232765427781702,0.0,39.05998586367055
2.993,37.85548522933888,1.2032525994653491,7.020504186709989,-8.306519730106402,0.0,39.05873782880423
2.994,37.862504582398515,1.1949094395078934,7.018201745740852,-8.379704954490665,0.0,39.05741402190641
2.995,37.86952163245417,1.186493380783877,7.015898176208387,-8.452316499601544,0.0,39.05601501323805
2.996,37.876536378369664,1.1780049992569195,7.013593462889217,-8.524349803302842,0.0,39.054541377626585
2.997,37.88354881899365,1.1694448754330597,7.011287590700799,-8.595800342940633,0.0,39.05299369442671
2.998,37.89055895315979,1.1608135943211308,7.008980544702346,-8.666663635626106,0.0,39.05137254748092
2.999,37.89756677968685,1.1521117453928558,7.006672310095734,-8.736935238515695,0.0,39.049678525079706
3.0,37.904572297378884,1.1433399225426624,7.004362872226402,-8.806610749088492,0.0,39.04791221992155
3.001,37.91157550502537,1.1344987240472237,7.002052216584239,-8.875685805420924,0.0,39.046074229072595
3.0020000000000002,37.91857640140133,1.1255887525247243,6.999740328804466,-8.944156086458664,0.0,39.04416515392606
3.003,37.92557498526752,1.1166106148938564,6.997427194668503,-9.012017312285781,0.0,39.042185600161375
3.004,37.93257125537052,1.1075649223325472,6.995112800104828,-9.07926524439109,0.0,39.04013617770307
3.005,37.939565210442936,1.0984522902364235,6.992797131189832,-9.1458956859317,0.0,39.03801750067936
3.0060000000000002,37.94655684920352,1.0892733381770117,6.990480174148651,-9.211904481993743,0.0,39.035830187380526
3.007,37.95354617035731,1.08002868985968,6.988161915356002,-9.277287519850255,0.0,39.033574860216994
3.008,37.96053317259582,1.0707189730813238,6.985842341336999,-9.342040729216214,0.0,39.03125214567714
3.009,37.96751785459713,1.0613448196877975,6.983521438767965,-9.406160082500696,0.0,39.02886267428493
3.0100000000000002,37.97450021502611,1.051906865531095,6.9811991944772265,-9.469641595056157,0.0,39.026407080557206
3.011,37.9814802525345,1.0424057504262838,6.978875595445909,-9.5324813254248,0.0,39.023886002960786
3.012,37.98845796576113,1.0328421181081924,6.976550628808711,-9.59467537558204,0.0,39.02130008386932
3.013,37.99543335333201,1.0232166161878569,6.974224281854674,-9.656219891177027,0.0,39.01864996951987
3.0140000000000002,38.00240641386054,1.0135298961087285,6.971896542027941,-9.717111061770229,0.0,39.01593630996927
3.015,38.00937714594764,1.0037826131026444,6.969567396928502,-9.777345121068048,0.0,39.01315975905028
3.016,38.01634554818189,0.9939754261455654,6.967236834312935,-9.836918347154471,0.0,39.010320974327456
3.017,38.023311619139726,0.9841089979130847,6.9649048420951285,-9.895827062719722,0.0,39.00742061705281
3.0180000000000002,38.03027535738556,0.9741839947357075,6.962571408346999,-9.954067635285913,0.0,39.00445935212127
3.019,38.03723676147198,0.9642010865539082,6.9602365212991995,-10.011636477429688,0.0,39.00143784802589
3.02,38.04419582993985,0.9541609468729659,6.9579001693418085,-10.068530047001818,0.0,38.99835677681282
3.021,38.05115256131854,0.9440642527175812,6.9555623410250185,-10.124744847343772,0.0,38.99521681403612
3.0220000000000002,38.05810695412602,0.933911684586279,6.953223025059809,-10.180277427501215,0.0,38.992018638712295
3.023,38.06505900686906,0.9237039264055985,6.950882210318607,-10.235124382434448,0.0,38.988762933274664
3.024,38.072008718043406,0.9134416654840748,6.948539885835942,-10.289282353225756,0.0,38.98545038352748
3.025,38.078956086133886,0.9031255924660144,6.946196040809083,-10.34274802728367,0.0,38.9820816785999
3.0260000000000002,38.085901109614625,0.8927564012850684,6.9438506645986715,-10.395518138544114,0.0,38.978657510899694
3.027,38.09284378694919,0.8823347891176055,6.9415037467293415,-10.447589467668433,0.0,38.975178576066796
3.028,38.099784116590754,0.8718614563358891,6.939155276890325,-10.498958842238297,0.0,38.97164557292665
3.029,38.10672209698226,0.8613371064610604,6.9368052449360516,-10.549623136947453,0.0,38.96805920344332
3.0300000000000002,38.11365772655659,0.8507624461159327,6.9344536408867326,-10.599579273790328,0.0,38.96442017267252
3.031,38.12059100373673,0.8401381849775966,6.932100454928937,-10.648824222247463,0.0,38.960729188714325
3.032,38.12752192693593,0.8294650357298433,6.929745677416157,-10.697354999467773,0.0,38.95698696266577
3.033,38.134450494557875,0.8187437140154061,6.92738929886936,-10.745168670447613,0.0,38.95319420857328
3.0340000000000003,38.14137670499687,0.8079749383880248,6.925031309977529,-10.792262348206657,0.0,38.9493516433849
3.035,38.14830055663799,0.7971594302643357,6.922671701598194,-10.838633193960552,0.0,38.94545998690233
3.036,38.155222047857244,0.7862979138755908,6.920310464757954,-10.884278417290371,0.0,38.94151996173284
3.037,38.16214117702175,0.7753911162192091,6.91794759065298,-10.929195276308821,0.0,38.93753229324096
3.0380000000000003,38.169057942489914,0.7644397670101627,6.915583070649516,-10.973381077823221,0.0,38.933497709500074
3.039,38.175972342611594,0.7534445986322027,6.913216896284365,-11.016833177495235,0.0,38.929416941243794
3.04,38.182884375728264,0.7424063460889258,6.910849059265359,-11.059548979997329,0.0,38.92529072181719
3.041,38.1897940401732,0.7313257469546869,6.908479551471823,-11.10152593916599,0.0,38.921119787127886
3.0420000000000003,38.19670133427163,0.7202035413253599,6.90610836495503,-11.142761558151637,0.0,38.91690487559699
3.043,38.20360625634093,0.7090404717689501,6.903735491938639,-11.183253389565278,0.0,38.912646728109884
3.044,38.2105088046908,0.6978372832760615,6.901360924819121,-11.222999035621848,0.0,38.908346087966855
3.045,38.217408977623386,0.6865947232102229,6.898984656166179,-11.261996148280263,0.0,38.904003700833606
3.0460000000000003,38.224306773433526,0.6753135412580746,6.896606678723153,-11.300242429380157,0.0,38.8996203146916
3.047,38.23120219040887,0.6639944893794218,6.894226985407412,-11.337735630775308,0.0,38.89519667978829
3.048,38.238095226830076,0.6526383217571542,6.8918455693107425,-11.374473554463728,0.0,38.89073354858723
3.049,38.24498588097098,0.6412457947470384,6.889462423699711,-11.410454052714433,0.0,38.886231675718015
3.0500000000000003,38.251874151098775,0.6298176668273849,6.887077542016029,-11.445675028190866,0.0,38.88169181792616
3.051,38.25876003547419,0.6183546985485936,6.884690917876902,-11.48013443407098,0.0,38.87711473402278
3.052,38.26564353235164,0.6068576524825801,6.882302545075359,-11.51383027416396,0.0,38.87250118483422
3.053,38.27252463997944,0.5953272931720879,6.879912417580585,-11.546760603023595,0.0,38.86785193315153
3.0540000000000003,38.27940335659995,0.5837643870798886,6.877520529538228,-11.578923526058274,0.0,38.86316774367984
3.055,38.28627968044977,0.5721697025378735,6.875126875270703,-11.61031719963762,0.0,38.858449382987644
3.056,38.29315360975991,0.5605440096960403,6.87273144927748,-11.640939831195743,0.0,38.85369761945595
3.057,38.30002514275597,0.5488880804713788,6.870334246235364,-11.670789679331103,0.0,38.84891322322735
3.0580000000000003,38.30689427765831,0.5372026884966578,6.8679352609987605,-11.699865053902997,0.0,38.844096966154964
3.059,38.31376101268224,0.5254886090691173,6.865534488599927,-11.728164316124644,0.0,38.83924962175136
3.06,38.32062534603819,0.5137466190990698,6.86313192424922,-11.755685878652871,0.0,38.83437196513726
3.061,38.32748727593189,0.501977497058413,6.860727563335323,-11.7824282056744,0.0,38.8294647729903
3.0620000000000003,38.33434680056453,0.4901820229290582,6.858321401425467,-11.808389812988722,0.0,38.82452882349359
3.063,38.34120391813298,0.47836097815127765,6.855913434265637,-11.833569268087567,0.0,38.81956489628426
3.064,38.348058626829946,0.4665151455719739,6.8535036577807675,-11.857965190230953,0.0,38.81457377240192
3.065,38.354910924844134,0.4546453093928749,6.851092068074927,-11.881576250519807,0.0,38.80955623423701
3.0660000000000003,38.361760810360444,0.4427522551186583,6.848678661431491,-11.904401171965178,0.0,38.8045130654791
3.067,38.368608281560164,0.43083676950500804,6.846263434313301,-11.926438729554016,0.0,38.79944505106517
3.068,38.37545333662112,0.41889964050660705,6.843846383362812,-11.947687750311516,0.0,38.79435297712773
3.069,38.38229597371788,0.40694165722506925,6.841427505402229,-11.968147113360036,0.0,38.78923763094295
3.0700000000000003,38.38913619102192,0.3949636098568144,6.839006797433634,-11.98781574997458,0.0,38.784099800878735
3.071,38.395973986701804,0.382966289640889,6.836584256639099,-12.006692643634835,0.0,38.778940276342695
3.072,38.40280935892337,0.3709504888067373,6.834159880380783,-12.02477683007378,0.0,38.773759847730105
3.073,38.40964230584992,0.35891700052192477,6.831733666201027,-12.042067397322839,0.0,38.76855930637185
3.074,38.41647282564237,0.34686661883981884,6.829305611822425,-12.058563485753602,0.0,38.76333944448219
3.075,38.42330091645946,0.33480013864722913,6.826875715147897,-12.074264288116094,0.0,38.75810105510669
3.076,38.43012657645792,0.32271835561201134,6.824443974260735,-12.089169049573599,0.0,38.752844932069934
3.077,38.43694980379266,0.31062206613063814,6.822010387424651,-12.103277067734032,0.0,38.7475718699233
3.078,38.44377059661693,0.2985120672757401,6.819574953083805,-12.116587692677872,0.0,38.74228266389267
3.079,38.45058895308253,0.28638915674362064,6.817137669862822,-12.129100326982632,0.0,38.736978109826154
3.08,38.45740487133996,0.2742541328017484,6.8146985365668,-12.140814425743898,0.0,38.73165900414171
3.081,38.464218349538626,0.26210779423622976,6.812257552181303,-12.151729496592894,0.0,38.726326143774855
3.082,38.47102938582701,0.2499509402992662,6.809814715872347,-12.161845099710618,0.0,38.72098032612627
3.083,38.47783797835284,0.2377843706565986,6.8073700269863675,-12.171160847838514,0.0,38.715622349009436
3.084,38.48464412526329,0.22560888533494303,6.804923485050179,-12.179676406285706,0.0,38.71025301059823
3.085,38.49144782470515,0.2134252846694209,6.802475089770926,-12.187391492932774,0.0,38.70487310937457
3.086,38.498249074825004,0.20123436925098703,6.800024841036014,-12.19430587823209,0.0,38.699483444075994
3.087,38.50504787376942,0.1890369398738591,6.7975727389130345,-12.2004193852047,0.0,38.69408481364328
3.088,38.511844219685116,0.17683379748295205,6.79511878364968,-12.205731889433768,0.0,38.688678017168066
3.089,38.518638110719145,0.16462574312132058,6.79266297567364,-12.210243319054573,0.0,38.683263853840465
3.09,38.52542954501909,0.15241357787761353,6.790205315592492,-12.213953654741065,0.0,38.677843122896704
3.091,38.53221852073322,0.1401981028335433,6.787745804193578,-12.216862929688983,0.0,38.67241662356676
3.092,38.539005036010686,0.12798011901137407,6.785284442443867,-12.218971229595528,0.0,38.66698515502206
3.093,38.5457890890017,0.11576042732143176,6.782821231489814,-12.220278692635619,0.0,38.661549516323134
3.094,38.5525706778577,0.10353982850963972,6.7803561726571955,-12.220785509434695,0.0,38.65611050636734
3.095,38.55934980073155,0.09131912310508324,6.7778892674509414,-12.220491923038105,0.0,38.65066892383663
3.096,38.566126455777706,0.0790991113676063,6.775420517554954,-12.219398228877067,0.0,38.64522556714531
3.097,38.57290064115239,0.06688059323544426,6.772949924831915,-12.217504774731196,0.0,38.63978123438783
3.098,38.57967235501377,0.05466436827289552,6.770477491323078,-12.214811960687634,0.0,38.634336723286665
3.099,38.58644159552217,0.042451235618035876,6.768003219248055,-12.211320239096736,0.0,38.628892831140206
3.1,38.5932083608402,0.030241993930478925,6.765527111004584,-12.207030114524377,0.0,38.62345035477068
3.101,38.59997264913297,0.018037441339185778,6.763049169168293,-12.201942143700828,0.0,38.61801009047216
3.102,38.606734458568255,0.0058383753903276485,6.760569396492447,-12.19605693546624,0.0,38.61257283395858
3.103,38.61349378731665,-0.006354407004795351,6.758087795907683,-12.189375150712733,0.0,38.60713938031186
3.104,38.6202506335518,-0.018540109621775807,6.755604370521738,-12.181897502323086,0.0,38.601710523930024
3.105,38.62700499545052,-0.030717936975057605,6.753119123619162,-12.173624755106045,0.0,38.59628705847546
3.106,38.633756871193015,-0.042887094369828134,6.750632058661021,-12.164557725728253,0.0,38.59086977682318
3.107,38.64050625896303,-0.05504678795384074,6.748143179284588,-12.154697282642788,0.0,38.58545947100919
3.108,38.64725315694804,-0.06719622476916404,6.745652489303018,-12.144044346014354,0.0,38.58005693217888
3.109,38.65399756333942,-0.0793346128038547,6.743159992705025,-12.132599887641087,0.0,38.57466295053557
3.11,38.66073947633263,-0.09146116104355045,6.740665693654531,-12.120364930873016,0.0,38.56927831528908
3.111,38.667478894127356,-0.10357507952297973,6.738169596490314,-12.107340550527171,0.0,38.56390381460437
3.112,38.674215814927734,-0.11567557937738487,6.735671705725643,-12.093527872799337,0.0,38.558540235550346
3.113,38.68095023694249,-0.1277618728938554,6.7331720260478995,-12.078928075172485,0.0,38.55318836404864
3.114,38.68768215838514,-0.13983317356256794,6.730670562318189,-12.063542386321862,0.0,38.54784898482257
3.115,38.69441157747411,-0.15188869612792977,6.728167319570942,-12.047372086016761,0.0,38.54252288134619
3.116,38.701138492433,-0.16392765663962225,6.725662303013502,-12.030418505018979,0.0,38.53721083579338
3.117,38.707862901490664,-0.17594927250354125,6.723155518025703,-12.012683024977957,0.0,38.53191362898712
3.118,38.714584802881426,-0.18795276253263105,6.720646970159439,-11.994167078322633,0.0,38.526632040348794
3.119,38.72130419484526,-0.19993734699760823,6.718136665138216,-11.974872148149997,0.0,38.52136684784765
3.12,38.72802107562794,-0.21190224767757276,6.7156246088566975,-11.954799768110364,0.0,38.51611882795037
3.121,38.734735443481235,-0.22384668791050255,6.713110807380239,-11.933951522289371,0.0,38.51088875557073
3.122,38.74144729666305,-0.2357698926436284,6.7105952669444076,-11.912329045086711,0.0,38.505677404019416
3.123,38.7481566334376,-0.2476710884836861,6.708077993954499,-11.889934021091607,0.0,38.50048554495392
3.124,38.754863452075625,-0.25954950374704233,6.705558994985032,-11.866768184955049,0.0,38.49531394832858
3.125,38.76156775085449,-0.2714043685096912,6.70303827677924,-11.842833321258777,0.0,38.4901633823448
3.126,38.768269528058404,-0.2832349146571181,6.70051584624855,-11.81813126438105,0.0,38.48503461340129
3.1270000000000002,38.774968781978565,-0.29504037593402777,6.697991710472051,-11.792663898359189,0.0,38.479928406044536
3.128,38.78166551091334,-0.30681998799393345,6.695465876695951,-11.766433156748922,0.0,38.47484552291941
3.129,38.788359713168425,-0.31857298844860343,6.69293835233302,-11.739441022480516,0.0,38.469786724719825
3.13,38.795051387057,-0.33029861691736234,6.690409144962031,-11.711689527711735,0.0,38.46475277013964
3.1310000000000002,38.80174053089992,-0.34199611507624395,6.687878262327179,-11.683180753677616,0.0,38.45974441582368
3.132,38.80842714302587,-0.3536647267069919,6.685345712337501,-11.653916830537083,0.0,38.45476241631887
3.133,38.8151112217715,-0.3653036977459056,6.682811503066274,-11.623899937216404,0.0,38.449807524025594
3.134,38.821792765481646,-0.376912276332528,6.680275642750412,-11.593132301249504,0.0,38.44488048914912
3.1350000000000002,38.828471772509445,-0.3884897128581721,6.677738139789848,-11.56161619861515,0.0,38.43998205965127
3.136,38.83514824121652,-0.40003526001428297,6.675199002746903,-11.529353953571016,0.0,38.43511298120224
3.137,38.84182216997315,-0.41154817284063266,6.672658240345654,-11.496347938484641,0.0,38.43027399713252
3.138,38.848493557158385,-0.42302770877334406,6.6701158614712766,-11.462600573661287,0.0,38.42546584838504
3.1390000000000002,38.85516240116028,-0.4344731276927412,6.6675718751693935,-11.42811432716872,0.0,38.42068927346754
3.14,38.86182870037598,-0.4458836919710231,6.665026290645401,-11.392891714658914,0.0,38.415945008404954
3.141,38.86849245321194,-0.4572586665197574,6.662479117263793,-11.356935299186706,0.0,38.411233786692186
3.142,38.87515365808406,-0.46859731883719113,6.659930364547465,-11.320247691025397,0.0,38.40655633924687
3.1430000000000002,38.88181231341782,-0.4798989190553761,6.657380042177022,-11.28283154747933,0.0,38.401913394362445
3.144,38.88846841764847,-0.49116273998710475,6.654828159990061,-11.244689572693439,0.0,38.397305677661365
3.145,38.89512196922119,-0.5023880571726541,6.652274727980459,-11.205824517459805,0.0,38.392733912048534
3.146,38.9017729665912,-0.5135741489263352,6.649719756297636,-11.166239179021213,0.0,38.388198817664865
3.1470000000000002,38.90842140822399,-0.5247202963828443,6.647163255245817,-11.125936400871735,0.0,38.38370111184114
3.148,38.91506729259539,-0.5358257835434131,6.644605235283286,-11.084919072554348,0.0,38.37924150905197
3.149,38.92171061819179,-0.5468898973217554,6.642045707021619,-11.043190129455605,0.0,38.374820720870034
3.15,38.928351383510254,-0.5579119275898065,6.63948468122492,-11.00075255259737,0.0,38.37043945592045
3.1510000000000002,38.934989587058695,-0.5688911672232535,6.636922168809044,-10.957609368425638,0.0,38.36609841983544
3.152,38.94162522735601,-0.5798269121468524,6.634358180840802,-10.91376364859644,0.0,38.361798315209164
3.153,38.94825830293226,-0.5907184613795301,6.631792728537164,-10.86921850975887,0.0,38.35753984155273
3.154,38.95488881232876,-0.6015651170792675,6.629225823264455,-10.823977113335232,0.0,38.35332369524949
3.1550000000000002,38.9615167540983,-0.6123661845877618,6.626657476537533,-10.778042665298328,0.0,38.349150569510535
3.156,38.96814212680523,-0.6231209724748643,6.624087700018964,-10.7314184159459,0.0,38.34502115433037
3.157,38.97476492902567,-0.6338287925827916,6.621516505518186,-10.684107659672248,0.0,38.34093613644288
3.158,38.98138515934759,-0.6444889600701065,6.618943904990663,-10.636113734737041,0.0,38.33689619927748
3.1590000000000003,38.988002816371,-0.6551007934554668,6.616369910537028,-10.587440023031315,0.0,38.33290202291553
3.16,38.99461789870809,-0.6656636146611387,6.613794534402223,-10.538089949840712,0.0,38.32895428404695
3.161,39.00123040498337,-0.6761767490562715,6.611217788974622,-10.488066983605947,0.0,38.32505365592709
3.162,39.007840333833784,-0.6866395254999318,6.60863968678515,-10.437374635680523,0.0,38.32120080833385
3.1630000000000003,39.014447683908905,-0.6970512763838943,6.606060240506391,-10.38601646008573,0.0,38.31739640752501
3.164,39.021052453871036,-0.7074113376751857,6.603479462951689,-10.333996053262913,0.0,38.31364111619585
3.165,39.02765464239536,-0.7177190489583799,6.600897367074236,-10.28131705382307,0.0,38.30993559343698
3.166,39.0342542481701,-0.7279737534776413,6.598313965966157,-10.227983142293748,0.0,38.30628049469246
3.1670000000000003,39.04085126989662,-0.7381747981785134,6.5957292728575805,-10.173998040863294,0.0,38.30267647171811
3.168,39.0474457062896,-0.7483215337494512,6.593143301115705,-10.119365513122451,0.0,38.29912417254015
3.169,39.05403755607714,-0.758413314663093,6.590556064243852,-10.064089363803344,0.0,38.295624241414046
3.17,39.06062681800092,-0.76844949921727,6.5879675758805165,-10.008173438515847,0.0,38.29217731878365
3.1710000000000003,39.06721349081632,-0.7784294495757513,6.585377849798401,-9.951621623481365,0.0,38.28878404124057
3.172,39.07379757329257,-0.7883525318087216,6.58278689990345,-9.894437845264052,0.0,38.285445041483854
3.173,39.08037906421287,-0.7982181159329877,6.58019474023387,-9.836626070499463,0.0,38.28216094827988
3.174,39.086957962374505,-0.8080255759519142,6.577601384959142,-9.778190305620688,0.0,38.27893238642259
3.1750000000000003,39.09353426658902,-0.8177742898950818,6.575006848379028,-9.719134596581963,0.0,38.275759976693934
3.176,39.1001079756823,-0.8274636398576707,6.572411144922565,-9.659463028579788,0.0,38.27264433582463
3.177,39.10667908849475,-0.8370930120395611,6.569814289147061,-9.599179725771569,0.0,38.26958607645519
3.178,39.113247603881376,-0.846661796784153,6.567216295737066,-9.538288850991803,0.0,38.26658580709722
3.1790000000000003,39.11981352071194,-0.8561693886169003,6.564617179503352,-9.476794605465825,0.0,38.263644132095045
3.18,39.126376837871085,-0.8656151862835574,6.562016955381875,-9.414701228521137,0.0,38.26076165158753
3.181,39.13293755425843,-0.8749985927881363,6.559415638432733,-9.352012997296343,0.0,38.257938961470295
3.182,39.13949566878873,-0.8843190154305708,6.556813243839114,-9.288734226447701,0.0,38.25517665335816
3.1830000000000003,39.14605118039199,-0.8935758658440867,6.554209786906239,-9.224869267853315,0.0,38.25247531454791
3.184,39.152604088013575,-0.9027685600322746,6.551605283060295,-9.160422510314996,0.0,38.249835527981304
3.185,39.159154390614326,-0.9118965184058638,6.548999747847361,-9.095398379257805,0.0,38.247257872208465
3.186,39.1657020871707,-0.9209591658191943,6.546393196932329,-9.029801336427289,0.0,38.24474292135151
3.1870000000000003,39.17224717667488,-0.9299559316063848,6.543785646097812,-8.963635879584455,0.0,38.24229124506849
3.188,39.17878965813488,-0.9388862496171946,6.541177111243053,-8.896906542198476,0.0,38.23990340851769
3.189,39.18532953057469,-0.9477495582525777,6.538567608382817,-8.829617893137168,0.0,38.237579972322116
3.19,39.19186679303435,-0.9565453004999251,6.535957153646281,-8.76177453635526,0.0,38.235321492534425
3.1910000000000003,39.1984014445701,-0.9652729239679957,6.533345763275922,-8.693381110580454,0.0,38.23312852060211
3.192,39.204933484254475,-0.9739318809215306,6.530733453626388,-8.624442288997331,0.0,38.23100160333294
3.193,39.21146291117641,-0.9825216283155516,6.528120241163365,-8.5549627789291,0.0,38.22894128286086
3.194,39.21798972444138,-0.9910416278293394,6.5255061424624445,-8.484947321517222,0.0,38.22694809661204
3.1950000000000003,39.22451392317148,-0.9994913459000913,6.522891174207974,-8.414400691398917,0.0,38.22502257727139
3.196,39.23103550650554,-1.0078702537562543,6.520275353191905,-8.343327696382609,0.0,38.22316525274929
3.197,39.23755447359924,-1.0161778274505335,6.517658696312637,-8.27173317712128,0.0,38.221376646148705
3.198,39.24407082362521,-1.0244135478925727,6.515041220573852,-8.199622006783812,0.0,38.21965727573264
3.1990000000000003,39.25058455577313,-1.0325769008813044,6.512422943083341,-8.126999090724288,0.0,38.21800765489183
3.2,39.25709566924986,-1.0406673771369692,6.5098038810518295,-8.053869366149312,0.0,38.21642829211289
3.201,39.26360416327949,-1.0486844723328017,6.507184051791788,-7.980237801783352,0.0,38.21491969094669
3.202,39.2701100371035,-1.0566276871263793,6.504563472716248,-7.906109397532126,0.0,38.21348234997712
3.203,39.276613289980816,-1.064496527190635,6.501942161337599,-7.83148918414407,0.0,38.21211676279018
3.204,39.28311392118794,-1.0722905032445296,6.49932013526639,-7.756382222869896,0.0,38.21082341794341
3.205,39.28961193001902,-1.0800091310833833,6.49669741221012,-7.680793605120267,0.0,38.209602798935634
3.206,39.29610731578597,-1.0876519316088638,6.494074009972023,-7.604728452121617,0.0,38.20845538417711
3.207,39.30260007781854,-1.0952184308586286,6.491449946449844,-7.528191914570133,0.0,38.20738164695991
3.208,39.30909021546444,-1.1027081600356217,6.48882523963462,-7.451189172283923,0.0,38.20638205542882
3.209,39.3155777280894,-1.1101206555370207,6.48619990760944,-7.3737254338534,0.0,38.20545707255238
3.21,39.32206261507731,-1.117455458982833,6.483573968548214,-7.295805936289894,0.0,38.204607156094475
3.211,39.32854487583024,-1.124712117244141,6.4809474407144245,-7.2174359446725305,0.0,38.203832758586096
3.212,39.335024509768594,-1.1318901824709926,6.478320342459882,-7.138620751793383,0.0,38.203134327297605
3.213,39.341501516331164,-1.1389892121199352,6.475692692223469,-7.059365677800935,0.0,38.202512304211226
3.214,39.34797589497522,-1.146008768981194,6.473064508529881,-6.979676069841876,0.0,38.201967125994024
3.215,39.354447645176606,-1.1529484212054901,6.470435809988363,-6.899557301701241,0.0,38.20149922397112
3.216,39.36091676642981,-1.1598077423304984,6.467806615291438,-6.819014773440937,0.0,38.20110902409931
3.217,39.36738325824806,-1.1665863113069426,6.465176943213635,-6.738053911036672,0.0,38.20079694694112
3.218,39.3738471201634,-1.1732837125243274,6.462546812610209,-6.656680166013302,0.0,38.200563407639066
3.219,39.380308351726754,-1.1798995358363042,6.459916242415855,-6.57489901507864,0.0,38.20040881589045
3.22,39.38676695250804,-1.186433376585671,6.4572852516434205,-6.4927159597557305,0.0,38.20033357592237
3.221,39.393222922096214,-1.192884835629002,6.454653859382612,-6.410136526013635,0.0,38.20033808646721
3.222,39.39967626009936,-1.1992535193609097,6.452022084798695,-6.327166263896731,0.0,38.20042274073845
3.223,39.40612696614478,-1.2055390397379333,6.449389947131194,-6.243810747152572,0.0,38.20058792640685
3.224,39.41257503987904,-1.2117410143020555,6.446757465692583,-6.160075572858312,0.0,38.20083402557698
3.225,39.41902048096804,-1.2178590662038449,6.444124659866975,-6.075966361045738,0.0,38.201161414764194
3.226,39.425463289097124,-1.2238928242252223,6.441491549108805,-5.991488754324925,0.0,38.2015704648719
3.227,39.43190346397112,-1.2298419228018507,6.438858152941512,-5.906648417506531,0.0,38.202061541169265
3.228,39.4383410053144,-1.235706002045146,6.4362244909562145,-5.82145103722279,0.0,38.20263500326925
3.229,39.44477591287097,-1.2414847077639086,6.433590582810382,-5.735902321547178,0.0,38.203291205107064
3.23,39.451208186404536,-1.2471776914855743,6.430956448226503,-5.650007999612825,0.0,38.20403049491896
3.231,39.45763782569854,-1.2527846104770823,6.428322106990751,-5.563773821229671,0.0,38.20485321522146
3.232,39.46406483055625,-1.25830512776536,6.425687578951642,-5.477205556500399,0.0,38.205759702790886
3.233,39.470489200800806,-1.2637389121574236,6.423052884018696,-5.390308995435168,0.0,38.206750288643384
3.234,39.4769109362753,-1.269085638260092,6.420418042161086,-5.303089947565181,0.0,38.20782529801521
3.235,39.48333003684282,-1.2743449864993144,6.417783073406292,-5.215554241555099,0.0,38.20898505034351
3.236,39.48974650238651,-1.2795166431391098,6.415147997838745,-5.127707724814339,0.0,38.2102298592474
3.237,39.49616033280961,-1.2846003003001165,6.412512835598473,-5.03955626310728,0.0,38.211560032509496
3.238,39.502571528035546,-1.2895956559777515,6.4098776068797365,-4.95110574016239,0.0,38.2129758720578
3.239,39.50898008800796,-1.2945024140599795,6.407242331929673,-4.8623620572803254,0.0,38.21447767394798
3.24,39.51538601269076,-1.299320284344688,6.404607031046926,-4.773331132940999,0.0,38.216065728346074
3.241,39.52178930206819,-1.3040489825566701,6.401971724580277,-4.6840189024096714,0.0,38.21774031951152
3.242,39.528189956144864,-1.3086882303642122,6.399336432927276,-4.594431317342064,0.0,38.21950172578065
3.243,39.5345879749458,-1.3132377553952868,6.396701176532866,-4.504574345388546,0.0,38.221350219550516
3.244,39.54098335851651,-1.317697291253349,6.3940659758880045,-4.414453969797405,0.0,38.22328606726317
3.245,39.547376106923004,-1.3220665775327352,6.391430851528289,-4.324076189017229,0.0,38.225309529390266
3.246,39.55376622025185,-1.3263453598336647,6.388795824032572,-4.233447016298435,0.0,38.227420860418185
3.247,39.56015369861023,-1.330533389776842,6.386160914021574,-4.1425724792939596,0.0,38.22962030883339
3.248,39.56653854212594,-1.334630425017659,6.383526142156505,-4.051458619659148,0.0,38.23190811710828
3.249,39.57292075094749,-1.338636229259997,6.380891529137668,-3.9601114926508627,0.0,38.23428452168749
3.25,39.57930032524408,-1.3425505722696274,6.3782570957030735,-3.8685371667258335,0.0,38.23674975297445
3.251,39.58567726520568,-1.346373229887211,6.375622862627044,-3.7767417231382887,0.0,38.23930403531847
3.2520000000000002,39.59205157104306,-1.350103984040894,6.372988850718823,-3.684731255536881,0.0,38.241947587002166
3.253,39.59842324298779,-1.3537426227584992,6.370355080821173,-3.5925118695609437,0.0,38.244680620229296
3.254,39.604792281292326,-1.3572889401793167,6.367721573808983,-3.5000896824360965,0.0,38.24750334111301
3.255,39.611158686230006,-1.3607427365654858,6.365088350587867,-3.407470822569235,0.0,38.25041594966452
3.2560000000000002,39.61752245809508,-1.364103818312975,6.362455432092762,-3.3146614291429253,0.0,38.253418639782105
3.257,39.623883597202756,-1.3673719979621535,6.359822839286527,-3.221667651709233,0.0,38.2565115992406
3.258,39.630242103889216,-1.370547094207958,6.357190593158537,-3.128495649783012,0.0,38.25969500968126
3.259,39.63659797851164,-1.3736289319096522,6.35455871472328,-3.0351515924346817,0.0,38.26296904660199
3.2600000000000002,39.642951221448236,-1.3766173421001777,6.351927225018949,-2.941641657882518,0.0,38.26633387934806
3.261,39.64930183309827,-1.3795121619950983,6.349296145106037,-2.847972033084485,0.0,38.26978967110317
3.262,39.65564981388207,-1.3823132350011353,6.346665496065926,-2.7541489133296357,0.0,38.27333657888094
3.263,39.66199516424106,-1.3850204107242945,6.344035298999478,-2.660178501829107,0.0,38.27697475351677
3.2640000000000002,39.66833788463777,-1.3876335449775832,6.341405575025629,-2.566067009306737,0.0,38.28070433966019
3.265,39.67467797555586,-1.3901524997883181,6.338776345279972,-2.4718206535893312,0.0,38.28452547576754
3.266,39.68101543750013,-1.3925771434050234,6.33614763091335,-2.3774456591966047,0.0,38.28843829409511
3.267,39.68735027099654,-1.3949073503039182,6.333519453090445,-2.2829482569308266,0.0,38.29244292069262
3.2680000000000002,39.69368247659222,-1.3971430011949946,6.330891832988361,-2.1883346834661963,0.0,38.296539475397225
3.269,39.70001205485549,-1.3992839830276833,6.328264791795218,-2.0936111809379736,0.0,38.300728071827805
3.27,39.70633900637585,-1.4013301889961098,6.325638350708732,-1.998783996531396,0.0,38.305008817379736
3.271,39.71266333176401,-1.4032815185439382,6.323012530934808,-1.9038593820704044,0.0,38.30938181322007
3.2720000000000002,39.7189850316519,-1.4051378773688046,6.320387353686126,-1.8088435936062084,0.0,38.313847154283096
3.273,39.72530410669263,-1.4068991774263382,6.317762840180725,-1.713742891005716,0.0,38.31840492926629
3.274,39.73162055756058,-1.4085653369337718,6.315139011640594,-1.618563537539855,0.0,38.32305522062681
3.275,39.737934384951316,-1.4101362803731397,6.312515889290256,-1.523311799471815,0.0,38.32779810457818
3.2760000000000002,39.74424558958164,-1.4116119384940633,6.309893494355361,-1.427993945645233,0.0,38.332633651087576
3.277,39.750554172189574,-1.4129922483161268,6.307271848061268,-1.3326162470723546,0.0,38.337561923873444
3.278,39.75686013353438,-1.4142771531308391,6.304650971631639,-1.2371849765221934,0.0,38.34258298040354
3.279,39.763163474396535,-1.415466602503185,6.3020308862870245,-1.141706408108719,0.0,38.34769687189335
3.2800000000000002,39.769464195577726,-1.4165605522727642,6.299411613243457,-1.0461868168790978,0.0,38.35290364330496
3.281,39.77576229790086,-1.4175589645545186,6.2967931737110385,-0.9506324784020161,0.0,38.358203333346346
3.282,39.78205778221005,-1.4184618077390478,6.294175588892536,-0.8550496683561105,0.0,38.363595974471004
3.283,39.788350649370614,-1.4192690564925141,6.29155887998197,-0.759444662118533,0.0,38.369081592878096
3.2840000000000003,39.794640900269044,-1.4199806917561346,6.288943068163213,-0.6638237343536788,0.0,38.37466020851291
3.285,39.80092853581303,-1.420596700745263,6.286328174608579,-0.5681931586021022,0.0,38.380331835067764
3.286,39.80721355693141,-1.42111707694806,6.283714220477426,-0.4725592068696488,0.0,38.38609647998335
3.287,39.81349596457418,-1.421541820123755,6.281101226914749,-0.37692814921683,0.0,38.39195414445042
3.2880000000000003,39.81977575971248,-1.421870936300493,6.278489215049778,-0.2813062533484664,0.0,38.397904823411984
3.289,39.82605294333855,-1.4221044377727756,6.275878205994585,-0.18569978420362798,0.0,38.40394850556578
3.29,39.83232751646577,-1.4222423430984898,6.273268220842677,-0.09011500354589752,0.0,38.41008517336728
3.291,39.838599480128565,-1.422284677095528,6.270659280667609,0.005441830446017357,0.0,38.41631480303304
3.2920000000000003,39.84486883538245,-1.422231470837998,6.268051406521583,0.10096446358729469,0.0,38.42263736454445
3.293,39.851135583303964,-1.4220827616520255,6.265444619434059,0.19644664609560597,0.0,38.429052821651936
3.294,39.85739972499067,-1.4218385931111475,6.262838940410363,0.2918821329992942,0.0,38.435561131879524
3.295,39.863661261561134,-1.4214990150312967,6.260234390430299,0.3872646845450955,0.0,38.44216224652984
3.2960000000000003,39.869920194154865,-1.421064083465381,6.257630990446763,0.4825880666053778,0.0,38.44885611068948
3.297,39.87617652393233,-1.4205338606974527,6.255028761384357,0.57784605108487,0.0,38.455642663234876
3.298,39.882430252074904,-1.4199084152364747,6.25242772413801,0.6730324163268553,0.0,38.46252183683843
3.299,39.888681379784835,-1.419187821809678,6.249827899571599,0.7681409475188021,0.0,38.469493557975156
3.3000000000000003,39.89492990828522,-1.4183721613555154,6.24722930851657,0.863165437097406,0.0,38.47655774692971
3.301,39.901175838819974,-1.4174615210162091,6.244631971770565,0.9580996851530166,0.0,38.483714317803766
3.302,39.90741917265379,-1.416455994129897,6.2420359100960505,1.052937499833423,0.0,38.49096317852389
3.303,39.9136599110721,-1.415355680222372,6.239441144218948,1.1476726977469724,0.0,38.49830423084973
3.3040000000000003,39.919898055381054,-1.41416068499842,6.2368476948272695,1.2422991043649922,0.0,38.50573737038263
3.305,39.92613360690746,-1.412871120332758,6.234255582569755,1.3368105544234958,0.0,38.5132624865747
3.306,39.93236656699877,-1.4114871042605663,6.2316648280545115,1.4312008923241393,0.0,38.52087946273821
3.307,39.93859693702301,-1.4100087609676248,6.229075451847657,1.525463972534407,0.0,38.52858817605538
3.3080000000000003,39.94482471836874,-1.4084362207800463,6.226487474471966,1.6195936599869996,0.0,38.536388497588696
3.309,39.95104991244506,-1.406769620153612,6.2239009164055235,1.7135838304783972,0.0,38.54428029229145
3.31,39.95727252068147,-1.4050091016627089,6.221315798080371,1.8074283710665733,0.0,38.552263419018765
3.311,39.963492544527924,-1.4031548139888703,6.218732139881172,1.9011211804678323,0.0,38.560337730539054
3.3120000000000003,39.96970998545472,-1.401206911908919,6.216149962143864,1.994656169452747,0.0,38.5685030735458
3.313,39.975924844952466,-1.399165556282715,6.213569285154329,2.0880272612411668,0.0,38.57675928866975
3.314,39.982137124532024,-1.39703091404051,6.21099012914706,2.1812283918962767,0.0,38.58510621049152
3.315,39.98834682572448,-1.3948031581699067,6.208412514303829,2.2742535107176756,0.0,38.59354366755457
3.3160000000000003,39.99455395008106,-1.392482467702427,6.205836460752367,2.3670965806334503,0.0,38.60207148237863
3.317,40.00075849917311,-1.3900690276996872,6.20326198856504,2.459751578591225,0.0,38.61068947147342
3.318,40.00696047459199,-1.3875630292391838,6.200689117757538,2.552212495948152,0.0,38.61939744535281
3.319,40.01315987794907,-1.384964669399689,6.198117868287555,2.6444733388598247,0.0,38.628195208549386
3.3200000000000003,40.01935671087565,-1.382274151246259,6.195548260053488,2.7365281286680885,0.0,38.63708255962939
3.321,40.025550975022874,-1.3794916838148537,6.1929803128931304,2.8283709022877175,0.0,38.64605929120802
3.322,40.03174267206172,-1.3766174820965706,6.190414046582374,2.919995712591941,0.0,38.65512518996515
3.323,40.037931803682895,-1.3736517670214954,6.187849480833913,3.011396628796789,0.0,38.6642800366614
3.3240000000000003,40.044118371596795,-1.370594765442166,6.185286635295956,3.1025677368442315,0.0,38.67352360615463
3.325,40.05030237753342,-1.3674467101166565,6.182725529550938,3.1935031397840943,0.0,38.68285566741676
3.326,40.05648382324233,-1.3642078396912787,6.180166183114242,3.284196958154716,0.0,38.692275983551056
3.327,40.06266271049257,-1.3608783986829032,6.177608615432923,3.37464333036233,0.0,38.70178431180966
3.3280000000000003,40.06883904107258,-1.357458637460903,6.175052845884436,3.464836413059143,0.0,38.71138040361168
3.329,40.07501281679016,-1.3539488122287193,6.172498893775374,3.5547703815200866,0.0,38.721064004561434
3.33,40.08118403947236,-1.35034918500505,6.169946778340201,3.6444394300182195,0.0,38.73083485446731
3.331,40.087352710965455,-1.3466600236046653,6.167396518740001,3.7338377721987532,0.0,38.74069268736079
3.332,40.093518833134816,-1.3428816016188487,6.164848134061229,3.8229596414516793,0.0,38.75063723151597
3.333,40.09968240786489,-1.3390141983954664,6.16230164331446,3.911799291282972,0.0,38.76066820946942
3.334,40.10584343705907,-1.335058099018667,6.159757065433156,4.0003509956843475,0.0,38.770785338040405
3.335,40.112001922639664,-1.3310135942882102,6.157214419272428,4.088609049501547,0.0,38.780988328351455
3.336,40.11815786654778,-1.326880980698431,6.15467372360781,4.176567768801131,0.0,38.79127688584935
3.337,40.12431127074328,-1.3226605604168344,6.152134997134033,4.264221491235753,0.0,38.80165071032644
3.338,40.13046213720465,-1.3183526412623285,6.149598258463813,4.351564576407892,0.0,38.81210949594232
3.339,40.13661046792898,-1.313957536683093,6.147063526126634,4.438591406232022,0.0,38.82265293124589
3.34,40.14275626493183,-1.3094755657340864,6.144530818567546,4.525296385295191,0.0,38.83328069919774
3.341,40.148899530247164,-1.3049070530541949,6.142000154145965,4.611673941215992,0.0,38.84399247719297
3.342,40.15504026592726,-1.3002523288430208,6.139471551134479,4.697718525001897,0.0,38.85478793708424
3.343,40.161178474042636,-1.2955117288373166,6.136945027717662,4.783424611404939,0.0,38.86566674520532
3.344,40.16731415668193,-1.2906855942870628,6.134420601990892,4.86878669927571,0.0,38.87662856239487
3.345,40.173447315951854,-1.2857742719311929,6.131898291959176,4.95379931191566,0.0,38.88767304402066
3.346,40.17957795397706,-1.280778113972968,6.12937811553598,5.038456997427666,0.0,38.89879984000409
3.347,40.185706072900075,-1.2756974780549994,6.126860090542072,5.122754329064866,0.0,38.910008594845074
3.348,40.1918316748812,-1.2705327272339262,6.124344234704361,5.206685905577708,0.0,38.92129894764727
3.349,40.19795476209842,-1.2652842299547438,6.121830565654749,5.290246351559222,0.0,38.932670532143675
3.35,40.20407533674729,-1.2599523600247906,6.119319100928991,5.373430317788468,0.0,38.9441229767225
3.351,40.21019340104086,-1.2545374965873903,6.116809857965559,5.456232481572156,0.0,38.95565590445347
3.352,40.216308957209584,-1.2490400240951545,6.114302854104509,5.538647547084403,0.0,38.96726893311443
3.353,40.22242200750119,-1.2434603322829458,6.111798106586364,5.620670245704617,0.0,38.978961675218244
3.354,40.22853255418059,-1.2377988161405054,6.109295632550996,5.702295336353478,0.0,38.990733738040085
3.355,40.2346405995298,-1.232055875884743,6.106795449036518,5.7835176058269955,0.0,39.00258472364506
3.356,40.240746145847815,-1.2262319169316969,6.104297572978185,5.8643318691286295,0.0,39.01451422891612
3.357,40.24684919545052,-1.22032734986816,6.1018020212072965,5.94473296979944,0.0,39.026521845582366
3.358,40.252949750670574,-1.214342590422979,6.099308810450113,6.0247157802462565,0.0,39.038607160247594
3.359,40.2590478138573,-1.2082780594380247,6.096817957326775,6.104275202067842,0.0,39.05076975441928
3.36,40.26514338737661,-1.2021341828388379,6.09432947835023,6.183406166379027,0.0,39.06300920453777
3.361,40.271236473610855,-1.1959113916049524,6.0918433899251685,6.262103634132799,0.0,39.075325082005904
3.362,40.27732707495875,-1.1896101217398964,6.089359708346969,6.340362596440331,0.0,39.08771695321885
3.363,40.28341519383523,-1.1832308142408756,6.086878449800643,6.418178074888906,0.0,39.10018437959435
3.364,40.289500832671386,-1.1767739150681382,6.0843996303598,6.495545121857751,0.0,39.11272691760325
3.365,40.295583993914306,-1.1702398751140268,6.081923265985606,6.572458820831735,0.0,39.12534411880028
3.366,40.301664680026995,-1.1636291501717162,6.079449372525758,6.6489142867129205,0.0,39.13803552985528
3.367,40.307742893488246,-1.1569422009036414,6.076977965713471,6.724906666129947,0.0,39.1508006925846
3.368,40.31381863679252,-1.1501794928096176,6.074509061166461,6.80043113774523,0.0,39.1636391439829
3.369,40.31989191244984,-1.1433414961946535,6.072042674385943,6.875482912559955,0.0,39.17655041625519
3.37,40.32596272298568,-1.1364286861364612,6.069578820755637,6.950057234216839,0.0,39.18953403684922
3.371,40.33203107094083,-1.1294415424526634,6.067117515540778,7.024149379300661,0.0,39.20258952848817
3.372,40.33809695887128,-1.1223805496677033,6.064658773887142,7.097754657636511,0.0,39.21571640920358
3.373,40.34416038934813,-1.115246196979455,6.062202610820071,7.170868412585774,0.0,39.22891419236868
3.374,40.35022136495742,-1.1080389782255406,6.0597490412435135,7.243486021339805,0.0,39.242182386731876
3.375,40.356279888300044,-1.1007593918493548,6.057298079939065,7.315602895211284,0.0,39.255520496450686
3.376,40.36233596199161,-1.0934079408657977,6.05484974156503,7.387214479923236,0.0,39.26892802112582
3.3770000000000002,40.36838958866233,-1.0859851328267225,6.052404040655476,7.458316255895699,0.0,39.28240445583561
3.378,40.37444077095688,-1.0784914797860947,6.049960991619312,7.5289037385300075,0.0,39.295949291170786
3.379,40.380489511534286,-1.0709274982648704,6.047520608739361,7.598972478490697,0.0,39.309562013269414
3.38,40.386535813067795,-1.0632937092155932,6.045082906171454,7.668518061984992,0.0,39.3232421038522
3.3810000000000002,40.39257967824474,-1.0555906379867124,6.0426478979435245,7.737536111039871,0.0,39.33698904025803
3.382,40.39862110976643,-1.0478188142866258,6.040215597954712,7.806022283776684,0.0,39.3508022954798
3.383,40.40466011034799,-1.0399787721474496,6.0377860199744795,7.873972274683313,0.0,39.36468133820054
3.384,40.41069668271826,-1.032071049888516,6.035359177641734,7.941381814883851,0.0,39.378625632829745
3.3850000000000002,40.41673082961966,-1.0240961900796035,6.032935084463959,8.00824667240579,0.0,39.392634639540056
3.386,40.422762553808035,-1.0160547395039015,6.030513753816356,8.07456265244469,0.0,39.406707814304134
3.387,40.42879185805255,-1.00794724912071,6.028095198940995,8.140325597626338,0.0,39.42084460893184
3.388,40.434818745135544,-0.9997742740278799,6.02567943294597,8.205531388266335,0.0,39.435044471107666
3.3890000000000002,40.4408432178524,-0.9915363734239946,6.023266468804572,8.270175942627146,0.0,39.4493068444284
3.39,40.44686527901139,-0.9832341105702953,6.020856319354459,8.334255217172563,0.0,39.4636311684411
3.391,40.45288493143357,-0.9748680527523539,6.01844899729685,8.397765206819583,0.0,39.47801687868122
3.392,40.45890217795264,-0.9664387712414944,6.0160445151957145,8.460701945187665,0.0,39.492463406711146
3.3930000000000002,40.46491702141476,-0.9579468412559673,6.01364288547698,8.52306150484538,0.0,39.506970180158795
3.394,40.470929464678484,-0.9493928419218784,6.011244120427745,8.58483999755441,0.0,39.52153662275661
3.395,40.47693951061456,-0.9407773562338747,6.008848232195504,8.646033574510898,0.0,39.53616215438068
3.396,40.482947162105816,-0.9321009710155898,6.006455232787379,8.706638426584137,0.0,39.55084619109023
3.3970000000000002,40.48895242204703,-0.9233642768798532,6.004065134069359,8.766650784552557,0.0,39.565588145167176
3.398,40.49495529334476,-0.9145678681886643,6.001677947765558,8.826066919337036,0.0,39.5803874251561
3.399,40.50095577891722,-0.9057123430129339,5.999293685457474,8.88488314223148,0.0,39.59524343590429
3.4,40.50695388169415,-0.8967983030919974,5.9969123585832556,8.943095805130696,0.0,39.61015557860215
3.4010000000000002,40.51294960461664,-0.8878263537929011,5.994533978436989,9.000701300755502,0.0,39.625123250823734
3.402,40.51894295063699,-0.8787971040694648,5.992158556167984,9.057696062875104,0.0,39.64014584656753
3.403,40.5249339227186,-0.869711166421123,5.989786102780078,9.114076566526695,0.0,39.655222756297476
3.404,40.5309225238358,-0.8605691568515488,5.9874166291309425,9.169839328232268,0.0,39.67035336698425
3.4050000000000002,40.53690875697368,-0.8513716948270614,5.985050145931403,9.224980906212648,0.0,39.68553706214662
3.406,40.542892625128,-0.8421194032348219,5.98268666374477,9.27949790059871,0.0,39.70077322189317
3.407,40.548874131304984,-0.8328129083408184,5.98032619298618,9.333386953639764,0.0,39.716061222964164
3.408,40.55485327852121,-0.8234528397476448,5.97796874392194,9.386644749909136,0.0,39.73140043877356
3.4090000000000003,40.56083006980344,-0.8140398303520748,5.975614326668892,9.439268016506874,0.0,39.746790239451364
3.41,40.566804508188476,-0.8045745163024357,5.973262951193781,9.491253523259614,0.0,39.76222999188604
3.411,40.572776596723024,-0.7950575369557823,5.970914627312632,9.542598082917566,0.0,39.77771905976724
3.412,40.578746338463525,-0.7854895348348766,5.9685693646901425,9.593298551348632,0.0,39.79325680362865
3.4130000000000003,40.584713736476,-0.7758711555849741,5.966227172839082,9.643351827729608,0.0,39.808842580891024
3.414,40.59067879383591,-0.7662030479304203,5.963888061119699,9.69275485473451,0.0,39.824475745905495
3.415,40.59664151362802,-0.7564858636310609,5.961552038739148,9.741504618719949,0.0,39.84015564999696
3.416,40.6026018989462,-0.7467202574384673,5.959219114750911,9.789598149907615,0.0,39.85588164150773
3.4170000000000003,40.608559952893295,-0.736906887051982,5.956889298054244,9.83703252256379,0.0,39.871653065841315
3.418,40.61451567858099,-0.7270464130745852,5.954562597393626,9.883804855175937,0.0,39.88746926550641
3.419,40.620469079129634,-0.7171394989685863,5.952239021358222,9.929912310626309,0.0,39.90332958016105
3.42,40.62642015766807,-0.7071868110111442,5.949918578381354,9.975352096362604,0.0,39.91923334665693
3.4210000000000003,40.632368917333515,-0.6971890182496171,5.94760127673998,10.020121464565628,0.0,39.9351798990839
3.422,40.638315361271374,-0.6871467924567473,5.9452871245541905,10.064217712313976,0.0,39.95116856881463
3.423,40.6442594926351,-0.6770608080856819,5.942976129786712,10.107638181745706,0.0,39.967198684549416
3.424,40.65020131458603,-0.6669317422248342,5.940668300242415,10.150380260217005,0.0,39.983269572361195
3.4250000000000003,40.65614083029321,-0.6567602745525872,5.938363643567846,10.192441380457844,0.0,39.99938055574062
3.426,40.66207804293328,-0.6465470872918433,5.936062167250753,10.233819020724589,0.0,40.01553095564144
3.427,40.66801295569027,-0.6362928651644227,5.93376387861964,10.274510704949593,0.0,40.03172009052585
3.428,40.673945571755475,-0.6259982953453145,5.931468784843315,10.314514002887726,0.0,40.04794727641016
3.4290000000000003,40.67987589432725,-0.6156640674167814,5.929176892930461,10.35382653025986,0.0,40.06421182691047
3.43,40.68580392661091,-0.6052908733223237,5.926888209729212,10.39244594889329,0.0,40.080513053288584
3.431,40.691729671818514,-0.5948794073205038,5.924602741926738,10.430369966859079,0.0,40.09685026449801
3.432,40.69765313316874,-0.5844303659386352,5.922320496048848,10.467596338606334,0.0,40.113222767230106
3.4330000000000003,40.70357431388671,-0.5739444479263383,5.920041478459597,10.504122865093386,0.0,40.129629865960375
3.434,40.70949321720383,-0.5634223542089671,5.917765695360903,10.539947393915874,0.0,40.14607086299486
3.435,40.715409846357616,-0.5528647878409093,5.915493152792184,10.57506781943174,0.0,40.162545058516706
3.436,40.721324204591554,-0.5422724539587624,5.913223856629993,10.609482082883101,0.0,40.179051750632794
3.4370000000000003,40.72723629515492,-0.5316460597343902,5.910957812587674,10.643188172515023,0.0,40.195590235420525
3.438,40.73314612130262,-0.5209863143278614,5.9086950262150255,10.67618412369115,0.0,40.21215980697475
3.439,40.73905368629504,-0.510293928840275,5.906435502897971,10.708468019006222,0.0,40.22875975745476
3.44,40.744958993397844,-0.49956961626647406,5.904179247858248,10.740037988395452,0.0,40.24538937713137
3.4410000000000003,40.75086204588187,-0.48881409144765153,5.901926266153099,10.77089220924076,0.0,40.262047954434216
3.442,40.7567628470229,-0.4780280710238522,5.8996765626749825,10.801028906473864,0.0,40.27873477599905
3.443,40.76266140010154,-0.4672122733863724,5.897430142151287,10.830446352676217,0.0,40.29544912671517
3.444,40.768557708403044,-0.45636741863006164,5.895187009144062,10.859142868175782,0.0,40.312190289772985
3.4450000000000003,40.77445177521714,-0.4454942285055292,5.892947168049757,10.88711682114065,0.0,40.32895754671161
3.446,40.78034360383786,-0.4345934263712583,5.890710623098968,10.914366627669482,0.0,40.345750177466606
3.447,40.78623319756341,-0.42366573714563177,5.888477378356205,10.940890751878786,0.0,40.36256746041778
3.448,40.79212055969595,-0.41271188725887176,5.88624743771966,10.966687705987013,0.0,40.37940867243708
3.4490000000000003,40.79800569354147,-0.4017326046048972,5.884020804920989,10.991756050395464,0.0,40.396273088936574
3.45,40.8038886024096,-0.39072861849310175,5.881797483525112,11.016094393766023,0.0,40.4131599839165
3.451,40.809769289613456,-0.3797006596000558,5.879577476930012,11.039701393095687,0.0,40.4300686300134
3.452,40.815647758469474,-0.3686494599211351,5.8773607883665555,11.062575753787907,0.0,40.44699829854834
3.4530000000000003,40.821524012297225,-0.35757575272208053,5.875147420898316,11.08471622972074,0.0,40.46394825957515
3.454,40.82739805441927,-0.3464802724904901,5.872937377421417,11.106121623311783,0.0,40.48091778192878
3.455,40.83326988816098,-0.3353637548872488,5.8707306606643765,11.12679078557991,0.0,40.49790613327373
3.456,40.83913951685036,-0.3242269366978975,5.868527273187971,11.14672261620381,0.0,40.51491258015246
3.457,40.845006943817914,-0.31307055578394527,5.8663272173851055,11.1659160635773,0.0,40.53193638803397
3.458,40.850872172396436,-0.301895351034128,5.864130495480695,11.184370124861434,0.0,40.54897682136231
3.459,40.85673520592086,-0.2907020623156164,5.861937109531559,11.202083846033403,0.0,40.566033143605246
3.46,40.86259604772812,-0.27949143042517677,5.859747061426328,11.219056321932202,0.0,40.58310461730294
3.461,40.868454701156914,-0.26826419704028764,5.857560352885355,11.23528669630109,0.0,40.600190504116625
3.462,40.8743111695476,-0.2570211046702157,5.855376985460646,11.250774161826829,0.0,40.61729006487739
3.463,40.88016545624201,-0.24576289660705397,5.853196960535797,11.265517960175695,0.0,40.63440255963496
3.464,40.886017564583256,-0.2344903168767256,5.851020279325941,11.27951738202627,0.0,40.65152724770653
3.465,40.89186749791559,-0.22320411018995667,5.848846942877709,11.292771767099014,0.0,40.66866338772564
3.466,40.89771525958423,-0.21190502189322064,5.8466769520692035,11.305280504182598,0.0,40.68581023769101
3.467,40.903560852935186,-0.20059379791965845,5.844510307609975,11.317043031157025,0.0,40.70296705501553
3.468,40.90940428131509,-0.189271184739977,5.8423470100410215,11.328058835013524,0.0,40.72013309657511
3.469,40.91524554807103,-0.17793792931332922,5.840187059734787,11.338327451871205,0.0,40.7373076187577
3.47,40.921084656550384,-0.16659477903817924,5.838030456895182,11.347848466990502,0.0,40.754489877512206
3.471,40.926921610100656,-0.15524248170315577,5.835877201557605,11.356621514783384,0.0,40.7716791283975
3.472,40.932756412069295,-0.1438817854378967,5.833727293588983,11.364646278820342,0.0,40.7888746266314
3.473,40.93858906580353,-0.13251343866388846,5.8315807326878195,11.371922491834141,0.0,40.80607562713964
3.474,40.944419574650205,-0.12113819004530321,5.829437518384252,11.378449935720369,0.0,40.823281384604904
3.475,40.95024794195562,-0.10975678843983715,5.8272976500401255,11.384228441534743,0.0,40.84049115351578
3.476,40.95607417106534,-0.09836998284955298,5.8251611268490695,11.389257889487205,0.0,40.857704188215784
3.477,40.961898265324045,-0.08697852237173001,5.8230279478365965,11.393538208932789,0.0,40.874919742952315
3.478,40.96772022807536,-0.07558315614972502,5.8208981118602,11.397069378359278,0.0,40.89213707192563
3.479,40.97354006266168,-0.06418463332384694,5.818771617609471,11.399851425371642,0.0,40.90935542933783
3.48,40.979357772423995,-0.05278370298224886,5.816648463606225,11.401884426673254,0.0,40.92657406944175
3.481,40.98517336070176,-0.04138111411184031,5.814528648204636,11.403168508043905,0.0,40.943792246589915
3.482,40.990986830832675,-0.029977615549223187,5.812412169591385,11.403703844314604,0.0,40.961009215283454
3.483,40.99679818615255,-0.018573955931654465,5.810299025785816,11.403490659339171,0.0,40.978224230220896
3.484,41.00260742999514,-0.007170883648038941,5.80818921464011,11.402529225962628,0.0,40.9954365463471
3.485,41.00841456569195,0.004230853210044842,5.806082733839461,11.400819865986383,0.0,41.012645418902
3.486,41.01421959657211,0.015630506897282244,5.8039795809022685,11.398362950130231,0.0,41.02985010346939
3.487,41.02002252596217,0.027027330063520573,5.801879753180338,11.395158897991145,0.0,41.04704985602569
3.488,41.02582335718594,0.038420575802624334,5.799783247859096,11.391208177998887,0.0,41.06424393298857
3.489,41.031622093564366,0.0498094977012845,5.797690061957811,11.386511307368432,0.0,41.08143159126565
3.49,41.03741873841529,0.06119334988777861,5.795600192329831,11.381068852049204,0.0,41.09861208830307
3.491,41.04321329505335,0.0725713870806785,5.7935136356628245,11.374881426671145,0.0,41.11578468213403
3.492,41.04900576678978,0.08394286463750258,5.791430388479042,11.367949694487605,0.0,41.13294863142728
3.493,41.05479615693226,0.09530703860330929,5.789350447135576,11.360274367315062,0.0,41.15010319553557
3.494,41.06058446878474,0.10666316575922881,5.787273807824646,11.351856205469689,0.0,41.16724763454397
3.495,41.06637070564727,0.11801050367092975,5.785200466573879,11.34269601770075,0.0,41.184381209318204
3.496,41.072154870815865,0.12934831073701758,5.783130419246612,11.332794661120856,0.0,41.20150318155288
3.497,41.07793696758231,0.14067584623736182,5.781063661542206,11.322153041133069,0.0,41.218612813819675
3.498,41.08371699923401,0.15199237038134872,5.779000188996357,11.310772111354867,0.0,41.23570936961536
3.499,41.08949496905382,0.16329714435605636,5.776939996981434,11.298652873538972,0.0,41.252792113409875
3.5,41.09527088031989,0.17458943037434901,5.774883080706818,11.285796377491055,0.0,41.269860310694234
3.501,41.1010447363055,0.18586849172288764,5.772829435219253,11.272203720984313,0.0,41.28691322802838
3.5020000000000002,41.106816540278885,0.19713359281005338,5.770779055403211,11.257876049670939,0.0,41.30395013308894
3.503,41.11258629550311,0.20838399921378103,5.768731935981262,11.242814556990474,0.0,41.320970294716886
3.504,41.118354005235844,0.21961897772929925,5.766688071514461,11.22702048407507,0.0,41.33797298296514
3.505,41.124119672729265,0.2308377964167745,5.76464745640274,11.210495119651643,0.0,41.354957469146036
3.5060000000000002,41.12988330122985,0.24203972464885562,5.76261008488531,11.19323979994096,0.0,41.37192302587871
3.507,41.13564489397826,0.253224033158116,5.7605759510410826,11.17525590855363,0.0,41.38886892713638
3.508,41.14140445420914,0.2643899940843899,5.758545048789088,11.156544876383034,0.0,41.40579444829353
3.509,41.147161985150966,0.2755368810220008,5.756517371888916,11.137108181495186,0.0,41.422698866172965
3.5100000000000002,41.15291749002591,0.2866639690668774,5.754492913941157,11.11694734901555,0.0,41.439581459092786
3.511,41.15867097204965,0.2977705348635552,5.752471668387865,11.096063951012798,0.0,41.4564415069132
3.512,41.164422434431245,0.3088558566520605,5.750453628513014,11.074459606379541,0.0,41.473278291083304
3.513,41.17017188037295,0.3199192143146733,5.748438787442986,11.052135980710025,0.0,41.49009109468762
3.5140000000000002,41.17591931307006,0.3309598894225666,5.746427138147047,11.029094786174813,0.0,41.50687920249263
3.515,41.181664735710775,0.3419771652823188,5.7444186734378535,11.005337781392457,0.0,41.52364190099309
3.516,41.18740815147602,0.3529703269822962,5.742413385971952,10.980866771298162,0.0,41.540378478458315
3.517,41.19314956353931,0.36393866143890274,5.740411268250301,10.955683607009467,0.0,41.55708822497821
3.5180000000000002,41.19888897506656,0.3748814574426941,5.738412312618794,10.929790185688942,0.0,41.57377043250926
3.519,41.204626389215974,0.38579800570435263,5.736416511268802,10.903188450403917,0.0,41.590424394920326
3.52,41.21036180913787,0.3966875989005209,5.734423856237713,10.875880389983243,0.0,41.60704940803839
3.521,41.21609523797452,0.40754953171949027,5.732434339409498,10.847868038871109,0.0,41.62364476969401
3.5220000000000002,41.221826678860005,0.4183831009067419,5.73044795251527,10.819153476977919,0.0,41.64020977976675
3.523,41.22755613492006,0.42918760531033734,5.728464687133864,10.789738829528236,0.0,41.6567437402304
3.524,41.23328360927192,0.43996234592615524,5.726484534692426,10.759626266905816,0.0,41.67324595519808
3.525,41.23900910502419,0.45070662594297195,5.724507486467002,10.728818004495718,0.0,41.68971573096716
3.5260000000000002,41.24473262527664,0.4614197507873827,5.722533533583152,10.697316302523541,0.0,41.706152376064026
3.527,41.250454173120126,0.4721010281685604,5.720562667016561,10.665123465891764,0.0,41.722555201288685
3.528,41.25617375163639,0.48274976812284986,5.718594877593664,10.632241844013212,0.0,41.73892351975924
3.529,41.261891363897924,0.4933652830581932,5.7166301559922825,10.598673830641669,0.0,41.75525664695612
3.5300000000000002,41.26760701296783,0.5039468877983853,5.714668492742269,10.564421863699637,0.0,41.771553900766214
3.531,41.27332070189966,0.5144938996271549,5.712709878226158,10.529488425103267,0.0,41.78781460152681
3.532,41.27903243373727,0.5250056383320697,5.710754302679832,10.493876040584453,0.0,41.80403807206934
3.533,41.284742211514704,0.5354814262482623,5.7088017561931945,10.45758727951013,0.0,41.820223637762965
3.5340000000000003,41.290450038256,0.5459205883019732,5.706852228710848,10.420624754698764,0.0,41.83637062655797
3.535,41.29615591697507,0.5563224520539095,5.704905710032791,10.382991122234056,0.0,41.85247836902898
3.536,41.301859850675555,0.5666863477424162,5.702962189815112,10.34468908127589,0.0,41.868546198417974
3.537,41.307561842350694,0.5770116083264564,5.701021657570706,10.305721373868499,0.0,41.88457345067715
3.5380000000000003,41.31326189498315,0.5872975695283984,5.699084102669987,10.266090784745902,0.0,41.900559464511545
3.539,41.318960011544895,0.5975435698766077,5.69714951434162,10.22580014113461,0.0,41.9165035814215
3.54,41.324656194997054,0.6077489507478391,5.695217881673258,10.1848523125536,0.0,41.932405145744895
3.541,41.33035044828978,0.6179130564094283,5.6932891936122845,10.143250210611606,0.0,41.948263504699206
3.5420000000000003,41.336042774362085,0.6280352340612791,5.691363438966572,10.100996788801705,0.0,41.964078008423364
3.543,41.34173317614174,0.6381148338776441,5.689440606405245,10.058095042293235,0.0,41.97984801001938
3.544,41.3474216565451,0.6481512090486955,5.687520684459451,10.014548007721054,0.0,41.9955728655938
3.545,41.353108218477,0.6581437158218844,5.685603661523143,9.970358762972145,0.0,42.01125193429888
3.5460000000000003,41.358792864830576,0.668091713543085,5.683689525853871,9.925530426969605,0.0,42.02688457837366
3.547,41.364475598487175,0.6779945646975218,5.681778265573579,9.880066159454003,0.0,42.042470163184696
3.548,41.370156422316185,0.6878516349504764,5.679869868669412,9.833969160762154,0.0,42.05800805726666
3.549,41.37583533917493,0.6976622931877722,5.677964322994535,9.787242671603288,0.0,42.0734976323627
3.5500000000000003,41.3815123519085,0.7074259115560337,5.676061616268955,9.73988997283267,0.0,42.088938263464534
3.551,41.38718746334965,0.7171418655027187,5.674161736080353,9.69191438522265,0.0,42.104329328852366
3.552,41.392860676318655,0.7268095338159194,5.672264669884929,9.643319269231196,0.0,42.11967021013457
3.553,41.398531993623195,0.7364282986639312,5.670370405008249,9.594108024767873,0.0,42.134960292287126
3.5540000000000003,41.404201418058186,0.7459975456345868,5.6684789286461035,9.544284090957355,0.0,42.15019896369277
3.555,41.40986895240569,0.7555166637743511,5.666590227865374,9.493850945900414,0.0,42.16538561618004
3.556,41.415534599434764,0.764985045627178,5.664704289604907,9.442812106432461,0.0,42.18051964506194
3.557,41.42119836190135,0.774402087273122,5.662821100676396,9.391171127879618,0.0,42.19560044917447
3.5580000000000003,41.42686024254812,0.7837671883667069,5.660940647765275,9.338931603812354,0.0,42.21062743091483
3.559,41.4325202441044,0.7930797521750453,5.659062917431614,9.286097165796699,0.0,42.22559999627945
3.56,41.43817836928599,0.8023391856157094,5.657187896111023,9.23267148314306,0.0,42.2405175549017
3.561,41.44383462079507,0.811544899294348,5.655315570115573,9.178658262652634,0.0,42.25537952008942
3.5620000000000003,41.44948900132007,0.8206963075420504,5.6534459256347125,9.12406124836147,0.0,42.27018530886212
3.563,41.45514151353554,0.8297928284524514,5.6515789487362,9.06888422128216,0.0,42.28493434198799
3.564,41.46079216010205,0.8388338839185785,5.6497146253670385,9.01313099914321,0.0,42.29962604402063
3.565,41.46644094366606,0.8478188996694361,5.647852941354426,8.956805436126084,0.0,42.31425984333549
3.5660000000000003,41.47208786685978,0.8567473053063261,5.645993882406701,8.89991142259996,0.0,42.32883517216611
3.567,41.47773293230109,0.8656185343389021,5.644137434114309,8.84245288485419,0.0,42.34335146663999
3.568,41.483376142593386,0.8744320242209547,5.642283581950764,8.784433784828513,0.0,42.35780816681434
3.569,41.48901750032549,0.8831872163859262,5.640432311273629,8.725858119841018,0.0,42.372204716711416
3.5700000000000003,41.49465700807151,0.8918835562821522,5.638583607325494,8.666729922313875,0.0,42.386540564353666
3.571,41.500294668390765,0.9005204934078271,5.636737455234966,8.607053259496874,0.0,42.40081516179859
3.572,41.50593048382761,0.9090974813456931,5.634893840017668,8.546832233188761,0.0,42.41502796517331
3.573,41.511564456911394,0.9176139777974486,5.6330527465772375,8.48607097945642,0.0,42.429178434708845
3.5740000000000003,41.517196590156296,0.9260694446178751,5.631214159706342,8.424773668351893,0.0,42.44326603477417
3.575,41.52282688606123,0.9344633478486802,5.629378064087694,8.36294450362728,0.0,42.45729023390991
3.576,41.52845534710975,0.9427951577520539,5.627544444295074,8.300587722447515,0.0,42.4712505048618
3.577,41.53408197576992,0.951064348843937,5.625713284794363,8.237707595101075,0.0,42.48514632461386
3.5780000000000003,41.53970677449423,0.9592703999269994,5.6238845699445825,8.174308424708583,0.0,42.49897717442123
3.579,41.54532974571945,0.9674127941233255,5.622058283998934,8.110394546929395,0.0,42.512742539842776
3.58,41.55095089186658,0.9754910189068053,5.620234411105852,8.04597032966613,0.0,42.526441910773386
3.581,41.5565702153407,0.9835045661352293,5.618412935310067,7.981040172767199,0.0,42.54007478147593
3.5820000000000003,41.562187718530886,0.9914529320820845,5.616593840553659,7.915608507727342,0.0,42.55364065061297
3.583,41.5678034038101,0.9993356174680504,5.614777110677135,7.84967979738619,0.0,42.56713902127815
3.584,41.573417273535114,1.0071521274921922,5.612962729420506,7.783258535624882,0.0,42.580569401027304
3.585,41.57902933004637,1.0149019718628498,5.611150680424364,7.716349247060749,0.0,42.593931301909215
3.586,41.5846395756679,1.0225846648282206,5.609340947230979,7.648956486740086,0.0,42.60722424049612
3.587,41.59024801270725,1.0301997252066342,5.607533513285387,7.581084839829038,0.0,42.620447737913885
3.588,41.59585464345534,1.0377466764165166,5.605728361936493,7.512738921302622,0.0,42.63360131987186
3.589,41.601459470186406,1.045225046506043,5.6039254764381825,7.443923375631897,0.0,42.646684516692446
3.59,41.60706249515789,1.052634368182477,5.602124839950427,7.374642876469306,0.0,42.659696863340365
3.591,41.612663720610335,1.059974178841193,5.600326435540409,7.304902126332221,0.0,42.67263789945153
3.592,41.61826314876732,1.0672440205943827,5.598530246183641,7.234705856284707,0.0,42.6855071693617
3.593,41.62386078183535,1.0744434402994427,5.5967362547651,7.164058825617509,0.0,42.69830422213479
3.594,41.629456622003765,1.081571989587039,5.594944444080359,7.0929658215263185,0.0,42.711028611590805
3.595,41.63505067144466,1.0886292248888514,5.593154796836733,7.021431658788308,0.0,42.72367989633351
3.596,41.640642932312794,1.095614707464992,5.59136729565442,6.949461179436978,0.0,42.73625763977778
3.597,41.6462334067455,1.1025280034310985,5.589581923067656,6.877059252435321,0.0,42.7487614101766
3.598,41.65182209686261,1.1093686837850996,5.58779866152587,6.804230773347344,0.0,42.76119078064771
3.599,41.65740900476636,1.1161363244336509,5.586017493394848,6.730980664007949,0.0,42.77354532920001
3.6,41.6629941325413,1.1228305062182404,5.584238400957899,6.657313872191214,0.0,42.78582463875954
3.601,41.66857748225424,1.129450814940961,5.582461366417028,6.583235371277083,0.0,42.7980282971952
3.602,41.67415905595414,1.1359968413899486,5.580686371894111,6.508750159916499,0.0,42.81015589734409
3.603,41.67973885567205,1.1424681813644857,5.578913399432081,6.4338632616949845,0.0,42.822207037036534
3.604,41.68531688342102,1.148864435699767,5.57714243099611,6.358579724794719,0.0,42.83418131912078
3.605,41.690893141196014,1.1551852102913263,5.575373448474804,6.282904621655106,0.0,42.84607835148734
3.606,41.69646763097388,1.1614301161191232,5.573606433681397,6.206843048631878,0.0,42.857897747093
3.607,41.702040354713205,1.1675987692712888,5.571841368354955,6.130400125654746,0.0,42.86963912398449
3.608,41.7076113143543,1.1736907909675276,5.570078234161573,6.053580995883622,0.0,42.88130210532183
3.609,41.713180511819104,1.1797058075821756,5.568317012695596,5.97639082536344,0.0,42.89288631940128
3.61,41.71874794901111,1.1856434506669113,5.566557685480823,5.898834802677595,0.0,42.90439139967802
3.611,41.724313627815306,1.191503356973122,5.564800233971729,5.820918138600024,0.0,42.91581698478843
3.612,41.72987755009809,1.1972851684739174,5.563044639554688,5.742646065745949,0.0,42.927162718572006
3.613,41.73543971770722,1.2029885323857983,5.561290883549196,5.664023838221317,0.0,42.93842825009302
3.614,41.74100013247175,1.2086131011899692,5.559538947209104,5.585056731270944,0.0,42.949613233661715
3.615,41.74655879620193,1.2141585326533026,5.55778881172385,5.505750040925402,0.0,42.96071732885523
3.616,41.752115710689196,1.2196244898489463,5.556040458219698,5.426109083646657,0.0,42.97174020053814
3.617,41.757670877706055,1.225010641176578,5.554293867760979,5.3461391959724995,0.0,42.982681518882636
3.618,41.76322429900607,1.2303166603823024,5.552549021351335,5.265845734159774,0.0,42.99354095938837
3.619,41.76877597632376,1.2355422265781912,5.55080589993497,5.185234073826444,0.0,43.00431820290195
3.62,41.77432591137457,1.2406870242614656,5.5490644843979,5.104309609592507,0.0,43.01501293563604
3.621,41.779874105854795,1.2457507433333173,5.5473247555692105,5.023077754719795,0.0,43.02562484918811
3.622,41.78542056144153,1.2507330791173703,5.5455866942223135,4.941543940750669,0.0,43.0361536405589
3.623,41.79096527979264,1.2556337323777806,5.543850281076211,4.859713617145645,0.0,43.04659901217042
3.624,41.796508262546645,1.2604524093369722,5.542115496796758,4.777592250919971,0.0,43.056960671883616
3.625,41.80204951132273,1.2651888216930098,5.540382321997934,4.695185326279176,0.0,43.06723833301574
3.626,41.80758902772066,1.2698426866366068,5.538650737243112,4.612498344253616,0.0,43.07743171435727
3.6270000000000002,41.813126813320736,1.2744137268677664,5.536920723046332,4.529536822332055,0.0,43.0875405401885
3.628,41.818662869683756,1.278901670612057,5.535192259873581,4.446306294094276,0.0,43.097564540295814
3.629,41.82419719835096,1.2833062516365188,5.533465328144068,4.362812308842779,0.0,43.107503449987476
3.63,41.82972980084398,1.287627209265202,5.531739908231512,4.279060431233567,0.0,43.11735701010918
3.6310000000000002,41.8352606786648,1.2918642883943354,5.530015980465421,4.1950562409060606,0.0,43.12712496705914
3.632,41.84078983329572,1.2960172395071246,5.5282935251323835,4.110805332112145,0.0,43.136807072802846
3.633,41.84631726619929,1.300085818688178,5.526572522477355,4.026313313344405,0.0,43.146403084887474
3.634,41.851842978818304,1.3040697876375622,5.524852952704953,3.9415858069635386,0.0,43.15591276645586
3.6350000000000002,41.85736697257572,1.3079689136844828,5.5231347959807495,3.856628448825002,0.0,43.1653358862602
3.636,41.86288924887466,1.3117829698005923,5.521418032432566,3.7714468879048932,0.0,43.17467221867525
3.637,41.868409809098345,1.3155117346129237,5.519702642151773,3.6860467859251034,0.0,43.18392154371127
3.638,41.873928654610076,1.3191549924164483,5.517988605194593,3.600433816977767,0.0,43.193083647026526
3.6390000000000002,41.87944578675319,1.3227125331862575,5.5162759015833975,3.514613667149028,0.0,43.20215831993944
3.64,41.884961206851024,1.3261841525893694,5.514564511308014,3.4285920341421487,0.0,43.211145359440394
3.641,41.890474916206905,1.3295696519961564,5.5128544143270295,3.342374626899992,0.0,43.220044568203065
3.642,41.895986916104086,1.332868838491396,5.511145590569102,3.255967165226889,0.0,43.22885575459548
3.6430000000000002,41.90149720780575,1.3360815248849431,5.509438019934263,3.1693753794099346,0.0,43.23757873269069
3.644,41.907005792554955,1.339207529722023,5.507731682295233,3.08260500983972,0.0,43.24621332227698
3.645,41.912512671574625,1.342246677293145,5.506026557498729,2.995661806630537,0.0,43.25475934886777
3.646,41.918017846067514,1.3451987976436361,5.50432262536678,2.908551529240075,0.0,43.26321664371115
3.6470000000000002,41.923521317216185,1.3480637265827944,5.502619865698039,2.8212799460886364,0.0,43.27158504379898
3.648,41.929023086182994,1.3508413056926605,5.500918258269099,2.733852834177899,0.0,43.279864391875655
3.649,41.93452315411006,1.3535313823364084,5.499217782835809,2.6462759787092422,0.0,43.28805453644647
3.65,41.940021522119245,1.3561338096663542,5.497518419134591,2.5585551727016735,0.0,43.2961553317856
3.6510000000000002,41.945518191312146,1.3586484466315822,5.495820146883756,2.47069621660937,0.0,43.30416663794373
3.652,41.95101316277007,1.3610751579851896,5.494122945784824,2.3827049179388675,0.0,43.31208832075526
3.653,41.956506437554,1.363413814291146,5.492426795523842,2.2945870908659165,0.0,43.31992025184515
3.654,41.96199801670462,1.365664291930772,5.490731675772707,2.206348555852037,0.0,43.32766230863539
3.6550000000000002,41.967487901242265,1.3678264731088325,5.489037566190482,2.1179951392607914,0.0,43.3353143743511
3.656,41.97297609216694,1.369900245859247,5.487344446424717,2.0295326729738026,0.0,43.34287633802619
3.657,41.97846259045827,1.371885504050416,5.485652296112772,1.9409669940065455,0.0,43.35034809450869
3.658,41.983947397075525,1.373782147390162,5.483961094883136,1.8523039441239322,0.0,43.357729544465684
3.6590000000000003,41.989430512957604,1.3755900814302862,5.482270822356751,1.7635493694557196,0.0,43.36502059438789
3.66,41.99491193902301,1.3773092175707429,5.48058145814833,1.6747091201117645,0.0,43.37222115659375
3.661,42.000391676169876,1.378939473063425,5.478892981867679,1.5857890497971492,0.0,43.3793311492333
3.662,42.00586972527593,1.3804807710155682,5.477205373121018,1.4967950154272054,0.0,43.3863504962915
3.6630000000000003,42.0113460871985,1.381933040392768,5.475518611512306,1.4077328767424606,0.0,43.39327912759126
3.664,42.01682076277453,1.3832962160216127,5.473832676644553,1.3186084959235318,0.0,43.40011697879614
3.665,42.022293752820566,1.3845702385919305,5.472147548121148,1.2294277372059927,0.0,43.4068639914125
3.666,42.02776505813276,1.3857550546586526,5.470463205547175,1.1401964664952393,0.0,43.41352011279141
3.6670000000000003,42.03323467948685,1.3868506166432897,5.468779628530733,1.0509205509813786,0.0,43.42008529613014
3.668,42.038702617638215,1.3878568828350246,5.467096796684253,0.9616058587541667,0.0,43.42655950047324
3.669,42.04416887332182,1.3887738173914195,5.4654146896258196,0.8722582584180205,0.0,43.43294269071324
3.67,42.049633447252276,1.3896013903387376,5.463733286980482,0.7828836187071291,0.0,43.439234837591016
3.6710000000000003,42.055096340123804,1.390339577571881,5.462052568381576,0.6934878081006892,0.0,43.44543591769568
3.672,42.06055755261027,1.3909883608539433,5.460372513472035,0.6040766944382905,0.0,43.451545913464216
3.673,42.066017085365196,1.3915477278153778,5.4586931019057054,0.5146561445354754,0.0,43.457564813180575
3.674,42.071474939021755,1.392017671952781,5.457014313348659,0.4252320237994995,0.0,43.463492610974534
3.6750000000000003,42.07693111419279,1.3923981926272926,5.455336127480505,0.3358101958453163,0.0,43.46932930682008
3.676,42.08238561147084,1.392689295062611,5.453658523995701,0.24639652211181257,0.0,43.47507490653345
3.677,42.087838431428146,1.392890990342626,5.451981482604858,0.15699686147831862,0.0,43.480729421770775
3.678,42.09328957461666,1.393003295408667,5.450304983036053,0.06761706988141922,0.0,43.48629287002533
3.6790000000000003,42.09873904156808,1.3930262330563692,5.448629005036129,-0.02173700006791067,0.0,43.49176527462445
3.68,42.10418683279385,1.3929598319321563,5.446953528372006,-0.11105949946681935,0.0,43.497146664726
3.681,42.1096329487852,1.392804126529342,5.445278532831977,-0.2003445835027171,0.0,43.50243707531454
3.682,42.115077390013155,1.3925591571838483,5.443603998227009,-0.2895864118350145,0.0,43.507636547197
3.6830000000000003,42.12052015692857,1.3922249700695424,5.441929904392047,-0.3787791489764356,0.0,43.51274512699811
3.684,42.125961249962145,1.391801617193194,5.440256231187302,-0.46791696467388166,0.0,43.51776286715534
3.685,42.13140066952445,1.39128915638905,5.438582958499555,-0.5569940342888196,0.0,43.5226898259135
3.686,42.13683841600596,1.3906876513130302,5.436910066243438,-0.6460045391771714,0.0,43.52752606731899
3.6870000000000003,42.142274489777066,1.3899971714365436,5.435237534362737,-0.7349426670686792,0.0,43.532271661213606
3.688,42.14770889118813,1.389217792039924,5.433565342831666,-0.8238026124457214,0.0,43.53692668322805
3.689,42.153141620569514,1.3883495942054893,5.431893471656163,-0.9125785769215554,0.0,43.541491214775
3.69,42.15857267823158,1.3873926648102213,5.430221900875165,-1.0012647696179622,0.0,43.5459653430418
3.6910000000000003,42.16400206446475,1.3863470965180684,5.428550610561895,-1.089855407542268,0.0,43.55034916098282
3.692,42.16942977953956,1.3852129877718724,5.4268795808251316,-1.178344715963719,0.0,43.554642767311435
3.693,42.17485582370664,1.3839904427849181,5.42520879181049,-1.266726928789185,0.0,43.558846266491564
3.694,42.180280197196815,1.3826795715321085,5.42353822370169,-1.3549962889381648,0.0,43.56295976872892
3.6950000000000003,42.18570290022109,1.3812804897407644,5.4218678567218275,-1.4431470487170752,0.0,43.566983389961855
3.696,42.19112393297072,1.3797933188810516,5.420197671134637,-1.531173470192791,0.0,43.57091725185177
3.697,42.19654329561725,1.3782181861560332,5.418527647245757,-1.6190698255654192,0.0,43.57476148177329
3.698,42.20196098831256,1.3765552244913504,5.416857765403988,-1.7068303975402785,0.0,43.578516212803905
3.6990000000000003,42.207377011188875,1.374804572524532,5.415188006002549,-1.7944494796990629,0.0,43.58218158371341
3.7,42.21279136435886,1.3729663745939324,5.4135183494803325,-1.8819213768701624,0.0,43.585757738952786
3.701,42.21820404791562,1.3710407807273006,5.411848776323149,-1.9692404054981205,0.0,43.58924482864292
3.702,42.2236150619328,1.3690279466299788,5.4101792670649775,-2.0564008940122007,0.0,43.592643008562774
3.7030000000000003,42.229024406464575,1.3669280336727352,5.408509802289207,-2.1433971831940415,0.0,43.59595244013731
3.704,42.23443208154575,1.3647412088792263,5.406840362629874,-2.230223626544374,0.0,43.59917329042497
3.705,42.23983808719177,1.3624676449130968,5.405170928772899,-2.316874590648778,0.0,43.60230573210487
3.706,42.24524242339881,1.360107520064711,5.403501481457314,-2.403344455542458,0.0,43.605349943463516
3.7070000000000003,42.25064509014379,1.3576610182375215,5.401832001476497,-2.489627615074004,0.0,43.60830610838131
3.708,42.25604608738448,1.3551283289340743,5.400162469679387,-2.5757184772681296,0.0,43.611174416318555
3.709,42.26144541505951,1.3525096472416522,5.398492866971708,-2.661611464687349,0.0,43.613955062301166
3.71,42.266843073088445,1.3498051738175563,5.396823174317183,-2.7473010147925807,0.0,43.616648246906
3.7110000000000003,42.27223906137184,1.3470151148740275,5.395153372738747,-2.832781580302646,0.0,43.61925417624587
3.712,42.27763337979131,1.3441396821628098,5.393483443319749,-2.918047629552646,0.0,43.62177306195412
3.713,42.283026028209584,1.3411790929593548,5.391813367205158,-3.0030936468511897,0.0,43.62420512116894
3.714,42.28841700647056,1.3381335700466703,5.3901431256027585,-3.0879141328364517,0.0,43.62655057651723
3.715,42.29380631439938,1.3350033416988136,5.388472699784346,-3.1725036048310367,0.0,43.6288096560982
3.716,42.2991939518025,1.3317886416640297,5.3868020710869144,-3.256856597195628,0.0,43.63098259346653
3.717,42.30457991846773,1.3284897091475365,5.385131220913839,-3.3409676616813964,0.0,43.63306962761527
3.718,42.309964214164324,1.3251067887939598,5.383460130736055,-3.424831367781146,0.0,43.635071002958284
3.719,42.315346838643045,1.3216401306694154,5.3817887820932375,-3.5084423030791796,0.0,43.63698696931246
3.72,42.32072779163622,1.3180899902432441,5.380117156594964,-3.5917950735998527,0.0,43.63881778187947
3.721,42.32610707285784,1.3144566283693975,5.378445235921882,-3.674884304154801,0.0,43.64056370122724
3.722,42.33148468200359,1.3107403112674776,5.376773001826869,-3.757704638688816,0.0,43.64222499327107
3.723,42.33686061875096,1.3069413105034318,5.375100436136186,-3.8402507406243456,0.0,43.643801929254394
3.724,42.3422348827593,1.3030599029699026,5.373427520750625,-3.922517293204601,0.0,43.645294785729206
3.725,42.34760747366989,1.299096370866237,5.371754237646657,-4.004498999835244,0.0,43.64670384453613
3.726,42.352978391106035,1.2950510016781533,5.370080568877566,-4.086190584424634,0.0,43.64802939278419
3.727,42.35834763467313,1.2909240881570685,5.368406496574584,-4.167586791722616,0.0,43.6492717228302
3.728,42.36371520395874,1.2867159282990885,5.366732002948019,-4.248682387657824,0.0,43.65043113225783
3.729,42.36908109853268,1.2824268253236615,5.365057070288377,-4.329472159673476,0.0,43.65150792385634
3.73,42.3744453179471,1.2780570876518955,5.363381680967476,-4.409950917061652,0.0,43.652502405598995
3.731,42.37980786173655,1.2736070288845436,5.361705817439559,-4.490113491296011,0.0,43.65341489062109
3.732,42.38516872941809,1.269076967779656,5.3600294622424,-4.569954736362951,0.0,43.654245697197744
3.733,42.39052792049135,1.264467228229903,5.358352597998398,-4.649469529091173,0.0,43.654995148721255
3.734,42.39588543443864,1.2597781392395684,5.356675207415677,-4.728652769479635,0.0,43.65566357367821
3.735,42.401241270725,1.2550100349012157,5.3549972732891655,-4.80749938102387,0.0,43.65625130562622
3.736,42.406595428798326,1.2501632543720294,5.353318778501684,-4.886004311040659,0.0,43.65675868317035
3.737,42.41194790808944,1.2452381418498317,5.351639706025018,-4.964162530991023,0.0,43.65718604993927
3.738,42.41729870801217,1.240235046548778,5.349960038920982,-5.041969036801524,0.0,43.657533754560944
3.739,42.42264782796345,1.2351543226747308,5.348279760342491,-5.1194188491838535,0.0,43.65780215063818
3.74,42.42799526732344,1.2299963294003164,5.346598853534608,-5.196507013952675,0.0,43.657991596723754
3.741,42.433341025455555,1.2247614308396626,5.344917301835598,-5.273228602341728,0.0,43.65810245629522
3.742,42.43868510170662,1.2194499960228231,5.343235088677972,-5.349578711318141,0.0,43.65813509772944
3.743,42.44402749540693,1.2140623988698873,5.341552197589519,-5.4255524638949595,0.0,43.65808989427681
3.744,42.44936820587036,1.2085990181647794,5.339868612194342,-5.501145009441851,0.0,43.65796722403513
3.745,42.454707232394455,1.2030602375287467,5.338184316213879,-5.576351523993981,0.0,43.6577674699232
3.746,42.46004457426053,1.1974464453935405,5.336499293467917,-5.6511672105590325,0.0,43.65749101965407
3.747,42.46538023073377,1.1917580349742911,5.334813527875608,-5.725587299422346,0.0,43.65713826570806
3.748,42.47071420106334,1.185995404242078,5.333127003456463,-5.7996070484501745,0.0,43.656709605305416
3.749,42.476046484482445,1.1801589558961985,5.331439704331358,-5.873221743391021,0.0,43.65620544037864
3.75,42.4813770802085,1.1742490973361353,5.329751614723517,-5.946426698175042,0.0,43.65562617754464
3.751,42.48670598744317,1.168266240633226,5.328062718959497,-6.019217255211506,0.0,43.654972228076396
3.7520000000000002,42.49203320537251,1.1622108025020368,5.326373001470161,-6.091588785684279,0.0,43.654244007874546
3.753,42.49735873316705,1.1560832042714395,5.324682446791646,-6.163536689845317,0.0,43.65344193743849
3.754,42.50268256998191,1.149883871855399,5.3229910395663245,-6.235056397306164,0.0,43.65256644183731
3.755,42.50800471495691,1.1436132357234678,5.321298764543759,-6.30614336732741,0.0,43.65161795068038
3.7560000000000002,42.51332516721668,1.1372717308709939,5.319605606581645,-6.3767930891061155,0.0,43.65059689808767
3.757,42.51864392587075,1.1308597967890404,5.317911550646752,-6.447001082061173,0.0,43.64950372265979
3.758,42.52396099001367,1.1243778774340227,5.316216581815853,-6.516762896116583,0.0,43.64833886744769
3.759,42.52927635872514,1.1178264211970628,5.3145206852766504,-6.5860741119826365,0.0,43.64710277992221
3.7600000000000002,42.53459003107009,1.1112058808730623,5.312823846328688,-6.654930341434987,0.0,43.645795911943154
3.761,42.5399020060988,1.1045167136294993,5.311126050384264,-6.723327227591579,0.0,43.6444187197283
3.762,42.54521228284703,1.0977593809749482,5.309427282969327,-6.791260445187433,0.0,43.64297166382198
3.763,42.55052086033613,1.090934348727326,5.3077275297243744,-6.858725700847264,0.0,43.64145520906345
3.7640000000000002,42.555827737573125,1.0840420869818677,5.306026776405331,-6.925718733355913,0.0,43.63986982455499
3.765,42.56113291355087,1.0770830700788312,5.304325008884432,-6.992235313926573,0.0,43.6382159836297
3.766,42.56643638724815,1.0700577765709365,5.302622213151089,-7.058271246466803,0.0,43.63649416381909
3.767,42.5717381576298,1.0629666891905383,5.300918375312751,-7.1238223678423065,0.0,43.63470484682034
3.7680000000000002,42.57703822364682,1.055810294816538,5.2992134815957606,-7.188884548138453,0.0,43.632848518463355
3.769,42.58233658423648,1.0485890844410333,5.297507518346196,-7.253453690919534,0.0,43.63092566867751
3.77,42.58763323832248,1.041303553135711,5.29580047203071,-7.31752573348574,0.0,43.628936791458194
3.771,42.592928184815044,1.0339542000179842,5.294092329237359,-7.381096647127828,0.0,43.62688238483303
3.7720000000000002,42.59822142261103,1.0265415282168737,5.292383076676423,-7.444162437379478,0.0,43.62476295082791
3.773,42.60351295059409,1.0190660448386415,5.290672701181215,-7.506719144267318,0.0,43.622578995432725
3.774,42.608802767634735,1.011528260932173,5.288961189708892,-7.5687628425586,0.0,43.62033102856691
3.775,42.61409087259054,1.003928691454114,5.287248529341244,-7.630289642006515,0.0,43.61801956404465
3.7760000000000002,42.61937726430619,0.9962678552337623,5.285534707285485,-7.691295687593126,0.0,43.61564511953995
3.777,42.62466194161365,0.9885462749377194,5.283819710875029,-7.751777159769909,0.0,43.61320821655137
3.778,42.6299449033323,0.9807644770343011,5.282103527570264,-7.811730274695891,0.0,43.6107093803666
3.779,42.63522614826902,0.9729229917577121,5.280386144959309,-7.871151284473355,0.0,43.60814914002673
3.7800000000000002,42.64050567521835,0.9650223530719858,5.278667550758768,-7.930036477381119,0.0,43.60552802829034
3.781,42.645783482962614,0.9570630986346922,5.276947732814479,-7.98838217810535,0.0,43.602846581597305
3.782,42.65105957027205,0.9490457697604164,5.275226679102244,-8.046184747967924,0.0,43.600105340032464
3.783,42.656333935904925,0.9409709113840095,5.273504377728556,-8.103440585152297,0.0,43.59730484728893
3.7840000000000003,42.661606578607696,0.9328390720236149,5.271780816931321,-8.160146124926888,0.0,43.59444565063131
3.785,42.6668774971151,0.9246508037434735,5.270055985080565,-8.216297839865941,0.0,43.59152830085858
3.786,42.672146690150335,0.9164066621165075,5.268329870679131,-8.271892240067888,0.0,43.58855335226684
3.787,42.67741415642515,0.9081072061866886,5.266602462363376,-8.326925873371154,0.0,43.58552136261184
3.7880000000000003,42.68267989464001,0.8997529984311914,5.264873748903849,-8.381395325567423,0.0,43.5824328930712
3.789,42.68794390348421,0.8913446047223339,5.263143719205966,-8.435297220612343,0.0,43.579288508206545
3.79,42.69320618163602,0.8828825942893099,5.261412362310675,-8.488628220833657,0.0,43.576088775925335
3.791,42.69846672776282,0.8743675396797137,5.259679667395108,-8.541385027136743,0.0,43.57283426744253
3.7920000000000003,42.70372554052124,0.8658000167208606,5.257945623773232,-8.593564379207555,0.0,43.5695255572421
3.793,42.70898261855728,0.857180604480906,5.256210220896477,-8.645163055712954,0.0,43.56616322303819
3.794,42.71423796050647,0.8485098852297657,5.254473448354376,-8.696177874498417,0.0,43.56274784573624
3.795,42.71949156499401,0.8397884443998391,5.252735295875172,-8.746605692783097,0.0,43.559280009393845
3.7960000000000003,42.72474343063487,0.8310168705465397,5.250995753326432,-8.796443407352248,0.0,43.55576030118141
3.797,42.72999355603397,0.8221957553086331,5.249254810715646,-8.845687954746985,0.0,43.5521893113426
3.798,42.73524193978632,0.813325693368388,5.247512458190819,-8.894336311451372,0.0,43.54856763315471
3.799,42.74048858047714,0.8044072824115406,5.245768686041048,-8.942385494076825,0.0,43.54489586288868
3.8000000000000003,42.745733476682005,0.795441123087076,5.244023484697095,-8.989832559543824,0.0,43.54117459976908
3.801,42.750976626966995,0.78642781896683,5.242276844731952,-9.036674605260917,0.0,43.537404445933824
3.802,42.756218029888835,0.7773679765049119,5.240528756861388,-9.082908769301014,0.0,43.53358600639375
3.803,42.76145768399503,0.7682622049969534,5.238779211944496,-9.128532230574944,0.0,43.529719888991984
3.8040000000000003,42.76669558782404,0.7591111165391856,5.2370282009842235,-9.173542209002285,0.0,43.52580670436323
3.805,42.77193173990537,0.749915325987345,5.2352757151279,-9.217935965679443,0.0,43.521847065892715
3.806,42.77716613875976,0.7406754509154145,5.233521745667745,-9.261710803044968,0.0,43.51784158967517
3.807,42.782398782899314,0.7313921115741996,5.231766284041379,-9.304864065042116,0.0,43.513790894473516
3.8080000000000003,42.78762967082765,0.7220659308497434,5.230009321832314,-9.347393137278617,0.0,43.50969560167739
3.809,42.792858801040026,0.7126975342215833,5.228250850770437,-9.389295447183674,0.0,43.50555633526161
3.81,42.798086172023524,0.703287549720853,5.226490862732493,-9.43056846416215,0.0,43.50137372174438
3.811,42.80331178225717,0.6938366078882295,5.22472934974254,-9.471209699745964,0.0,43.4971483901454
3.8120000000000003,42.80853563021208,0.6843453417317331,5.222966303972412,-9.511216707742664,0.0,43.49288097194381
3.813,42.813757714351624,0.6748143866843773,5.2212017177421615,-9.55058708438118,0.0,43.488572101036
3.814,42.818978033131565,0.6652443805616767,5.219435583520497,-9.589318468454746,0.0,43.48422241369324
3.815,42.8241965850002,0.6556359635190118,5.217667893925206,-9.627408541460985,0.0,43.47983254851921
3.8160000000000003,42.82941336839854,0.645989778008856,5.2158986417235775,-9.66485502773914,0.0,43.475403146407395
3.817,42.83462838176042,0.6363064687378668,5.2141278198327985,-9.701655694604451,0.0,43.47093485049828
3.818,42.83984162351266,0.6265866826238431,5.21235542132036,-9.737808352479677,0.0,43.46642830613651
3.819,42.845053092075254,0.6168310687525539,5.210581439404436,-9.773310855023734,0.0,43.46188416082781
3.8200000000000003,42.85026278586146,0.6070402783344386,5.208805867454263,-9.808161099257461,0.0,43.4573030641959
3.821,42.85547070327799,0.5972149646611835,5.207028698990507,-9.8423570256865,0.0,43.45268566793917
3.822,42.860676842725155,0.5873557830621766,5.205249927685616,-9.87589661842128,0.0,43.448032625787334
3.823,42.865881202597016,0.5774633908608443,5.203469547364168,-9.908777905294103,0.0,43.44334459345786
3.8240000000000003,42.871083781281534,0.5675384473308721,5.201687552003211,-9.94099895797333,0.0,43.43862222861241
3.825,42.87628457716072,0.5575816136523125,5.19990393573258,-9.972557892074631,0.0,43.43386619081303
3.826,42.881483588610784,0.5475935528675836,5.19811869283522,-10.003452867269353,0.0,43.429077141478366
3.827,42.88668081400232,0.53757492983736,5.19633181774749,-10.033682087389922,0.0,43.42425574383968
3.8280000000000003,42.89187625170041,0.5275264111963607,5.194543305059456,-10.063243800532348,0.0,43.41940266289677
3.829,42.897069900064814,0.5174486653090352,5.1927531495151795,-10.092136299155769,0.0,43.41451856537385
3.83,42.90226175745011,0.5073423622251522,5.1909613460129895,-10.120357920179064,0.0,43.409604119675265
3.831,42.907451822205864,0.49720817363529196,5.18916788960575,-10.147907045074515,0.0,43.40465999584116
3.8320000000000003,42.91264009267675,0.4870467728262483,5.187372775501114,-10.174782099958518,0.0,43.399686865503
3.833,42.91782656720275,0.4768588346363397,5.185575999061765,-10.200981555679336,0.0,43.39468540183909
3.834,42.923011244119266,0.46664503541063507,5.183777555805656,-10.22650392790188,0.0,43.3896562795299
3.835,42.92819412175731,0.4564060529560958,5.18197744140623,-10.251347777189544,0.0,43.384600174713405
3.8360000000000003,42.933375198443635,0.4461425664966378,5.180175651692634,-10.275511709083037,0.0,43.379517764940275
3.837,42.93855447250091,0.4358552566281157,5.178372182649926,-10.298994374176276,0.0,43.37440972912903
3.838,42.943731942247865,0.4255448052732332,5.176567030419261,-10.32179446818927,0.0,43.3692767475211
3.839,42.948907605999445,0.4152118956363816,5.174760191298082,-10.343910732038031,0.0,43.36411950163583
3.84,42.95408146206697,0.4048572121584104,5.172951661740287,-10.365341951901508,0.0,43.358938674225385
3.841,42.95925350875831,0.3944814404713317,5.171141438356391,-10.386086959285507,0.0,43.35373494922964
3.842,42.964423744377996,0.38408526735296294,5.16932951791368,-10.406144631083645,0.0,43.34850901173096
3.843,42.96959216722742,0.37366938068150973,5.167515897336355,-10.425513889635287,0.0,43.34326154790893
3.844,42.974758775604975,0.36323446939009246,5.165700573705657,-10.44419370278049,0.0,43.33799324499507
3.845,42.97992356780622,0.35278122342121937,5.163883544259994,-10.462183083911953,0.0,43.332704791227435
3.846,42.985086542124016,0.34231033368120906,5.162064806395046,-10.47948109202395,0.0,43.32739687580523
3.847,42.99024769684871,0.3318224919945659,5.16024435766387,-10.496086831758268,0.0,43.32207018884328
3.848,42.99540703026828,0.3213183910583107,5.1584221957769865,-10.511999453447126,0.0,43.316725421326595
3.849,43.0005645406685,0.3107987243962701,5.1565983186024615,-10.527218153153099,0.0,43.31136326506477
3.85,43.00572022633307,0.30026418631332735,5.154772724165974,-10.541742172706007,0.0,43.305984412646396
3.851,43.010874085543804,0.28971547184963814,5.152945410650875,-10.55557079973682,0.0,43.300589557393444
3.852,43.01602611658079,0.2791532767348136,5.151116376398237,-10.568703367708526,0.0,43.2951793933156
3.853,43.02117631772252,0.2685782973420741,5.149285619906891,-10.58113925594399,0.0,43.289754615064595
3.854,43.026324687246074,0.2579912306423767,5.147453139833455,-10.592877889650806,0.0,43.28431591788845
3.855,43.03147122342726,0.24739277415851943,5.14561893499235,-10.603918739943122,0.0,43.27886399758578
3.856,43.03661592454079,0.23678362591922475,5.14378300435581,-10.614261323860449,0.0,43.27339955046001
3.857,43.04175878886041,0.2261644844132063,5.141945347053876,-10.623905204383457,0.0,43.26792327327362
3.858,43.0468998146591,0.21553604854322103,5.140105962374383,-10.632849990446756,0.0,43.26243586320232
3.859,43.05203900020918,0.20489901758011012,5.138264849762936,-10.641095336948652,0.0,43.25693801778929
3.86,43.05717634378251,0.19425409111683162,5.136422008822877,-10.648640944757892,0.0,43.25143043489934
3.861,43.062311843650626,0.183601969022488,5.13457743931524,-10.655486560717392,0.0,43.245913812673116
3.862,43.067445498084915,0.1729433513963512,5.132731141158694,-10.661631977644955,0.0,43.24038884948126
3.863,43.072577305356745,0.16227893852188888,5.130883114429481,-10.667077034330958,0.0,43.23485624387863
3.864,43.07770726373765,0.151609430820794,5.129033359361337,-10.671821615533053,0.0,43.22931669455844
3.865,43.08283537149948,0.14093552880702168,5.127181876345409,-10.675865651967829,0.0,43.2237709003065
3.866,43.087961626914534,0.1302579330408355,5.125328665930159,-10.679209120299484,0.0,43.21821955995537
3.867,43.09308602825577,0.11957734408286694,5.123473728821255,-10.68185204312548,0.0,43.21266337233864
3.868,43.098208573796896,0.10889446244819047,5.121617065881456,-10.683794488959187,0.0,43.20710303624509
3.869,43.10332926181259,0.09820998856041757,5.119758678130488,-10.685036572209542,0.0,43.20153925037301
3.87,43.10844809057861,0.08752462270581265,5.1178985667449,-10.685578453157683,0.0,43.19597271328443
3.871,43.113565058371975,0.07683906498743372,5.116036733057923,-10.685420337930598,0.0,43.19040412335941
3.872,43.11868016347112,0.06615401527930095,5.114173178559309,-10.684562478471774,0.0,43.18483417875042
3.873,43.12379340415603,0.05547017318059617,5.112307904895164,-10.683005172508855,0.0,43.17926357733663
3.874,43.128904778708446,0.04478823796989606,5.110440913867771,-10.680748763518308,0.0,43.17369301667834
3.875,43.13401428541196,0.03410890855944228,5.108572207435403,-10.677793640687096,0.0,43.1681231939714
3.876,43.139121922552214,0.02343288344945135,5.106701787712119,-10.674140238871383,0.0,43.162554806001665
3.8770000000000002,43.14422768841704,0.012760860682467364,5.104829656967563,-10.669789038552244,0.0,43.15698854909951
3.878,43.149331581296615,0.0020935377977604527,5.102955817626739,-10.664740565788406,0.0,43.15142511909438
3.879,43.15443359948362,-0.008568388214226012,5.101080272269789,-10.658995392166023,0.0,43.14586521126939
3.88,43.159533741273385,-0.01922422095737647,5.099203023631748,-10.652554134745468,0.0,43.14030952031601
3.8810000000000002,43.164632004964076,-0.02987326467534957,5.097324074602299,-10.645417456005182,0.0,43.134758740288724
3.882,43.169728388856804,-0.040514824296966935,5.095443428225512,-10.63758606378255,0.0,43.129213564559834
3.883,43.17482289125581,-0.05114820548154129,5.093561087699578,-10.62906071121183,0.0,43.12367468577427
3.884,43.179915510468604,-0.061772714664141096,5.091677056376525,-10.619842196659137,0.0,43.11814279580446
3.8850000000000002,43.18500624480613,-0.07238765910078866,5.089791337761935,-10.609931363654477,0.0,43.11261858570534
3.886,43.190095092582915,-0.08299234691358882,5.0879039355146425,-10.599329100820848,0.0,43.10710274566932
3.887,43.19518205211722,-0.09358608713578528,5.086014853446426,-10.58803634180041,0.0,43.101595964981435
3.888,43.20026712173119,-0.10416818975674161,5.084124095521688,-10.576054065177733,0.0,43.096098931974446
3.8890000000000002,43.20535029975101,-0.11473796576684406,5.08223166585713,-10.56338329440011,0.0,43.09061233398417
3.89,43.21043158450707,-0.12529472720232326,5.080337568721408,-10.550025097694974,0.0,43.08513685730475
3.891,43.215510974334094,-0.1358377871899919,5.078441808534791,-10.535980587984405,0.0,43.0796731871441
3.892,43.220588467571304,-0.14636645999189524,5.0765443898688,-10.521250922796725,0.0,43.07422200757941
3.8930000000000002,43.22566406256257,-0.15688006104987218,5.074645317445839,-10.505837304175211,0.0,43.0687840015127
3.894,43.23073775765656,-0.16737790703002317,5.0727445961388185,-10.489740978583919,0.0,43.06335985062654
3.895,43.23580955120689,-0.17785931586708284,5.0708422309707695,-10.472963236810626,0.0,43.05795023533981
3.896,43.24087944157227,-0.18832360680869392,5.068938227114443,-10.455505413866902,0.0,43.052555834763574
3.8970000000000002,43.24594742711666,-0.1987701004595799,5.067032589891908,-10.437368888885317,0.0,43.04717732665708
3.898,43.25101350620942,-0.20919811882561343,5.06512532477413,-10.418555085013786,0.0,43.04181538738381
3.899,43.25607767722545,-0.21960698535777765,5.06321643738055,-10.399065469307077,0.0,43.03647069186767
3.9,43.26113993854534,-0.22999602499601765,5.0613059334786445,-10.37890155261547,0.0,43.03114391354932
3.9010000000000002,43.26620028855554,-0.24036456421297908,5.059393818983483,-10.358064889470581,0.0,43.025835724342556
3.902,43.27125872564846,-0.25071193105763123,5.0574800999572735,-10.336557077968369,0.0,43.02054679459083
3.903,43.27631524822267,-0.26103745519877175,5.055564782608898,-10.314379759649322,0.0,43.0152777930239
3.904,43.28136985468302,-0.27134046796841005,5.053647873293438,-10.29153461937584,0.0,43.01002938671461
3.9050000000000002,43.28642254344077,-0.2816203024050268,5.051729378511693,-10.26802338520682,0.0,43.00480224103575
3.906,43.291473312913766,-0.2918762932967064,5.049809304909687,-10.243847828269452,0.0,42.999597019617056
3.907,43.296522161526575,-0.30210777722414023,5.0478876592781665,-10.21900976262823,0.0,42.99441438430244
3.908,43.30156908771062,-0.3123140926034972,5.045964448552091,-10.19351104515121,0.0,42.98925499510712
3.9090000000000003,43.306614089904336,-0.3224945797291592,5.044039679810114,-10.167353575373486,0.0,42.98411951017518
3.91,43.3116571665533,-0.3326485808163189,5.042113360274047,-10.140539295357936,0.0,42.979008585736985
3.911,43.316698316110404,-0.34277544004343663,5.040185497308329,-10.113070189553216,0.0,42.973922876066965
3.912,43.32173753703594,-0.3528745035945542,5.038256098419475,-10.084948284649032,0.0,42.96886303344139
3.9130000000000003,43.32677482779781,-0.36294511970146215,5.036325171255517,-10.056175649428685,0.0,42.96382970809635
3.914,43.33181018687162,-0.3729866386857188,5.034392723605442,-10.026754394618912,0.0,42.958823548185904
3.915,43.336843612740836,-0.38299841300051723,5.032458763398612,-9.996686672737034,0.0,42.95384519974032
3.916,43.34187510389692,-0.39297979727239857,5.030523298704186,-9.96597467793541,0.0,42.94889530662452
3.9170000000000003,43.34690465883948,-0.40293014834280794,5.028586337730523,-9.934620645843214,0.0,42.943974510496666
3.918,43.3519322760764,-0.41284882530949113,5.026647888824581,-9.902626853405557,0.0,42.93908345076691
3.919,43.35695795412397,-0.42273518956772893,5.024707960471304,-9.86999561871995,0.0,42.93422276455624
3.92,43.361981691507054,-0.43258860485140677,5.022766561293006,-9.836729300870122,0.0,42.92939308665565
3.9210000000000003,43.367003486759195,-0.4424084372739167,5.020823700048741,-9.802830299757218,0.0,42.924595049485276
3.922,43.37202333842276,-0.4521940553688893,5.018879385633666,-9.768301055928374,0.0,42.919829283053865
3.923,43.37704124504908,-0.46194483013075277,5.016933627078395,-9.733144050402684,0.0,42.915096414918324
3.924,43.382057205198585,-0.47166013505511706,5.0149864335483425,-9.69736180449458,0.0,42.91039707014347
3.9250000000000003,43.38707121744095,-0.4813393461789795,5.013037814343064,-9.660956879634629,0.0,42.90573187126197
3.926,43.39208328035519,-0.4909818421207506,5.011087778895582,-9.62393187718776,0.0,42.901101438234434
3.927,43.39709339252984,-0.5005870041200962,5.009136336771706,-9.586289438268942,0.0,42.89650638840974
3.928,43.40210155256307,-0.5101542160775943,5.007183497669346,-9.548032243556312,0.0,42.89194733648547
3.9290000000000003,43.40710775906279,-0.5196828645942038,5.005229271417811,-9.509163013101778,0.0,42.88742489446859
3.93,43.41211201064683,-0.5291723390105427,5.003273667977107,-9.46968450613911,0.0,42.88293967163629
3.931,43.41711430594304,-0.5386220314459728,5.001316697437223,-9.429599520889518,0.0,42.87849227449706
3.932,43.42211464358941,-0.5480313368374886,4.999358370017409,-9.388910894364756,0.0,42.87408330675192
3.9330000000000003,43.427113022234224,-0.557399652978409,4.997398696065443,-9.347621502167739,0.0,42.86971336925581
3.934,43.43210944053618,-0.5667263805568672,4.9954376860568965,-9.305734258290704,0.0,42.865383059979315
3.935,43.43710389716451,-0.5760109231940983,4.993475350594385,-9.263252114910923,0.0,42.861092973970415
3.936,43.44209639079912,-0.5852526874825212,4.991511700406814,-9.220178062183988,0.0,42.8568437033166
3.9370000000000003,43.4470869201307,-0.5944510830236126,4.98954674634862,-9.176515128034671,0.0,42.85263583710709
3.938,43.45207548386085,-0.6036055224655703,4.987580499398994,-9.132266377945381,0.0,42.84846996139528
3.939,43.45706208070223,-0.6127154215407644,4.985612970661106,-9.087434914742238,0.0,42.84434665916147
3.94,43.46204670937865,-0.621780199102973,4.98364417136132,-9.042023878378766,0.0,42.840266510275676
3.9410000000000003,43.46702936862521,-0.6307992771644004,4.981674112848396,-8.996036445717234,0.0,42.83623009146081
3.942,43.47201005718843,-0.6397720809324755,4.979702806592694,-8.949475830307646,0.0,42.83223797625595
3.943,43.47698877382634,-0.6486980388464281,4.977730264185357,-8.902345282164404,0.0,42.828290734979916
3.944,43.481965517308645,-0.6575765826136407,4.975756497337502,-8.854648087540662,0.0,42.824388934695
3.9450000000000003,43.486940286416804,-0.6664071472457734,4.973781517879387,-8.806387568700378,0.0,42.82053313917103
3.946,43.491913079944176,-0.67518917109466,4.971805337759585,-8.757567083688087,0.0,42.81672390884952
3.947,43.49688389669612,-0.6839220958879723,4.969827969044142,-8.708190026096403,0.0,42.81296180080815
3.948,43.50185273549012,-0.6926053667646507,4.9678494239157285,-8.658259824831278,0.0,42.809247368725465
3.9490000000000003,43.5068195951559,-0.7012384323101001,4.965869714672786,-8.607779943875022,0.0,42.805581162845804
3.95,43.51178447453556,-0.7098207445911459,4.963888853728668,-8.556753882047106,0.0,42.80196372994441
3.951,43.516747372483636,-0.7183517591907512,4.961906853610766,-8.505185172762769,0.0,42.79839561329288
3.952,43.52170828786727,-0.726830935242491,4.959923726959637,-8.45307738378943,0.0,42.79487735262478
3.9530000000000003,43.52666721956629,-0.7352577354647811,4.957939486528119,-8.40043411700095,0.0,42.791409484101514
3.954,43.53162416647335,-0.7436316261948616,4.955954145180439,-8.347259008129717,0.0,42.78799254027849
3.955,43.536579127494,-0.7519520774225298,4.95396771589132,-8.29355572651662,0.0,42.78462705007147
3.956,43.54153210154684,-0.7602185628236235,4.95198021174507,-8.239327974858902,0.0,42.78131353872322
3.9570000000000003,43.5464830875636,-0.7684305597932499,4.949991645934679,-8.184579488955901,0.0,42.77805252777035
3.958,43.55143208448926,-0.7765875494787599,4.948002031760895,-8.129314037452723,0.0,42.774844535010494
3.959,43.55637909128214,-0.7846890168124646,4.946011382631301,-8.073535421581841,0.0,42.771690074469674
3.96,43.561324106914036,-0.7927344505440932,4.944019712059384,-8.017247474902657,0.0,42.76858965636994
3.9610000000000003,43.56626713037031,-0.8007233432729881,4.942027033663597,-7.9604540630390215,0.0,42.76554378709733
3.962,43.571208160649995,-0.8086551914800381,4.940033361166415,-7.903159083414752,0.0,42.76255296916996
3.963,43.57614719676589,-0.8165294955593443,4.938038708393382,-7.845366464987157,0.0,42.759617701206544
3.964,43.58108423774467,-0.8243457598496207,4.936043089272156,-7.787080167978578,0.0,42.75673847789505
3.9650000000000003,43.58601928262699,-0.832103492665323,4.934046517831543,-7.728304183605986,0.0,42.75391578996167
3.966,43.5909523304676,-0.8398022063275081,4.932049008200531,-7.6690425338086285,0.0,42.751150124140096
3.967,43.59588338033541,-0.8474414171944191,4.930050574607306,-7.609299270973763,0.0,42.74844196314099
3.968,43.60081243131361,-0.8550206456917953,4.928051231378278,-7.549078477660487,0.0,42.74579178562181
3.969,43.605739482499764,-0.8625394163429051,4.926050992937087,-7.488384266321688,0.0,42.74320006615686
3.97,43.61066453300592,-0.8699972577983004,4.92404987380361,-7.427220779024126,0.0,42.74066727520761
3.971,43.61558758195868,-0.8773937028652893,4.922047888592962,-7.365592187166675,0.0,42.73819387909339
3.972,43.620508628499316,-0.8847282885371267,4.920045052014486,-7.303502691196737,0.0,42.73578033996219
3.973,43.625427671783854,-0.8920005560219205,4.918041378870744,-7.240956520324849,0.0,42.733427115761934
3.974,43.63034471098317,-0.8992100507712509,4.916036884056498,-7.177957932237504,0.0,42.731134660211914
3.975,43.63525974528307,-0.9063563225085025,4.914031582557685,-7.11451121280821,0.0,42.72890342277457
3.976,43.640172773884416,-0.9134389252569057,4.91202548945039,-7.0506206758067895,0.0,42.72673384862751
3.977,43.645083796003156,-0.9204574173672873,4.910018619899809,-6.986290662606958,0.0,42.72462637863587
3.978,43.64999281087048,-0.9274113615455268,4.908010989159209,-6.921525541892196,0.0,42.722581449324956
3.979,43.654899817732854,-0.9343003248797195,4.9060026125688845,-6.856329709359927,0.0,42.72059949285313
3.98,43.65980481585214,-0.9411238788670407,4.903993505555103,-6.79070758742403,0.0,42.7186809369851
3.981,43.66470780450566,-0.9478815994403137,4.901983683629052,-6.7246636249157,0.0,42.716826205065345
3.982,43.669608782986295,-0.954573066994276,4.8999731623857725,-6.658202296782688,0.0,42.715035715992016
3.983,43.67450775060255,-0.9611978664115454,4.8979619575030995,-6.591328103786923,0.0,42.713309884191005
3.984,43.67940470667867,-0.9677555870882819,4.895950084740584,-6.52404557220055,0.0,42.71164911959038
3.985,43.68429965055468,-0.974245822959546,4.8939375599384185,-6.4563592535004055,0.0,42.71005382759513
3.986,43.6891925815865,-0.980668172524349,4.891924399016356,-6.388273724060939,0.0,42.70852440906215
3.987,43.694083499146,-0.9870222388703972,4.889910617972623,-6.3197935848456135,0.0,42.7070612602756
3.988,43.69897240262109,-0.9933076296985256,4.887896232882827,-6.2509234610967965,0.0,42.70566477292256
3.989,43.703859291415796,-0.9995239573468214,4.885881259898864,-6.181668002024172,0.0,42.70433533406897
3.99,43.70874416495033,-1.0056708388144346,4.883865715247813,-6.112031880491683,0.0,42.7030733261359
3.991,43.71362702266117,-1.0117478957850754,4.881849615230837,-6.0420197927030355,0.0,42.70187912687609
3.992,43.718507864001126,-1.017754754650196,4.879832976222067,-5.971636457885779,0.0,42.70075310935093
3.993,43.723386688439426,-1.0236910465318558,4.877815814667493,-5.900886617973992,0.0,42.69969564190757
3.994,43.72826349546178,-1.029556407305269,4.8757981470838425,-5.829775037289578,0.0,42.69870708815651
3.995,43.733138284570444,-1.035350477621032,4.873779990057461,-5.758306502222216,0.0,42.697787806949414
3.996,43.738011055284296,-1.0410729029270314,4.871761360243182,-5.686485820907965,0.0,42.69693815235726
3.997,43.74288180713891,-1.0467233334900283,4.8697422743632,-5.614317822906562,0.0,42.69615847364888
3.998,43.7477505396866,-1.0523014244169204,4.867722749205932,-5.541807358877422,0.0,42.69544911526968
3.999,43.75261725249651,-1.0578068356756793,4.86570280162488,-5.468959300254368,0.0,42.694810416820836
4.0,43.75748194515468,-1.0632392321159616,4.8636824485374905,-5.395778538919109,0.0,42.69424271303872
4.001,43.76234461726408,-1.068598283489393,4.861661706924005,-5.3222699868735,0.0,42.69374633377468
4.002,43.7672052684447,-1.0738836644695242,4.859640593826313,-5.248438575910581,0.0,42.69332160397517
4.003,43.7720638983336,-1.079095054671457,4.857619126346794,-5.174289257284448,0.0,42.69296884366214
4.0040000000000004,43.77692050658498,-1.08423213867114,4.855597321647164,-5.099827001378949,0.0,42.69268836791384
4.005,43.78177509287023,-1.0892946060243314,4.853575196947314,-5.0250567973752505,0.0,42.692480486845895
4.006,43.78662765687797,-1.094282151285231,4.851552769524144,-4.94998365291828,0.0,42.69234550559274
4.007,43.791478198314145,-1.0991944740247759,4.849530056710397,-4.874612593782076,0.0,42.69228372428937
4.008,43.79632671690205,-1.1040312788486017,4.847507075893488,-4.798948663534065,0.0,42.69229543805345
4.009,43.80117321238241,-1.108792275414668,4.845483844514331,-4.72299692319829,0.0,42.692380936967744
4.01,43.80601768451339,-1.113477178450546,4.843460380066159,-4.646762450917604,0.0,42.69254050606285
4.011,43.8108601330707,-1.1180857077703679,4.841436700093348,-4.57025034161487,0.0,42.69277442530033
4.0120000000000005,43.8157005578476,-1.1226175882914375,4.839412822190228,-4.493465706653165,0.0,42.69308296955616
4.013,43.82053895865498,-1.1270725500504997,4.837388763999905,-4.416413673495031,0.0,42.69346640860448
4.014,43.8253753353214,-1.1314503282196693,4.835364543213066,-4.339099385360789,0.0,42.693925007101726
4.015,43.83020968769312,-1.1357506631220176,4.83334017756679,-4.261528000885935,0.0,42.6944590245711
4.016,43.83504201563417,-1.139973300246816,4.831315684843355,-4.183704693777645,0.0,42.69506871538736
4.017,43.83987231902639,-1.1441179902644354,4.82929108286904,-4.105634652470408,0.0,42.69575432876196
4.018,43.84470059776945,-1.1481844890409012,4.827266389512926,-4.027323079780819,0.0,42.69651610872855
4.019,43.84952685178093,-1.152172557652102,4.825241622685693,-3.948775192561543,0.0,42.69735429412883
4.0200000000000005,43.85435108099632,-1.1560819623976528,4.8232168003384235,-3.8699962213544787,0.0,42.69826911859867
4.021,43.859173285369096,-1.1599124748144103,4.821191940461386,-3.790991410043147,0.0,42.699260810554684
4.022,43.86399346487074,-1.1636638716896404,4.819167061082835,-3.711766015504324,0.0,42.700329593181095
4.023,43.86881161949078,-1.167335935073837,4.8171421802677985,-3.6323253072589416,0.0,42.70147568441694
4.024,43.873627749236825,-1.1709284522931913,4.815117316116864,-3.552674567122282,0.0,42.702699296943635
4.025,43.87844185413461,-1.1744412159617108,4.813092486764968,-3.472819088853484,0.0,42.70400063817289
4.026,43.88325393422801,-1.1778740239929877,4.811067710380176,-3.3927641778043904,0.0,42.705379910235024
4.027,43.88806398957909,-1.1812266796116162,4.8090430051624695,-3.3125151505677555,0.0,42.70683730996747
4.0280000000000005,43.89287202026813,-1.1844989913642567,4.807018389342522,-3.232077334624836,0.0,42.70837302890387
4.029,43.897678026393656,-1.1876907731303483,4.804993881180482,-3.151456067992394,0.0,42.70998725326331
4.03,43.90248200807247,-1.1908018441324668,4.80296949896475,-3.0706566988691244,0.0,42.71168016394
4.031,43.90728396543967,-1.1938320289463304,4.80094526101075,-2.989684585281545,0.0,42.713451936493335
4.032,43.91208389864869,-1.19678115751045,4.798921185659714,-2.9085450947293574,0.0,42.71530274113824
4.033,43.91688180787131,-1.1996490651354252,4.796897291277446,-2.8272436038303157,0.0,42.71723274273589
4.034,43.921677693297696,-1.2024355925128836,4.794873596253099,-2.745785497964614,0.0,42.71924210078481
4.035,43.92647155513641,-1.205140585724066,4.792850118997946,-2.6641761709188287,0.0,42.72133096941234
4.0360000000000005,43.93126339361443,-1.2077638962480548,4.79082687794415,-2.582421024529427,0.0,42.723499497366376
4.037,43.936053208977185,-1.210305380969645,4.788803891543533,-2.500525468325875,0.0,42.72574782800754
4.038,43.94084100148856,-1.2127649021868583,4.786781178266345,-2.4184949191733622,0.0,42.7280760993017
4.039,43.945626771430916,-1.215142327618101,4.7847587566000325,-2.3363348009151697,0.0,42.73048444381281
4.04,43.95041051910513,-1.2174375304089624,4.782736645048003,-2.2540505440147047,0.0,42.73297298869616
4.041,43.955192244830556,-1.2196503891386559,4.780714862128396,-2.171647585197224,0.0,42.7355418556919
4.042,43.9599719489451,-1.2217807878261018,4.778693426372842,-2.0891313670912717,0.0,42.738191161119005
4.043,43.964749631805205,-1.223828615935651,4.776672356325234,-2.006507337869852,0.0,42.74092101586955
4.0440000000000005,43.96952529378584,-1.2257937683824502,4.774651670540492,-1.9237809508913648,0.0,42.74373152540339
4.045,43.974298935280565,-1.2276761455374472,4.772631387583324,-1.8409576643403232,0.0,42.74662278974312
4.046,43.97907055670148,-1.229475653232038,4.770611526026994,-1.758042940867881,0.0,42.74959490346944
4.047,43.98384015847928,-1.2311922027623527,4.768592104452084,-1.67504224723219,0.0,42.75264795571693
4.048,43.98860774106324,-1.232825710893184,4.766573141445262,-1.591961053938612,0.0,42.75578203017006
4.049,43.99337330492123,-1.2343760998615525,4.764554655598042,-1.5088048348798113,0.0,42.75899720505968
4.05,43.998136850539694,-1.235843297379916,4.762536665505552,-1.425579066975748,0.0,42.76229355315978
4.051,44.002898378423694,-1.2372272366390156,4.760519189765296,-1.3422892298135969,0.0,42.76567114178468
4.0520000000000005,44.007657889096876,-1.2385278563103628,4.758502246975923,-1.2589408052876174,0.0,42.769130032786514
4.053,44.0124153831015,-1.2397451005483675,4.7564858557359875,-1.1755392772389959,0.0,42.77267028255313
4.054,44.0171708609984,-1.2408789189921037,4.754470034642718,-1.0920901310956843,0.0,42.776291942006296
4.055,44.02192432336703,-1.2419292667667166,4.752454802290782,-1.0085988535122599,0.0,42.77999505660031
4.056,44.026675770805426,-1.2428961044844695,4.750440177271058,-0.9250709320098285,0.0,42.78377966632095
4.057,44.03142520393021,-1.2437793982454302,4.748426178169393,-0.8415118546159962,0.0,42.78764580568478
4.058,44.0361726233766,-1.2445791196377969,4.746412823565382,-0.757927109504931,0.0,42.7915935037388
4.059,44.04091802979837,-1.2452952457378657,4.74440013203113,-0.6743221846375403,0.0,42.795622784060505
4.0600000000000005,44.04566142386788,-1.2459277591096367,4.742388122130023,-0.590702567401786,0.0,42.79973366475824
4.061,44.050402806276026,-1.2464766478040623,4.740376812415502,-0.5070737442531613,0.0,42.80392615847197
4.062,44.05514217773228,-1.246941905357934,4.7383662214298345,-0.4234412003553538,0.0,42.80820027237434
4.063,44.05987953896464,-1.2473235307924118,4.736356367702884,-0.33981041922111627,0.0,42.81255600817222
4.064,44.06461489071961,-1.2476215286111927,4.734347269750889,-0.2561868823533704,0.0,42.81699336210842
4.065,44.06934823376223,-1.2478359087983228,4.732338946075238,-0.17257606888656601,0.0,42.821512324963905
4.066,44.07407956887601,-1.2479666868156494,4.730331415161246,-0.08898345522831971,0.0,42.82611288206036
4.067,44.07880889686296,-1.248013883599914,4.7283246954769345,-0.005414514701355622,0.0,42.83079501326304
4.0680000000000005,44.08353621854353,-1.2479775255594898,4.726318805471809,0.07812528281422745,0.0,42.83555869298404
4.069,44.08826153475661,-1.2478576445707599,4.724313763575645,0.16163047123833987,0.0,42.840403890185854
4.07,44.09298484635952,-1.2476542779741384,4.722309588197268,0.24509558864791248,0.0,42.845330568385386
4.071,44.09770615422797,-1.2473674685697358,4.720306297723343,0.32851517763351185,0.0,42.85033868565824
4.072,44.102425459256054,-1.2469972646126661,4.718303910517157,0.41188378565553674,0.0,42.85542819464339
4.073,44.107142762356204,-1.2465437198080005,4.716302444917416,0.4951959653999719,0.0,42.8605990425482
4.074,44.11185806445919,-1.246006893305363,4.714301919237025,0.5784462751336769,0.0,42.86585117115383
4.075,44.11657136651408,-1.2453868496931724,4.712302351761894,0.6616292790591858,0.0,42.87118451682091
4.0760000000000005,44.1212826694882,-1.2446836589925294,4.710303760749723,0.7447395476689955,0.0,42.876599010495674
4.077,44.12599197436714,-1.2438973966507503,4.7083061644288104,0.8277716580993196,0.0,42.88209457771639
4.078,44.13069928215469,-1.2430281435345456,4.706309580996843,0.9107201944832838,0.0,42.88767113862014
4.079,44.13540459387282,-1.2420759859228474,4.704314028619705,0.9935797483035411,0.0,42.893328607949975
4.08,44.14010791056166,-1.241041015499284,4.7023195254302825,1.0763449187442837,0.0,42.899066895062376
4.081,44.144809233279446,-1.2399233293443017,4.7003260895272705,1.1590103130426275,0.0,42.904885903935146
4.082,44.1495085631025,-1.2387230299269376,4.698333738973982,1.2415705468393483,0.0,42.91078553317556
4.083,44.15420590112519,-1.2374402250962402,4.696342491797165,1.3240202445289453,0.0,42.916765676028945
4.0840000000000005,44.158901248459884,-1.2360750280723407,4.694352365985816,1.40635403960901,0.0,42.92282622038754
4.085,44.163594606236934,-1.2346275574371763,4.692363379489998,1.4885665750288777,0.0,42.928967048799755
4.086,44.16828597560461,-1.2330979371248638,4.690375550219664,1.570652503537539,0.0,42.93518803847975
4.087,44.17297535772907,-1.2314862964117264,4.688388896043484,1.6526064880307885,0.0,42.94148906131735
4.088,44.17766275379434,-1.2297927699059739,4.686403434787667,1.7344232018975887,0.0,42.94786998388836
4.089,44.18234816500222,-1.2280174975370366,4.684419184234799,1.816097329365626,0.0,42.95433066746518
4.09,44.18703159257229,-1.226160624544554,4.6824361621226736,1.8976235658460372,0.0,42.960870968027734
4.091,44.19171303774184,-1.2242223014670193,4.680454386143131,1.9789966182772836,0.0,42.967490736274826
4.0920000000000005,44.196392501765835,-1.2222026841300806,4.678473873940899,2.0602112054681503,0.0,42.974189817635754
4.093,44.20106998591685,-1.2201019336344998,4.676494643112437,2.14126205843985,0.0,42.98096805228235
4.094,44.20574549148504,-1.217920216343769,4.674516711204788,2.222143920767206,0.0,42.98782527514127
4.095,44.21041901977807,-1.2156577038713867,4.672540095714425,2.302851548918897,0.0,42.994761315906686
4.096,44.21509057212109,-1.2133145730677948,4.670564814086112,2.383379712596737,0.0,43.001775999053294
4.097,44.21976014985666,-1.2108910060069753,4.668590883711759,2.4637231950739706,0.0,43.00886914384969
4.098,44.22442775434471,-1.2083871899727108,4.666618321929288,2.543876793532564,0.0,43.016040564372
4.099,44.229093386962475,-1.2058033174445077,4.664647146021502,2.6238353193994652,0.0,43.02329006951797
4.1,44.233757049104454,-1.203139586083183,4.662677373214952,2.703593598681815,0.0,43.03061746302127
4.101,44.23841874218233,-1.2003961987161174,4.660709020678814,2.783146472301086,0.0,43.03802254346621
4.102,44.24307846762494,-1.1975733633221737,4.658742105523771,2.8624887964261316,0.0,43.04550510430277
4.103,44.24773622687819,-1.1946712930162844,4.656776644800894,2.941615442805114,0.0,43.053064933861904
4.104,44.252392021405015,-1.191690206033706,4.654812655500532,3.0205212990963033,0.0,43.06070181537131
4.105,44.25704585268531,-1.1886303257139441,4.652850154551201,3.0992012691977147,0.0,43.068415526971364
4.106,44.26169772221586,-1.18549188048435,4.650889158818487,3.1776502735755683,0.0,43.07620584173151
4.107,44.266347631510286,-1.1822751038433876,4.64892968510394,3.255863249591551,0.0,43.0840725276669
4.108,44.27099558209898,-1.178980234343576,4.646971750143986,3.3338351518288554,0.0,43.09201534775541
4.109,44.27564157552905,-1.1756075155741048,4.645015370608835,3.4115609524169783,0.0,43.10003405995494
4.11,44.280285613364214,-1.172157196143126,4.643060563101398,3.489035641355257,0.0,43.10812841722109
4.111,44.28492769718478,-1.1686295296597236,4.641107344156202,3.5662542268351207,0.0,43.11629816752505
4.112,44.289567828587536,-1.1650247747155593,4.639155730238324,3.6432117355610423,0.0,43.124543053871975
4.113,44.29420600918573,-1.1613431948662014,4.637205737742312,3.7199032130701597,0.0,43.13286281431953
4.114,44.29884224060894,-1.1575850586121317,4.635257382991126,3.796323724050557,0.0,43.14125718199681
4.115,44.30347652450305,-1.1537506393794363,4.633310682235075,3.8724683526581773,0.0,43.14972588512361
4.116,44.30810886253014,-1.1498402155001803,4.631365651650764,3.948332202832352,0.0,43.15826864702996
4.117,44.312739256368445,-1.1458540701924664,4.629422307340042,4.023910398609923,0.0,43.16688518617598
4.118,44.31736770771226,-1.1417924915401816,4.627480665328959,4.099198084437938,0.0,43.17557521617208
4.119,44.321994218271854,-1.1376557724724308,4.625540741566729,4.174190425484903,0.0,43.184338445799426
4.12,44.326618789773434,-1.1334442107426608,4.623602551924692,4.248882607950565,0.0,43.193174579030774
4.121,44.331241423959014,-1.129158108907474,4.621666112195289,4.323269839374211,0.0,43.20208331505154
4.122,44.33586212258637,-1.1247977743051365,4.619731438091039,4.397347348941464,0.0,43.21106434828123
4.123,44.34048088742895,-1.120363519033778,4.61779854524352,4.4711103877895475,0.0,43.22011736839517
4.124,44.345097720275795,-1.1158556599292886,4.61586744920236,4.544554229311013,0.0,43.22924206034651
4.125,44.34971262293145,-1.1112745185429123,4.613938165434232,4.6176741694558965,0.0,43.238438104388536
4.126,44.35432559721588,-1.1066204211185386,4.612010709321849,4.690465527032299,0.0,43.24770517609734
4.127,44.35893664496441,-1.101893698569696,4.610085096162976,4.76292364400536,0.0,43.25704294639471
4.128,44.3635457680276,-1.097094686456245,4.608161341169438,4.835043885794609,0.0,43.266451081571354
4.1290000000000004,44.36815296827118,-1.0922237249607756,4.606239459466142,4.906821641569682,0.0,43.27592924331041
4.13,44.37275824757597,-1.087281158864711,4.604319466090095,4.978252324544372,0.0,43.28547708871126
4.131,44.377361607837784,-1.082267337524117,4.602401375989438,5.049331372269009,0.0,43.29509427031367
4.132,44.38196305096733,-1.0771826148452188,4.600485204022483,5.1200542469211365,0.0,43.30478043612211
4.133,44.38656257889013,-1.0720273492596304,4.598570964956753,5.190416435594479,0.0,43.3145352296305
4.134,44.39116019354643,-1.0668019036992944,4.596658673468031,5.260413450586171,0.0,43.32435828984714
4.135,44.39575589689112,-1.0615066455711353,4.594748344139417,5.330040829682242,0.0,43.33424925131998
4.136,44.4003496908936,-1.0561419467314288,4.592839991460386,5.399294136441324,0.0,43.34420774416217
4.1370000000000005,44.40494157753773,-1.0507081834598881,4.590933629825861,5.468168960476575,0.0,43.35423339407784
4.138,44.409531558821705,-1.0452057364334697,4.5890292735352824,5.536660917735798,0.0,43.36432582238824
4.139,44.41411963675798,-1.039634990699898,4.587126936791691,5.604765650779736,0.0,43.374484646058086
4.14,44.41870581337317,-1.0339963356509159,4.585226633700817,5.6724788290585275,0.0,43.384709477722254
4.141,44.42329009070794,-1.0282901649952563,4.583328378270172,5.739796149186298,0.0,43.39499992571268
4.142,44.4278724708169,-1.0225168767313426,4.581432184408154,5.806713335213886,0.0,43.405355594085556
4.143,44.43245295576855,-1.016676873119716,4.579538065923149,5.8732261388996685,0.0,43.41577608264883
4.144,44.43703154764511,-1.010770560655193,4.577646036522653,5.939330339978476,0.0,43.42626098698992
4.1450000000000005,44.441608248542494,-1.0047983500387567,4.575756109812388,6.005021746428586,0.0,43.43680989850374
4.146,44.44618306057014,-0.9987606561491787,4.573868299295434,6.0702961947367715,0.0,43.44742240442096
4.147,44.450755985850954,-0.9926578980143805,4.571982618371364,6.135149550161385,0.0,43.458098087836575
4.148,44.45532702652118,-0.9864904987825303,4.570099080335386,6.19957770699347,0.0,43.46883652773865
4.149,44.45989618473032,-0.9802588856928808,4.568217698377495,6.263576588815875,0.0,43.479637299037435
4.15,44.46446346264099,-0.9739634900463489,4.566338485581627,6.327142148760363,0.0,43.49049997259464
4.151,44.469028862428864,-0.9676047471758388,4.564461454924828,6.390270369762692,0.0,43.50142411525302
4.152,44.47359238628251,-0.9611830964163116,4.56258661927642,6.45295726481565,0.0,43.5124092898662
4.1530000000000005,44.47815403640334,-0.9546989810746024,4.560713991397185,6.515198877220041,0.0,43.52345505532874
4.154,44.48271381500545,-0.9481528483989874,4.558843583938549,6.576991280833591,0.0,43.534560966606456
4.155,44.48727172431554,-0.941545149548504,4.556975409441776,6.638330580317763,0.0,43.54572657476704
4.156,44.4918277665728,-0.9348763395620241,4.555109480337173,6.699212911382475,0.0,43.55695142701077
4.157,44.49638194402878,-0.9281468773270843,4.553245808943292,6.7596344410286955,0.0,43.568235066701696
4.158,44.500934258947325,-0.9213572255484745,4.551384407466155,6.819591367788896,0.0,43.57957703339885
4.159,44.50548471360439,-0.9145078507165869,4.54952528799847,6.879079921965365,0.0,43.5909768628878
4.16,44.51003331028799,-0.907599223075528,4.547668462518869,6.93809636586635,0.0,43.60243408721246
4.1610000000000005,44.51458005129805,-0.9006318165909954,4.545813942891146,6.9966369940400215,0.0,43.61394823470705
4.162,44.519124938946305,-0.8936061089179222,4.543961740863504,7.054698133506243,0.0,43.62551883002838
4.163,44.52366797555619,-0.8865225813678899,4.54211186806781,7.112276143986133,0.0,43.637145394188295
4.164,44.52820916346269,-0.8793817188763133,4.540264336018859,7.169367418129402,0.0,43.64882744458638
4.165,44.53274850501227,-0.8721840099693996,4.538419156113645,7.225968381739454,0.0,43.66056449504287
4.166,44.53728600256272,-0.8649299467308824,4.536576339630641,7.2820754939962375,0.0,43.67235605583184
4.167,44.54182165848306,-0.8576200247685355,4.534735897729084,7.337685247676827,0.0,43.68420163371452
4.168,44.54635547515339,-0.8502547431804657,4.532897841448274,7.392794169373732,0.0,43.696100731972926
4.1690000000000005,44.55088745496481,-0.8428346045211895,4.531062181706871,7.447398819710912,0.0,43.70805285044362
4.17,44.55541760031925,-0.8353601147674948,4.529228929302215,7.501495793557483,0.0,43.720057485551756
4.171,44.55994591362942,-0.8278317832840896,4.527398094909639,7.555081720239107,0.0,43.73211413034533
4.172,44.5644723973186,-0.8202501227890404,4.525569689081799,7.608153263747052,0.0,43.74422227452956
4.173,44.56899705382059,-0.8126156493190038,4.52374372224801,7.660707122944904,0.0,43.75638140450158
4.174,44.573519885579536,-0.8049288821942511,4.521920204713594,7.712740031772924,0.0,43.76859100338528
4.175,44.578040895049845,-0.797190343983491,4.520099146659227,7.764248759450032,0.0,43.78085055106636
4.176,44.582560084696034,-0.7894005604684905,4.518280558140304,7.815230110673412,0.0,43.79315952422754
4.1770000000000005,44.58707745699262,-0.7815600606084981,4.516464449086307,7.865680925815721,0.0,43.80551739638412
4.178,44.591593014423964,-0.7736693765044708,4.514650829300186,7.9155980811198905,0.0,43.81792363791949
4.179,44.5961067594842,-0.7657290433631069,4.5128397084577445,7.964978488891508,0.0,43.83037771612109
4.18,44.600618694677046,-0.7577395994606888,4.511031096107032,8.013819097688774,0.0,43.842879095216354
4.181,44.60512882251572,-0.7497015861067361,4.509225001667751,8.062116892510007,0.0,43.85542723640898
4.182,44.60963714552278,-0.7416155476074728,4.50742143443067,8.109868894978705,0.0,43.86802159791531
4.183,44.614143666230035,-0.7334820312291107,4.5056204035570415,8.157072163526134,0.0,43.880661635000926
4.184,44.61864838717837,-0.7253015871609512,4.503821918078034,8.20372379357145,0.0,43.89334680001742
4.1850000000000005,44.62315131091763,-0.7170747684783084,4.502025986894172,8.249820917699322,0.0,43.90607654243932
4.186,44.627652440006514,-0.7088021311052563,4.50023261877478,8.295360705835066,0.0,43.918850308901256
4.187,44.63215177701242,-0.7004842337772006,4.498441822357441,8.340340365417266,0.0,43.931667543235214
4.188,44.6366493245113,-0.6921216380032813,4.4966536061474605,8.384757141567883,0.0,43.944527686508025
4.189,44.64114508508758,-0.6837149080286047,4.49486797851734,8.428608317259828,0.0,43.957430177058974
4.19,44.64563906133395,-0.6752646107963098,4.493084947706263,8.471891213481996,0.0,43.97037445053764
4.191,44.650131255851306,-0.6667713159094709,4.491304521819582,8.514603189401758,0.0,43.983359939941835
4.192,44.65462167124856,-0.658235595592839,4.48952670882832,8.55674164252488,0.0,43.99638607565572
4.1930000000000005,44.659110310142545,-0.6496580246544243,4.487751516568684,8.598304008852896,0.0,44.00945228548812
4.194,44.66359717515785,-0.6410391804469233,4.48597895274158,8.639287763037878,0.0,44.02255799471092
4.195,44.668082268926696,-0.6323796428289913,4.484209024912141,8.679690418534634,0.0,44.0357026260977
4.196,44.672565594088816,-0.6236799941263651,4.482441740509264,8.719509527750311,0.0,44.04888559996245
4.197,44.67704715329129,-0.6149408190928369,4.4806771068251585,8.758742682191382,0.0,44.062106334198454
4.198,44.68152694918843,-0.6061627048710826,4.4789151310148965,8.79738751260803,0.0,44.07536424431735
4.199,44.686004984441624,-0.5973462409533465,4.477155820095979,8.835441689135898,0.0,44.088658743488274
4.2,44.69048126171921,-0.5884920191419868,4.475399180947912,8.872902921435223,0.0,44.101989242577226
4.2010000000000005,44.69495578369636,-0.579600633509882,4.473645220311784,8.90976895882732,0.0,44.115355150186474
4.202,44.69942855305488,-0.5706726803607031,4.471893944789862,8.946037590428416,0.0,44.12875587269418
4.203,44.70389957248313,-0.5617087581890523,4.470145360845188,8.981706645280845,0.0,44.14219081429408
4.204,44.70836884467587,-0.552709467640473,4.468399474801194,9.016773992481562,0.0,44.15565937703539
4.205,44.712836372334095,-0.5436754114713318,4.466656292841318,9.051237541308,0.0,44.16916096086276
4.206,44.71730215816493,-0.534607194508576,4.464915821008635,9.08509524134124,0.0,44.18269496365635
4.207,44.721766204881455,-0.5255054236093698,4.4631780652054935,9.118345082586504,0.0,44.19626078127209
4.208,44.7262285152026,-0.516370707620611,4.461443031193164,9.150985095590956,0.0,44.20985780758199
4.2090000000000005,44.73068909185298,-0.5072036573383311,4.459710724591494,9.183013351558794,0.0,44.22348543451465
4.21,44.73514793756275,-0.4980048854669818,4.457981150878578,9.21442796246365,0.0,44.23714305209577
4.211,44.739605055067486,-0.4887750065786109,4.4562543153904315,9.245227081158278,0.0,44.25083004848887
4.212,44.74406044710801,-0.47951463707192904,4.454530223320672,9.27540890148151,0.0,44.26454581003608
4.213,44.748514116430286,-0.47022439513127146,4.452808879720222,9.304971658362506,0.0,44.27828972129902
4.214,44.752966065785245,-0.4609049006854567,4.451090289497004,9.333913627922263,0.0,44.29206116509979
4.215,44.757416297928664,-0.4515567753665451,4.44937445741566,9.36223312757239,0.0,44.305859522562116
4.216,44.761864815621,-0.4421806424685,4.447661388097273,9.389928516111148,0.0,44.3196841731525
4.2170000000000005,44.766311621627274,-0.43277712690575404,4.4459510860190985,9.41699819381674,0.0,44.33353449472152
4.218,44.7707567187169,-0.42334685517168397,4.4442435555143085,9.443440602537848,0.0,44.34740986354522
4.219,44.775200109663565,-0.41389045529699586,4.442538800771741,9.469254225781414,0.0,44.36130965436657
4.22,44.779641797245056,-0.40440855680802423,4.440836825835662,9.494437588797663,0.0,44.37523324043703
4.221,44.78408178424314,-0.3949017906849473,4.439137634605537,9.518989258662355,0.0,44.389179993558194
4.222,44.78852007344342,-0.3853707893199215,4.437441230835808,9.542907844356277,0.0,44.4031492841235
4.223,44.792956667635174,-0.37581618647513804,4.435747618135689,9.566191996841944,0.0,44.41714048116003
4.224,44.79739156961121,-0.3662386172408036,4.434056799968961,9.588840409137536,0.0,44.431152952370404
4.225,44.80182478216773,-0.35663871799304914,4.432368779653782,9.610851816388047,0.0,44.44518606417468
4.226,44.80625630810419,-0.3470171263517688,4.430683560362507,9.632224995933651,0.0,44.45923918175242
4.227,44.81068615022314,-0.3373744811383913,4.429001145121514,9.652958767375267,0.0,44.47331166908475
4.228,44.815114311330085,-0.3277114223335879,4.4273215368110455,9.673051992637347,0.0,44.4874028889965
4.229,44.819540794233326,-0.31802859103491854,4.425644738165052,9.692503576027859,0.0,44.50151220319841
4.23,44.823965601743836,-0.30832662941441946,4.423970751771051,9.71131246429547,0.0,44.51563897232942
4.231,44.8283887366751,-0.2986061806761351,4.422299580069997,9.729477646683927,0.0,44.52978255599896
4.232,44.832810201842975,-0.288867889013597,4.420631225356152,9.746998154983647,0.0,44.54394231282938
4.233,44.83723000006553,-0.2791123995672526,4.418965689776975,9.763873063580473,0.0,44.55811760049828
4.234,44.84164813416292,-0.2693403583818464,4.41730297533302,9.780101489501648,0.0,44.57230777578107
4.235,44.8460646069572,-0.25955241236375687,4.415643083877837,9.795682592458963,0.0,44.58651219459344
4.236,44.85047942127224,-0.24974920923829153,4.4139860171178915,9.810615574889093,0.0,44.60073021203395
4.237,44.85489257993353,-0.23993139750694303,4.412331776612485,9.824899681991125,0.0,44.61496118242658
4.238,44.859304085768024,-0.23009962640460915,4.410680363773694,9.838534201761265,0.0,44.629204459363415
4.239,44.863713941604054,-0.2202545458567795,4.409031779866312,9.85151846502472,0.0,44.64345939574727
4.24,44.86812215027111,-0.21039680643669173,4.407386026007802,9.863851845464781,0.0,44.65772534383442
4.241,44.872528714599746,-0.2005270593224601,4.4057431031682635,9.87553375964907,0.0,44.672001655277285
4.242,44.8769336374214,-0.1906459562541792,4.4041030121704035,9.886563667052965,0.0,44.68628768116722
4.243,44.88133692156826,-0.18075414949100574,4.402465753689521,9.89694107008022,0.0,44.700582772077254
4.244,44.88573856987313,-0.17085229176822084,4.400831328253497,9.906665514080753,0.0,44.71488627810491
4.245,44.890138585169254,-0.16094103625427633,4.399199736242801,9.915736587365606,0.0,44.729197548914975
4.246,44.894536970290176,-0.15102103650782725,4.3975709778904974,9.924153921219098,0.0,44.74351593378235
4.247,44.898933728069615,-0.14109294643475367,4.395945053282273,9.931917189908152,0.0,44.75784078163486
4.248,44.9033288613413,-0.13115742024517463,4.394321962356464,9.939026110688792,0.0,44.77217144109613
4.249,44.90772237293882,-0.12121511241045689,4.3927017049041,9.945480443809833,0.0,44.78650726052837
4.25,44.912114265695486,-0.11126667762022158,4.391084280568951,9.951279992513744,0.0,44.800847588075264
4.251,44.916504542444166,-0.1013127707393512,4.389469688847592,9.95642460303469,0.0,44.81519177170482
4.252,44.92089320601717,-0.09135404676500013,4.38785792908947,9.960914164593765,0.0,44.82953915925217
4.253,44.92528025924607,-0.08139116078361121,4.386249000496983,9.9647486093914,0.0,44.84388909846246
4.2540000000000004,44.92966570496158,-0.07142476792794142,4.384642902125573,9.967927912596961,0.0,44.858240937033635
4.255,44.934049545993375,-0.06145552333409928,4.383039632883819,9.970452092335533,0.0,44.87259402265928
4.256,44.93843178516998,-0.05148408209859694,4.381439191533551,9.97232120967189,0.0,44.886947703071385
4.257,44.942812425318614,-0.041511099235419645,4.379841576689964,9.97353536859166,0.0,44.90130132608319
4.258,44.94719146926502,-0.031537229633115504,4.378246786821747,9.974094715979682,0.0,44.915654239631905
4.259,44.951568919833356,-0.021563128011908253,4.376654820251221,9.973999441595552,0.0,44.93000579182145
4.26,44.955944779846014,-0.011589448880835879,4.375065675154483,9.973249778046378,0.0,44.94435533096518
4.261,44.9603190521235,-0.0016168464949179139,4.373479349561564,9.971846000756726,0.0,44.95870220562858
4.2620000000000005,44.96469173948427,0.008354025187645832,4.371895841356596,9.96978842793577,0.0,44.973045764671916
4.263,44.9690628447446,0.018322512548242298,4.370315148277983,9.96707742054166,0.0,44.987385357292844
4.264,44.973432370718406,0.02828796235057516,4.368737267918591,9.963713382243082,0.0,45.00172033306898
4.265,44.977800320217156,0.03824972178335499,4.3671621977259365,9.959696759378046,0.0,45.01605004200051
4.266,44.98216669604968,0.04820713850294682,4.3655899350023954,9.955028040909887,0.0,45.03037383455263
4.267,44.98653150102204,0.0581595606759723,4.364020476905414,9.949707758380484,0.0,45.04469106169802
4.268,44.99089473793738,0.0681063370218637,4.362453820447729,9.943736485860704,0.0,45.05900107495925
4.269,44.99525640959578,0.07804681685536695,4.360889962497604,9.937114839898081,0.0,45.07330322645115
4.2700000000000005,44.99961651879413,0.08798035012899104,4.359328899779067,9.929843479461724,0.0,45.08759686892312
4.271,45.00397506832595,0.09790628747540082,4.357770628872164,9.921923105884458,0.0,45.10188135580135
4.272,45.00833206098129,0.10782398024975075,4.356215146213216,9.913354462802225,0.0,45.11615604123104
4.273,45.01268749954656,0.11773278057195644,4.354662448095094,9.904138336090709,0.0,45.130420280118514
4.274,45.01704138680438,0.12763204136890163,4.353112530667489,9.894275553799233,0.0,45.144673428173284
4.275,45.021393725533464,0.1375211164165777,4.351565389937208,9.883766986081907,0.0,45.15891484195004
4.276,45.025744518508446,0.1473993603821527,4.350021021768466,9.872613545126042,0.0,45.1731438788906
4.277,45.03009376849977,0.15726612886596786,4.348479421883198,9.860816185077825,0.0,45.18735989736574
4.2780000000000005,45.03444147827351,0.16712077844345796,4.346940585861368,9.848375901965284,0.0,45.20156225671697
4.279,45.03878765059126,0.17696266670699365,4.3454045091413,9.835293733618517,0.0,45.21575031729825
4.28,45.04313228820999,0.18679115230764246,4.343871187020008,9.821570759587225,0.0,45.22992344051763
4.281,45.04747539388189,0.19660559499684602,4.342340614653542,9.807208101055524,0.0,45.244080988878736
4.282,45.051816970354224,0.20640535566801077,4.340812787057339,9.792206920754067,0.0,45.258222326022235
4.283,45.05615702036922,0.2161897963980095,4.339287699106584,9.776568422869468,0.0,45.27234681676723
4.284,45.0604955466639,0.2259582804885908,4.337765345536582,9.760293852951044,0.0,45.28645382715249
4.285,45.06483255196996,0.23571017250769405,4.336245720943137,9.743384497814871,0.0,45.30054272447765
4.2860000000000005,45.069168039013604,0.2454448383306672,4.334728819782942,9.725841685445172,0.0,45.314612877344274
4.287,45.07350201051545,0.2551616451813843,4.333214636373974,9.707666784893043,0.0,45.32866365569683
4.288,45.077834469190336,0.26485996167326076,4.331703164895902,9.688861206172517,0.0,45.342694430863595
4.289,45.082165417747234,0.27453915785016325,4.330194399390504,9.669426400153982,0.0,45.3567045755974
4.29,45.08649485888908,0.2841986052272116,4.328688333762089,9.649363858454954,0.0,45.37069346411629
4.291,45.09082279531265,0.2938376768314701,4.32718496177793,9.628675113328221,0.0,45.38466047214412
4.292,45.0951492297084,0.30345574724252605,4.325684277068711,9.607361737547356,0.0,45.39860497695092
4.293,45.09947416476037,0.31305219263295186,4.324186273128971,9.585425344289622,0.0,45.412526357393325
4.2940000000000005,45.103797603146035,0.3226263908086494,4.322690943317569,9.562867587016258,0.0,45.426423993954685
4.295,45.10811954753613,0.3321777212490729,4.321198280858149,9.539690159350176,0.0,45.4402972687852
4.296,45.11244000059457,0.34170556514732836,4.319708278839622,9.51589479495106,0.0,45.4541455657419
4.297,45.116758964978274,0.3512093054501469,4.318220930216646,9.491483267387888,0.0,45.46796827042842
4.298,45.121076443337074,0.36068832689772906,4.316736227810124,9.466457390008877,0.0,45.481764770234804
4.299,45.12539243831353,0.3701420160634582,4.315254164307707,9.44081901580887,0.0,45.495534454376994
4.3,45.12970695254285,0.3795697613934796,4.313774732264304,9.414570037294169,0.0,45.50927671393632
4.301,45.134019988652696,0.3889709532461432,4.312297924102603,9.387712386344825,0.0,45.52299094189884
4.3020000000000005,45.138331549263114,0.3983449839313077,4.310823732113602,9.36024803407439,0.0,45.536676533194424
4.303,45.14264163698637,0.40769124774950255,4.30935214845714,9.332178990687147,0.0,45.55033288473587
4.304,45.14695025442682,0.41700914103094655,4.307883165162451,9.303507305332836,0.0,45.563959395457765
4.305,45.15125740418078,0.4262980621744194,4.30641677412871,9.274235065958862,0.0,45.5775554663552
4.306,45.15556308883642,0.43555741168598455,4.304952967125601,9.244364399160023,0.0,45.59112050052241
4.307,45.159867310973596,0.44478659221756045,4.303491735793885,9.213897470025747,0.0,45.604653903191156
4.308,45.16417007316374,0.4539850086053377,4.302033071645978,9.18283648198487,0.0,45.618155081769075
4.309,45.168471377969745,0.4631520679080398,4.30057696606654,9.151183676647939,0.0,45.631623445877786
4.3100000000000005,45.172771227945816,0.4722871794450251,4.29912341031307,9.118941333647083,0.0,45.64505840739084
4.311,45.17706962563736,0.481389754834227,4.297672395516509,9.086111770473432,0.0,45.658459380471584
4.312,45.18136657358084,0.4904592080299313,4.2962239126818496,9.05269734231212,0.0,45.67182578161077
4.313,45.18566207430367,0.4994949553603859,4.294777952688759,9.018700441874874,0.0,45.685157029664055
4.314,45.189956130324084,0.5084964155652433,4.2933345062922035,8.98412349923019,0.0,45.698452545889324
4.315,45.194248744151004,0.517463009832831,4.291893564123086,8.948968981631136,0.0,45.711711753983835
4.316,45.19853991828391,0.5263941618372495,4.290455116688888,8.913239393340762,0.0,45.724934080121166
4.317,45.20282965521275,0.5352892977752934,4.289019154374321,8.876937275455147,0.0,45.738118952988046
4.3180000000000005,45.207117957417786,0.5441478464031957,4.287585667441989,8.840065205724102,0.0,45.751265803820985
4.319,45.21140482736948,0.55296923907319,4.286154646033048,8.802625798369522,0.0,45.76437406644267
4.32,45.215690267528366,0.5617529097698915,4.284726080167889,8.764621703901415,0.0,45.77744317729826
4.321,45.219974280344964,0.570498295146492,4.283299959746815,8.72605560893161,0.0,45.79047257549146
4.322,45.22425686825961,0.5792048345607675,4.28187627455073,8.68693023598517,0.0,45.80346170282038
4.323,45.228538033702364,0.5878719701108963,4.280455014241843,8.647248343309512,0.0,45.81641000381326
4.324,45.232817779092905,0.5964991466710848,4.2790361683643665,8.607012724681251,0.0,45.82931692576399
4.325,45.23709610684038,0.6050858119269994,4.277619726345232,8.566226209210786,0.0,45.84218191876738
4.3260000000000005,45.24137301934332,0.6136314164110013,4.276205677494808,8.524891661144627,0.0,45.855004435754324
4.327,45.2456485189895,0.6221354135371833,4.274794011007632,8.4830119796655,0.0,45.86778393252668
4.328,45.24992260815582,0.6305972596362048,4.273384715963141,8.440590098690219,0.0,45.880519867792025
4.329,45.254195289208226,0.6390164139899241,4.271977781326414,8.397628986665364,0.0,45.89321170319815
4.33,45.25846656450156,0.647392338865825,4.270573195948923,8.354131646360749,0.0,45.90585890336739
4.331,45.26273643637946,0.6557244995512358,4.269170948569288,8.310101114660727,0.0,45.918460935930696
4.332,45.26700490717425,0.6640123643873386,4.2677710278140415,8.265540462353323,0.0,45.931017271561586
4.333,45.27127197920681,0.6722554048029666,4.2663734221984,8.220452793917222,0.0,45.943527384009776
4.3340000000000005,45.2755376547865,0.6804530953481879,4.26497812012704,8.174841247306608,0.0,45.95599075013468
4.335,45.279801936211015,0.6886049137276716,4.263585109894883,8.128708993733907,0.0,45.96840684993869
4.336,45.2840648257663,0.6967103408338374,4.262194379687889,8.082059237450405,0.0,45.98077516660014
4.337,45.28832632572643,0.7047688607797833,4.260805917583854,8.034895215524779,0.0,45.99309518650622
4.338,45.292586438353496,0.7127799609319916,4.259419711553213,7.987220197619565,0.0,46.005366399285485
4.339,45.296845165897516,0.7207431319428103,4.258035749459856,7.939037485765552,0.0,46.01758829784033
4.34,45.301102510596316,0.7286578677827074,4.256654019061946,7.890350414134141,0.0,46.029760378379024
4.341,45.30535847467542,0.736523665772297,4.255274508012742,7.841162348807671,0.0,46.04188214044772
4.3420000000000005,45.30961306034797,0.7443400266141348,4.253897203861434,7.791476687547738,0.0,46.0539530869621
4.343,45.313866269814596,0.7521064544242801,4.252522094053979,7.741296859561509,0.0,46.065972724238875
4.344,45.318118105263316,0.7598224567636244,4.251149165933949,7.690626325266064,0.0,46.07794056202694
4.345,45.32236856886944,0.767487544668982,4.249778406743381,7.639468576050766,0.0,46.089856113538424
4.346,45.32661766279549,0.775101232683943,4.248409803623635,7.587827134037691,0.0,46.101718895479436
4.347,45.33086538919106,0.7826630388894856,4.247043343616257,7.535705551840118,0.0,46.11352842808055
4.348,45.335111750192745,0.7901724849343453,4.245679013663852,7.483107412319106,0.0,46.12528423512709
4.349,45.33935674792403,0.7976290960651405,4.24431680061096,7.430036328338179,0.0,46.13698584398917
4.3500000000000005,45.34360038449519,0.8050324011562515,4.242956691204937,7.376495942516116,0.0,46.148632785651444
4.351,45.34784266200321,0.8123819327394513,4.2415986720968455,7.322489926977888,0.0,46.16022459474266
4.352,45.35208358253167,0.8196772270332862,4.240242729842348,7.26802198310374,0.0,46.17176080956496
4.353,45.356323148150665,0.8269178239722056,4.23888885090261,7.213095841276443,0.0,46.18324097212287
4.354,45.360561360916705,0.8341032672354366,4.237537021645206,7.157715260626736,0.0,46.19466462815214
4.355,45.364798222872615,0.8412331042756045,4.23618722834503,7.101884028776964,0.0,46.20603132714822
4.356,45.36903373604745,0.8483068863470952,4.234839457185217,7.045605961582943,0.0,46.217340622394545
4.357,45.3732679024564,0.8553241685341587,4.233493694258063,6.988884902874063,0.0,46.22859207099056
4.358,45.37750072410071,0.8622845097787526,4.232149925565959,6.9317247241916435,0.0,46.239785233879466
4.359,45.381732202967584,0.8691874729081219,4.230808137022323,6.874129324525563,0.0,46.25091967587571
4.36,45.38596234103009,0.8760326246621155,4.229468314452543,6.816102630049185,0.0,46.2619949656922
4.361,45.39019114024707,0.8828195357202362,4.228130443594922,6.75764859385259,0.0,46.273010675967306
4.362,45.39441860256307,0.8895477807284236,4.226794510101628,6.698771195674132,0.0,46.28396638329149
4.363,45.39864472990825,0.896216938325567,4.225460499539657,6.639474441630348,0.0,46.294861668233814
4.364,45.40286952419829,0.9028265911697487,4.224128397391785,6.579762363944228,0.0,46.305696115368036
4.365,45.40709298733431,0.909376325964213,4.222798189057545,6.519639020671864,0.0,46.31646931329852
4.366,45.41131512120278,0.9158657334830624,4.221469859854194,6.4591084954275075,0.0,46.32718085468584
4.367,45.41553592767547,0.9222944085966777,4.220143395017694,6.398174897107039,0.0,46.33783033627215
4.368,45.419755408609326,0.9286619502968603,4.218818779703692,6.336842359609882,0.0,46.34841735890619
4.369,45.42397356584642,0.9349679617216967,4.217495998988505,6.275115041559368,0.0,46.35894152756811
4.37,45.42819040121384,0.9412120501801415,4.21617503787012,6.212997126021584,0.0,46.36940245139398
4.371,45.43240591652366,0.947393827176319,4.214855881269186,6.150492820222709,0.0,46.379799743699984
4.372,45.436620113572836,0.9535129084335414,4.213538514030013,6.087606355264867,0.0,46.390133022006374
4.373,45.44083299414311,0.959568913918042,4.212222920921586,6.024341985840514,0.0,46.40040190806115
4.374,45.44504456000096,0.9655614678624223,4.210909086638569,5.9607039899453715,0.0,46.41060602786338
4.375,45.449254812897536,0.9714901987888107,4.209596995802327,5.896696668589943,0.0,46.42074501168635
4.376,45.45346375456857,0.9773547395317332,4.208286632961941,5.832324345509608,0.0,46.4308184941003
4.377,45.45767138673429,0.9831547272606922,4.206977982595233,5.767591366873338,0.0,46.44082611399498
4.378,45.46187771109939,0.9888898035024537,4.2056710291098,5.7025021009910315,0.0,46.45076751460184
4.3790000000000004,45.46608272935292,0.9945596141630418,4.204365756844039,5.637060938019509,0.0,46.460642343515964
4.38,45.47028644316824,1.0001638095494378,4.203062150068193,5.5712722896671725,0.0,46.47045025271768
4.381,45.47448885420295,1.0057020443909839,4.201760192985383,5.505140588897352,0.0,46.48019089859394
4.382,45.47868996409882,1.0111739778604887,4.200459869732663,5.438670289630367,0.0,46.48986394195931
4.383,45.48288977448172,1.0165792735950352,4.199161164382062,5.371865866444311,0.0,46.499469048076755
4.384,45.48708828696156,1.0219175997164882,4.19786406094164,5.30473181427459,0.0,46.50900588667805
4.385,45.491285503132225,1.0271886288517007,4.1965685433565465,5.237272648112229,0.0,46.51847413198393
4.386,45.49548142457152,1.0323920381524185,4.195274595510079,5.169492902700964,0.0,46.52787346272394
4.3870000000000005,45.4996760528411,1.037527509314881,4.193982201224749,5.10139713223315,0.0,46.53720356215599
4.388,45.50386938948642,1.042594728599117,4.192691344263349,5.032989910044497,0.0,46.54646411808554
4.389,45.50806143603664,1.047593386847935,4.191402008330027,4.964275828307653,0.0,46.55565482288458
4.39,45.51225219400464,1.0525231795056065,4.190114177071359,4.895259497724663,0.0,46.564775373510244
4.391,45.51644166488688,1.0573838066362413,4.1888278340774265,4.825945547218313,0.0,46.573825471523115
4.392,45.520629850163395,1.0621749729418535,4.187542962882903,4.7563386236223995,0.0,46.58280482310525
4.393,45.524816751297735,1.0668963877801165,4.186259546968135,4.686443391370913,0.0,46.591713139077854
4.394,45.5290023697369,1.0715477651818084,4.1849775697602345,4.616264532186191,0.0,46.600550134918706
4.3950000000000005,45.53318670691129,1.0761288238679432,4.183697014634165,4.545806744766038,0.0,46.60931553077923
4.396,45.53736976423464,1.08063928726659,4.182417864913843,4.4750747444698415,0.0,46.61800905150123
4.397,45.541551543104006,1.0850788835293765,4.181140103873227,4.404073263003705,0.0,46.62663042663338
4.398,45.54573204489969,1.0894473455476787,4.1798637147374285,4.33280704810462,0.0,46.63517939044736
4.399,45.54991127098518,1.093744410968493,4.178588680683805,4.261280863223691,0.0,46.64365568195367
4.4,45.55408922270713,1.0979698222099914,4.177314984843072,4.189499487208446,0.0,46.65205904491712
4.401,45.558265901395295,1.1021233264767591,4.176042610300412,4.117467713984243,0.0,46.66038922787205
4.402,45.56244130836251,1.1062046757747126,4.174771540096582,4.0451903522348,0.0,46.66864598413722
4.4030000000000005,45.566615444904606,1.1102136269256977,4.173501757229032,3.972672225081869,0.0,46.676829071830305
4.404,45.5707883123004,1.114149941581767,4.172233244653017,3.8999181697640695,0.0,46.684938253882166
4.405,45.574959911811646,1.1180133862391366,4.170965985282718,3.826933037314914,0.0,46.69297329805078
4.406,45.57913024468299,1.1218037322518186,4.1696999619923645,3.753721692240037,0.0,46.70093397693481
4.407,45.58329931214194,1.125520755844932,4.168435157617353,3.6802890121936502,0.0,46.70882006798687
4.408,45.5874671153988,1.1291642381276898,4.167171554955377,3.606639887654252,0.0,46.716631353526495
4.409,45.591633655646675,1.1327339651060595,4.165909136767555,3.5327792215996054,0.0,46.72436762075274
4.41,45.5957989340614,1.1362297276951008,4.164647885779553,3.4587119291810113,0.0,46.7320286617565
4.4110000000000005,45.59996295180153,1.1396513217309752,4.163387784682726,3.3844429373968916,0.0,46.7396142735325
4.412,45.60412571000828,1.1429985479826301,4.162128816135244,3.3099771847657142,0.0,46.74712425799091
4.413,45.608287209805525,1.1462712121631549,4.160870962763228,3.2353196209982724,0.0,46.75455842196868
4.414,45.61244745229973,1.1494691249408089,4.159614207161892,3.160475206669344,0.0,46.76191657724054
4.415,45.616606438579964,1.1525921019497216,4.158358531896672,3.0854489128887517,0.0,46.769198540529686
4.416,45.62076416971782,1.1556399638002621,4.157103919504378,3.0102457209718496,0.0,46.776404133518085
4.417,45.624920646767436,1.1586125360890804,4.155850352494325,2.9348706221094494,0.0,46.783533182856516
4.418,45.62907587076543,1.1615096494088173,4.154597813349483,2.859328617037216,0.0,46.790585520174254
4.4190000000000005,45.63322984273091,1.1643311393574836,4.153346284527615,2.7836247157045526,0.0,46.7975609820884
4.42,45.63738256366541,1.167076846547508,4.152095748462428,2.707763936942994,0.0,46.80445941021292
4.421,45.6415340345529,1.1697466166144543,4.150846187564719,2.631751308134134,0.0,46.81128065116735
4.422,45.64568425635973,1.1723403002254034,4.149597584223519,2.5555918648771057,0.0,46.81802455658513
4.423,45.64983323003465,1.174857753087006,4.148349920807247,2.479290650655637,0.0,46.824690983121656
4.424,45.65398095650877,1.1772988359531997,4.147103179664854,2.4028527165047096,0.0,46.83127979246197
4.425,45.658127436695516,1.179663414632594,4.1458573431269805,2.3262831206768304,0.0,46.83779085132811
4.426,45.66227267149066,1.1819513599955198,4.144612393507101,2.249586928307951,0.0,46.844224031486185
4.4270000000000005,45.66641666177227,1.1841625479807472,4.143368313102682,2.172769211083048,0.0,46.850579209753015
4.428,45.6705594084007,1.1862968596018657,4.142125084196333,2.095835046901393,0.0,46.856856268002566
4.429,45.67470091221858,1.188354180953332,4.140882689056957,2.018789519541526,0.0,46.863055093171916
4.43,45.67884117405082,1.190334403216181,4.139641109940909,1.9416377183259639,0.0,46.869175577267
4.431,45.68298019470455,1.1922374226634023,4.138400329093149,1.864384737785658,0.0,46.87521761736795
4.432,45.68711797496917,1.194063140664981,4.1371603287483945,1.787035677324228,0.0,46.88118111563415
4.433,45.691254515616286,1.1958114636926025,4.135921091132278,1.709595640881992,0.0,46.887065979308886
4.434,45.69538981739974,1.1974823033240198,4.134682598462503,1.632069736599814,0.0,46.892872120723766
4.4350000000000005,45.6995238810556,1.199075576247088,4.133444832949996,1.554463076482795,0.0,46.89859945730269
4.436,45.7036567073021,1.2005912042634583,4.1322077768000645,1.4767807760638232,0.0,46.90424791156556
4.437,45.70778829683972,1.202029114291939,4.130971412213552,1.3990279540670125,0.0,46.90981741113166
4.438,45.711918650351116,1.203389238371518,4.129735721387993,1.3212097320710463,0.0,46.91530788872264
4.439,45.71604776850115,1.2046715136640482,4.128500686518768,1.2433312341724507,0.0,46.920719282165194
4.44,45.72017565193687,1.2058758824565985,4.127266289800258,1.1653975866488193,0.0,46.926051534393466
4.441,45.72430230128753,1.2070022921634649,4.126032513427001,1.0874139176220114,0.0,46.931304593450996
4.442,45.72842771716457,1.2080506953278474,4.124799339594843,1.0093853567213453,0.0,46.93647841249242
4.4430000000000005,45.73255190016163,1.2090210496231886,4.123566750502095,0.9313170347468094,0.0,46.94157294978482
4.444,45.736674850854556,1.2099133178541759,4.122334728350684,0.8532140833323125,0.0,46.94658816870873
4.445,45.74079656980138,1.2107274679574078,4.121103255347305,0.7750816346089968,0.0,46.95152403775879
4.446,45.74491705754237,1.2114634730017217,4.119872313704574,0.6969248208686333,0.0,46.95638053054409
4.447,45.749036314599984,1.2121213111881874,4.118641885642181,0.6187487742271235,0.0,46.96115762578817
4.448,45.75315434147892,1.2127009658497623,4.117411953388034,0.5405586262881295,0.0,46.96585530732868
4.449,45.757271138666106,1.213202425450611,4.1161824991794145,0.4623595078068527,0.0,46.970473564116716
4.45,45.76138670663071,1.2136256835850896,4.114953505264123,0.3841565483539855,0.0,46.9750123902158
4.4510000000000005,45.76550104582415,1.213970738976392,4.113724953901626,0.30595487597985566,0.0,46.979471784800545
4.452,45.76961415668012,1.2142375954748632,4.1124968273642,0.22775961687878704,0.0,46.98385175215498
4.453,45.77372603961458,1.2144262620559738,4.111269107938083,0.14957589505369773,0.0,46.98815230167055
4.454,45.7778366950258,1.2145367528179627,4.110041777924611,0.07140883198095764,0.0,46.99237344784376
4.455,45.78194612329434,1.2145690869791421,4.10881481964136,-0.006736453724472263,0.0,46.99651521027348
4.456,45.7860543247831,1.2145232888748692,4.107588215423293,-0.08485484664359776,0.0,47.000577613657974
4.457,45.79016129983732,1.2143993879541826,4.106361947623893,-0.16294123488762388,0.0,47.0045606877915
4.458,45.79426704878461,1.2141974187761058,4.105135998616302,-0.2409905104318406,0.0,47.008464467560714
4.4590000000000005,45.79837157193495,1.2139174210056158,4.103910350794459,-0.31899756944913993,0.0,47.01228899294057
4.46,45.802474869580735,1.2135594394092792,4.102684986574231,-0.3969573126431425,0.0,47.016034308990015
4.461,45.80657694199678,1.2131235238505547,4.101459888394547,-0.4748646455809121,0.0,47.019700465847336
4.462,45.810677789440355,1.212609729284764,4.100235038718526,-0.5527144790252366,0.0,47.02328751872512
4.463,45.81477741215121,1.21201811575373,4.09901042003461,-0.6305017292664532,0.0,47.02679552790494
4.464,45.81887581035159,1.211348748380083,4.097786014857685,-0.7082213184537969,0.0,47.030224558731675
4.465,45.82297298424628,1.2106016973612372,4.096561805730209,-0.7858681749262504,0.0,47.03357468160751
4.466,45.82706893402259,1.2097770379630348,4.0953377752233315,-0.8634372335428739,0.0,47.03684597198563
4.4670000000000005,45.83116365985046,1.208874850513062,4.0941139059380145,-0.9409234360125937,0.0,47.04003851036352
4.468,45.83525716188242,1.2078952203936333,4.092890180506149,-1.0183217312234265,0.0,47.04315238227605
4.469,45.83934944025364,1.2068382380344493,4.091666581591672,-1.095627075571122,0.0,47.04618767828809
4.47,45.843440495082,1.2057039989049239,4.090443091891674,-1.1728344332871963,0.0,47.04914449398692
4.471,45.84753032646807,1.2044926035061851,4.089219694137518,-1.2499387767663417,0.0,47.05202292997425
4.472,45.85161893449518,1.203204157362749,4.087996371095936,-1.326935086893186,0.0,47.054823091857926
4.473,45.855706319229434,1.2018387710138654,4.086773105570141,-1.4038183533683828,0.0,47.0575450902433
4.474,45.85979248071977,1.2003965600045405,4.085549880400928,-1.4805835750340126,0.0,47.06018904072431
4.4750000000000005,45.86387741899798,1.198877644876232,4.084326678467768,-1.5572257601982702,0.0,47.062755063874214
4.476,45.867961134078755,1.1972821511572214,4.0831034826899115,-1.6337399269594206,0.0,47.06524328523598
4.477,45.872043625959726,1.1956102093526624,4.0818802760274755,-1.710121103529001,0.0,47.06765383531239
4.478,45.87612489462151,1.193861954934306,4.080657041482537,-1.7863643285542479,0.0,47.06998684955582
4.479,45.880204940027745,1.1920375283299038,4.0794337621002175,-1.8624646514397296,0.0,47.07224246835765
4.48,45.88428376212513,1.190137074912291,4.07821042096977,-1.9384171326681607,0.0,47.07442083703742
4.481,45.888361360843476,1.1881607449881473,4.076987001225655,-2.014216844120382,0.0,47.07652210583162
4.482,45.892437736095765,1.1861086937864396,4.075763486048622,-2.0898588693944786,0.0,47.0785464298822
4.483,45.89651288777817,1.1839810814465452,4.074539858666782,-2.165338304124026,0.0,47.08049396922472
4.484,45.900586815770126,1.1817780730060583,4.073316102356674,-2.2406502562954316,0.0,47.08236488877618
4.485,45.904659519934356,1.1794998383882782,4.07209220044434,-2.315789846564357,0.0,47.08415935832264
4.486,45.908731000116944,1.177146552389382,4.070868136306377,-2.3907522085712056,0.0,47.085877552506325
4.487,45.91280125614737,1.1747183946652837,4.069643893371007,-2.465532489255645,0.0,47.08751965081265
4.488,45.91687028783858,1.1722155497181765,4.068419455119126,-2.5401258491701495,0.0,47.08908583755675
4.489,45.920938094987015,1.169638206882765,4.067194805085359,-2.614527462792546,0.0,47.09057630186978
4.49,45.925004677372684,1.1669865603121836,4.065969926859107,-2.688732518837532,0.0,47.091991237684866
4.491,45.929070034759214,1.1642608089636035,4.06474480408559,-2.7627362205671604,0.0,47.09333084372282
4.492,45.93313416689391,1.1614611565835318,4.06351942046689,-2.8365337861002575,0.0,47.09459532347744
4.493,45.93719707350779,1.1585878116927995,4.062293759762983,-2.9101204487207637,0.0,47.09578488520059
4.494,45.941258754315676,1.155640987571243,4.061067805792773,-2.983491457184971,0.0,47.09689974188692
4.495,45.94531920901624,1.152620902242079,4.059841542435123,-3.056642076027642,0.0,47.09794011125832
4.496,45.94937843729206,1.149527778455973,4.058614953629871,-3.1295675858669885,0.0,47.09890621574804
4.497,45.95343643880968,1.1463618436748038,4.057388023378852,-3.2022632837084894,0.0,47.099798282484485
4.498,45.957493213219685,1.1431233300551247,4.056160735746918,-3.274724483247531,0.0,47.10061654327481
4.499,45.96154876015675,1.1398124744313234,4.054933074862939,-3.3469465151708455,0.0,47.101361234588076
4.5,45.96560307923972,1.1364295182984798,4.053705024920816,-3.418924727456737,0.0,47.1020325975382
4.501,45.96965617007166,1.1329747077949255,4.0524765701804775,-3.490654485674064,0.0,47.10263087786658
4.502,45.97370803223993,1.1294482936845032,4.051247694968876,-3.5621311732799694,0.0,47.10315632592443
4.503,45.97775866531624,1.1258505313385312,4.0500183836809835,-3.6333501919163353,0.0,47.103609196654766
4.5040000000000004,45.98180806885675,1.1221816807174705,4.048788620780773,-3.70430696170494,0.0,47.10398974957422
4.505,45.98585624240211,1.1184420063522977,4.047558390802203,-3.774996921541305,0.0,47.104298248754404
4.506,45.98990318547753,1.1146317773255852,4.0463276783501945,-3.8454155293872074,0.0,47.104534962803115
4.507,45.99394889759287,1.1107512672522888,4.045096468101605,-3.915558262561844,0.0,47.10470016484516
4.508,45.99799337824271,1.106800754260246,4.043864744806189,-3.9854206180316227,0.0,47.10479413250296
4.509,46.00203662690641,1.1027805209703843,4.042632493287568,-4.054998112698568,0.0,47.104817147876794
4.51,46.00607864304818,1.0986908544766407,4.041399698444181,-4.124286283687319,0.0,47.10476949752482
4.511,46.01011942611718,1.0945320463255983,4.0401663452502365,-4.193280688630702,0.0,47.104651472442775
4.5120000000000005,46.01415897554757,1.0903043924958342,4.038932418756663,-4.261976905953866,0.0,47.104463368043405
4.513,46.01819729075863,1.0860081933769865,4.037697904092046,-4.330370535156946,0.0,47.10420548413561
4.514,46.02223437115477,1.0816437537485386,4.036462786463563,-4.398457197096254,0.0,47.103878124903304
4.515,46.02627021612566,1.0772113827583227,4.035227051157916,-4.466232534263975,0.0,47.10348159888398
4.516,46.03030482504631,1.072711393900745,4.033990683542254,-4.533692211066345,0.0,47.103016218947054
4.517,46.03433819727712,1.0681441049947331,4.032753669065092,-4.600831914100292,0.0,47.10248230227185
4.518,46.03837033216399,1.0635098381614077,4.031515993257225,-4.667647352428536,0.0,47.1018801703254
4.519,46.0424012290384,1.0588089198014794,4.030277641732633,-4.734134257853113,0.0,47.101210148839876
4.5200000000000005,46.046430887217454,1.0540416805723745,4.029038600189388,-4.80028838518732,0.0,47.10047256778983
4.521,46.05045930600403,1.0492084553650871,4.027798854410542,-4.866105512526054,0.0,47.09966776136912
4.522,46.05448648468682,1.0443095832807638,4.026558390265025,-4.9315814415145285,0.0,47.098796067967584
4.523,46.058512422540424,1.0393454076070194,4.025317193708523,-4.996711997615364,0.0,47.09785783014745
4.524,46.062537118825446,1.0343162757939866,4.024075250784359,-5.061493030374011,0.0,47.09685339461943
4.525,46.06656057278858,1.0292225394301013,4.022832547624365,-5.125920413682516,0.0,47.09578311221868
4.526,46.070582783662694,1.0240645542176252,4.021589070449744,-5.189990046041587,0.0,47.09464733788032
4.527,46.07460375066692,1.0188426799479058,4.020344805571938,-5.253697850820969,0.0,47.093446430614826
4.5280000000000005,46.078623473006736,1.0135572804763788,4.019099739393472,-5.317039776518087,0.0,47.09218075348311
4.529,46.082641949874095,1.0082087236973116,4.0178538584088095,-5.38001179701496,0.0,47.09085067357141
4.53,46.08665918044748,1.0027973815182907,4.016607149205186,-5.442609911833363,0.0,47.08945656196577
4.531,46.090675163891994,0.9973236298344554,4.01535959846345,-5.50483014638821,0.0,47.08799879372645
4.532,46.09468989935948,0.9917878485024786,4.014111192958887,-5.566668552239167,0.0,47.086477747861956
4.533,46.09870338598861,0.9861904213142969,4.012861919562043,-5.628121207340451,0.0,47.084893807302905
4.534,46.10271562290496,0.9805317359705922,4.011611765239541,-5.689184216288819,0.0,47.08324735887555
4.535,46.106726609221134,0.9748121840540255,4.010360717054887,-5.749853710569725,0.0,47.08153879327516
4.5360000000000005,46.11073634403684,0.9690321610022262,4.009108762169271,-5.810125848801627,0.0,47.07976850503906
4.537,46.114744826438994,0.9631920660805378,4.007855887842366,-5.869996816978433,0.0,47.07793689251953
4.538,46.11875205550183,0.9572923023545216,4.006602081433115,-5.929462828710062,0.0,47.076044357856354
4.539,46.12275803028698,0.9513332766622216,4.005347330400513,-5.988520125461127,0.0,47.0740913069492
4.54,46.12676274984361,0.945315399586191,4.0040916223043785,-6.047164976787689,0.0,47.0720781494298
4.541,46.13076621320845,0.9392390854252837,4.0028349448061284,-6.105393680572107,0.0,47.07000529863374
4.542,46.134768419406,0.9331047521662102,4.0015772856695335,-6.163202563255934,0.0,47.06787317157221
4.543,46.13876936744853,0.9269128214548643,4.000318632761475,-6.220587980070874,0.0,47.065682188903395
4.5440000000000005,46.142769056336256,0.9206637185674171,3.9990589740526925,-6.27754631526776,0.0,47.063432774903674
4.545,46.146767485057396,0.9143578723811847,3.997798297618521,-6.33407398234356,0.0,47.06112535743858
4.546,46.15076465258831,0.9079957153452693,3.996536591639627,-6.390167424266382,0.0,47.05876036793358
4.547,46.15476055789358,0.9015776834509768,3.9952738444027336,-6.44582311369847,0.0,47.056338241344555
4.548,46.158755199926155,0.895104216202011,3.994010044301338,-6.501037553217179,0.0,47.05385941612817
4.549,46.1627485776274,0.8885757565844499,3.9927451798364246,-6.55580727553391,0.0,47.05132433421185
4.55,46.16674068992724,0.8819927510365024,3.991479239617168,-6.610128843710993,0.0,47.04873344096374
4.551,46.17073153574428,0.8753556494180503,3.9902122123616297,-6.66399885137651,0.0,47.04608718516233
4.5520000000000005,46.17472111398589,0.8686649049799756,3.988944086897449,-6.717413922937035,0.0,47.04338601896586
4.553,46.17870942354831,0.8619209743332764,3.987674852162523,-6.770370713788287,0.0,47.040630397881586
4.554,46.1826964633168,0.8551243174179738,3.9864044972056827,-6.822865910523674,0.0,47.037820780734776
4.555,46.1866822321657,0.8482753974718104,3.9851330111873597,-6.8748962311407285,0.0,47.03495762963751
4.556,46.190666728958576,0.8413746809987439,3.9838603833802453,-6.926458425245398,0.0,47.03204140995732
4.557,46.194649952548325,0.8344226377372379,3.9825866031699424,-6.977549274254211,0.0,47.029072590285566
4.558,46.19863190177728,0.8274197406283503,3.9813116600556104,-7.028165591594274,0.0,47.02605164240563
4.559,46.20261257547734,0.8203664657836245,3.980035543650602,-7.078304222901106,0.0,47.02297904126096
4.5600000000000005,46.20659197247006,0.8132632924527822,3.9787582436830906,-7.1279620462142965,0.0,47.01985526492284
4.561,46.210570091566794,0.8061107029912229,3.977479749996694,-7.177135972170965,0.0,47.01668079455801
4.562,46.2145469315688,0.7989091828273306,3.976200052551085,-7.22582294419702,0.0,47.01345611439613
4.563,46.218522491267336,0.7916592204295898,3.9749191414226,-7.274019938696206,0.0,47.01018171169692
4.564,46.222496769443815,0.7843613072735147,3.9736370068048346,-7.321723965236916,0.0,47.00685807671733
4.565,46.22646976486989,0.7770159378083917,3.972353639009233,-7.368932066736771,0.0,47.00348570267828
4.566,46.23044147630758,0.769623609423839,3.971069028465673,-7.415641319644948,0.0,47.00006508573142
4.567,46.234411902509414,0.7621848224161845,3.9697831657230367,-7.4618488341222475,0.0,46.996596724925595
4.5680000000000005,46.23838104221851,0.7547000799546653,3.9684960414497783,-7.507551754218887,0.0,46.99308112217318
4.569,46.24234889416873,0.7471698880474505,3.967207646434482,-7.552747258050012,0.0,46.98951878221618
4.57,46.24631545708477,0.7395947555074894,3.965917971586411,-7.597432557968915,0.0,46.98591021259226
4.571,46.2502807296823,0.7319751939181874,3.9646270079360497,-7.641604900737949,0.0,46.98225592360049
4.572,46.25424471066809,0.7243117175989129,3.9633347466356383,-7.685261567697128,0.0,46.978556428267005
4.573,46.25820739874011,0.7166048435703358,3.962041178959697,-7.728399874930396,0.0,46.97481224231045
4.574,46.26216879258768,0.708855091519602,3.960746296305544,-7.771017173429572,0.0,46.97102388410728
4.575,46.266128890891565,0.701062983765344,3.9594500901938043,-7.813110849255938,0.0,46.96719187465691
4.5760000000000005,46.270087692324125,0.6932290452225319,3.958152552268911,-7.854678323699483,0.0,46.963316737546656
4.577,46.27404519554942,0.6853538033671659,3.9568536742995972,-7.895717053435776,0.0,46.95939899891658
4.578,46.278001399223335,0.6774377882008136,3.9555534481793813,-7.936224530680467,0.0,46.95543918742415
4.579,46.28195630199373,0.6694815322149931,3.954251865927041,-7.976198283341402,0.0,46.951437834208726
4.58,46.28590990250053,0.6614855703554063,3.9529489196870835,-8.015635875168353,0.0,46.94739547285593
4.581,46.28986219937586,0.653450439986023,3.9516446017302025,-8.05453490590034,0.0,46.943312639361885
4.582,46.29381319124421,0.6453766808530186,3.950338904453729,-8.092893011410544,0.0,46.93918987209723
4.583,46.2977628767225,0.6372648350485689,3.949031820382076,-8.130707863848802,0.0,46.93502771177107
4.5840000000000005,46.301711254420255,0.629115446974503,3.947723342167168,-8.167977171781676,0.0,46.93082670139476
4.585,46.305658322939706,0.6209290633058177,3.94641346258887,-8.204698680330086,0.0,46.92658738624552
4.586,46.30960408087594,0.6127062329540551,3.945102174555404,-8.240870171304497,0.0,46.922310313829996
4.587,46.31354852681701,0.6044475070305471,3.9437894711037536,-8.276489463337654,0.0,46.91799603384756
4.588,46.317491659344064,0.5961534388095268,3.9424753454000685,-8.311554412014862,0.0,46.913645098153594
4.589,46.32143347703149,0.5878245836911126,3.941159790740052,-8.346062910001793,0.0,46.9092580607226
4.59,46.32537397844703,0.5794614991641647,3.9398428005493447,-8.380012887169821,0.0,46.9048354776112
4.591,46.32931316215193,0.5710647447690178,3.938524368383898,-8.413402310718874,0.0,46.900377906920944
4.5920000000000005,46.333251026701035,0.5626348820600922,3.93720448793034,-8.446229185297799,0.0,46.89588590876113
4.593,46.33718757064296,0.5541724745683855,3.9358831530063303,-8.478491553122225,0.0,46.89136004521134
4.594,46.3411227925202,0.5456780877638483,3.9345603575609087,-8.510187494089926,0.0,46.88680088028405
4.595,46.345056690869264,0.537152289017645,3.9332360956748342,-8.541315125893675,0.0,46.88220897988691
4.596,46.348989264220805,0.5285956475643039,3.931910361560915,-8.571872604131581,0.0,46.87758491178511
4.597,46.352920511099754,0.5200087344637574,3.930583149564329,-8.6018581224149,0.0,46.87292924556351
4.598,46.35685043002546,0.511392122563276,3.9292544541629386,-8.63126991247332,0.0,46.86824255258874
4.599,46.36077901951181,0.5027463864592986,3.927924269967593,-8.660106244257708,0.0,46.86352540597111
4.6000000000000005,46.36470627806737,0.49407210245916044,3.9265925917224234,-8.688365426040324,0.0,46.85877838052654
4.601,46.36863220419553,0.4853698485427233,3.9252594143051294,-8.716045804512474,0.0,46.85400205273825
4.602,46.37255679639459,0.4766402043239083,3.923924732727256,-8.743145764879621,0.0,46.8491970007185
4.603,46.37648005315797,0.46788375101213536,3.922588542134463,-8.76966373095394,0.0,46.84436380417011
4.604,46.380401972974276,0.45910107137367123,3.921250837806783,-8.795598165244302,0.0,46.83950304434795
4.605,46.384322554327476,0.45029274969288896,3.9199116151588744,-8.820947569043696,0.0,46.83461530402037
4.606,46.388241795697006,0.441459371733441,3.918570869740261,-8.845710482514079,0.0,46.82970116743045
4.607,46.39215969555793,0.43260152469934915,3.917228597235566,-8.869885484768641,0.0,46.82476122025728
4.6080000000000005,46.39607625238106,0.4237197971960129,3.9158847934647354,-8.8934711939515,0.0,46.81979604957707
4.609,46.39999146463309,0.41481477919114,3.914539454383254,-8.9164662673148,0.0,46.81480624382423
4.61,46.40390533077675,0.405887061975601,3.9131925760823507,-8.938869401293225,0.0,46.80979239275235
4.611,46.40781784927092,0.39693723812421017,3.9118441547891947,-8.960679331575918,0.0,46.80475508739513
4.612,46.41172901857078,0.38796590145643667,3.9104941868670857,-8.981894833175796,0.0,46.79969492002722
4.613,46.41563883712794,0.3789736469970468,3.909142668815631,-9.002514720496274,0.0,46.79461248412499
4.614,46.41954730339058,0.3699610709366814,3.9077895972709173,-9.022537847395375,0.0,46.78950837432726
4.615,46.423454415803576,0.3609287705923703,3.9064349690056708,-9.041963107247234,0.0,46.78438318639595
4.616,46.427360172808655,0.3518773443679864,3.9050787809294096,-9.06078943300099,0.0,46.77923751717664
4.617,46.43126457284451,0.3428073917146425,3.9037210300885867,-9.079015797237062,0.0,46.774071964559155
4.618,46.435167614346966,0.33371951309103276,3.902361713666724,-9.096641212220815,0.0,46.768887127438
4.619,46.439069295749086,0.32461430992372226,3.9010008289845377,-9.113664729953596,0.0,46.76368360567281
4.62,46.44296961548133,0.3154923845673864,3.8996383735000544,-9.130085442221153,0.0,46.758462000048716
4.621,46.446868571971685,0.30635434026500336,3.8982743448087174,-9.145902480639426,0.0,46.75322291223669
4.622,46.45076616364579,0.29720078110800235,3.8969087406434855,-9.161115016697718,0.0,46.74796694475379
4.623,46.4546623889271,0.28803231199636947,3.8955415588749216,-9.175722261799226,0.0,46.742694700923465
4.624,46.458557246237,0.27884953859871475,3.894172797511272,-9.189723467298954,0.0,46.73740678483571
4.625,46.46245073399496,0.26965306731230265,3.8928024546985376,-9.203117924538985,0.0,46.73210380130727
4.626,46.466342850618666,0.26044350522304816,3.891430528720536,-9.215904964881119,0.0,46.72678635584172
4.627,46.470233594524146,0.25122146006548207,3.8900570179989544,-9.228083959736889,0.0,46.721455054589626
4.628,46.47412296412593,0.24198754018268723,3.888681921093392,-9.239654320594921,0.0,46.71611050430862
4.6290000000000004,46.47801095783717,0.2327423544862089,3.8873052367013954,-9.250615499045674,0.0,46.71075331232338
4.63,46.481897574069784,0.22348651241594167,3.885926963658485,-9.260966986803535,0.0,46.70538408648572
4.631,46.48578281123459,0.21422062389999552,3.88454710093817,-9.27070831572628,0.0,46.70000343513459
4.632,46.48966666774147,0.20494529931454392,3.883165647651956,-9.279839057831893,0.0,46.69461196705601
4.633,46.49354914199945,0.19566114944365612,3.8817826030493454,-9.288358825312747,0.0,46.68921029144311
4.634,46.49743023241692,0.18636878543911697,3.880397966517824,-9.296267270547148,0.0,46.68379901785603
4.635,46.501309937401686,0.1770688187802362,3.8790117375828426,-9.30356408610824,0.0,46.67837875618192
4.636,46.50518825536117,0.16776186123365025,3.8776239159077894,-9.310249004770277,0.0,46.67295011659482
4.6370000000000005,46.50906518470252,0.15844852481311913,3.8762345012939505,-9.316321799512243,0.0,46.66751370951564
4.638,46.512940723832756,0.149129421739321,3.8748434936804634,-9.321782283518855,0.0,46.66207014557207
4.639,46.51681487115891,0.139805164399647,3.8734508931442626,-9.326630310178912,0.0,46.656620035558554
4.64,46.520687625088144,0.13047636530799905,3.8720566999000137,-9.33086577308102,0.0,46.65116399039614
4.641,46.52455898402792,0.12114363706459344,3.8706609143000392,-9.334488606006683,0.0,46.64570262109251
4.642,46.528428946386114,0.11180759231577227,3.8692635368342367,-9.337498782920754,0.0,46.640236538701885
4.643,46.53229751057117,0.10246884371382611,3.867864568129987,-9.339896317959262,0.0,46.634766354285
4.644,46.536164674992214,0.09312800387683001,3.866464008952053,-9.341681265414607,0.0,46.62929267886904
4.6450000000000005,46.54003043805921,0.08378568534849554,3.8650618602024704,-9.342853719718129,0.0,46.62381612340771
4.646,46.5438947981831,0.07444250055804172,3.8636581229204285,-9.343413815420046,0.0,46.618337298741146
4.647,46.54775775377593,0.06509906178008727,3.8622527982821433,-9.343361727166787,0.0,46.61285681555602
4.648,46.55161930325099,0.055755981094566795,3.86084588760072,-9.342697669675676,0.0,46.60737528434555
4.649,46.55547944502293,0.04641387034667365,3.8594373923260084,-9.341421897707024,0.0,46.60189331536961
4.65,46.55933817750796,0.03707334110683201,3.8580273140444485,-9.339534706033588,0.0,46.596411518614794
4.651,46.56319549912392,0.027735004630700763,3.8566156544789068,-9.337036429407428,0.0,46.59093050375462
4.652,46.56705140829044,0.018399471819211873,3.855202415488504,-9.333927442524155,0.0,46.585450880109654
4.6530000000000005,46.57090590342908,0.009067353178645805,3.8537875990684345,-9.330208159984561,0.0,46.57997325660772
4.654,46.574758982963466,-0.0002607412192534072,3.8523712073497767,-9.325879036253662,0.0,46.574498241744216
4.655,46.57861064531943,-0.009584201777120813,3.850953242599294,-9.320940565617125,0.0,46.569026443542306
4.656,46.58246088892512,-0.018902419411768324,3.849533707219227,-9.315393282135119,0.0,46.56355846951335
4.657,46.58630971221117,-0.028214785593935077,3.8481126037470768,-9.30923775959356,0.0,46.55809492661723
4.658,46.59015711361081,-0.037520692387987706,3.846689934855381,-9.302474611452768,0.0,46.55263642122282
4.659,46.594003091560005,-0.04681953249156801,3.8452657033514797,-9.295104490793557,0.0,46.547183559068436
4.66,46.59784764449761,-0.05611069927518543,3.843839912177272,-9.28712809026073,0.0,46.541736945222425
4.6610000000000005,46.60169077086549,-0.06539358682175167,3.842412564408965,-9.278546142003998,0.0,46.53629718404374
4.662,46.60553246910863,-0.07466758996605503,3.8409836632568135,-9.269359417616352,0.0,46.53086487914258
4.663,46.609372737675315,-0.08393210433417181,3.8395532120648523,-9.25956872806984,0.0,46.52544063334114
4.664,46.61321157501723,-0.09318652638281216,3.8381212143106174,-9.249174923648816,0.0,46.52002504863442
4.665,46.61704897958961,-0.10243025343859796,3.8366876736048603,-9.238178893880603,0.0,46.514618726151014
4.666,46.620884949851366,-0.11166268373727006,3.8352525936912536,-9.226581567463638,0.0,46.509222266114094
4.667,46.62471948426521,-0.12088321646282241,3.8338159784460877,-9.214383912193052,0.0,46.50383626780239
4.668,46.62855258129781,-0.13009125178656047,3.832377831877958,-9.201586934883721,0.0,46.49846132951125
4.6690000000000005,46.6323842394199,-0.13928619090608146,3.8309381581274464,-9.188191681290789,0.0,46.493098048513815
4.67,46.636214457106426,-0.14846743608417376,3.829496961466789,-9.174199236027656,0.0,46.48774702102225
4.671,46.64004323283666,-0.15763439068763324,3.828054246299542,-9.15961072248146,0.0,46.48240884214903
4.672,46.64387056509436,-0.16678645922599356,3.8266100171602333,-9.144427302726035,0.0,46.477084105868364
4.673,46.647696452367875,-0.17592304739016837,3.825164278714009,-9.128650177432366,0.0,46.471773404977704
4.674,46.651520893150284,-0.18504356209100264,3.823717035756271,-9.112280585776551,0.0,46.46647733105928
4.675,46.65534388593952,-0.1941474114977307,3.8222682932123044,-9.095319805345262,0.0,46.46119647444179
4.676,46.65916542923853,-0.20323400507633854,3.8208180561368983,-9.077769152038726,0.0,46.45593142416219
4.6770000000000005,46.66298552155534,-0.21230275362782774,3.8193663297139584,-9.059629979971225,0.0,46.45068276792752
4.678,46.66680416140327,-0.22135306932637888,3.8179131192561093,-9.040903681369128,0.0,46.445451092076894
4.679,46.67062134730099,-0.2303843657574115,3.8164584302042917,-9.02159168646646,0.0,46.44023698154358
4.68,46.674437077772666,-0.2393960579555386,3.8150022681273468,-9.001695463398008,0.0,46.43504101981713
4.681,46.67825135134812,-0.24838756244241278,3.8135446387215977,-8.981216518089994,0.0,46.42986378890571
4.682,46.68206416656293,-0.25735829726446224,3.812085547810419,-8.960156394148292,0.0,46.42470586929847
4.683,46.68587552195855,-0.26630768203051336,3.8106250013437983,-8.938516672744225,0.0,46.419567839928035
4.684,46.689685416082455,-0.27523513794929805,3.8091630053978918,-8.916298972497936,0.0,46.41445027813316
4.6850000000000005,46.69349384748825,-0.28414008786684325,3.8076995661745694,-8.89350494935934,0.0,46.4093537596214
4.686,46.69730081473581,-0.2930219563037402,3.8062346900009545,-8.870136296486677,0.0,46.40427885843207
4.687,46.70110631639141,-0.30188016949229113,3.804768383328952,-8.846194744122664,0.0,46.39922614689912
4.688,46.70491035102783,-0.3107141554135306,3.8033006527347712,-8.821682059468257,0.0,46.3941961956143
4.689,46.708712917224474,-0.3195233438341198,3.8018315049184404,-8.796600046554037,0.0,46.389189573390354
4.69,46.71251401356753,-0.3283071663431109,3.800360946703312,-8.770950546109225,0.0,46.38420684722442
4.691,46.71631363865006,-0.3370650563885791,3.798888985035562,-8.744735435428337,0.0,46.379248582261475
4.692,46.720111791072135,-0.34579644931412024,3.7974156269836774,-8.71795662823549,0.0,46.37431534175801
4.6930000000000005,46.72390846944096,-0.3545007823952118,3.7959408797379433,-8.690616074546357,0.0,46.369407687045744
4.694,46.72770367237098,-0.36317749487543427,3.7944647506099134,-8.662715760527808,0.0,46.36452617749554
4.695,46.731497398484024,-0.3718260280025512,3.7929872470318795,-8.63425770835521,0.0,46.35967137048147
4.696,46.735289646409406,-0.38044582506444546,3.7915083765563287,-8.605243976067433,0.0,46.35484382134496
4.697,46.739080414784056,-0.3890363314249093,3.7900281468553967,-8.575676657419542,0.0,46.350044083359144
4.698,46.742869702252634,-0.3975969945592859,3.788546565720311,-8.545557881733208,0.0,46.34527270769335
4.699,46.74665750746765,-0.4061272640899601,3.7870636410608265,-8.514889813744833,0.0,46.34053024337769
4.7,46.75044382908959,-0.41462659182169653,3.785579380904655,-8.483674653451411,0.0,46.3358172372679
4.7010000000000005,46.75422866578701,-0.42309443177682204,3.784093793396886,-8.451914635954122,0.0,46.331134234010186
4.702,46.758012016236684,-0.4315302402302506,3.7826068867994,-8.419612031299689,0.0,46.32648177600643
4.703,46.7617938791237,-0.4399334757443489,3.781118669490276,-8.386769144319496,0.0,46.321860403379354
4.704,46.76557425314159,-0.44830359920363927,3.7796291499631884,-8.353388314466478,0.0,46.317270653937946
4.705,46.76935313699242,-0.45664007384933913,3.7781383368268004,-8.3194719156498,0.0,46.312713063143086
4.706,46.77313052938695,-0.46494236531373345,3.776646238804146,-8.28502235606733,0.0,46.308188164073215
4.707,46.77690642904468,-0.4732099416543788,3.775152864732009,-8.250042078035934,0.0,46.3036964873903
4.708,46.78068083469404,-0.48144227338813644,3.7736582235602905,-8.21453355781958,0.0,46.299238561305906
4.7090000000000005,46.78445374507245,-0.4896388335250329,3.772162324351373,-8.178499305455283,0.0,46.29481491154741
4.71,46.78822515892645,-0.49779909760194485,3.7706651762794747,-8.141941864576891,0.0,46.29042606132451
4.711,46.79199507501181,-0.505922543716107,3.769166788629998,-8.10486381223674,0.0,46.2860725312957
4.712,46.79576349209365,-0.5140086525584405,3.7676671707988705,-8.067267758725166,0.0,46.28175483953521
4.713,46.79953040894652,-0.5220569074466999,3.7661663322918786,-8.029156347387909,0.0,46.27747350149982
4.714,46.80329582435454,-0.5300667943584361,3.7646642827239956,-7.990532254441414,0.0,46.27322902999611
4.715,46.807059737111516,-0.5380378019637744,3.763161031818701,-7.951398188786033,0.0,46.26902193514774
4.716,46.81082214602101,-0.5459694216580037,3.7616565894072944,-7.911756891817161,0.0,46.26485272436301
4.7170000000000005,46.81458304989648,-0.5538611475939761,3.7601509654282013,-7.871611137234296,0.0,46.2607219023025
4.718,46.818342447561356,-0.5617124767143152,3.7586441699262734,-7.830963730848051,0.0,46.256629970847044
4.719,46.8221003378492,-0.5695229087834295,3.7571362130520813,-7.789817510385133,0.0,46.252577429065774
4.72,46.82585671960375,-0.5772919464193301,3.755627105061201,-7.748175345291286,0.0,46.24856477318442
4.721,46.82961159167906,-0.5850190951252509,3.7541168563134932,-7.706040136532236,0.0,46.24459249655381
4.722,46.833364952939604,-0.5927038633210673,3.7526054772723763,-7.663414816392627,0.0,46.240661089618534
4.723,46.83711680226036,-0.6003457623745146,3.7510929785040936,-7.62030234827298,0.0,46.236771039885845
4.724,46.840867138526924,-0.6079443066322012,3.7495793706769733,-7.576705726484679,0.0,46.232922831894726
4.7250000000000005,46.844615960635615,-0.6154990134504161,3.748064664560681,-7.532627976043006,0.0,46.2291169471852
4.726,46.84836326749357,-0.6230094032257286,3.7465488710254684,-7.488072152458229,0.0,46.22535386426784
4.727,46.85210905801885,-0.630474999425378,3.745032001041413,-7.443041341524766,0.0,46.221634058593466
4.728,46.85585333114052,-0.6378953286174515,3.7435140656776533,-7.397538659108437,0.0,46.21795800252307
4.729,46.85959608579879,-0.6452699205008484,3.7419950761016176,-7.3515672509318195,0.0,46.21432616529794
4.73,46.86333732094507,-0.6525983079350289,3.7404750435782455,-7.305130292357715,0.0,46.21073901301004
4.731,46.86707703554208,-0.6598800269695453,3.7389539794692044,-7.258230988170754,0.0,46.207197008572535
4.732,46.87081522856396,-0.6671146168733535,3.7374318952320995,-7.210872572357147,0.0,46.20370061169061
4.7330000000000005,46.87455189899635,-0.674301620163904,3.735908802419678,-7.163058307882588,0.0,46.20025027883245
4.734,46.87828704583649,-0.6814405826360098,3.7343847126790264,-7.114791486468351,0.0,46.19684646320048
4.735,46.88202066809331,-0.6885310533904886,3.7328596377507637,-7.066075428365565,0.0,46.19348961470282
4.736,46.88575276478754,-0.6955725848625796,3.7313335894682274,-7.016913482127703,0.0,46.19018017992496
4.737,46.88948333495177,-0.7025647328501312,3.729806579756654,-6.967309024381292,0.0,46.18691860210164
4.738,46.893212377630576,-0.7095070565415587,3.7282786206323535,-6.917265459594867,0.0,46.183705321089015
4.739,46.89693989188059,-0.7163991185435699,3.7267497242018788,-6.86678621984617,0.0,46.18054077333702
4.74,46.9006658767706,-0.7232404849086573,3.725219902661189,-6.8158747645876305,0.0,46.177425391861945
4.741,46.904390331381634,-0.730030725162355,3.723689168294808,-6.764534580410123,0.0,46.17435960621928
4.742,46.90811325480704,-0.7367694123302578,3.722157533474976,-6.712769180805034,0.0,46.17134384247678
4.743,46.911834646152585,-0.7434561229648027,3.7206250106607968,-6.660582105924643,0.0,46.16837852318778
4.744,46.915554504536544,-0.7500904371718088,3.71909161239738,-6.607976922340844,0.0,46.16546406736474
4.745,46.91927282908977,-0.7566719386367757,3.717557351314976,-6.554957222802211,0.0,46.16260089045299
4.746,46.9229896189558,-0.7632002146509382,3.7160222401281082,-6.501526625989437,0.0,46.15978940430487
4.747,46.92670487329092,-0.7696748561370753,3.7144862916346977,-6.447688776269158,0.0,46.15703001715385
4.748,46.930418591264264,-0.7760954576750725,3.712949518715184,-6.393447343446171,0.0,46.154323133589195
4.749,46.93413077205787,-0.7824616175272351,3.7114119343316423,-6.338806022514083,0.0,46.15166915453064
4.75,46.93784141486679,-0.7887729376633522,3.709873551526891,-6.2837685334043805,0.0,46.149068477203436
4.751,46.941550518899156,-0.7950290237855081,3.708334383423599,-6.228338620733959,0.0,46.146521495113646
4.752,46.94525808337627,-0.8012294853526409,3.7067944432233855,-6.172520053551123,0.0,46.144028598023624
4.753,46.94896410753266,-0.8073739356048464,3.705253744205917,-6.116316625080066,0.0,46.14159017192782
4.7540000000000004,46.95266859061619,-0.8134619915874253,3.7037122997279956,-6.059732152463859,0.0,46.13920659902877
4.755,46.95637153188811,-0.8194932741746733,3.7021701232226483,-6.0027704765059555,0.0,46.136878257713434
4.756,46.960072930623134,-0.8254674080934116,3.700627228198205,-5.945435461410242,0.0,46.134605522529725
4.757,46.96377278610953,-0.8313840219462564,3.699083628237379,-5.887730994519635,0.0,46.132388764163274
4.758,46.96747109764918,-0.8372427482346271,3.697539336996336,-5.829660986053257,0.0,46.13022834941455
4.759,46.97116786455767,-0.8430432233814902,3.6959943682037646,-5.771229368842206,0.0,46.12812464117618
4.76,46.97486308616434,-0.8487850877538387,3.6944487356599374,-5.712440098063923,0.0,46.1260779984105
4.761,46.978556761812364,-0.8544679856849049,3.692902453235771,-5.653297150975204,0.0,46.12408877612746
4.7620000000000005,46.98224889085883,-0.860091565496106,3.6913555348718807,-5.593804526643839,0.0,46.12215732536272
4.763,46.985939472674794,-0.8656554795187201,3.689807994577632,-5.533966245678926,0.0,46.12028399315607
4.764,46.98962850664536,-0.8711593841152921,3.6882598464301846,-5.473786349959857,0.0,46.118469122530065
4.765,46.99331599216975,-0.8766029397007681,3.6867111045735363,-5.413268902364017,0.0,46.11671305246898
4.766,46.99700192866134,-0.8819858107633566,3.6851617832175605,-5.352417986493181,0.0,46.11501611789799
4.767,47.000686315547775,-0.8873076658851157,3.6836118966370406,-5.291237706398666,0.0,46.11337864966266
4.768,47.00436915227099,-0.8925681777622644,3.6820614591707,-5.229732186305225,0.0,46.111800974508725
4.769,47.00805043828729,-0.897767023225218,3.6805104852202293,-5.1679055703337164,0.0,46.11028341506207
4.7700000000000005,47.01173017306742,-0.9029038832583443,3.6789589892493066,-5.105762022222572,0.0,46.10882628980907
4.771,47.01540835609662,-0.9079784430194421,3.6774069857826195,-5.0433057250480635,0.0,46.107429913077176
4.772,47.01908498687468,-0.9129903918589383,3.6758544894048777,-4.980540880943409,0.0,46.10609459501574
4.773,47.02276006491601,-0.917939423338804,3.6743015147598266,-4.917471710816719,0.0,46.104820641577206
4.774,47.02643358974968,-0.9228252352511879,3.6727480765492535,-4.8541024540678155,0.0,46.10360835449849
4.775,47.0301055609195,-0.9276475296367661,3.671194189531994,-4.79043736830393,0.0,46.10245803128274
4.776,47.03377597798408,-0.9324060128028067,3.669639868522932,-4.726480729054313,0.0,46.10136996518127
4.777,47.03744484051684,-0.9371003953409486,3.668085128391998,-4.662236829483764,0.0,46.10034444517589
4.7780000000000005,47.04111214810613,-0.9417303921446937,3.6665299840631644,-4.597709980105102,0.0,46.09938175596144
4.779,47.04477790035523,-0.9462957224266103,3.6649744505134363,-4.532904508490603,0.0,46.09848217792862
4.78,47.048442096882425,-0.9507961097352484,3.6634185427718395,-4.467824758982414,0.0,46.097645987147175
4.781,47.052104737321066,-0.955231281971764,3.6618622759184065,-4.402475092401974,0.0,46.096873455349304
4.782,47.0557658213196,-0.9596009714062524,3.6603056650831585,-4.3368598857584475,0.0,46.09616484991335
4.783,47.05942534854163,-0.9639049146937905,3.658748725445085,-4.270983531956203,0.0,46.09552043384784
4.784,47.06308331866596,-0.9681428528901846,3.6571914722311205,-4.204850439501348,0.0,46.09494046577578
4.785,47.066739731386654,-0.9723145314674257,3.6556339207151174,-4.1384650322073435,0.0,46.09442519991923
4.7860000000000005,47.07039458641306,-0.9764197003288486,3.6540760862168176,-4.0718317488997195,0.0,46.09397488608421
4.787,47.07404788346988,-0.9804581138239965,3.652517984100821,-4.004955043119902,0.0,46.09358976964588
4.788,47.077699622297196,-0.9844295307631881,3.6509596297755507,-3.9378393828281824,0.0,46.09327009153401
4.789,47.081349802650514,-0.9883337144317879,3.6494010386922175,-3.8704892501058428,0.0,46.093016088218725
4.79,47.08499842430082,-0.9921704326041776,3.647842226343779,-3.802909140856461,0.0,46.092827991696645
4.791,47.08864548703462,-0.9959394575574291,3.6462832082639003,-3.7351035645064075,0.0,46.09270602947719
4.792,47.09229099065396,-0.9996405660846767,3.6447240000259074,-3.6670770437045648,0.0,46.09265042456928
4.793,47.09593493497648,-1.0032735395081895,3.643164617241744,-3.59883411402128,0.0,46.09266139546829
4.7940000000000005,47.099577319835475,-1.0068381636921424,3.641605075560921,-3.5303793236465757,0.0,46.09273915614333
4.795,47.10321814507987,-1.0103342290550834,3.6400453906694668,-3.4617172330876382,0.0,46.09288391602479
4.796,47.10685741057432,-1.0137615305821004,3.6384855782888765,-3.3928524148656027,0.0,46.09309587999222
4.797,47.1104951161992,-1.0171198678366828,3.636925654175055,-3.3237894532116545,0.0,46.09337524836252
4.798,47.11413126185069,-1.0204090449722794,3.6353656341172633,-3.254532943762469,0.0,46.093722216878405
4.799,47.11776584744073,-1.023628870743551,3.633805533937058,-3.1850874932550077,0.0,46.09413697669718
4.8,47.12139887289714,-1.0267791585173183,3.632245369487233,-3.1154577192206956,0.0,46.09461971437982
4.801,47.125030338163576,-1.0298597262832028,3.6306851566507587,-3.0456482496789903,0.0,46.09517061188037
4.8020000000000005,47.12866024319961,-1.032870396663962,3.6291249113397175,-2.975663722830376,0.0,46.09578984653565
4.803,47.13228858798074,-1.035810996925516,3.6275646494942397,-2.9055087867487916,0.0,46.09647759105522
4.804,47.13591537249841,-1.038681358986667,3.626004387081438,-2.83518809907352,0.0,46.097234013511745
4.805,47.13954059676004,-1.041481319428511,3.6244441400943392,-2.7647063267005563,0.0,46.09805927733153
4.806,47.14316426078908,-1.0442107195035393,3.622883924550816,-2.6940681454734756,0.0,46.09895354128554
4.807,47.14678636462497,-1.0468694051444316,3.6213237564925174,-2.6232782398738212,0.0,46.09991695948054
4.808,47.15040690832325,-1.0494572269725388,3.6197636519837952,-2.5523413027110338,0.0,46.10094968135071
4.809,47.154025891955484,-1.0519740403060565,3.618203627110635,-2.4812620348119405,0.0,46.10205185164943
4.8100000000000005,47.15764331560938,-1.0544197051678854,3.61664369797958,-2.4100451447098283,0.0,46.10322361044149
4.811,47.16125917938873,-1.0567940862931835,3.6150838807166594,-2.338695348333117,0.0,46.10446509309555
4.812,47.16487348341348,-1.0590970531366048,3.6135241914663094,-2.2672173686936556,0.0,46.105776430276876
4.813,47.16848622781972,-1.061328479879227,3.6119646463903012,-2.1956159355746636,0.0,46.10715774794049
4.814,47.17209741275971,-1.0634882454351666,3.610405261666661,-2.123895785218334,0.0,46.108609167324545
4.815,47.1757070384019,-1.065576233457881,3.6088460534885938,-2.052061660013122,0.0,46.11013080494402
4.816,47.17931510493094,-1.0675923323461594,3.607287038063406,-1.9801183081807399,0.0,46.111722772584784
4.817,47.18292161254769,-1.0695364352497982,3.6057282316114256,-1.9080704834628743,0.0,46.113385177297886
4.8180000000000005,47.18652656146923,-1.0714084400749657,3.6041696503649225,-1.835922944807654,0.0,46.11511812139426
4.819,47.190129951928895,-1.0732082494892499,3.6026113105670303,-1.7636804560558808,0.0,46.11692170243965
4.82,47.193731784176265,-1.0749357709263956,3.601053228470666,-1.6913477856270518,0.0,46.11879601324987
4.821,47.19733205847716,-1.0765909165907255,3.5994954203374485,-1.6189297062051868,0.0,46.120741141886434
4.822,47.20093077511368,-1.0781736034612477,3.5979379024366214,-1.5464309944244867,0.0,46.12275717165244
4.823,47.2045279343842,-1.0796837532954482,3.596380691043968,-1.4738564305548407,0.0,46.124844181088754
4.824,47.20812353660337,-1.08112129263277,3.5948238024407355,-1.401210798187204,0.0,46.127002243970594
4.825,47.21171758210211,-1.0824861527977765,3.59326725291255,-1.328498883918866,0.0,46.12923142930433
4.8260000000000005,47.21531007122765,-1.083778269903,3.5917110587483396,-1.255725477038632,0.0,46.13153180132465
4.827,47.21890100434349,-1.0849975848514766,3.5901552362392524,-1.1828953692119335,0.0,46.133903419492015
4.828,47.222490381829445,-1.0861440433389646,3.5885998016775766,-1.1100133541658965,0.0,46.13634633849048
4.829,47.226078204081595,-1.0872175958558492,3.5870447713556617,-1.0370842273743788,0.0,46.13886060822575
4.83,47.22966447151233,-1.0882181976887315,3.5854901615648376,-0.9641127857430042,0.0,46.1414462738236
4.831,47.23324918455033,-1.0891458089217028,3.5839359885943365,-0.8911038272942112,0.0,46.14410337562863
4.832,47.23683234364056,-1.0900003944373042,3.5823822687302145,-0.818062150852337,0.0,46.14683194920325
4.833,47.24041394924426,-1.090781923917171,3.580829018254274,-0.7449925557287578,0.0,46.14963202532709
4.8340000000000005,47.243994001838956,-1.0914903718423619,3.5792762534429867,-0.6718998414071057,0.0,46.152503629996595
4.835,47.247572501918455,-1.0921257174933745,3.5777239905664153,-0.598788807228584,0.0,46.15544678442508
4.836,47.25114944999282,-1.0926879449498452,3.5761722458871406,-0.5256642520773991,0.0,46.15846150504298
4.837,47.25472484658838,-1.0931770430899352,3.5746210356591845,-0.4525309740663325,0.0,46.16154780349844
4.838,47.258298692247706,-1.0935930055894016,3.5730703761269376,-0.37939377022247095,0.0,46.1647056866583
4.839,47.26187098752961,-1.093935830920355,3.5715202835240856,-0.3062574361731167,0.0,46.16793515660925
4.84,47.26544173300914,-1.0942055223497027,3.5699707740725377,-0.23312676583189806,0.0,46.17123621065944
4.841,47.26901092927755,-1.0944020879372778,3.568421863981356,-0.16000655108510076,0.0,46.17460884134027
4.8420000000000005,47.272578576942294,-1.0945255405336556,3.5668735694456863,-0.08690158147824048,0.0,46.17805303640864
4.843,47.27614467662702,-1.094575897777656,3.5653259066456897,-0.01381664390289708,0.0,46.18156877884936
4.844,47.27970922897155,-1.0945531820935335,3.5637788917454754,0.059243477716168946,0.0,46.185156046878014
4.845,47.28327223463186,-1.094457420687853,3.562232540892037,0.1322740027335974,0.0,46.188814813944006
4.846,47.28683369428006,-1.0942886455460554,3.560686870214186,0.20527015409568647,0.0,46.192545048734004
4.847,47.29039360860438,-1.0940468934287095,3.559141895821493,0.2782271586523073,0.0,46.19634671517567
4.848,47.29395197830916,-1.0937322058674523,3.557597633803223,0.3511402474684552,0.0,46.200219772441706
4.849,47.297508804114806,-1.093344629160619,3.5560541002272807,0.4240046561354166,0.0,46.20416417495419
4.8500000000000005,47.30106408675778,-1.0928842143685604,3.55451131113915,0.496815625081532,0.0,46.20817987238922
4.851,47.304617826990594,-1.0923510173086515,3.55296928256084,0.5695683998825344,0.0,46.21226680968194
4.852,47.308170025581745,-1.0917450985499886,3.551428030489832,0.642258231571443,0.0,46.21642492703176
4.853,47.311720683315734,-1.0910665234077772,3.5498875708980266,0.7148803769479923,0.0,46.22065415990796
4.854,47.315269800993015,-1.0903153619374113,3.5483479197306957,0.7874300988875762,0.0,46.2249544390556
4.855,47.31881737942997,-1.0894916889282429,3.546809092905435,0.8599026666496868,0.0,46.22932569050173
4.856,47.3223634194589,-1.088595583897044,3.545271106311118,0.9322933561858286,0.0,46.233767835561856
4.857,47.325907921927964,-1.0876271310811616,3.5437339758068545,1.0045974504468875,0.0,46.2382807908468
4.8580000000000005,47.32945088770116,-1.0865864194313635,3.5421977172209482,1.0768102396899344,0.0,46.242864468269794
4.859,47.33299231765831,-1.0854735426043802,3.5406623463498605,1.1489270217844443,0.0,46.247518775053926
4.86,47.33653221269502,-1.0842885989551392,3.5391278789571734,1.2209431025179107,0.0,46.25224361373988
4.861,47.34007057372263,-1.083031691528694,3.5375943307725572,1.2928537959008348,0.0,46.25703888219393
4.862,47.3436074016682,-1.0817029280518495,3.5360617174907394,1.3646544244710705,0.0,46.261904473616354
4.863,47.34714269747447,-1.0803024209244827,3.5345300547704763,1.4363403195975055,0.0,46.266840276549985
4.864,47.350676462099806,-1.0788302872105595,3.532999358233529,1.5079068217830587,0.0,46.27184617488925
4.865,47.35420869651819,-1.0772866486288502,3.5314696434636397,1.5793492809669736,0.0,46.27692204788934
4.866,47.35773940171917,-1.0756716315433417,3.5299409260055126,1.650663056826389,0.0,46.28206777017583
4.867,47.36126857870781,-1.07398536695335,3.5284132213637975,1.7218435190771668,0.0,46.287283211754456
4.868,47.36479622850466,-1.07222799048333,3.5268865450020757,1.792886047773959,0.0,46.29256823802133
4.869,47.36832235214572,-1.0703996423723887,3.525360912341849,1.8637860336094914,0.0,46.29792270977333
4.87,47.371846950682375,-1.0685004674634964,3.5238363387615323,1.934538878213048,0.0,46.30334648321888
4.871,47.37537002518138,-1.0665306151924017,3.522312839595451,2.005139994448135,0.0,46.308839409988984
4.872,47.378891576724804,-1.0644902395762492,3.5207904301328363,2.0755848067093057,0.0,46.31440133714855
4.873,47.38241160640997,-1.0623794992018998,3.519269125616831,2.145868751218125,0.0,46.320032107208064
4.874,47.38593011534942,-1.0601985572139565,3.5177489412434926,2.215987276318261,0.0,46.32573155813546
4.875,47.389447104670886,-1.057947581302495,3.516229892160803,2.285935842769673,0.0,46.33149952336839
4.876,47.39296257551721,-1.0556267436905007,3.5147119934676816,2.3557099240418924,0.0,46.33733583182671
4.877,47.3964765290463,-1.0532362211210125,3.513195260213,2.425305006606361,0.0,46.34324030792529
4.878,47.39998896643112,-1.0507761948439756,3.511679707394603,2.494716590227822,0.0,46.34921277158714
4.8790000000000004,47.40349988885956,-1.0482468506028029,3.510165349958331,2.563940188254735,0.0,46.355253038256755
4.88,47.40700929753446,-1.0456483786206463,3.5086522027970477,2.6329713279087024,0.0,46.36136091891381
4.881,47.41051719367352,-1.0429809735863793,3.5071402807496703,2.7018055505728857,0.0,46.36753622008714
4.882,47.41402357850926,-1.0402448346402917,3.5056295986002057,2.770438412079394,0.0,46.37377874386897
4.883,47.41752845328893,-1.0374401653594973,3.5041201710767873,2.838865482995626,0.0,46.38008828792943
4.884,47.42103181927451,-1.034567173743056,3.5026120128507188,2.907082348909545,0.0,46.386464645531454
4.885,47.4245336777426,-1.0316260721968107,3.501105138535521,2.9750846107138766,0.0,46.392907605545794
4.886,47.4280340299844,-1.0286170775179415,3.4995995626859835,3.042867884889197,0.0,46.39941695246646
4.8870000000000005,47.43153287730563,-1.0255404108792365,3.498095299797217,3.110427803785907,0.0,46.40599246642639
4.888,47.435030221026466,-1.0223962978130814,3.4965923643037153,3.1777600159050694,0.0,46.412633923213384
4.889,47.43852606248149,-1.0191849681951688,3.495090770578418,3.2448601861780833,0.0,46.419341094286324
4.89,47.44202040301965,-1.0159066562279286,3.493590532931779,3.311723996245194,0.0,46.42611374679172
4.891,47.44551324400413,-1.0125616004236806,3.4920916656108374,3.378347144732805,0.0,46.43295164358045
4.892,47.44900458681237,-1.00915004358751,3.4905941827982967,3.4447253475295825,0.0,46.43985454322486
4.893,47.45249443283594,-1.0056722327998675,3.489098098611604,3.5108543380613324,0.0,46.446822200036074
4.894,47.45598278348049,-1.0021284193988953,3.4876034271020373,3.5767298675646355,0.0,46.4538543640816
4.8950000000000005,47.4594696401657,-0.9985188589624805,3.4861101822537957,3.642347705359216,0.0,46.46095078120322
4.896,47.462955004325195,-0.9948438112900354,3.4846183779830953,3.7077036391190346,0.0,46.46811119303516
4.897,47.46643887740648,-0.991103540384009,3.483128028137269,3.7727934751420817,0.0,46.47533533702247
4.898,47.469921260870876,-0.9872983144311285,3.4816391464938716,3.837613038618859,0.0,46.48262294643975
4.899,47.473402156193444,-0.9834284057833727,3.4801517467597893,3.9021581738995272,0.0,46.48997375041007
4.9,47.476881564862914,-0.9794940909386796,3.478665842570355,3.96642474475971,0.0,46.497387473924235
4.901,47.48035948838162,-0.9754956505213888,3.477181447488469,4.0304086346649255,0.0,46.504863837860235
4.902,47.48383592826543,-0.9714333692624197,3.4756985750037206,4.094105747033643,0.0,46.51240255900301
4.9030000000000005,47.48731088604364,-0.9673075359791877,3.4742172385315233,4.157512005498937,0.0,46.52000335006445
4.904,47.490784363258946,-0.9631184435552593,3.472737451412245,4.220623354168725,0.0,46.527665919703686
4.905,47.494256361467336,-0.9588663889197477,3.4712592269103513,4.283435757884577,0.0,46.53538997254759
4.906,47.497726882238034,-0.9545516730264506,3.4697825782135503,4.345945202479072,0.0,46.54317520921158
4.907,47.501195927153404,-0.9501746008327306,3.468307518431944,4.408147695031692,0.0,46.55102132632067
4.908,47.504663497808885,-0.9457354812781417,3.4668340605971837,4.470039264123235,0.0,46.55892801653074
4.909,47.5081295958129,-0.9412346272628006,3.465362217661633,4.531615960088728,0.0,46.5668949685501
4.91,47.511594222786805,-0.9366723556255074,3.4638920024975346,4.592873855268831,0.0,46.574921867161294
4.9110000000000005,47.51505738036476,-0.9320489871216143,3.4624234278961827,4.653809044259706,0.0,46.58300839324315
4.912,47.51851907019369,-0.9273648464006462,3.460956506567102,4.714417644161348,0.0,46.59115422379305
4.913,47.52197929393319,-0.9226202619836732,3.459491251137232,4.774695794824348,0.0,46.59935903194952
4.914,47.52543805325545,-0.9178155662404371,3.458027674150117,4.83463965909508,0.0,46.607622487015014
4.915,47.52889534984513,-0.9129510953662341,3.4565657880651006,4.894245423059303,0.0,46.6159442544789
4.916,47.532351185399335,-0.9080271893585539,3.455105605256527,4.953509296284147,0.0,46.62432399604078
4.917,47.5358055616275,-0.9030441919934782,3.4536471380129505,5.01242751205848,0.0,46.63276136963402
4.918,47.539258480251284,-0.8980024508018395,3.4521903985363456,5.0709963276316365,0.0,46.641256029449444
4.9190000000000005,47.54270994300453,-0.8929023170451418,3.450735398941328,5.129212024450493,0.0,46.64980762595939
4.92,47.546159951633136,-0.8877441456912453,3.4492821512543785,5.187070908394875,0.0,46.65841580594189
4.921,47.54960850789499,-0.8825282953898165,3.4478306674130756,5.244569310011282,0.0,46.66708021250517
4.922,47.55305561355986,-0.8772551284475452,3.4463809592653316,5.301703584744909,0.0,46.67580048511232
4.923,47.55650127040934,-0.8719250108031307,3.4449330385686356,5.358470113169968,0.0,46.68457625960621
4.924,47.55994548023671,-0.8665383120020383,3.4434869169893045,5.41486530121827,0.0,46.69340716823468
4.925,47.56338824484689,-0.8610954051710281,3.442042606101737,5.470885580406071,0.0,46.70229283967586
4.926,47.56682956605631,-0.8555966669924577,3.4406001173876772,5.526527408059164,0.0,46.71123289906386
4.9270000000000005,47.57026944569286,-0.8500424776783613,3.439159462235482,5.581787267536198,0.0,46.720226968014494
4.928,47.57370788559574,-0.8444332209443053,3.4377206519393964,5.636661668450217,0.0,46.729274664651435
4.929,47.577144887615425,-0.8387692839830245,3.4362836976988347,5.6911471468883965,0.0,46.7383756036324
4.93,47.58058045361353,-0.8330510574378385,3.4348486106176686,5.745240265629974,0.0,46.74752939617569
4.931,47.58401458546272,-0.8272789353758514,3.4334154017035194,5.798937614362348,0.0,46.75673565008687
4.932,47.58744728504663,-0.8214533152609366,3.431984081867062,5.852235809895348,0.0,46.76599396978569
4.933,47.59087855425975,-0.8155745979265078,3.430554661921329,5.905131496373642,0.0,46.775303956333246
4.934,47.594308395007346,-0.8096431875480788,3.429127152581027,5.957621345487283,0.0,46.78466520745927
4.9350000000000005,47.59773680920533,-0.8036594916156139,3.4277015644618563,6.009702056680381,0.0,46.79407731758972
4.936,47.601163798780185,-0.7976239209056696,3.426277908079838,6.0613703573578785,0.0,46.80353987787451
4.937,47.60458936566887,-0.7915368894533317,3.4248561938506485,6.112623003090421,0.0,46.81305247621554
4.938,47.60801351181871,-0.7853988145239481,3.423436432088962,6.163456777817317,0.0,46.82261469729476
4.939,47.611436239187285,-0.779210116584659,3.422018633007796,6.213868494047557,0.0,46.83222612260263
4.94,47.61485754974233,-0.7729712192757279,3.4206028067178664,6.263854993058904,0.0,46.84188633046661
4.941,47.61827744546166,-0.7666825493816737,3.419188963226951,6.313413145095017,0.0,46.85159489607999
4.942,47.621695928333025,-0.7603445368022075,3.4177771124392566,6.362539849560614,0.0,46.86135139153082
4.9430000000000005,47.62511300035404,-0.7539576145229744,3.416367264154794,6.411232035214656,0.0,46.87115538583107
4.944,47.628528663532066,-0.7475222185861039,3.414959428068763,6.459486660361538,0.0,46.88100644494596
4.945,47.63194291988411,-0.7410387880605693,3.41355361377094,6.5073007130402765,0.0,46.89090413182354
4.946,47.63535577143671,-0.7345077650123596,3.4121498307450766,6.554671211211685,0.0,46.90084800642435
4.947,47.63876722022582,-0.7279295944744647,3.410748088368302,6.601595202943523,0.0,46.910837625751356
4.948,47.642177268296756,-0.721304724416677,3.4093483959105355,6.648069766593602,0.0,46.92087254388008
4.949,47.64558591770401,-0.7146336057152106,3.407950762533905,6.694092010990853,0.0,46.9309523119888
4.95,47.648993170511204,-0.7079166921221404,3.4065551972921724,6.739659075614323,0.0,46.941076478389064
4.9510000000000005,47.65239902879096,-0.7011544402346632,3.4051617091301662,6.784768130770109,0.0,46.9512445885563
4.952,47.65580349462478,-0.6943473094641835,3.4037703068832235,6.829416377766204,0.0,46.96145618516059
4.953,47.659206570102945,-0.6874957620052248,3.402380999276636,6.873601049085253,0.0,46.97171080809772
4.954,47.66260825732442,-0.6806002628041691,3.4009937949251063,6.917319408555207,0.0,46.98200799452025
4.955,47.66600855839672,-0.6736612795278278,3.3996087023322104,6.960568751517861,0.0,46.99234727886889
4.956,47.669407475435804,-0.666679282531844,3.3982257298898673,7.0033464049952645,0.0,47.00272819290396
4.957,47.67280501056598,-0.6596547448289303,3.3968448858778175,7.04564972785401,0.0,47.01315026573705
4.958,47.676201165919764,-0.6525881420569425,3.3954661784631077,7.087476110967362,0.0,47.02361302386282
4.9590000000000005,47.67959594363779,-0.6454799524467931,3.3940896156995835,7.1288229773752425,0.0,47.034115991191
4.96,47.6829893458687,-0.6383306567902057,3.3927152055273897,7.169687782442046,0.0,47.044658689078496
4.961,47.68638137476899,-0.6311407384073122,3.391342955772479,7.210068014012286,0.0,47.05524063636168
4.962,47.68977203250296,-0.6239106831140959,3.389972874146126,7.249961192564057,0.0,47.06586134938886
4.963,47.69316132124253,-0.6166409791896821,3.388604968244453,7.289364871360301,0.0,47.076520342052845
4.964,47.69654924316718,-0.6093321173434785,3.3872392455479585,7.328276636597877,0.0,47.087217125823706
4.965,47.69993580046382,-0.6019845906821677,3.3858757134210578,7.3666941075544194,0.0,47.097951209781655
4.966,47.703320995326635,-0.5945988946765539,3.3845143791116286,7.404614936732972,0.0,47.108722100650084
4.9670000000000005,47.706704829957026,-0.5871755271282663,3.3831552497505655,7.442036810004401,0.0,47.11952930282876
4.968,47.71008730656346,-0.5797149881363205,3.3817983323513423,7.478957446747569,0.0,47.130372318427135
4.969,47.71346842736135,-0.5722177800635421,3.3804436338095827,7.51537459998726,0.0,47.14125064729781
4.97,47.716848194572954,-0.5646844075028519,3.3790911609026373,7.551286056529857,0.0,47.1521637870701
4.971,47.720226610427254,-0.5571153772434181,3.3777409202891695,7.586689637096756,0.0,47.163111233183834
4.972,47.723603677159815,-0.5495111982366753,3.37639291850875,7.621583196455505,0.0,47.17409247892314
4.973,47.72697939701269,-0.5418723815622134,3.375047161981457,7.655964623548681,0.0,47.18510701545048
4.974,47.730353772234295,-0.5341994403935396,3.3737036570074883,7.689831841620462,0.0,47.19615433184075
4.9750000000000005,47.733726805079286,-0.5264928899637142,3.372362409766776,7.7231828083409235,0.0,47.20723391511557
4.976,47.73709849780843,-0.5187532475308636,3.3710234263186147,7.756015515928025,0.0,47.218345250277565
4.977,47.74046885268851,-0.5109810323435722,3.369686712601294,7.788327991267296,0.0,47.229487820344936
4.978,47.743837871992156,-0.503176765606156,3.368352274431741,7.820118296029202,0.0,47.240661106386
4.979,47.74720555799779,-0.49534097044382036,3.3670201175051693,7.851384526784199,0.0,47.25186458755397
4.98,47.75057191298944,-0.4874741718677029,3.3656902473947374,7.882124815115447,0.0,47.26309774112174
4.981,47.75393693925667,-0.47957689673980575,3.3643626695512148,7.912337327729203,0.0,47.27436004251686
4.982,47.75730063909441,-0.47164967373781796,3.3630373893026566,7.942020266562861,0.0,47.285650965356595
4.9830000000000005,47.76066301480287,-0.46369303331983164,3.361714411854085,7.971171868890659,0.0,47.29696998148304
4.984,47.76402406868741,-0.45570750768895296,3.3603937422871817,7.999790407427019,0.0,47.308316560998456
4.985,47.767383803058394,-0.4476936307578115,3.359075385559984,8.027874190427537,0.0,47.31969017230058
4.986,47.77074222023109,-0.4396519381129694,3.357759346506595,8.055421561787604,0.0,47.331090282118126
4.987,47.77409932252554,-0.43158296697923326,3.3564456298368954,8.082430901138661,0.0,47.3425163555463
4.988,47.77745511226642,-0.4234872561838712,3.3551342401362696,8.108900623942072,0.0,47.353967856082555
4.989,47.780809591782955,-0.4153653461207365,3.3538251818653366,8.134829181580622,0.0,47.36544424566222
4.99,47.784162763408744,-0.407217778714302,3.3525184593596893,8.160215061447625,0.0,47.37694498469444
4.9910000000000005,47.78751462948167,-0.3990450973836055,3.351214076829644,8.185056787033636,0.0,47.388469532098064
4.992,47.79086519234376,-0.3908478470061105,3.3499120383599967,8.209352918010783,0.0,47.400017345337645
4.993,47.794214454341066,-0.38262657388148347,3.3486123479097873,8.233102050314676,0.0,47.411587880459585
4.994,47.797562417823535,-0.37438182569529,3.347315009312073,8.256302816223926,0.0,47.42318059212825
4.995,47.80090908514488,-0.3661141514826136,3.346020026273711,8.278953884437252,0.0,47.43479493366227
4.996,47.80425445866246,-0.3578241015915977,3.344727402375147,8.301053960148169,0.0,47.44643035707087
4.997,47.80759854073716,-0.34951222764691464,3.343437141070215,8.322601785117257,0.0,47.45808631309025
4.998,47.81094133373325,-0.3411790825131633,3.3421492456859414,8.343596137742017,0.0,47.46976225122008
4.999,47.814282840018244,-0.3328252202581986,3.340863719422364,8.364035833124293,0.0,47.48145761976004
5.0,47.81762306196283,-0.3244511961163941,3.3395805653523523,8.383919723135262,0.0,47.493171865846435
