ISO-10303-21;
HEADER;
FILE_DESCRIPTION (( 'STEP AP214' ),
    '1' );
FILE_NAME ('frame2.STEP',
    '2026-05-27T20:15:52',
    ( '' ),
    ( '' ),
    'SwSTEP 2.0',
    'SolidWorks 2025',
    '' );
FILE_SCHEMA (( 'AUTOMOTIVE_DESIGN' ));
ENDSEC;

DATA;
#1 = ORIENTED_EDGE ( 'NONE', *, *, #583, .T. ) ;
#2 = ORIENTED_EDGE ( 'NONE', *, *, #846, .F. ) ;
#3 = LINE ( 'NONE', #1126, #332 ) ;
#4 = AXIS2_PLACEMENT_3D ( 'NONE', #1071, #291, #342 ) ;
#5 = ORIENTED_EDGE ( 'NONE', *, *, #562, .T. ) ;
#6 = DIRECTION ( 'NONE',  ( -1.000000000000000000, -0.000000000000000000, -0.000000000000000000 ) ) ;
#7 = APPLICATION_PROTOCOL_DEFINITION ( 'draft international standard', 'automotive_design', 1998, #1396 ) ;
#8 = DIRECTION ( 'NONE',  ( 0.000000000000000000, 0.000000000000000000, -1.000000000000000000 ) ) ;
#9 = DIRECTION ( 'NONE',  ( -1.000000000000000000, 0.000000000000000000, 0.000000000000000000 ) ) ;
#10 = ORIENTED_EDGE ( 'NONE', *, *, #581, .F. ) ;
#11 = DIRECTION ( 'NONE',  ( 0.000000000000000000, 0.000000000000000000, -1.000000000000000000 ) ) ;
#12 = CARTESIAN_POINT ( 'NONE',  ( 2.500000000000000000, 50.00000000000000000, 50.00000000000000711 ) ) ;
#13 = EDGE_CURVE ( 'NONE', #872, #1082, #1403, .T. ) ;
#14 = CARTESIAN_POINT ( 'NONE',  ( 2.500000000000000000, -50.00000000000000711, 50.00000000000000000 ) ) ;
#15 = EDGE_CURVE ( 'NONE', #1209, #1313, #1289, .T. ) ;
#16 = ORIENTED_EDGE ( 'NONE', *, *, #1076, .T. ) ;
#17 = CARTESIAN_POINT ( 'NONE',  ( 0.000000000000000000, -18.14999999999998792, 135.0000000000000000 ) ) ;
#18 = VERTEX_POINT ( 'NONE', #62 ) ;
#19 = CARTESIAN_POINT ( 'NONE',  ( 0.000000000000000000, 24.58499999999999375, 15.00000000000000355 ) ) ;
#20 =( LENGTH_UNIT ( ) NAMED_UNIT ( * ) SI_UNIT ( .MILLI., .METRE. ) );
#21 = EDGE_CURVE ( 'NONE', #477, #529, #267, .T. ) ;
#22 = CARTESIAN_POINT ( 'NONE',  ( 2.500000000000000000, -34.99999999999999289, 170.0000000000000000 ) ) ;
#23 = VERTEX_POINT ( 'NONE', #1053 ) ;
#24 = PRODUCT_DEFINITION_SHAPE ( 'NONE', 'NONE',  #1384 ) ;
#25 = ORIENTED_EDGE ( 'NONE', *, *, #1152, .T. ) ;
#26 = VECTOR ( 'NONE', #471, 1000.000000000000000 ) ;
#27 = CARTESIAN_POINT ( 'NONE',  ( 2.500000000000000000, 35.00000000000001421, 170.0000000000000000 ) ) ;
#28 = DIRECTION ( 'NONE',  ( 0.000000000000000000, 1.000000000000000000, 0.000000000000000000 ) ) ;
#29 = DIRECTION ( 'NONE',  ( 0.000000000000000000, 0.000000000000000000, 1.000000000000000000 ) ) ;
#30 = CIRCLE ( 'NONE', #359, 2.000000000000001776 ) ;
#31 = ORIENTED_EDGE ( 'NONE', *, *, #115, .F. ) ;
#32 = ORIENTED_EDGE ( 'NONE', *, *, #315, .T. ) ;
#33 = DIRECTION ( 'NONE',  ( 1.000000000000000000, 0.000000000000000000, 0.000000000000000000 ) ) ;
#34 = EDGE_CURVE ( 'NONE', #939, #134, #834, .T. ) ;
#35 = DIRECTION ( 'NONE',  ( 0.000000000000000000, 0.000000000000000000, -1.000000000000000000 ) ) ;
#36 = VECTOR ( 'NONE', #1307, 1000.000000000000000 ) ;
#37 = ORIENTED_EDGE ( 'NONE', *, *, #238, .F. ) ;
#38 = ADVANCED_FACE ( 'NONE', ( #358 ), #569, .F. ) ;
#39 = ORIENTED_EDGE ( 'NONE', *, *, #159, .T. ) ;
#40 = CYLINDRICAL_SURFACE ( 'NONE', #590, 2.000000000000001776 ) ;
#41 = ADVANCED_FACE ( 'NONE', ( #580 ), #806, .F. ) ;
#42 = FACE_OUTER_BOUND ( 'NONE', #955, .T. ) ;
#43 = CIRCLE ( 'NONE', #153, 2.000000000000001776 ) ;
#44 = CYLINDRICAL_SURFACE ( 'NONE', #932, 2.000000000000001776 ) ;
#45 = ORIENTED_EDGE ( 'NONE', *, *, #1162, .F. ) ;
#46 = ORIENTED_EDGE ( 'NONE', *, *, #275, .F. ) ;
#47 = CARTESIAN_POINT ( 'NONE',  ( 2.500000000000000000, -18.14999999999998792, 133.0000000000000000 ) ) ;
#48 = FACE_BOUND ( 'NONE', #612, .T. ) ;
#49 = CARTESIAN_POINT ( 'NONE',  ( 2.500000000000000000, -7.899999999999985256, 162.0000000000000000 ) ) ;
#50 = CARTESIAN_POINT ( 'NONE',  ( 0.000000000000000000, 16.45681159420288608, 63.67658448722605868 ) ) ;
#51 = ORIENTED_EDGE ( 'NONE', *, *, #387, .T. ) ;
#52 = DIRECTION ( 'NONE',  ( 0.000000000000000000, 0.000000000000000000, -1.000000000000000000 ) ) ;
#53 = CARTESIAN_POINT ( 'NONE',  ( 2.500000000000000000, 31.39999999999965041, 38.39999999999987779 ) ) ;
#54 = EDGE_CURVE ( 'NONE', #1313, #969, #1329, .T. ) ;
#55 = EDGE_CURVE ( 'NONE', #1441, #82, #130, .T. ) ;
#56 = EDGE_CURVE ( 'NONE', #187, #1013, #741, .T. ) ;
#57 = ORIENTED_EDGE ( 'NONE', *, *, #650, .T. ) ;
#58 = DIRECTION ( 'NONE',  ( 1.000000000000000000, 0.000000000000000000, 0.000000000000000000 ) ) ;
#59 = CARTESIAN_POINT ( 'NONE',  ( 2.500000000000000000, -31.39999999999965041, 38.39999999999987779 ) ) ;
#60 = CIRCLE ( 'NONE', #1065, 2.000000000000001776 ) ;
#61 = CARTESIAN_POINT ( 'NONE',  ( 2.500000000000000000, 50.00000000000000000, 50.00000000000000711 ) ) ;
#62 = CARTESIAN_POINT ( 'NONE',  ( 0.000000000000000000, -50.00000000000000711, 50.00000000000000000 ) ) ;
#63 = CIRCLE ( 'NONE', #956, 2.000000000000001776 ) ;
#64 = VECTOR ( 'NONE', #1318, 1000.000000000000000 ) ;
#65 = EDGE_LOOP ( 'NONE', ( #921, #925, #1134, #25 ) ) ;
#66 = DIRECTION ( 'NONE',  ( -1.000000000000000000, -0.000000000000000000, -0.000000000000000000 ) ) ;
#67 = FACE_OUTER_BOUND ( 'NONE', #927, .T. ) ;
#68 = AXIS2_PLACEMENT_3D ( 'NONE', #625, #33, #1379 ) ;
#69 = LINE ( 'NONE', #1395, #730 ) ;
#70 = ORIENTED_EDGE ( 'NONE', *, *, #13, .T. ) ;
#71 = CARTESIAN_POINT ( 'NONE',  ( 0.000000000000000000, -18.14999999999998792, 133.0000000000000000 ) ) ;
#72 = CARTESIAN_POINT ( 'NONE',  ( 0.000000000000000000, -24.58500000000000441, 15.00000000000000355 ) ) ;
#73 = LINE ( 'NONE', #320, #374 ) ;
#74 = SURFACE_SIDE_STYLE ('',( #960 ) ) ;
#75 = ORIENTED_EDGE ( 'NONE', *, *, #56, .T. ) ;
#76 = EDGE_CURVE ( 'NONE', #377, #461, #512, .T. ) ;
#77 = DIRECTION ( 'NONE',  ( -1.000000000000000000, -0.000000000000000000, -0.000000000000000000 ) ) ;
#78 = CARTESIAN_POINT ( 'NONE',  ( 2.500000000000000000, 25.00000000000001421, 91.85000000000000853 ) ) ;
#79 = EDGE_CURVE ( 'NONE', #241, #1082, #1262, .T. ) ;
#80 = CARTESIAN_POINT ( 'NONE',  ( 2.500000000000000000, 50.00000000000000000, 0.000000000000000000 ) ) ;
#81 = PLANE ( 'NONE',  #1143 ) ;
#82 = VERTEX_POINT ( 'NONE', #305 ) ;
#83 = CIRCLE ( 'NONE', #446, 2.000000000000001776 ) ;
#84 = ORIENTED_EDGE ( 'NONE', *, *, #581, .T. ) ;
#85 = DIRECTION ( 'NONE',  ( -0.000000000000000000, -0.000000000000000000, 1.000000000000000000 ) ) ;
#86 = LINE ( 'NONE', #1206, #486 ) ;
#87 = CARTESIAN_POINT ( 'NONE',  ( 0.000000000000000000, -12.70318840579711051, 65.67658448722606579 ) ) ;
#88 = DIRECTION ( 'NONE',  ( 0.000000000000000000, 0.000000000000000000, -1.000000000000000000 ) ) ;
#89 = CIRCLE ( 'NONE', #476, 2.000000000000001776 ) ;
#90 = ORIENTED_EDGE ( 'NONE', *, *, #298, .F. ) ;
#91 = ORIENTED_EDGE ( 'NONE', *, *, #140, .T. ) ;
#92 = EDGE_CURVE ( 'NONE', #1440, #808, #888, .T. ) ;
#93 = DIRECTION ( 'NONE',  ( 0.000000000000000000, 1.734723475976807094E-16, 1.000000000000000000 ) ) ;
#94 = DIRECTION ( 'NONE',  ( 0.000000000000000000, -1.000000000000000000, -1.239088197126328929E-15 ) ) ;
#95 = CARTESIAN_POINT ( 'NONE',  ( 0.000000000000000000, -7.899999999999985256, 160.0000000000000000 ) ) ;
#96 = CARTESIAN_POINT ( 'NONE',  ( 2.500000000000000000, -24.99999999999999289, 90.00000000000001421 ) ) ;
#97 = ADVANCED_FACE ( 'NONE', ( #557 ), #762, .F. ) ;
#98 = EDGE_LOOP ( 'NONE', ( #1276, #1154, #84, #1392 ) ) ;
#99 = ORIENTED_EDGE ( 'NONE', *, *, #725, .T. ) ;
#100 = CARTESIAN_POINT ( 'NONE',  ( 2.500000000000000000, 25.00000000000001421, 91.85000000000000853 ) ) ;
#101 = LINE ( 'NONE', #861, #36 ) ;
#102 = CARTESIAN_POINT ( 'NONE',  ( 0.000000000000000000, 18.15000000000000924, 135.0000000000000000 ) ) ;
#103 = CARTESIAN_POINT ( 'NONE',  ( 2.500000000000000000, -34.99999999999999289, 170.0000000000000000 ) ) ;
#104 = VERTEX_POINT ( 'NONE', #1449 ) ;
#105 = ORIENTED_EDGE ( 'NONE', *, *, #836, .F. ) ;
#106 = VECTOR ( 'NONE', #914, 1000.000000000000000 ) ;
#107 = AXIS2_PLACEMENT_3D ( 'NONE', #124, #481, #366 ) ;
#108 = DIRECTION ( 'NONE',  ( 0.000000000000000000, 0.000000000000000000, 1.000000000000000000 ) ) ;
#109 = AXIS2_PLACEMENT_3D ( 'NONE', #1057, #937, #1273 ) ;
#110 = DIRECTION ( 'NONE',  ( -1.000000000000000000, -0.000000000000000000, -0.000000000000000000 ) ) ;
#111 = CARTESIAN_POINT ( 'NONE',  ( 2.500000000000000000, -14.99999999999998757, 88.15000000000001990 ) ) ;
#112 = ORIENTED_EDGE ( 'NONE', *, *, #535, .T. ) ;
#113 = DIRECTION ( 'NONE',  ( 1.000000000000000000, 0.000000000000000000, 0.000000000000000000 ) ) ;
#114 = PLANE ( 'NONE',  #555 ) ;
#115 = EDGE_CURVE ( 'NONE', #1372, #289, #432, .T. ) ;
#116 = CARTESIAN_POINT ( 'NONE',  ( 0.000000000000000000, 0.000000000000000000, 0.000000000000000000 ) ) ;
#117 = CARTESIAN_POINT ( 'NONE',  ( 0.000000000000000000, 28.59999999999973852, 25.59999999999995524 ) ) ;
#118 = ORIENTED_EDGE ( 'NONE', *, *, #488, .T. ) ;
#119 = CARTESIAN_POINT ( 'NONE',  ( 0.000000000000000000, 35.00000000000001421, 170.0000000000000000 ) ) ;
#120 = ORIENTED_EDGE ( 'NONE', *, *, #721, .T. ) ;
#121 = EDGE_CURVE ( 'NONE', #1156, #1338, #1242, .T. ) ;
#122 = LINE ( 'NONE', #1037, #723 ) ;
#123 = CARTESIAN_POINT ( 'NONE',  ( 0.000000000000000000, 0.000000000000000000, 0.000000000000000000 ) ) ;
#124 = CARTESIAN_POINT ( 'NONE',  ( 0.000000000000000000, -24.58500000000000441, 13.00000000000000000 ) ) ;
#125 = CARTESIAN_POINT ( 'NONE',  ( 0.000000000000000000, 25.00000000000000711, 90.00000000000001421 ) ) ;
#126 = ORIENTED_EDGE ( 'NONE', *, *, #588, .F. ) ;
#127 = ORIENTED_EDGE ( 'NONE', *, *, #1344, .T. ) ;
#128 = CARTESIAN_POINT ( 'NONE',  ( 2.500000000000000000, -28.59999999999973852, 38.39999999999987068 ) ) ;
#129 = VECTOR ( 'NONE', #1231, 1000.000000000000000 ) ;
#130 = LINE ( 'NONE', #116, #371 ) ;
#131 = AXIS2_PLACEMENT_3D ( 'NONE', #1172, #184, #500 ) ;
#132 = DIRECTION ( 'NONE',  ( 0.000000000000000000, -0.000000000000000000, 1.000000000000000000 ) ) ;
#133 = ORIENTED_EDGE ( 'NONE', *, *, #666, .T. ) ;
#134 = VERTEX_POINT ( 'NONE', #542 ) ;
#135 = AXIS2_PLACEMENT_3D ( 'NONE', #1062, #58, #719 ) ;
#136 = AXIS2_PLACEMENT_3D ( 'NONE', #195, #438, #93 ) ;
#137 = DIRECTION ( 'NONE',  ( -1.000000000000000000, -0.000000000000000000, -0.000000000000000000 ) ) ;
#138 = APPLICATION_PROTOCOL_DEFINITION ( 'draft international standard', 'automotive_design', 1998, #1020 ) ;
#139 = LINE ( 'NONE', #22, #493 ) ;
#140 = EDGE_CURVE ( 'NONE', #1169, #1194, #1426, .T. ) ;
#141 = EDGE_LOOP ( 'NONE', ( #37, #706, #70, #237 ) ) ;
#142 = EDGE_CURVE ( 'NONE', #356, #1144, #1461, .T. ) ;
#143 = ORIENTED_EDGE ( 'NONE', *, *, #1056, .T. ) ;
#144 = CARTESIAN_POINT ( 'NONE',  ( 2.500000000000000000, -50.00000000000000000, 0.000000000000000000 ) ) ;
#145 = CARTESIAN_POINT ( 'NONE',  ( 2.500000000000000000, 15.00000000000001421, 91.85000000000000853 ) ) ;
#146 = AXIS2_PLACEMENT_3D ( 'NONE', #994, #664, #183 ) ;
#147 = PLANE ( 'NONE',  #442 ) ;
#148 = VERTEX_POINT ( 'NONE', #1223 ) ;
#149 = ORIENTED_EDGE ( 'NONE', *, *, #774, .T. ) ;
#150 = CARTESIAN_POINT ( 'NONE',  ( 0.000000000000000000, 24.58499999999999375, 15.00000000000000355 ) ) ;
#151 = DIRECTION ( 'NONE',  ( 0.000000000000000000, 0.000000000000000000, -1.000000000000000000 ) ) ;
#152 = CIRCLE ( 'NONE', #1003, 2.000000000000003553 ) ;
#153 = AXIS2_PLACEMENT_3D ( 'NONE', #931, #596, #29 ) ;
#154 = CARTESIAN_POINT ( 'NONE',  ( 0.000000000000000000, 16.45681159420288608, 67.67658448722606579 ) ) ;
#155 = EDGE_LOOP ( 'NONE', ( #732, #853, #961, #167 ) ) ;
#156 = VERTEX_POINT ( 'NONE', #1188 ) ;
#157 = EDGE_CURVE ( 'NONE', #82, #1144, #1435, .T. ) ;
#158 = DIRECTION ( 'NONE',  ( -1.000000000000000000, 0.000000000000000000, 0.000000000000000000 ) ) ;
#159 = EDGE_CURVE ( 'NONE', #623, #752, #600, .T. ) ;
#160 = CIRCLE ( 'NONE', #68, 2.000000000000001776 ) ;
#161 = EDGE_CURVE ( 'NONE', #1059, #638, #423, .T. ) ;
#162 = CARTESIAN_POINT ( 'NONE',  ( 2.500000000000000000, 7.900000000000018119, 160.0000000000000000 ) ) ;
#163 =( LENGTH_UNIT ( ) NAMED_UNIT ( * ) SI_UNIT ( .MILLI., .METRE. ) );
#164 = CARTESIAN_POINT ( 'NONE',  ( 0.000000000000000000, 25.00000000000001421, 91.85000000000000853 ) ) ;
#165 = AXIS2_PLACEMENT_3D ( 'NONE', #636, #1173, #417 ) ;
#166 = ORIENTED_EDGE ( 'NONE', *, *, #34, .F. ) ;
#167 = ORIENTED_EDGE ( 'NONE', *, *, #943, .T. ) ;
#168 = FACE_BOUND ( 'NONE', #263, .T. ) ;
#169 = ADVANCED_FACE ( 'NONE', ( #551 ), #1092, .F. ) ;
#170 = FACE_BOUND ( 'NONE', #760, .T. ) ;
#171 = LINE ( 'NONE', #1301, #403 ) ;
#172 = ORIENTED_EDGE ( 'NONE', *, *, #606, .F. ) ;
#173 = FACE_BOUND ( 'NONE', #333, .T. ) ;
#174 = CARTESIAN_POINT ( 'NONE',  ( 2.500000000000000000, 50.00000000000000000, 0.000000000000000000 ) ) ;
#175 = STYLED_ITEM ( 'NONE', ( #968 ), #805 ) ;
#176 = VECTOR ( 'NONE', #390, 1000.000000000000000 ) ;
#177 = CARTESIAN_POINT ( 'NONE',  ( 2.500000000000000000, -18.14999999999998792, 137.0000000000000000 ) ) ;
#178 = VECTOR ( 'NONE', #552, 1000.000000000000000 ) ;
#179 = CIRCLE ( 'NONE', #629, 1.850000000000004530 ) ;
#180 = ORIENTED_EDGE ( 'NONE', *, *, #1140, .F. ) ;
#181 = EDGE_LOOP ( 'NONE', ( #816, #430, #755, #1319 ) ) ;
#182 = DIRECTION ( 'NONE',  ( 0.000000000000000000, 1.387778780781445676E-16, -1.000000000000000000 ) ) ;
#183 = DIRECTION ( 'NONE',  ( 0.000000000000000000, 0.000000000000000000, -1.000000000000000000 ) ) ;
#184 = DIRECTION ( 'NONE',  ( -1.000000000000000000, -0.000000000000000000, -0.000000000000000000 ) ) ;
#185 = VECTOR ( 'NONE', #328, 1000.000000000000000 ) ;
#186 = SURFACE_STYLE_USAGE ( .BOTH. , #74 ) ;
#187 = VERTEX_POINT ( 'NONE', #72 ) ;
#188 = ORIENTED_EDGE ( 'NONE', *, *, #1390, .T. ) ;
#189 = LINE ( 'NONE', #1077, #1011 ) ;
#190 = DIRECTION ( 'NONE',  ( 0.000000000000000000, 0.000000000000000000, -1.000000000000000000 ) ) ;
#191 = DIRECTION ( 'NONE',  ( 0.000000000000000000, 0.000000000000000000, 1.000000000000000000 ) ) ;
#192 = CARTESIAN_POINT ( 'NONE',  ( 2.500000000000000000, -7.899999999999985256, 164.0000000000000000 ) ) ;
#193 = VERTEX_POINT ( 'NONE', #1299 ) ;
#194 = VECTOR ( 'NONE', #1196, 1000.000000000000000 ) ;
#195 = CARTESIAN_POINT ( 'NONE',  ( 2.500000000000000000, -34.99999999999999289, 170.0000000000000000 ) ) ;
#196 = DIRECTION ( 'NONE',  ( 1.000000000000000000, 0.000000000000000000, 0.000000000000000000 ) ) ;
#197 = CARTESIAN_POINT ( 'NONE',  ( 2.500000000000000000, 15.00000000000000888, 90.00000000000001421 ) ) ;
#198 = CARTESIAN_POINT ( 'NONE',  ( 2.500000000000000000, -24.99999999999998579, 91.85000000000000853 ) ) ;
#199 = ORIENTED_EDGE ( 'NONE', *, *, #692, .F. ) ;
#200 = ORIENTED_EDGE ( 'NONE', *, *, #1015, .T. ) ;
#201 = AXIS2_PLACEMENT_3D ( 'NONE', #125, #1243, #582 ) ;
#202 = CARTESIAN_POINT ( 'NONE',  ( 2.500000000000000000, -14.99999999999998757, 88.15000000000001990 ) ) ;
#203 = EDGE_LOOP ( 'NONE', ( #497, #369, #1087, #838 ) ) ;
#204 = ADVANCED_FACE ( 'NONE', ( #526 ), #310, .F. ) ;
#205 = EDGE_CURVE ( 'NONE', #1082, #241, #343, .T. ) ;
#206 = DIRECTION ( 'NONE',  ( -1.000000000000000000, -0.000000000000000000, -0.000000000000000000 ) ) ;
#207 = CARTESIAN_POINT ( 'NONE',  ( 0.000000000000000000, 0.000000000000000000, 0.000000000000000000 ) ) ;
#208 = EDGE_CURVE ( 'NONE', #638, #1372, #885, .T. ) ;
#209 = DIRECTION ( 'NONE',  ( -1.000000000000000000, 0.000000000000000000, 0.000000000000000000 ) ) ;
#210 = AXIS2_PLACEMENT_3D ( 'NONE', #594, #450, #1230 ) ;
#211 = ORIENTED_EDGE ( 'NONE', *, *, #721, .F. ) ;
#212 = VERTEX_POINT ( 'NONE', #971 ) ;
#213 = DIRECTION ( 'NONE',  ( 1.000000000000000000, 0.000000000000000000, 0.000000000000000000 ) ) ;
#214 = CARTESIAN_POINT ( 'NONE',  ( 0.000000000000000000, -12.70318840579711051, 65.67658448722606579 ) ) ;
#215 = VECTOR ( 'NONE', #736, 1000.000000000000000 ) ;
#216 = PLANE ( 'NONE',  #1358 ) ;
#217 = CARTESIAN_POINT ( 'NONE',  ( 2.500000000000000000, -12.70318840579711051, 63.67658448722605868 ) ) ;
#218 = EDGE_LOOP ( 'NONE', ( #759, #227 ) ) ;
#219 = ORIENTED_EDGE ( 'NONE', *, *, #1234, .F. ) ;
#220 = LINE ( 'NONE', #1120, #559 ) ;
#221 = EDGE_CURVE ( 'NONE', #1068, #1088, #101, .T. ) ;
#222 = CARTESIAN_POINT ( 'NONE',  ( 2.500000000000000000, -12.70318840579711051, 67.67658448722606579 ) ) ;
#223 = PLANE ( 'NONE',  #652 ) ;
#224 = DIRECTION ( 'NONE',  ( -1.000000000000000000, -0.000000000000000000, -0.000000000000000000 ) ) ;
#225 = DIRECTION ( 'NONE',  ( 0.000000000000000000, 0.000000000000000000, -1.000000000000000000 ) ) ;
#226 = EDGE_LOOP ( 'NONE', ( #1219, #429, #934, #883 ) ) ;
#227 = ORIENTED_EDGE ( 'NONE', *, *, #79, .F. ) ;
#228 = LINE ( 'NONE', #1339, #1193 ) ;
#229 = EDGE_LOOP ( 'NONE', ( #1378, #503, #31, #1113 ) ) ;
#230 = VECTOR ( 'NONE', #1369, 1000.000000000000000 ) ;
#231 = CARTESIAN_POINT ( 'NONE',  ( 2.500000000000000000, 18.15000000000000924, 133.0000000000000000 ) ) ;
#232 = DIRECTION ( 'NONE',  ( -1.000000000000000000, 0.000000000000000000, -0.000000000000000000 ) ) ;
#233 = PLANE ( 'NONE',  #515 ) ;
#234 = ADVANCED_FACE ( 'NONE', ( #1084 ), #303, .F. ) ;
#235 = VERTEX_POINT ( 'NONE', #756 ) ;
#236 = CARTESIAN_POINT ( 'NONE',  ( 0.000000000000000000, -24.58500000000000441, 15.00000000000000355 ) ) ;
#237 = ORIENTED_EDGE ( 'NONE', *, *, #205, .T. ) ;
#238 = EDGE_CURVE ( 'NONE', #777, #241, #86, .T. ) ;
#239 = CARTESIAN_POINT ( 'NONE',  ( 2.500000000000000000, 28.59999999999973852, 38.39999999999987779 ) ) ;
#240 = DIRECTION ( 'NONE',  ( 1.000000000000000000, -0.000000000000000000, -0.000000000000000000 ) ) ;
#241 = VERTEX_POINT ( 'NONE', #876 ) ;
#242 = DIRECTION ( 'NONE',  ( 0.000000000000000000, -1.000000000000000000, 0.000000000000000000 ) ) ;
#243 = EDGE_LOOP ( 'NONE', ( #818, #1228, #597, #457 ) ) ;
#244 = PRODUCT ( 'frame2', 'frame2', '', ( #929 ) ) ;
#245 = DIRECTION ( 'NONE',  ( -0.000000000000000000, 2.478176394252657858E-15, 1.000000000000000000 ) ) ;
#246 = CARTESIAN_POINT ( 'NONE',  ( 2.500000000000000000, 28.59999999999973852, 25.59999999999995524 ) ) ;
#247 = DIRECTION ( 'NONE',  ( -1.000000000000000000, 0.000000000000000000, -0.000000000000000000 ) ) ;
#248 = EDGE_LOOP ( 'NONE', ( #655, #509, #1006, #698 ) ) ;
#249 = ORIENTED_EDGE ( 'NONE', *, *, #532, .F. ) ;
#250 = VECTOR ( 'NONE', #1045, 1000.000000000000000 ) ;
#251 = CARTESIAN_POINT ( 'NONE',  ( 0.000000000000000000, 25.00000000000001421, 88.15000000000001990 ) ) ;
#252 = CIRCLE ( 'NONE', #536, 2.000000000000001776 ) ;
#253 = ADVANCED_FACE ( 'NONE', ( #1323 ), #357, .F. ) ;
#254 = AXIS2_PLACEMENT_3D ( 'NONE', #688, #35, #695 ) ;
#255 = FACE_OUTER_BOUND ( 'NONE', #829, .T. ) ;
#256 = ADVANCED_FACE ( 'NONE', ( #1367 ), #1253, .F. ) ;
#257 = EDGE_LOOP ( 'NONE', ( #455, #143, #336, #1009 ) ) ;
#258 = ORIENTED_EDGE ( 'NONE', *, *, #640, .F. ) ;
#259 = VECTOR ( 'NONE', #647, 1000.000000000000000 ) ;
#260 = CARTESIAN_POINT ( 'NONE',  ( 0.000000000000000000, 15.00000000000001421, 91.85000000000000853 ) ) ;
#261 = CARTESIAN_POINT ( 'NONE',  ( 2.500000000000000000, 16.45681159420288608, 63.67658448722605868 ) ) ;
#262 = ORIENTED_EDGE ( 'NONE', *, *, #1311, .F. ) ;
#263 = EDGE_LOOP ( 'NONE', ( #32, #879, #1415, #875 ) ) ;
#264 = FACE_OUTER_BOUND ( 'NONE', #341, .T. ) ;
#265 = PLANE ( 'NONE',  #957 ) ;
#266 = LINE ( 'NONE', #297, #282 ) ;
#267 = LINE ( 'NONE', #164, #626 ) ;
#268 = ADVANCED_FACE ( 'NONE', ( #364 ), #1342, .F. ) ;
#269 = ORIENTED_EDGE ( 'NONE', *, *, #945, .T. ) ;
#270 = ORIENTED_EDGE ( 'NONE', *, *, #835, .T. ) ;
#271 = ADVANCED_FACE ( 'NONE', ( #804 ), #114, .F. ) ;
#272 = FACE_OUTER_BOUND ( 'NONE', #965, .T. ) ;
#273 = CARTESIAN_POINT ( 'NONE',  ( 0.000000000000000000, -34.99999999999999289, 170.0000000000000000 ) ) ;
#274 = PLANE ( 'NONE',  #1261 ) ;
#275 = EDGE_CURVE ( 'NONE', #104, #284, #587, .T. ) ;
#276 = ORIENTED_EDGE ( 'NONE', *, *, #846, .T. ) ;
#277 = ORIENTED_EDGE ( 'NONE', *, *, #55, .T. ) ;
#278 = LINE ( 'NONE', #707, #1220 ) ;
#279 = VECTOR ( 'NONE', #923, 1000.000000000000000 ) ;
#280 = FACE_BOUND ( 'NONE', #314, .T. ) ;
#281 = DIRECTION ( 'NONE',  ( 1.000000000000000000, 0.000000000000000000, 0.000000000000000000 ) ) ;
#282 = VECTOR ( 'NONE', #630, 1000.000000000000000 ) ;
#283 = EDGE_LOOP ( 'NONE', ( #313, #675, #1023, #391 ) ) ;
#284 = VERTEX_POINT ( 'NONE', #239 ) ;
#285 = FACE_BOUND ( 'NONE', #334, .T. ) ;
#286 = LINE ( 'NONE', #635, #375 ) ;
#287 = DIRECTION ( 'NONE',  ( 0.000000000000000000, 0.000000000000000000, -1.000000000000000000 ) ) ;
#288 = VECTOR ( 'NONE', #1135, 1000.000000000000000 ) ;
#289 = VERTEX_POINT ( 'NONE', #702 ) ;
#290 = VERTEX_POINT ( 'NONE', #222 ) ;
#291 = DIRECTION ( 'NONE',  ( -0.000000000000000000, 1.000000000000000000, 0.000000000000000000 ) ) ;
#292 = DIRECTION ( 'NONE',  ( -0.000000000000000000, 0.000000000000000000, 1.000000000000000000 ) ) ;
#293 = DIRECTION ( 'NONE',  ( -1.000000000000000000, -0.000000000000000000, -0.000000000000000000 ) ) ;
#294 = EDGE_CURVE ( 'NONE', #593, #325, #926, .T. ) ;
#295 = AXIS2_PLACEMENT_3D ( 'NONE', #495, #456, #113 ) ;
#296 = CLOSED_SHELL ( 'NONE', ( #97, #234, #1137, #1090, #256, #884, #711, #1361, #799, #622, #1094, #475, #738, #1341, #1050, #1018, #459, #1309, #646, #271, #1252, #360, #1205, #1425, #41, #1142, #435, #727, #38, #991, #1400, #204, #1363, #1103, #427, #401, #822, #1200, #169, #268, #972, #253 ) ) ;
#297 = CARTESIAN_POINT ( 'NONE',  ( 2.500000000000000000, 15.00000000000000888, 88.15000000000000568 ) ) ;
#298 = EDGE_CURVE ( 'NONE', #212, #953, #574, .T. ) ;
#299 = CIRCLE ( 'NONE', #1118, 2.000000000000003553 ) ;
#300 = VERTEX_POINT ( 'NONE', #27 ) ;
#301 = VERTEX_POINT ( 'NONE', #1350 ) ;
#302 = CARTESIAN_POINT ( 'NONE',  ( 0.000000000000000000, 35.00000000000001421, 50.00000000000000711 ) ) ;
#303 = CYLINDRICAL_SURFACE ( 'NONE', #735, 2.000000000000003553 ) ;
#304 = CYLINDRICAL_SURFACE ( 'NONE', #764, 1.850000000000004530 ) ;
#305 = CARTESIAN_POINT ( 'NONE',  ( 0.000000000000000000, 50.00000000000000000, 0.000000000000000000 ) ) ;
#306 = DIRECTION ( 'NONE',  ( -0.000000000000000000, -0.000000000000000000, -1.000000000000000000 ) ) ;
#307 = VERTEX_POINT ( 'NONE', #1239 ) ;
#308 = EDGE_LOOP ( 'NONE', ( #1150, #637, #1414, #120 ) ) ;
#309 = DIRECTION ( 'NONE',  ( 0.000000000000000000, 0.000000000000000000, -1.000000000000000000 ) ) ;
#310 = PLANE ( 'NONE',  #783 ) ;
#311 = PLANE ( 'NONE',  #1430 ) ;
#312 = CARTESIAN_POINT ( 'NONE',  ( 2.500000000000000000, 15.00000000000001421, 91.85000000000000853 ) ) ;
#313 = ORIENTED_EDGE ( 'NONE', *, *, #15, .F. ) ;
#314 = EDGE_LOOP ( 'NONE', ( #51, #1453 ) ) ;
#315 = EDGE_CURVE ( 'NONE', #284, #712, #122, .T. ) ;
#316 = DIRECTION ( 'NONE',  ( 0.000000000000000000, 0.000000000000000000, 1.000000000000000000 ) ) ;
#317 = EDGE_LOOP ( 'NONE', ( #469, #1112, #200, #276 ) ) ;
#318 = EDGE_CURVE ( 'NONE', #104, #1088, #337, .T. ) ;
#319 = DIRECTION ( 'NONE',  ( 0.000000000000000000, 0.000000000000000000, -1.000000000000000000 ) ) ;
#320 = CARTESIAN_POINT ( 'NONE',  ( 0.000000000000000000, 50.00000000000000000, 50.00000000000000711 ) ) ;
#321 = VECTOR ( 'NONE', #1107, 1000.000000000000000 ) ;
#322 = LINE ( 'NONE', #765, #793 ) ;
#323 = AXIS2_PLACEMENT_3D ( 'NONE', #351, #687, #679 ) ;
#324 = ORIENTED_EDGE ( 'NONE', *, *, #298, .T. ) ;
#325 = VERTEX_POINT ( 'NONE', #1016 ) ;
#326 = AXIS2_PLACEMENT_3D ( 'NONE', #1375, #680, #919 ) ;
#327 = EDGE_CURVE ( 'NONE', #397, #866, #480, .T. ) ;
#328 = DIRECTION ( 'NONE',  ( -1.000000000000000000, -0.000000000000000000, -0.000000000000000000 ) ) ;
#329 = DIRECTION ( 'NONE',  ( 0.000000000000000000, 0.000000000000000000, 1.000000000000000000 ) ) ;
#330 = LINE ( 'NONE', #862, #1241 ) ;
#331 = DIRECTION ( 'NONE',  ( 0.000000000000000000, 0.000000000000000000, 1.000000000000000000 ) ) ;
#332 = VECTOR ( 'NONE', #784, 1000.000000000000000 ) ;
#333 = EDGE_LOOP ( 'NONE', ( #837, #1377 ) ) ;
#334 = EDGE_LOOP ( 'NONE', ( #1125, #439 ) ) ;
#335 = CARTESIAN_POINT ( 'NONE',  ( 2.500000000000000000, -24.99999999999999289, 88.15000000000000568 ) ) ;
#336 = ORIENTED_EDGE ( 'NONE', *, *, #794, .T. ) ;
#337 = LINE ( 'NONE', #1024, #845 ) ;
#338 = DIRECTION ( 'NONE',  ( 1.000000000000000000, 0.000000000000000000, 0.000000000000000000 ) ) ;
#339 = PLANE ( 'NONE',  #701 ) ;
#340 = EDGE_LOOP ( 'NONE', ( #768, #585, #484, #1431, #700, #704, #199, #873 ) ) ;
#341 = EDGE_LOOP ( 'NONE', ( #880, #1315, #710, #479 ) ) ;
#342 = DIRECTION ( 'NONE',  ( 0.000000000000000000, -0.000000000000000000, 1.000000000000000000 ) ) ;
#343 = CIRCLE ( 'NONE', #146, 2.000000000000001776 ) ;
#344 = DIRECTION ( 'NONE',  ( 0.000000000000000000, 0.000000000000000000, -1.000000000000000000 ) ) ;
#345 = DIRECTION ( 'NONE',  ( 1.000000000000000000, -0.000000000000000000, -0.000000000000000000 ) ) ;
#346 = EDGE_CURVE ( 'NONE', #1169, #638, #916, .T. ) ;
#347 = VERTEX_POINT ( 'NONE', #251 ) ;
#348 = CARTESIAN_POINT ( 'NONE',  ( 2.500000000000000000, 35.00000000000001421, 170.0000000000000000 ) ) ;
#349 = ORIENTED_EDGE ( 'NONE', *, *, #1439, .T. ) ;
#350 = DIRECTION ( 'NONE',  ( 0.000000000000000000, -1.000000000000000000, 2.478176394252657858E-15 ) ) ;
#351 = CARTESIAN_POINT ( 'NONE',  ( 2.500000000000000000, -24.99999999999999289, 90.00000000000001421 ) ) ;
#352 = CARTESIAN_POINT ( 'NONE',  ( 2.500000000000000000, 15.00000000000001421, 88.15000000000001990 ) ) ;
#353 = CIRCLE ( 'NONE', #543, 2.000000000000001776 ) ;
#354 = EDGE_LOOP ( 'NONE', ( #1249, #1365, #541, #1346 ) ) ;
#355 = CARTESIAN_POINT ( 'NONE',  ( 2.500000000000000000, 31.39999999999965041, 38.39999999999987779 ) ) ;
#356 = VERTEX_POINT ( 'NONE', #12 ) ;
#357 = CYLINDRICAL_SURFACE ( 'NONE', #1155, 2.000000000000003553 ) ;
#358 = FACE_OUTER_BOUND ( 'NONE', #308, .T. ) ;
#359 = AXIS2_PLACEMENT_3D ( 'NONE', #1104, #209, #331 ) ;
#360 = ADVANCED_FACE ( 'NONE', ( #779 ), #1146, .F. ) ;
#361 = DIRECTION ( 'NONE',  ( 0.000000000000000000, 0.000000000000000000, -1.000000000000000000 ) ) ;
#362 = EDGE_LOOP ( 'NONE', ( #39, #16 ) ) ;
#363 = VERTEX_POINT ( 'NONE', #231 ) ;
#364 = FACE_OUTER_BOUND ( 'NONE', #141, .T. ) ;
#365 = EDGE_CURVE ( 'NONE', #134, #724, #1411, .T. ) ;
#366 = DIRECTION ( 'NONE',  ( 0.000000000000000000, 0.000000000000000000, -1.000000000000000000 ) ) ;
#367 = CYLINDRICAL_SURFACE ( 'NONE', #1460, 2.000000000000001776 ) ;
#368 = ORIENTED_EDGE ( 'NONE', *, *, #488, .F. ) ;
#369 = ORIENTED_EDGE ( 'NONE', *, *, #346, .F. ) ;
#370 = AXIS2_PLACEMENT_3D ( 'NONE', #1008, #1022, #108 ) ;
#371 = VECTOR ( 'NONE', #28, 1000.000000000000000 ) ;
#372 = PLANE ( 'NONE',  #1340 ) ;
#373 = DIRECTION ( 'NONE',  ( 0.000000000000000000, 0.000000000000000000, -1.000000000000000000 ) ) ;
#374 = VECTOR ( 'NONE', #772, 1000.000000000000000 ) ;
#375 = VECTOR ( 'NONE', #293, 1000.000000000000000 ) ;
#376 = FACE_OUTER_BOUND ( 'NONE', #554, .T. ) ;
#377 = VERTEX_POINT ( 'NONE', #678 ) ;
#378 = VERTEX_POINT ( 'NONE', #1116 ) ;
#379 = VECTOR ( 'NONE', #1275, 1000.000000000000000 ) ;
#380 = DIRECTION ( 'NONE',  ( 0.000000000000000000, 0.000000000000000000, -1.000000000000000000 ) ) ;
#381 = DIRECTION ( 'NONE',  ( 1.000000000000000000, 0.000000000000000000, 0.000000000000000000 ) ) ;
#382 = DIRECTION ( 'NONE',  ( 0.000000000000000000, 0.000000000000000000, -1.000000000000000000 ) ) ;
#383 = EDGE_CURVE ( 'NONE', #284, #307, #567, .T. ) ;
#384 = ORIENTED_EDGE ( 'NONE', *, *, #425, .T. ) ;
#385 = CARTESIAN_POINT ( 'NONE',  ( 0.000000000000000000, 18.15000000000000924, 135.0000000000000000 ) ) ;
#386 = LINE ( 'NONE', #513, #1070 ) ;
#387 = EDGE_CURVE ( 'NONE', #645, #1440, #353, .T. ) ;
#388 = ADVANCED_BREP_SHAPE_REPRESENTATION ( 'frame2', ( #805, #1185 ), #1282 ) ;
#389 = CARTESIAN_POINT ( 'NONE',  ( 2.500000000000000000, 35.00000000000001421, 170.0000000000000000 ) ) ;
#390 = DIRECTION ( 'NONE',  ( 1.000000000000000000, -0.000000000000000000, -0.000000000000000000 ) ) ;
#391 = ORIENTED_EDGE ( 'NONE', *, *, #54, .F. ) ;
#392 = ORIENTED_EDGE ( 'NONE', *, *, #121, .T. ) ;
#393 = FACE_OUTER_BOUND ( 'NONE', #98, .T. ) ;
#394 = CARTESIAN_POINT ( 'NONE',  ( 2.500000000000000000, 31.39999999999965041, 38.39999999999987779 ) ) ;
#395 = CIRCLE ( 'NONE', #1005, 1.850000000000004530 ) ;
#396 = DIRECTION ( 'NONE',  ( -1.000000000000000000, -0.000000000000000000, -0.000000000000000000 ) ) ;
#397 = VERTEX_POINT ( 'NONE', #150 ) ;
#398 = CARTESIAN_POINT ( 'NONE',  ( 2.500000000000000000, -14.99999999999999289, 90.00000000000001421 ) ) ;
#399 = CIRCLE ( 'NONE', #1098, 1.850000000000004530 ) ;
#400 = CARTESIAN_POINT ( 'NONE',  ( 0.000000000000000000, -34.99999999999999289, 170.0000000000000000 ) ) ;
#401 = ADVANCED_FACE ( 'NONE', ( #393 ), #1409, .F. ) ;
#402 = CARTESIAN_POINT ( 'NONE',  ( 2.500000000000000000, 18.15000000000000924, 135.0000000000000000 ) ) ;
#403 = VECTOR ( 'NONE', #621, 1000.000000000000000 ) ;
#404 = ORIENTED_EDGE ( 'NONE', *, *, #1277, .T. ) ;
#405 = EDGE_CURVE ( 'NONE', #461, #377, #1287, .T. ) ;
#406 = CARTESIAN_POINT ( 'NONE',  ( 2.500000000000000000, -7.899999999999985256, 164.0000000000000000 ) ) ;
#407 = EDGE_CURVE ( 'NONE', #235, #683, #399, .T. ) ;
#408 = FACE_BOUND ( 'NONE', #1145, .T. ) ;
#409 = VERTEX_POINT ( 'NONE', #928 ) ;
#410 = AXIS2_PLACEMENT_3D ( 'NONE', #214, #414, #190 ) ;
#411 = ORIENTED_EDGE ( 'NONE', *, *, #13, .F. ) ;
#412 = VERTEX_POINT ( 'NONE', #47 ) ;
#413 = LINE ( 'NONE', #1187, #1412 ) ;
#414 = DIRECTION ( 'NONE',  ( 1.000000000000000000, -0.000000000000000000, -0.000000000000000000 ) ) ;
#415 = FACE_OUTER_BOUND ( 'NONE', #248, .T. ) ;
#416 = VECTOR ( 'NONE', #608, 1000.000000000000000 ) ;
#417 = DIRECTION ( 'NONE',  ( 0.000000000000000000, 0.000000000000000000, 1.000000000000000000 ) ) ;
#418 = VECTOR ( 'NONE', #634, 1000.000000000000000 ) ;
#419 = VECTOR ( 'NONE', #434, 1000.000000000000000 ) ;
#420 = ORIENTED_EDGE ( 'NONE', *, *, #588, .T. ) ;
#421 = EDGE_LOOP ( 'NONE', ( #657, #539 ) ) ;
#422 = LINE ( 'NONE', #983, #964 ) ;
#423 = LINE ( 'NONE', #440, #1232 ) ;
#424 = CARTESIAN_POINT ( 'NONE',  ( 2.500000000000000000, -50.00000000000000000, 0.000000000000000000 ) ) ;
#425 = EDGE_CURVE ( 'NONE', #724, #134, #89, .T. ) ;
#426 = CARTESIAN_POINT ( 'NONE',  ( 2.500000000000000000, 7.900000000000018119, 164.0000000000000000 ) ) ;
#427 = ADVANCED_FACE ( 'NONE', ( #264 ), #40, .F. ) ;
#428 = EDGE_CURVE ( 'NONE', #1033, #969, #278, .T. ) ;
#429 = ORIENTED_EDGE ( 'NONE', *, *, #318, .F. ) ;
#430 = ORIENTED_EDGE ( 'NONE', *, *, #1293, .F. ) ;
#431 = CARTESIAN_POINT ( 'NONE',  ( 2.500000000000000000, -7.899999999999985256, 160.0000000000000000 ) ) ;
#432 = LINE ( 'NONE', #742, #418 ) ;
#433 = CARTESIAN_POINT ( 'NONE',  ( 2.500000000000000000, 25.00000000000000711, 90.00000000000001421 ) ) ;
#434 = DIRECTION ( 'NONE',  ( -1.000000000000000000, -0.000000000000000000, -0.000000000000000000 ) ) ;
#435 = ADVANCED_FACE ( 'NONE', ( #1055 ), #1170, .F. ) ;
#436 = ORIENTED_EDGE ( 'NONE', *, *, #365, .F. ) ;
#437 = VERTEX_POINT ( 'NONE', #1393 ) ;
#438 = DIRECTION ( 'NONE',  ( 0.000000000000000000, 1.000000000000000000, -1.734723475976807094E-16 ) ) ;
#439 = ORIENTED_EDGE ( 'NONE', *, *, #794, .F. ) ;
#440 = CARTESIAN_POINT ( 'NONE',  ( 0.000000000000000000, -28.59999999999973852, 25.59999999999996234 ) ) ;
#441 = FACE_BOUND ( 'NONE', #229, .T. ) ;
#442 = AXIS2_PLACEMENT_3D ( 'NONE', #1014, #565, #602 ) ;
#443 = DIRECTION ( 'NONE',  ( -1.000000000000000000, -0.000000000000000000, 0.000000000000000000 ) ) ;
#444 = AXIS2_PLACEMENT_3D ( 'NONE', #812, #1260, #8 ) ;
#445 = ORIENTED_EDGE ( 'NONE', *, *, #1202, .T. ) ;
#446 = AXIS2_PLACEMENT_3D ( 'NONE', #1401, #720, #1072 ) ;
#447 = VERTEX_POINT ( 'NONE', #713 ) ;
#448 = VECTOR ( 'NONE', #1310, 1000.000000000000000 ) ;
#449 = CARTESIAN_POINT ( 'NONE',  ( 2.500000000000000000, 24.58499999999999375, 13.00000000000000000 ) ) ;
#450 = DIRECTION ( 'NONE',  ( 0.000000000000000000, 1.239088197126328929E-15, -1.000000000000000000 ) ) ;
#451 = CARTESIAN_POINT ( 'NONE',  ( 0.000000000000000000, 15.00000000000000888, 88.15000000000000568 ) ) ;
#452 = DIRECTION ( 'NONE',  ( 1.000000000000000000, 0.000000000000000000, 0.000000000000000000 ) ) ;
#453 = VECTOR ( 'NONE', #316, 1000.000000000000000 ) ;
#454 = EDGE_LOOP ( 'NONE', ( #530, #517, #538, #1244 ) ) ;
#455 = ORIENTED_EDGE ( 'NONE', *, *, #76, .F. ) ;
#456 = DIRECTION ( 'NONE',  ( -0.000000000000000000, 0.000000000000000000, 1.000000000000000000 ) ) ;
#457 = ORIENTED_EDGE ( 'NONE', *, *, #751, .T. ) ;
#458 = DIRECTION ( 'NONE',  ( 0.000000000000000000, 0.000000000000000000, 1.000000000000000000 ) ) ;
#459 = ADVANCED_FACE ( 'NONE', ( #619, #849, #1291, #1157, #504, #1178, #173, #285, #613, #599, #168, #831, #272 ), #733, .T. ) ;
#460 = DIRECTION ( 'NONE',  ( -1.000000000000000000, 0.000000000000000000, -0.000000000000000000 ) ) ;
#461 = VERTEX_POINT ( 'NONE', #1042 ) ;
#462 = LINE ( 'NONE', #100, #321 ) ;
#463 = EDGE_LOOP ( 'NONE', ( #1295, #1192 ) ) ;
#464 = CARTESIAN_POINT ( 'NONE',  ( 0.000000000000000000, -24.58500000000000441, 13.00000000000000000 ) ) ;
#465 = CARTESIAN_POINT ( 'NONE',  ( 0.000000000000000000, -18.14999999999998792, 137.0000000000000000 ) ) ;
#466 = LINE ( 'NONE', #910, #1026 ) ;
#467 = ORIENTED_EDGE ( 'NONE', *, *, #327, .T. ) ;
#468 = FACE_OUTER_BOUND ( 'NONE', #796, .T. ) ;
#469 = ORIENTED_EDGE ( 'NONE', *, *, #519, .F. ) ;
#470 = EDGE_CURVE ( 'NONE', #872, #777, #160, .T. ) ;
#471 = DIRECTION ( 'NONE',  ( 1.000000000000000000, -0.000000000000000000, -0.000000000000000000 ) ) ;
#472 = CARTESIAN_POINT ( 'NONE',  ( 0.000000000000000000, 24.58499999999999375, 13.00000000000000000 ) ) ;
#473 = CARTESIAN_POINT ( 'NONE',  ( 2.500000000000000000, 7.900000000000018119, 164.0000000000000000 ) ) ;
#474 = LINE ( 'NONE', #487, #935 ) ;
#475 = ADVANCED_FACE ( 'NONE', ( #1164 ), #372, .F. ) ;
#476 = AXIS2_PLACEMENT_3D ( 'NONE', #511, #158, #936 ) ;
#477 = VERTEX_POINT ( 'NONE', #260 ) ;
#478 = EDGE_CURVE ( 'NONE', #490, #1271, #1151, .T. ) ;
#479 = ORIENTED_EDGE ( 'NONE', *, *, #1122, .T. ) ;
#480 = LINE ( 'NONE', #19, #26 ) ;
#481 = DIRECTION ( 'NONE',  ( 1.000000000000000000, 0.000000000000000000, 0.000000000000000000 ) ) ;
#482 = CARTESIAN_POINT ( 'NONE',  ( 2.500000000000000000, -28.59999999999973852, 25.59999999999996234 ) ) ;
#483 = EDGE_LOOP ( 'NONE', ( #1303, #1097, #404, #10 ) ) ;
#484 = ORIENTED_EDGE ( 'NONE', *, *, #1408, .F. ) ;
#485 = DIRECTION ( 'NONE',  ( 0.000000000000000000, 0.000000000000000000, -1.000000000000000000 ) ) ;
#486 = VECTOR ( 'NONE', #1443, 1000.000000000000000 ) ;
#487 = CARTESIAN_POINT ( 'NONE',  ( 0.000000000000000000, 18.15000000000000924, 137.0000000000000000 ) ) ;
#488 = EDGE_CURVE ( 'NONE', #997, #1209, #525, .T. ) ;
#489 = ORIENTED_EDGE ( 'NONE', *, *, #1032, .F. ) ;
#490 = VERTEX_POINT ( 'NONE', #550 ) ;
#491 = EDGE_CURVE ( 'NONE', #18, #1441, #868, .T. ) ;
#492 = DIRECTION ( 'NONE',  ( 0.000000000000000000, 1.000000000000000000, 0.000000000000000000 ) ) ;
#493 = VECTOR ( 'NONE', #1353, 1000.000000000000000 ) ;
#494 = CARTESIAN_POINT ( 'NONE',  ( 2.500000000000000000, -24.58500000000000441, 13.00000000000000000 ) ) ;
#495 = CARTESIAN_POINT ( 'NONE',  ( 2.500000000000000000, -14.99999999999998757, 91.85000000000000853 ) ) ;
#496 = ORIENTED_EDGE ( 'NONE', *, *, #881, .T. ) ;
#497 = ORIENTED_EDGE ( 'NONE', *, *, #161, .T. ) ;
#498 = DIRECTION ( 'NONE',  ( 1.000000000000000000, -0.000000000000000000, -0.000000000000000000 ) ) ;
#499 = EDGE_CURVE ( 'NONE', #1033, #156, #413, .T. ) ;
#500 = DIRECTION ( 'NONE',  ( 0.000000000000000000, 0.000000000000000000, 1.000000000000000000 ) ) ;
#501 = EDGE_CURVE ( 'NONE', #148, #104, #740, .T. ) ;
#502 = CARTESIAN_POINT ( 'NONE',  ( 2.500000000000000000, -50.00000000000000711, 50.00000000000000000 ) ) ;
#503 = ORIENTED_EDGE ( 'NONE', *, *, #668, .F. ) ;
#504 = FACE_BOUND ( 'NONE', #1251, .T. ) ;
#505 = DIRECTION ( 'NONE',  ( 1.000000000000000000, 0.000000000000000000, 0.000000000000000000 ) ) ;
#506 = UNCERTAINTY_MEASURE_WITH_UNIT (LENGTH_MEASURE( 1.000000000000000082E-05 ), #20, 'distance_accuracy_value', 'NONE');
#507 = DIRECTION ( 'NONE',  ( 0.000000000000000000, -1.000000000000000000, 0.000000000000000000 ) ) ;
#508 = ORIENTED_EDGE ( 'NONE', *, *, #903, .F. ) ;
#509 = ORIENTED_EDGE ( 'NONE', *, *, #142, .F. ) ;
#510 = VECTOR ( 'NONE', #507, 1000.000000000000000 ) ;
#511 = CARTESIAN_POINT ( 'NONE',  ( 0.000000000000000000, 7.900000000000018119, 162.0000000000000000 ) ) ;
#512 = CIRCLE ( 'NONE', #444, 2.000000000000001776 ) ;
#513 = CARTESIAN_POINT ( 'NONE',  ( 2.500000000000000000, -14.99999999999998757, 91.85000000000000853 ) ) ;
#514 = CIRCLE ( 'NONE', #911, 2.000000000000001776 ) ;
#515 = AXIS2_PLACEMENT_3D ( 'NONE', #1124, #575, #132 ) ;
#516 = DIRECTION ( 'NONE',  ( 0.000000000000000000, 0.000000000000000000, -1.000000000000000000 ) ) ;
#517 = ORIENTED_EDGE ( 'NONE', *, *, #519, .T. ) ;
#518 = EDGE_LOOP ( 'NONE', ( #1, #992, #1290, #1407 ) ) ;
#519 = EDGE_CURVE ( 'NONE', #752, #1320, #993, .T. ) ;
#520 = LINE ( 'NONE', #1314, #773 ) ;
#521 = VECTOR ( 'NONE', #182, 1000.000000000000000 ) ;
#522 = FACE_BOUND ( 'NONE', #689, .T. ) ;
#523 = FACE_OUTER_BOUND ( 'NONE', #454, .T. ) ;
#524 = ORIENTED_EDGE ( 'NONE', *, *, #865, .T. ) ;
#525 = LINE ( 'NONE', #202, #896 ) ;
#526 = FACE_OUTER_BOUND ( 'NONE', #155, .T. ) ;
#527 = DIRECTION ( 'NONE',  ( 0.000000000000000000, 0.000000000000000000, -1.000000000000000000 ) ) ;
#528 = FACE_OUTER_BOUND ( 'NONE', #317, .T. ) ;
#529 = VERTEX_POINT ( 'NONE', #639 ) ;
#530 = ORIENTED_EDGE ( 'NONE', *, *, #1076, .F. ) ;
#531 = DIRECTION ( 'NONE',  ( -0.000000000000000000, 1.000000000000000000, -0.000000000000000000 ) ) ;
#532 = EDGE_CURVE ( 'NONE', #347, #1386, #422, .T. ) ;
#533 = CARTESIAN_POINT ( 'NONE',  ( 0.000000000000000000, 24.58499999999999375, 13.00000000000000000 ) ) ;
#534 = CARTESIAN_POINT ( 'NONE',  ( 2.500000000000000000, 35.00000000000001421, 50.00000000000000711 ) ) ;
#535 = EDGE_CURVE ( 'NONE', #969, #691, #656, .T. ) ;
#536 = AXIS2_PLACEMENT_3D ( 'NONE', #1063, #1158, #151 ) ;
#537 = DIRECTION ( 'NONE',  ( 0.000000000000000000, -1.000000000000000000, 0.000000000000000000 ) ) ;
#538 = ORIENTED_EDGE ( 'NONE', *, *, #709, .T. ) ;
#539 = ORIENTED_EDGE ( 'NONE', *, *, #1182, .T. ) ;
#540 = LINE ( 'NONE', #1083, #453 ) ;
#541 = ORIENTED_EDGE ( 'NONE', *, *, #1360, .F. ) ;
#542 = CARTESIAN_POINT ( 'NONE',  ( 0.000000000000000000, 7.900000000000018119, 164.0000000000000000 ) ) ;
#543 = AXIS2_PLACEMENT_3D ( 'NONE', #1123, #841, #604 ) ;
#544 = DIRECTION ( 'NONE',  ( 0.000000000000000000, 0.000000000000000000, 1.000000000000000000 ) ) ;
#545 = EDGE_CURVE ( 'NONE', #1156, #947, #1089, .T. ) ;
#546 = CARTESIAN_POINT ( 'NONE',  ( 2.500000000000000000, 50.00000000000000000, 0.000000000000000000 ) ) ;
#547 = ORIENTED_EDGE ( 'NONE', *, *, #1182, .F. ) ;
#548 = ORIENTED_EDGE ( 'NONE', *, *, #987, .F. ) ;
#549 = AXIS2_PLACEMENT_3D ( 'NONE', #661, #988, #1198 ) ;
#550 = CARTESIAN_POINT ( 'NONE',  ( 2.500000000000000000, -50.00000000000000000, 0.000000000000000000 ) ) ;
#551 = FACE_OUTER_BOUND ( 'NONE', #1132, .T. ) ;
#552 = DIRECTION ( 'NONE',  ( -1.000000000000000000, -0.000000000000000000, -0.000000000000000000 ) ) ;
#553 = DIRECTION ( 'NONE',  ( 0.000000000000000000, 0.000000000000000000, -1.000000000000000000 ) ) ;
#554 = EDGE_LOOP ( 'NONE', ( #598, #1060, #126, #445 ) ) ;
#555 = AXIS2_PLACEMENT_3D ( 'NONE', #894, #245, #350 ) ;
#556 = DIRECTION ( 'NONE',  ( 1.000000000000000000, -0.000000000000000000, -0.000000000000000000 ) ) ;
#557 = FACE_OUTER_BOUND ( 'NONE', #1447, .T. ) ;
#558 = DIRECTION ( 'NONE',  ( 1.000000000000000000, -0.000000000000000000, -0.000000000000000000 ) ) ;
#559 = VECTOR ( 'NONE', #242, 1000.000000000000000 ) ;
#560 = FACE_OUTER_BOUND ( 'NONE', #1096, .T. ) ;
#561 = ORIENTED_EDGE ( 'NONE', *, *, #1165, .F. ) ;
#562 = EDGE_CURVE ( 'NONE', #1088, #307, #632, .T. ) ;
#563 = ORIENTED_EDGE ( 'NONE', *, *, #606, .T. ) ;
#564 = AXIS2_PLACEMENT_3D ( 'NONE', #1336, #1117, #553 ) ;
#565 = DIRECTION ( 'NONE',  ( 0.000000000000000000, 0.000000000000000000, 1.000000000000000000 ) ) ;
#566 = EDGE_CURVE ( 'NONE', #1271, #356, #540, .T. ) ;
#567 = LINE ( 'NONE', #1010, #918 ) ;
#568 =( NAMED_UNIT ( * ) PLANE_ANGLE_UNIT ( ) SI_UNIT ( $, .RADIAN. ) );
#569 = CYLINDRICAL_SURFACE ( 'NONE', #323, 1.850000000000004530 ) ;
#570 = DIRECTION ( 'NONE',  ( 0.000000000000000000, 0.000000000000000000, -1.000000000000000000 ) ) ;
#571 = VECTOR ( 'NONE', #769, 1000.000000000000000 ) ;
#572 = EDGE_LOOP ( 'NONE', ( #1028, #489, #859, #913 ) ) ;
#573 = DIRECTION ( 'NONE',  ( 1.000000000000000000, 0.000000000000000000, 0.000000000000000000 ) ) ;
#574 = LINE ( 'NONE', #128, #1040 ) ;
#575 = DIRECTION ( 'NONE',  ( 0.000000000000000000, 1.000000000000000000, 0.000000000000000000 ) ) ;
#576 = EDGE_LOOP ( 'NONE', ( #1284, #1326, #1100, #1385 ) ) ;
#577 = DIRECTION ( 'NONE',  ( 0.000000000000000000, -1.000000000000000000, 0.000000000000000000 ) ) ;
#578 = EDGE_LOOP ( 'NONE', ( #984, #211, #1201, #118 ) ) ;
#579 = DIRECTION ( 'NONE',  ( -0.000000000000000000, 1.000000000000000000, -0.000000000000000000 ) ) ;
#580 = FACE_OUTER_BOUND ( 'NONE', #226, .T. ) ;
#581 = EDGE_CURVE ( 'NONE', #645, #412, #520, .T. ) ;
#582 = DIRECTION ( 'NONE',  ( 0.000000000000000000, 0.000000000000000000, -1.000000000000000000 ) ) ;
#583 = EDGE_CURVE ( 'NONE', #662, #409, #854, .T. ) ;
#584 = ORIENTED_EDGE ( 'NONE', *, *, #1044, .T. ) ;
#585 = ORIENTED_EDGE ( 'NONE', *, *, #583, .F. ) ;
#586 = VECTOR ( 'NONE', #1418, 1000.000000000000000 ) ;
#587 = LINE ( 'NONE', #693, #288 ) ;
#588 = EDGE_CURVE ( 'NONE', #1204, #1149, #189, .T. ) ;
#589 = CARTESIAN_POINT ( 'NONE',  ( 0.000000000000000000, -12.70318840579711051, 63.67658448722605868 ) ) ;
#590 = AXIS2_PLACEMENT_3D ( 'NONE', #826, #1387, #52 ) ;
#591 = ORIENTED_EDGE ( 'NONE', *, *, #499, .F. ) ;
#592 = VECTOR ( 'NONE', #77, 1000.000000000000000 ) ;
#593 = VERTEX_POINT ( 'NONE', #1442 ) ;
#594 = CARTESIAN_POINT ( 'NONE',  ( 2.500000000000000000, -28.59999999999973852, 25.59999999999996234 ) ) ;
#595 = PRESENTATION_LAYER_ASSIGNMENT (  '', '', ( #175 ) ) ;
#596 = DIRECTION ( 'NONE',  ( -1.000000000000000000, 0.000000000000000000, 0.000000000000000000 ) ) ;
#597 = ORIENTED_EDGE ( 'NONE', *, *, #407, .F. ) ;
#598 = ORIENTED_EDGE ( 'NONE', *, *, #692, .T. ) ;
#599 = FACE_BOUND ( 'NONE', #1167, .T. ) ;
#600 = CIRCLE ( 'NONE', #1110, 2.000000000000001776 ) ;
#601 = CARTESIAN_POINT ( 'NONE',  ( 2.500000000000000000, 15.00000000000000888, 88.15000000000001990 ) ) ;
#602 = DIRECTION ( 'NONE',  ( 1.000000000000000000, 0.000000000000000000, -0.000000000000000000 ) ) ;
#603 = ORIENTED_EDGE ( 'NONE', *, *, #951, .T. ) ;
#604 = DIRECTION ( 'NONE',  ( 0.000000000000000000, 0.000000000000000000, -1.000000000000000000 ) ) ;
#605 = AXIS2_PLACEMENT_3D ( 'NONE', #1215, #196, #771 ) ;
#606 = EDGE_CURVE ( 'NONE', #301, #447, #761, .T. ) ;
#607 = AXIS2_PLACEMENT_3D ( 'NONE', #1012, #452, #88 ) ;
#608 = DIRECTION ( 'NONE',  ( -1.000000000000000000, -0.000000000000000000, -0.000000000000000000 ) ) ;
#609 = CARTESIAN_POINT ( 'NONE',  ( 2.500000000000000000, 35.00000000000001421, 50.00000000000000711 ) ) ;
#610 = ORIENTED_EDGE ( 'NONE', *, *, #753, .T. ) ;
#611 = ORIENTED_EDGE ( 'NONE', *, *, #294, .F. ) ;
#612 = EDGE_LOOP ( 'NONE', ( #2, #893 ) ) ;
#613 = FACE_BOUND ( 'NONE', #65, .T. ) ;
#614 = CARTESIAN_POINT ( 'NONE',  ( 0.000000000000000000, 15.00000000000000888, 90.00000000000001421 ) ) ;
#615 = DIRECTION ( 'NONE',  ( 0.000000000000000000, 0.000000000000000000, 1.000000000000000000 ) ) ;
#616 = EDGE_CURVE ( 'NONE', #1013, #187, #633, .T. ) ;
#617 = ORIENTED_EDGE ( 'NONE', *, *, #835, .F. ) ;
#618 = VERTEX_POINT ( 'NONE', #754 ) ;
#619 = FACE_BOUND ( 'NONE', #1061, .T. ) ;
#620 = CARTESIAN_POINT ( 'NONE',  ( 2.500000000000000000, 7.900000000000018119, 160.0000000000000000 ) ) ;
#621 = DIRECTION ( 'NONE',  ( -0.000000000000000000, 1.000000000000000000, -2.478176394252657858E-15 ) ) ;
#622 = ADVANCED_FACE ( 'NONE', ( #1099 ), #1203, .F. ) ;
#623 = VERTEX_POINT ( 'NONE', #406 ) ;
#624 = CIRCLE ( 'NONE', #370, 2.000000000000001776 ) ;
#625 = CARTESIAN_POINT ( 'NONE',  ( 0.000000000000000000, 16.45681159420288608, 65.67658448722606579 ) ) ;
#626 = VECTOR ( 'NONE', #716, 1000.000000000000000 ) ;
#627 = FACE_OUTER_BOUND ( 'NONE', #181, .T. ) ;
#628 = AXIS2_PLACEMENT_3D ( 'NONE', #1216, #1129, #917 ) ;
#629 = AXIS2_PLACEMENT_3D ( 'NONE', #1111, #9, #897 ) ;
#630 = DIRECTION ( 'NONE',  ( -1.000000000000000000, -0.000000000000000000, -0.000000000000000000 ) ) ;
#631 = ORIENTED_EDGE ( 'NONE', *, *, #142, .T. ) ;
#632 = LINE ( 'NONE', #1321, #1075 ) ;
#633 = CIRCLE ( 'NONE', #824, 2.000000000000003553 ) ;
#634 = DIRECTION ( 'NONE',  ( -0.000000000000000000, 1.000000000000000000, -2.478176394252657858E-15 ) ) ;
#635 = CARTESIAN_POINT ( 'NONE',  ( 2.500000000000000000, -35.00000000000001421, 50.00000000000000711 ) ) ;
#636 = CARTESIAN_POINT ( 'NONE',  ( 2.500000000000000000, -14.99999999999999289, 90.00000000000001421 ) ) ;
#637 = ORIENTED_EDGE ( 'NONE', *, *, #428, .F. ) ;
#638 = VERTEX_POINT ( 'NONE', #1448 ) ;
#639 = CARTESIAN_POINT ( 'NONE',  ( 0.000000000000000000, 25.00000000000001421, 91.85000000000000853 ) ) ;
#640 = EDGE_CURVE ( 'NONE', #1337, #662, #882, .T. ) ;
#641 = DIRECTION ( 'NONE',  ( 1.000000000000000000, -0.000000000000000000, -0.000000000000000000 ) ) ;
#642 = CARTESIAN_POINT ( 'NONE',  ( 2.500000000000000000, 31.39999999999965041, 25.59999999999995524 ) ) ;
#643 = FACE_OUTER_BOUND ( 'NONE', #518, .T. ) ;
#644 = ORIENTED_EDGE ( 'NONE', *, *, #1234, .T. ) ;
#645 = VERTEX_POINT ( 'NONE', #71 ) ;
#646 = ADVANCED_FACE ( 'NONE', ( #1221 ), #1298, .F. ) ;
#647 = DIRECTION ( 'NONE',  ( -0.000000000000000000, -1.000000000000000000, -0.000000000000000000 ) ) ;
#648 = ORIENTED_EDGE ( 'NONE', *, *, #115, .T. ) ;
#649 = DIRECTION ( 'NONE',  ( -1.000000000000000000, 0.000000000000000000, 0.000000000000000000 ) ) ;
#650 = EDGE_CURVE ( 'NONE', #1149, #490, #3, .T. ) ;
#651 = CARTESIAN_POINT ( 'NONE',  ( 2.500000000000000000, -12.70318840579711051, 65.67658448722606579 ) ) ;
#652 = AXIS2_PLACEMENT_3D ( 'NONE', #80, #780, #1207 ) ;
#653 = LINE ( 'NONE', #546, #419 ) ;
#654 = AXIS2_PLACEMENT_3D ( 'NONE', #352, #798, #247 ) ;
#655 = ORIENTED_EDGE ( 'NONE', *, *, #157, .T. ) ;
#656 = LINE ( 'NONE', #1195, #1148 ) ;
#657 = ORIENTED_EDGE ( 'NONE', *, *, #1458, .T. ) ;
#658 = DIRECTION ( 'NONE',  ( 1.000000000000000000, -0.000000000000000000, -0.000000000000000000 ) ) ;
#659 = AXIS2_PLACEMENT_3D ( 'NONE', #385, #1399, #485 ) ;
#660 = CARTESIAN_POINT ( 'NONE',  ( 0.000000000000000000, 16.45681159420288608, 65.67658448722606579 ) ) ;
#661 = CARTESIAN_POINT ( 'NONE',  ( 2.500000000000000000, -18.14999999999998792, 135.0000000000000000 ) ) ;
#662 = VERTEX_POINT ( 'NONE', #899 ) ;
#663 = LINE ( 'NONE', #119, #696 ) ;
#664 = DIRECTION ( 'NONE',  ( 1.000000000000000000, 0.000000000000000000, 0.000000000000000000 ) ) ;
#665 = FACE_BOUND ( 'NONE', #283, .T. ) ;
#666 = EDGE_CURVE ( 'NONE', #187, #593, #1237, .T. ) ;
#667 = DIRECTION ( 'NONE',  ( -1.000000000000000000, -0.000000000000000000, -0.000000000000000000 ) ) ;
#668 = EDGE_CURVE ( 'NONE', #289, #1059, #228, .T. ) ;
#669 = ORIENTED_EDGE ( 'NONE', *, *, #865, .F. ) ;
#670 = AXIS2_PLACEMENT_3D ( 'NONE', #672, #1247, #810 ) ;
#671 = LINE ( 'NONE', #828, #250 ) ;
#672 = CARTESIAN_POINT ( 'NONE',  ( 0.000000000000000000, 16.45681159420288608, 65.67658448722606579 ) ) ;
#673 = DIRECTION ( 'NONE',  ( 1.000000000000000000, 0.000000000000000000, 0.000000000000000000 ) ) ;
#674 = LINE ( 'NONE', #1086, #1171 ) ;
#675 = ORIENTED_EDGE ( 'NONE', *, *, #951, .F. ) ;
#676 = VECTOR ( 'NONE', #996, 1000.000000000000000 ) ;
#677 = DIRECTION ( 'NONE',  ( 0.000000000000000000, 0.000000000000000000, -1.000000000000000000 ) ) ;
#678 = CARTESIAN_POINT ( 'NONE',  ( 0.000000000000000000, 18.15000000000000924, 137.0000000000000000 ) ) ;
#679 = DIRECTION ( 'NONE',  ( 0.000000000000000000, 0.000000000000000000, 1.000000000000000000 ) ) ;
#680 = DIRECTION ( 'NONE',  ( 1.000000000000000000, -0.000000000000000000, -0.000000000000000000 ) ) ;
#681 = ORIENTED_EDGE ( 'NONE', *, *, #208, .T. ) ;
#682 = DIRECTION ( 'NONE',  ( -1.000000000000000000, -0.000000000000000000, -0.000000000000000000 ) ) ;
#683 = VERTEX_POINT ( 'NONE', #1348 ) ;
#684 = EDGE_CURVE ( 'NONE', #1066, #1054, #739, .T. ) ;
#685 = DIRECTION ( 'NONE',  ( 1.000000000000000000, -0.000000000000000000, -0.000000000000000000 ) ) ;
#686 = EDGE_CURVE ( 'NONE', #1338, #290, #1114, .T. ) ;
#687 = DIRECTION ( 'NONE',  ( -1.000000000000000000, -0.000000000000000000, -0.000000000000000000 ) ) ;
#688 = CARTESIAN_POINT ( 'NONE',  ( 2.500000000000000000, 50.00000000000000000, 50.00000000000000711 ) ) ;
#689 = EDGE_LOOP ( 'NONE', ( #933, #127 ) ) ;
#690 = FACE_OUTER_BOUND ( 'NONE', #1235, .T. ) ;
#691 = VERTEX_POINT ( 'NONE', #1250 ) ;
#692 = EDGE_CURVE ( 'NONE', #618, #18, #892, .T. ) ;
#693 = CARTESIAN_POINT ( 'NONE',  ( 2.500000000000000000, 28.59999999999973852, 38.39999999999987779 ) ) ;
#694 = CARTESIAN_POINT ( 'NONE',  ( 0.000000000000000000, -24.99999999999999289, 90.00000000000001421 ) ) ;
#695 = DIRECTION ( 'NONE',  ( -1.000000000000000000, 0.000000000000000000, -0.000000000000000000 ) ) ;
#696 = VECTOR ( 'NONE', #577, 1000.000000000000000 ) ;
#697 = VECTOR ( 'NONE', #658, 1000.000000000000000 ) ;
#698 = ORIENTED_EDGE ( 'NONE', *, *, #1034, .T. ) ;
#699 = AXIS2_PLACEMENT_3D ( 'NONE', #433, #1450, #544 ) ;
#700 = ORIENTED_EDGE ( 'NONE', *, *, #55, .F. ) ;
#701 = AXIS2_PLACEMENT_3D ( 'NONE', #1233, #225, #460 ) ;
#702 = CARTESIAN_POINT ( 'NONE',  ( 0.000000000000000000, -28.59999999999973852, 38.39999999999987068 ) ) ;
#703 = LINE ( 'NONE', #813, #230 ) ;
#704 = ORIENTED_EDGE ( 'NONE', *, *, #491, .F. ) ;
#705 = VECTOR ( 'NONE', #492, 1000.000000000000000 ) ;
#706 = ORIENTED_EDGE ( 'NONE', *, *, #470, .F. ) ;
#707 = CARTESIAN_POINT ( 'NONE',  ( 2.500000000000000000, -24.99999999999998579, 91.85000000000000853 ) ) ;
#708 = DIRECTION ( 'NONE',  ( -1.000000000000000000, -0.000000000000000000, -0.000000000000000000 ) ) ;
#709 = EDGE_CURVE ( 'NONE', #1320, #193, #624, .T. ) ;
#710 = ORIENTED_EDGE ( 'NONE', *, *, #1405, .T. ) ;
#711 = ADVANCED_FACE ( 'NONE', ( #801 ), #44, .F. ) ;
#712 = VERTEX_POINT ( 'NONE', #355 ) ;
#713 = CARTESIAN_POINT ( 'NONE',  ( 2.500000000000000000, 24.58499999999999375, 10.99999999999999645 ) ) ;
#714 = DIRECTION ( 'NONE',  ( 0.000000000000000000, 0.000000000000000000, -1.000000000000000000 ) ) ;
#715 = DIRECTION ( 'NONE',  ( 0.000000000000000000, 0.000000000000000000, 1.000000000000000000 ) ) ;
#716 = DIRECTION ( 'NONE',  ( -0.000000000000000000, 1.000000000000000000, -0.000000000000000000 ) ) ;
#717 = ORIENTED_EDGE ( 'NONE', *, *, #1390, .F. ) ;
#718 = ORIENTED_EDGE ( 'NONE', *, *, #1254, .F. ) ;
#719 = DIRECTION ( 'NONE',  ( 0.000000000000000000, 0.000000000000000000, -1.000000000000000000 ) ) ;
#720 = DIRECTION ( 'NONE',  ( 1.000000000000000000, 0.000000000000000000, 0.000000000000000000 ) ) ;
#721 = EDGE_CURVE ( 'NONE', #1021, #1313, #998, .T. ) ;
#722 = CYLINDRICAL_SURFACE ( 'NONE', #1105, 2.000000000000001776 ) ;
#723 = VECTOR ( 'NONE', #579, 1000.000000000000000 ) ;
#724 = VERTEX_POINT ( 'NONE', #1245 ) ;
#725 = EDGE_CURVE ( 'NONE', #300, #23, #220, .T. ) ;
#726 = DIRECTION ( 'NONE',  ( -1.000000000000000000, -0.000000000000000000, -0.000000000000000000 ) ) ;
#727 = ADVANCED_FACE ( 'NONE', ( #690 ), #1457, .F. ) ;
#728 = EDGE_CURVE ( 'NONE', #447, #866, #1455, .T. ) ;
#729 = FACE_BOUND ( 'NONE', #890, .T. ) ;
#730 = VECTOR ( 'NONE', #1064, 1000.000000000000000 ) ;
#731 = ORIENTED_EDGE ( 'NONE', *, *, #532, .T. ) ;
#732 = ORIENTED_EDGE ( 'NONE', *, *, #21, .T. ) ;
#733 = PLANE ( 'NONE',  #135 ) ;
#734 = DIRECTION ( 'NONE',  ( 0.000000000000000000, -1.734723475976807094E-16, -1.000000000000000000 ) ) ;
#735 = AXIS2_PLACEMENT_3D ( 'NONE', #533, #985, #1316 ) ;
#736 = DIRECTION ( 'NONE',  ( -1.000000000000000000, -0.000000000000000000, -0.000000000000000000 ) ) ;
#737 = ORIENTED_EDGE ( 'NONE', *, *, #294, .T. ) ;
#738 = ADVANCED_FACE ( 'NONE', ( #468 ), #147, .F. ) ;
#739 = CIRCLE ( 'NONE', #999, 1.850000000000004530 ) ;
#740 = LINE ( 'NONE', #874, #259 ) ;
#741 = CIRCLE ( 'NONE', #107, 2.000000000000003553 ) ;
#742 = CARTESIAN_POINT ( 'NONE',  ( 0.000000000000000000, -28.59999999999973852, 38.39999999999987068 ) ) ;
#743 = DIRECTION ( 'NONE',  ( -1.000000000000000000, -0.000000000000000000, -0.000000000000000000 ) ) ;
#744 = AXIS2_PLACEMENT_3D ( 'NONE', #1255, #924, #361 ) ;
#745 = CYLINDRICAL_SURFACE ( 'NONE', #851, 2.000000000000001776 ) ;
#746 = ORIENTED_EDGE ( 'NONE', *, *, #1371, .T. ) ;
#747 = DIRECTION ( 'NONE',  ( 0.000000000000000000, 0.000000000000000000, 1.000000000000000000 ) ) ;
#748 = DIRECTION ( 'NONE',  ( 1.000000000000000000, 0.000000000000000000, 0.000000000000000000 ) ) ;
#749 = DIRECTION ( 'NONE',  ( 0.000000000000000000, 0.000000000000000000, 1.000000000000000000 ) ) ;
#750 = CARTESIAN_POINT ( 'NONE',  ( 2.500000000000000000, -7.899999999999985256, 162.0000000000000000 ) ) ;
#751 = EDGE_CURVE ( 'NONE', #235, #529, #462, .T. ) ;
#752 = VERTEX_POINT ( 'NONE', #906 ) ;
#753 = EDGE_CURVE ( 'NONE', #953, #1169, #671, .T. ) ;
#754 = CARTESIAN_POINT ( 'NONE',  ( 0.000000000000000000, -35.00000000000001421, 50.00000000000000711 ) ) ;
#755 = ORIENTED_EDGE ( 'NONE', *, *, #315, .F. ) ;
#756 = CARTESIAN_POINT ( 'NONE',  ( 2.500000000000000000, 25.00000000000001421, 91.85000000000000853 ) ) ;
#757 = DIRECTION ( 'NONE',  ( 0.000000000000000000, -1.000000000000000000, 0.000000000000000000 ) ) ;
#758 = CYLINDRICAL_SURFACE ( 'NONE', #564, 2.000000000000003553 ) ;
#759 = ORIENTED_EDGE ( 'NONE', *, *, #205, .F. ) ;
#760 = EDGE_LOOP ( 'NONE', ( #249, #180, #1210, #1304 ) ) ;
#761 = LINE ( 'NONE', #1212, #1269 ) ;
#762 = CYLINDRICAL_SURFACE ( 'NONE', #1432, 2.000000000000003553 ) ;
#763 = CARTESIAN_POINT ( 'NONE',  ( 2.500000000000000000, 28.59999999999973852, 38.39999999999987779 ) ) ;
#764 = AXIS2_PLACEMENT_3D ( 'NONE', #197, #1334, #749 ) ;
#765 = CARTESIAN_POINT ( 'NONE',  ( 0.000000000000000000, -24.58500000000000441, 10.99999999999999645 ) ) ;
#766 = AXIS2_PLACEMENT_3D ( 'NONE', #1294, #381, #1189 ) ;
#767 = ORIENTED_EDGE ( 'NONE', *, *, #1421, .F. ) ;
#768 = ORIENTED_EDGE ( 'NONE', *, *, #774, .F. ) ;
#769 = DIRECTION ( 'NONE',  ( 1.000000000000000000, -0.000000000000000000, -0.000000000000000000 ) ) ;
#770 = EDGE_CURVE ( 'NONE', #300, #409, #1355, .T. ) ;
#771 = DIRECTION ( 'NONE',  ( 0.000000000000000000, 0.000000000000000000, -1.000000000000000000 ) ) ;
#772 = DIRECTION ( 'NONE',  ( 0.000000000000000000, -1.000000000000000000, 0.000000000000000000 ) ) ;
#773 = VECTOR ( 'NONE', #966, 1000.000000000000000 ) ;
#774 = EDGE_CURVE ( 'NONE', #409, #1246, #663, .T. ) ;
#775 = DIRECTION ( 'NONE',  ( 0.000000000000000000, 0.000000000000000000, 1.000000000000000000 ) ) ;
#776 = ORIENTED_EDGE ( 'NONE', *, *, #56, .F. ) ;
#777 = VERTEX_POINT ( 'NONE', #154 ) ;
#778 = DIRECTION ( 'NONE',  ( -1.000000000000000000, -0.000000000000000000, -0.000000000000000000 ) ) ;
#779 = FACE_OUTER_BOUND ( 'NONE', #203, .T. ) ;
#780 = DIRECTION ( 'NONE',  ( 0.000000000000000000, -1.000000000000000000, 0.000000000000000000 ) ) ;
#781 = CARTESIAN_POINT ( 'NONE',  ( 0.000000000000000000, -24.99999999999998579, 91.85000000000000853 ) ) ;
#782 = ORIENTED_EDGE ( 'NONE', *, *, #785, .F. ) ;
#783 = AXIS2_PLACEMENT_3D ( 'NONE', #78, #292, #748 ) ;
#784 = DIRECTION ( 'NONE',  ( 0.000000000000000000, 1.387778780781445676E-16, -1.000000000000000000 ) ) ;
#785 = EDGE_CURVE ( 'NONE', #356, #1337, #1160, .T. ) ;
#786 = DIRECTION ( 'NONE',  ( 1.000000000000000000, 0.000000000000000000, 0.000000000000000000 ) ) ;
#787 = LINE ( 'NONE', #811, #1459 ) ;
#788 = DIRECTION ( 'NONE',  ( 0.000000000000000000, 0.000000000000000000, -1.000000000000000000 ) ) ;
#789 = CARTESIAN_POINT ( 'NONE',  ( 0.000000000000000000, -28.59999999999973852, 25.59999999999996234 ) ) ;
#790 = CIRCLE ( 'NONE', #628, 2.000000000000003553 ) ;
#791 = EDGE_CURVE ( 'NONE', #1337, #300, #952, .T. ) ;
#792 = ORIENTED_EDGE ( 'NONE', *, *, #383, .F. ) ;
#793 = VECTOR ( 'NONE', #1359, 1000.000000000000000 ) ;
#794 = EDGE_CURVE ( 'NONE', #378, #363, #60, .T. ) ;
#795 = DIRECTION ( 'NONE',  ( 1.000000000000000000, -0.000000000000000000, -0.000000000000000000 ) ) ;
#796 = EDGE_LOOP ( 'NONE', ( #277, #1191, #907, #188 ) ) ;
#797 = DIRECTION ( 'NONE',  ( 0.000000000000000000, 0.000000000000000000, 1.000000000000000000 ) ) ;
#798 = DIRECTION ( 'NONE',  ( 0.000000000000000000, 0.000000000000000000, -1.000000000000000000 ) ) ;
#799 = ADVANCED_FACE ( 'NONE', ( #843 ), #274, .F. ) ;
#800 = ORIENTED_EDGE ( 'NONE', *, *, #76, .T. ) ;
#801 = FACE_OUTER_BOUND ( 'NONE', #483, .T. ) ;
#802 = ORIENTED_EDGE ( 'NONE', *, *, #839, .T. ) ;
#803 = VECTOR ( 'NONE', #1288, 1000.000000000000000 ) ;
#804 = FACE_OUTER_BOUND ( 'NONE', #1074, .T. ) ;
#805 = MANIFOLD_SOLID_BREP ( 'Cut-Extrude5', #296 ) ;
#806 = PLANE ( 'NONE',  #1002 ) ;
#807 = DIRECTION ( 'NONE',  ( 0.000000000000000000, 0.000000000000000000, -1.000000000000000000 ) ) ;
#808 = VERTEX_POINT ( 'NONE', #177 ) ;
#809 = ORIENTED_EDGE ( 'NONE', *, *, #79, .T. ) ;
#810 = DIRECTION ( 'NONE',  ( 0.000000000000000000, 0.000000000000000000, -1.000000000000000000 ) ) ;
#811 = CARTESIAN_POINT ( 'NONE',  ( 2.500000000000000000, -31.39999999999965041, 38.39999999999987779 ) ) ;
#812 = CARTESIAN_POINT ( 'NONE',  ( 0.000000000000000000, 18.15000000000000924, 135.0000000000000000 ) ) ;
#813 = CARTESIAN_POINT ( 'NONE',  ( 2.500000000000000000, 31.39999999999965041, 25.59999999999995524 ) ) ;
#814 = COLOUR_RGB ( '',0.7921568627450980005, 0.8196078431372548767, 0.9333333333333333481 ) ;
#815 = VECTOR ( 'NONE', #224, 1000.000000000000000 ) ;
#816 = ORIENTED_EDGE ( 'NONE', *, *, #1032, .T. ) ;
#817 = AXIS2_PLACEMENT_3D ( 'NONE', #87, #1308, #527 ) ;
#818 = ORIENTED_EDGE ( 'NONE', *, *, #1140, .T. ) ;
#819 = VECTOR ( 'NONE', #734, 1000.000000000000000 ) ;
#820 = DIRECTION ( 'NONE',  ( -0.000000000000000000, 1.000000000000000000, 1.387778780781445676E-16 ) ) ;
#821 = LINE ( 'NONE', #482, #1264 ) ;
#822 = ADVANCED_FACE ( 'NONE', ( #528 ), #722, .F. ) ;
#823 = ORIENTED_EDGE ( 'NONE', *, *, #1437, .T. ) ;
#824 = AXIS2_PLACEMENT_3D ( 'NONE', #1434, #213, #309 ) ;
#825 = ORIENTED_EDGE ( 'NONE', *, *, #770, .T. ) ;
#826 = CARTESIAN_POINT ( 'NONE',  ( 0.000000000000000000, 18.15000000000000924, 135.0000000000000000 ) ) ;
#827 = CARTESIAN_POINT ( 'NONE',  ( 0.000000000000000000, -14.99999999999998757, 88.15000000000001990 ) ) ;
#828 = CARTESIAN_POINT ( 'NONE',  ( 2.500000000000000000, -28.59999999999973852, 25.59999999999996234 ) ) ;
#829 = EDGE_LOOP ( 'NONE', ( #731, #669, #561, #496 ) ) ;
#830 = ORIENTED_EDGE ( 'NONE', *, *, #478, .T. ) ;
#831 = FACE_BOUND ( 'NONE', #1218, .T. ) ;
#832 = EDGE_CURVE ( 'NONE', #1149, #18, #1428, .T. ) ;
#833 = DIRECTION ( 'NONE',  ( -1.000000000000000000, -0.000000000000000000, 0.000000000000000000 ) ) ;
#834 = LINE ( 'NONE', #473, #815 ) ;
#835 = EDGE_CURVE ( 'NONE', #212, #289, #944, .T. ) ;
#836 = EDGE_CURVE ( 'NONE', #156, #997, #1292, .T. ) ;
#837 = ORIENTED_EDGE ( 'NONE', *, *, #912, .F. ) ;
#838 = ORIENTED_EDGE ( 'NONE', *, *, #1119, .T. ) ;
#839 = EDGE_CURVE ( 'NONE', #1194, #212, #171, .T. ) ;
#840 = CIRCLE ( 'NONE', #201, 1.850000000000004530 ) ;
#841 = DIRECTION ( 'NONE',  ( 1.000000000000000000, 0.000000000000000000, 0.000000000000000000 ) ) ;
#842 = FACE_BOUND ( 'NONE', #1302, .T. ) ;
#843 = FACE_OUTER_BOUND ( 'NONE', #1349, .T. ) ;
#844 = ORIENTED_EDGE ( 'NONE', *, *, #836, .T. ) ;
#845 = VECTOR ( 'NONE', #137, 1000.000000000000000 ) ;
#846 = EDGE_CURVE ( 'NONE', #193, #1320, #990, .T. ) ;
#847 = ORIENTED_EDGE ( 'NONE', *, *, #1408, .T. ) ;
#848 = EDGE_LOOP ( 'NONE', ( #1398, #1354 ) ) ;
#849 = FACE_BOUND ( 'NONE', #848, .T. ) ;
#850 = DIRECTION ( 'NONE',  ( -1.000000000000000000, -0.000000000000000000, -0.000000000000000000 ) ) ;
#851 = AXIS2_PLACEMENT_3D ( 'NONE', #750, #667, #775 ) ;
#852 = EDGE_LOOP ( 'NONE', ( #547, #467, #823, #172 ) ) ;
#853 = ORIENTED_EDGE ( 'NONE', *, *, #751, .F. ) ;
#854 = LINE ( 'NONE', #302, #1222 ) ;
#855 = CARTESIAN_POINT ( 'NONE',  ( 0.000000000000000000, 50.00000000000000000, 0.000000000000000000 ) ) ;
#856 = PLANE ( 'NONE',  #109 ) ;
#857 =( NAMED_UNIT ( * ) PLANE_ANGLE_UNIT ( ) SI_UNIT ( $, .RADIAN. ) );
#858 = ORIENTED_EDGE ( 'NONE', *, *, #668, .T. ) ;
#859 = ORIENTED_EDGE ( 'NONE', *, *, #562, .F. ) ;
#860 = DIRECTION ( 'NONE',  ( -0.000000000000000000, 1.000000000000000000, -0.000000000000000000 ) ) ;
#861 = CARTESIAN_POINT ( 'NONE',  ( 0.000000000000000000, 28.59999999999973852, 25.59999999999995524 ) ) ;
#862 = CARTESIAN_POINT ( 'NONE',  ( 0.000000000000000000, 18.15000000000000924, 133.0000000000000000 ) ) ;
#863 = AXIS2_PLACEMENT_3D ( 'NONE', #1147, #1268, #1038 ) ;
#864 = DIRECTION ( 'NONE',  ( 0.000000000000000000, 0.000000000000000000, 1.000000000000000000 ) ) ;
#865 = EDGE_CURVE ( 'NONE', #1066, #1386, #266, .T. ) ;
#866 = VERTEX_POINT ( 'NONE', #1190 ) ;
#867 = ORIENTED_EDGE ( 'NONE', *, *, #1254, .T. ) ;
#868 = LINE ( 'NONE', #970, #521 ) ;
#869 = CARTESIAN_POINT ( 'NONE',  ( 0.000000000000000000, -24.58500000000000441, 13.00000000000000000 ) ) ;
#870 = FACE_OUTER_BOUND ( 'NONE', #257, .T. ) ;
#871 = LINE ( 'NONE', #1217, #64 ) ;
#872 = VERTEX_POINT ( 'NONE', #1073 ) ;
#873 = ORIENTED_EDGE ( 'NONE', *, *, #1211, .F. ) ;
#874 = CARTESIAN_POINT ( 'NONE',  ( 2.500000000000000000, 28.59999999999973852, 25.59999999999995524 ) ) ;
#875 = ORIENTED_EDGE ( 'NONE', *, *, #275, .T. ) ;
#876 = CARTESIAN_POINT ( 'NONE',  ( 2.500000000000000000, 16.45681159420288608, 67.67658448722606579 ) ) ;
#877 = LINE ( 'NONE', #642, #129 ) ;
#878 = CARTESIAN_POINT ( 'NONE',  ( 0.000000000000000000, -24.58500000000000441, 10.99999999999999645 ) ) ;
#879 = ORIENTED_EDGE ( 'NONE', *, *, #1360, .T. ) ;
#880 = ORIENTED_EDGE ( 'NONE', *, *, #1056, .F. ) ;
#881 = EDGE_CURVE ( 'NONE', #683, #347, #69, .T. ) ;
#882 = LINE ( 'NONE', #1330, #185 ) ;
#883 = ORIENTED_EDGE ( 'NONE', *, *, #1091, .T. ) ;
#884 = ADVANCED_FACE ( 'NONE', ( #523 ), #745, .F. ) ;
#885 = LINE ( 'NONE', #1333, #1376 ) ;
#886 = CARTESIAN_POINT ( 'NONE',  ( 0.000000000000000000, -24.99999999999999289, 88.15000000000000568 ) ) ;
#887 = VECTOR ( 'NONE', #206, 1000.000000000000000 ) ;
#888 = LINE ( 'NONE', #1335, #697 ) ;
#889 = LINE ( 'NONE', #103, #676 ) ;
#890 = EDGE_LOOP ( 'NONE', ( #1312, #800 ) ) ;
#891 = ORIENTED_EDGE ( 'NONE', *, *, #566, .T. ) ;
#892 = LINE ( 'NONE', #1364, #106 ) ;
#893 = ORIENTED_EDGE ( 'NONE', *, *, #709, .F. ) ;
#894 = CARTESIAN_POINT ( 'NONE',  ( 2.500000000000000000, -28.59999999999973852, 38.39999999999987068 ) ) ;
#895 = CYLINDRICAL_SURFACE ( 'NONE', #699, 1.850000000000004530 ) ;
#896 = VECTOR ( 'NONE', #66, 1000.000000000000000 ) ;
#897 = DIRECTION ( 'NONE',  ( 0.000000000000000000, 0.000000000000000000, 1.000000000000000000 ) ) ;
#898 = ORIENTED_EDGE ( 'NONE', *, *, #1458, .F. ) ;
#899 = CARTESIAN_POINT ( 'NONE',  ( 0.000000000000000000, 35.00000000000001421, 50.00000000000000711 ) ) ;
#900 = ORIENTED_EDGE ( 'NONE', *, *, #650, .F. ) ;
#901 = CARTESIAN_POINT ( 'NONE',  ( 2.500000000000000000, -24.58500000000000441, 13.00000000000000000 ) ) ;
#902 =( NAMED_UNIT ( * ) SI_UNIT ( $, .STERADIAN. ) SOLID_ANGLE_UNIT ( ) );
#903 = EDGE_CURVE ( 'NONE', #1213, #939, #30, .T. ) ;
#904 = CYLINDRICAL_SURFACE ( 'NONE', #326, 2.000000000000001776 ) ;
#905 = ORIENTED_EDGE ( 'NONE', *, *, #1119, .F. ) ;
#906 = CARTESIAN_POINT ( 'NONE',  ( 2.500000000000000000, -7.899999999999985256, 160.0000000000000000 ) ) ;
#907 = ORIENTED_EDGE ( 'NONE', *, *, #478, .F. ) ;
#908 = CARTESIAN_POINT ( 'NONE',  ( 0.000000000000000000, 7.900000000000018119, 162.0000000000000000 ) ) ;
#909 = EDGE_CURVE ( 'NONE', #437, #1068, #674, .T. ) ;
#910 = CARTESIAN_POINT ( 'NONE',  ( 2.500000000000000000, 25.00000000000001421, 91.85000000000000853 ) ) ;
#911 = AXIS2_PLACEMENT_3D ( 'NONE', #660, #338, #980 ) ;
#912 = EDGE_CURVE ( 'NONE', #412, #808, #1226, .T. ) ;
#913 = ORIENTED_EDGE ( 'NONE', *, *, #221, .F. ) ;
#914 = DIRECTION ( 'NONE',  ( 0.000000000000000000, -1.000000000000000000, -4.625929269271487886E-16 ) ) ;
#915 = EDGE_LOOP ( 'NONE', ( #5, #792, #46, #1027 ) ) ;
#916 = LINE ( 'NONE', #1258, #279 ) ;
#917 = DIRECTION ( 'NONE',  ( 0.000000000000000000, 0.000000000000000000, -1.000000000000000000 ) ) ;
#918 = VECTOR ( 'NONE', #6, 1000.000000000000000 ) ;
#919 = DIRECTION ( 'NONE',  ( 0.000000000000000000, 0.000000000000000000, -1.000000000000000000 ) ) ;
#920 = ORIENTED_EDGE ( 'NONE', *, *, #140, .F. ) ;
#921 = ORIENTED_EDGE ( 'NONE', *, *, #407, .T. ) ;
#922 = CIRCLE ( 'NONE', #607, 2.000000000000001776 ) ;
#923 = DIRECTION ( 'NONE',  ( -1.000000000000000000, -0.000000000000000000, -0.000000000000000000 ) ) ;
#924 = DIRECTION ( 'NONE',  ( 1.000000000000000000, 0.000000000000000000, 0.000000000000000000 ) ) ;
#925 = ORIENTED_EDGE ( 'NONE', *, *, #1165, .T. ) ;
#926 = CIRCLE ( 'NONE', #1297, 2.000000000000003553 ) ;
#927 = EDGE_LOOP ( 'NONE', ( #681, #1227, #920, #1422 ) ) ;
#928 = CARTESIAN_POINT ( 'NONE',  ( 0.000000000000000000, 35.00000000000001421, 170.0000000000000000 ) ) ;
#929 = PRODUCT_CONTEXT ( 'NONE', #1396, 'mechanical' ) ;
#930 = EDGE_CURVE ( 'NONE', #1440, #645, #922, .T. ) ;
#931 = CARTESIAN_POINT ( 'NONE',  ( 2.500000000000000000, -7.899999999999985256, 162.0000000000000000 ) ) ;
#932 = AXIS2_PLACEMENT_3D ( 'NONE', #17, #556, #382 ) ;
#933 = ORIENTED_EDGE ( 'NONE', *, *, #470, .T. ) ;
#934 = ORIENTED_EDGE ( 'NONE', *, *, #501, .F. ) ;
#935 = VECTOR ( 'NONE', #240, 1000.000000000000000 ) ;
#936 = DIRECTION ( 'NONE',  ( 0.000000000000000000, 0.000000000000000000, 1.000000000000000000 ) ) ;
#937 = DIRECTION ( 'NONE',  ( 0.000000000000000000, -1.000000000000000000, 0.000000000000000000 ) ) ;
#938 = CARTESIAN_POINT ( 'NONE',  ( 0.000000000000000000, -12.70318840579711051, 67.67658448722606579 ) ) ;
#939 = VERTEX_POINT ( 'NONE', #426 ) ;
#940 = ORIENTED_EDGE ( 'NONE', *, *, #425, .F. ) ;
#941 = DIRECTION ( 'NONE',  ( -1.000000000000000000, -0.000000000000000000, -0.000000000000000000 ) ) ;
#942 = LINE ( 'NONE', #400, #819 ) ;
#943 = EDGE_CURVE ( 'NONE', #1054, #477, #1452, .T. ) ;
#944 = LINE ( 'NONE', #1058, #803 ) ;
#945 = EDGE_CURVE ( 'NONE', #1021, #1033, #1305, .T. ) ;
#946 = EDGE_LOOP ( 'NONE', ( #1265, #717, #900, #1175 ) ) ;
#947 = VERTEX_POINT ( 'NONE', #217 ) ;
#948 = EDGE_LOOP ( 'NONE', ( #508, #644, #384, #166 ) ) ;
#949 = CARTESIAN_POINT ( 'NONE',  ( 2.500000000000000000, -50.00000000000000711, 50.00000000000000000 ) ) ;
#950 = DIRECTION ( 'NONE',  ( 1.000000000000000000, 0.000000000000000000, 0.000000000000000000 ) ) ;
#951 = EDGE_CURVE ( 'NONE', #691, #1209, #179, .T. ) ;
#952 = LINE ( 'NONE', #609, #1328 ) ;
#953 = VERTEX_POINT ( 'NONE', #1438 ) ;
#954 = VECTOR ( 'NONE', #1281, 1000.000000000000000 ) ;
#955 = EDGE_LOOP ( 'NONE', ( #262, #1236, #746, #1266 ) ) ;
#956 = AXIS2_PLACEMENT_3D ( 'NONE', #1444, #1197, #191 ) ;
#957 = AXIS2_PLACEMENT_3D ( 'NONE', #53, #1280, #505 ) ;
#958 = CARTESIAN_POINT ( 'NONE',  ( 0.000000000000000000, -18.14999999999998792, 135.0000000000000000 ) ) ;
#959 = LINE ( 'NONE', #1079, #586 ) ;
#960 = SURFACE_STYLE_FILL_AREA ( #1080 ) ;
#961 = ORIENTED_EDGE ( 'NONE', *, *, #1152, .F. ) ;
#962 = AXIS2_PLACEMENT_3D ( 'NONE', #398, #941, #1272 ) ;
#963 = ORIENTED_EDGE ( 'NONE', *, *, #34, .T. ) ;
#964 = VECTOR ( 'NONE', #1306, 1000.000000000000000 ) ;
#965 = EDGE_LOOP ( 'NONE', ( #99, #1270, #420, #57, #830, #891, #1168, #1106 ) ) ;
#966 = DIRECTION ( 'NONE',  ( 1.000000000000000000, -0.000000000000000000, -0.000000000000000000 ) ) ;
#967 = DIRECTION ( 'NONE',  ( 0.000000000000000000, 0.000000000000000000, -1.000000000000000000 ) ) ;
#968 = PRESENTATION_STYLE_ASSIGNMENT (( #186 ) ) ;
#969 = VERTEX_POINT ( 'NONE', #781 ) ;
#970 = CARTESIAN_POINT ( 'NONE',  ( 0.000000000000000000, -50.00000000000000711, 50.00000000000000000 ) ) ;
#971 = CARTESIAN_POINT ( 'NONE',  ( 2.500000000000000000, -28.59999999999973852, 38.39999999999987068 ) ) ;
#972 = ADVANCED_FACE ( 'NONE', ( #560 ), #758, .F. ) ;
#973 = CARTESIAN_POINT ( 'NONE',  ( 0.000000000000000000, -12.70318840579711051, 67.67658448722606579 ) ) ;
#974 = VECTOR ( 'NONE', #1078, 1000.000000000000000 ) ;
#975 = DIRECTION ( 'NONE',  ( 0.000000000000000000, 0.000000000000000000, -1.000000000000000000 ) ) ;
#976 = ORIENTED_EDGE ( 'NONE', *, *, #943, .F. ) ;
#977 = DIRECTION ( 'NONE',  ( 0.000000000000000000, -1.000000000000000000, -4.625929269271487886E-16 ) ) ;
#978 = PRODUCT_DEFINITION_FORMATION_WITH_SPECIFIED_SOURCE ( 'ANY', '', #244, .NOT_KNOWN. ) ;
#979 = CARTESIAN_POINT ( 'NONE',  ( 2.500000000000000000, 50.00000000000000000, 50.00000000000000711 ) ) ;
#980 = DIRECTION ( 'NONE',  ( 0.000000000000000000, 0.000000000000000000, -1.000000000000000000 ) ) ;
#981 = CARTESIAN_POINT ( 'NONE',  ( 2.500000000000000000, -24.99999999999999289, 88.15000000000001990 ) ) ;
#982 = ORIENTED_EDGE ( 'NONE', *, *, #728, .T. ) ;
#983 = CARTESIAN_POINT ( 'NONE',  ( 0.000000000000000000, 15.00000000000001421, 88.15000000000001990 ) ) ;
#984 = ORIENTED_EDGE ( 'NONE', *, *, #15, .T. ) ;
#985 = DIRECTION ( 'NONE',  ( 1.000000000000000000, -0.000000000000000000, -0.000000000000000000 ) ) ;
#986 = DIRECTION ( 'NONE',  ( 0.000000000000000000, -0.000000000000000000, -1.000000000000000000 ) ) ;
#987 = EDGE_CURVE ( 'NONE', #23, #1246, #889, .T. ) ;
#988 = DIRECTION ( 'NONE',  ( 1.000000000000000000, 0.000000000000000000, 0.000000000000000000 ) ) ;
#989 = EDGE_CURVE ( 'NONE', #997, #1021, #1225, .T. ) ;
#990 = CIRCLE ( 'NONE', #1036, 2.000000000000001776 ) ;
#991 = ADVANCED_FACE ( 'NONE', ( #1345 ), #339, .F. ) ;
#992 = ORIENTED_EDGE ( 'NONE', *, *, #770, .F. ) ;
#993 = LINE ( 'NONE', #431, #592 ) ;
#994 = CARTESIAN_POINT ( 'NONE',  ( 2.500000000000000000, 16.45681159420288608, 65.67658448722606579 ) ) ;
#995 = FACE_OUTER_BOUND ( 'NONE', #243, .T. ) ;
#996 = DIRECTION ( 'NONE',  ( -1.000000000000000000, -0.000000000000000000, -0.000000000000000000 ) ) ;
#997 = VERTEX_POINT ( 'NONE', #111 ) ;
#998 = LINE ( 'NONE', #335, #1381 ) ;
#999 = AXIS2_PLACEMENT_3D ( 'NONE', #1391, #1229, #11 ) ;
#1000 = CARTESIAN_POINT ( 'NONE',  ( 2.500000000000000000, -31.39999999999965041, 38.39999999999987779 ) ) ;
#1001 = FACE_OUTER_BOUND ( 'NONE', #1397, .T. ) ;
#1002 = AXIS2_PLACEMENT_3D ( 'NONE', #246, #788, #232 ) ;
#1003 = AXIS2_PLACEMENT_3D ( 'NONE', #472, #1380, #373 ) ;
#1004 = CARTESIAN_POINT ( 'NONE',  ( 2.500000000000000000, -24.99999999999998579, 88.15000000000001990 ) ) ;
#1005 = AXIS2_PLACEMENT_3D ( 'NONE', #614, #833, #967 ) ;
#1006 = ORIENTED_EDGE ( 'NONE', *, *, #566, .F. ) ;
#1007 = ORIENTED_EDGE ( 'NONE', *, *, #1344, .F. ) ;
#1008 = CARTESIAN_POINT ( 'NONE',  ( 0.000000000000000000, -7.899999999999985256, 162.0000000000000000 ) ) ;
#1009 = ORIENTED_EDGE ( 'NONE', *, *, #1405, .F. ) ;
#1010 = CARTESIAN_POINT ( 'NONE',  ( 2.500000000000000000, 28.59999999999973852, 38.39999999999987779 ) ) ;
#1011 = VECTOR ( 'NONE', #977, 1000.000000000000000 ) ;
#1012 = CARTESIAN_POINT ( 'NONE',  ( 0.000000000000000000, -18.14999999999998792, 135.0000000000000000 ) ) ;
#1013 = VERTEX_POINT ( 'NONE', #878 ) ;
#1014 = CARTESIAN_POINT ( 'NONE',  ( 2.500000000000000000, 0.000000000000000000, 0.000000000000000000 ) ) ;
#1015 = EDGE_CURVE ( 'NONE', #623, #193, #1095, .T. ) ;
#1016 = CARTESIAN_POINT ( 'NONE',  ( 2.500000000000000000, -24.58500000000000441, 10.99999999999999645 ) ) ;
#1017 = DIRECTION ( 'NONE',  ( 1.000000000000000000, 0.000000000000000000, 0.000000000000000000 ) ) ;
#1018 = ADVANCED_FACE ( 'NONE', ( #643 ), #81, .F. ) ;
#1019 = CARTESIAN_POINT ( 'NONE',  ( 0.000000000000000000, 50.00000000000000000, 50.00000000000000711 ) ) ;
#1020 = APPLICATION_CONTEXT ( 'automotive_design' ) ;
#1021 = VERTEX_POINT ( 'NONE', #981 ) ;
#1022 = DIRECTION ( 'NONE',  ( -1.000000000000000000, 0.000000000000000000, 0.000000000000000000 ) ) ;
#1023 = ORIENTED_EDGE ( 'NONE', *, *, #535, .F. ) ;
#1024 = CARTESIAN_POINT ( 'NONE',  ( 2.500000000000000000, 28.59999999999973852, 25.59999999999995524 ) ) ;
#1025 = DIRECTION ( 'NONE',  ( -0.000000000000000000, 1.000000000000000000, -0.000000000000000000 ) ) ;
#1026 = VECTOR ( 'NONE', #1025, 1000.000000000000000 ) ;
#1027 = ORIENTED_EDGE ( 'NONE', *, *, #318, .T. ) ;
#1028 = ORIENTED_EDGE ( 'NONE', *, *, #909, .F. ) ;
#1029 = CARTESIAN_POINT ( 'NONE',  ( 2.500000000000000000, 7.900000000000018119, 162.0000000000000000 ) ) ;
#1030 = AXIS2_PLACEMENT_3D ( 'NONE', #958, #498, #1285 ) ;
#1031 = CARTESIAN_POINT ( 'NONE',  ( 0.000000000000000000, 31.39999999999965041, 25.59999999999995524 ) ) ;
#1032 = EDGE_CURVE ( 'NONE', #307, #437, #871, .T. ) ;
#1033 = VERTEX_POINT ( 'NONE', #198 ) ;
#1034 = EDGE_CURVE ( 'NONE', #1271, #82, #653, .T. ) ;
#1035 = ORIENTED_EDGE ( 'NONE', *, *, #989, .T. ) ;
#1036 = AXIS2_PLACEMENT_3D ( 'NONE', #1419, #1181, #864 ) ;
#1037 = CARTESIAN_POINT ( 'NONE',  ( 2.500000000000000000, 31.39999999999965041, 38.39999999999987779 ) ) ;
#1038 = DIRECTION ( 'NONE',  ( 0.000000000000000000, 1.000000000000000000, 4.625929269271487886E-16 ) ) ;
#1039 = EDGE_LOOP ( 'NONE', ( #858, #905, #90, #270 ) ) ;
#1040 = VECTOR ( 'NONE', #1128, 1000.000000000000000 ) ;
#1041 = EDGE_LOOP ( 'NONE', ( #219, #767, #963, #1238 ) ) ;
#1042 = CARTESIAN_POINT ( 'NONE',  ( 0.000000000000000000, 18.15000000000000924, 133.0000000000000000 ) ) ;
#1043 = FACE_OUTER_BOUND ( 'NONE', #1420, .T. ) ;
#1044 = EDGE_CURVE ( 'NONE', #1013, #325, #322, .T. ) ;
#1045 = DIRECTION ( 'NONE',  ( 0.000000000000000000, -1.000000000000000000, -1.239088197126328929E-15 ) ) ;
#1046 = ORIENTED_EDGE ( 'NONE', *, *, #428, .T. ) ;
#1047 = CIRCLE ( 'NONE', #744, 2.000000000000001776 ) ;
#1048 = DIRECTION ( 'NONE',  ( -1.000000000000000000, -0.000000000000000000, 0.000000000000000000 ) ) ;
#1049 = EDGE_CURVE ( 'NONE', #23, #1204, #139, .T. ) ;
#1050 = ADVANCED_FACE ( 'NONE', ( #1043 ), #1248, .F. ) ;
#1051 = FACE_BOUND ( 'NONE', #1163, .T. ) ;
#1052 =( NAMED_UNIT ( * ) SI_UNIT ( $, .STERADIAN. ) SOLID_ANGLE_UNIT ( ) );
#1053 = CARTESIAN_POINT ( 'NONE',  ( 2.500000000000000000, -34.99999999999999289, 170.0000000000000000 ) ) ;
#1054 = VERTEX_POINT ( 'NONE', #145 ) ;
#1055 = FACE_OUTER_BOUND ( 'NONE', #1454, .T. ) ;
#1056 = EDGE_CURVE ( 'NONE', #377, #378, #474, .T. ) ;
#1057 = CARTESIAN_POINT ( 'NONE',  ( 2.500000000000000000, -31.39999999999965041, 38.39999999999987779 ) ) ;
#1058 = CARTESIAN_POINT ( 'NONE',  ( 2.500000000000000000, -28.59999999999973852, 38.39999999999987068 ) ) ;
#1059 = VERTEX_POINT ( 'NONE', #789 ) ;
#1060 = ORIENTED_EDGE ( 'NONE', *, *, #832, .F. ) ;
#1061 = EDGE_LOOP ( 'NONE', ( #718, #611 ) ) ;
#1062 = CARTESIAN_POINT ( 'NONE',  ( 2.500000000000000000, 0.000000000000000000, 0.000000000000000000 ) ) ;
#1063 = CARTESIAN_POINT ( 'NONE',  ( 2.500000000000000000, -18.14999999999998792, 135.0000000000000000 ) ) ;
#1064 = DIRECTION ( 'NONE',  ( -1.000000000000000000, -0.000000000000000000, -0.000000000000000000 ) ) ;
#1065 = AXIS2_PLACEMENT_3D ( 'NONE', #402, #281, #516 ) ;
#1066 = VERTEX_POINT ( 'NONE', #601 ) ;
#1067 = AXIS2_PLACEMENT_3D ( 'NONE', #694, #1138, #1130 ) ;
#1068 = VERTEX_POINT ( 'NONE', #1031 ) ;
#1069 = AXIS2_PLACEMENT_3D ( 'NONE', #651, #1462, #1324 ) ;
#1070 = VECTOR ( 'NONE', #743, 1000.000000000000000 ) ;
#1071 = CARTESIAN_POINT ( 'NONE',  ( 2.500000000000000000, -28.59999999999973852, 38.39999999999987068 ) ) ;
#1072 = DIRECTION ( 'NONE',  ( 0.000000000000000000, 0.000000000000000000, -1.000000000000000000 ) ) ;
#1073 = CARTESIAN_POINT ( 'NONE',  ( 0.000000000000000000, 16.45681159420288608, 63.67658448722605868 ) ) ;
#1074 = EDGE_LOOP ( 'NONE', ( #648, #617, #1406, #349 ) ) ;
#1075 = VECTOR ( 'NONE', #85, 1000.000000000000000 ) ;
#1076 = EDGE_CURVE ( 'NONE', #752, #623, #43, .T. ) ;
#1077 = CARTESIAN_POINT ( 'NONE',  ( 2.500000000000000000, -35.00000000000001421, 50.00000000000000711 ) ) ;
#1078 = DIRECTION ( 'NONE',  ( 0.000000000000000000, 0.000000000000000000, 1.000000000000000000 ) ) ;
#1079 = CARTESIAN_POINT ( 'NONE',  ( 2.500000000000000000, 15.00000000000001421, 88.15000000000001990 ) ) ;
#1080 = FILL_AREA_STYLE ('',( #1413 ) ) ;
#1081 = ORIENTED_EDGE ( 'NONE', *, *, #616, .T. ) ;
#1082 = VERTEX_POINT ( 'NONE', #261 ) ;
#1083 = CARTESIAN_POINT ( 'NONE',  ( 2.500000000000000000, 50.00000000000000000, 0.000000000000000000 ) ) ;
#1084 = FACE_OUTER_BOUND ( 'NONE', #852, .T. ) ;
#1085 = LINE ( 'NONE', #424, #178 ) ;
#1086 = CARTESIAN_POINT ( 'NONE',  ( 0.000000000000000000, 31.39999999999965041, 25.59999999999995524 ) ) ;
#1087 = ORIENTED_EDGE ( 'NONE', *, *, #753, .F. ) ;
#1088 = VERTEX_POINT ( 'NONE', #117 ) ;
#1089 = LINE ( 'NONE', #1424, #571 ) ;
#1090 = ADVANCED_FACE ( 'NONE', ( #42 ), #904, .F. ) ;
#1091 = EDGE_CURVE ( 'NONE', #148, #1068, #703, .T. ) ;
#1092 = CYLINDRICAL_SURFACE ( 'NONE', #410, 2.000000000000001776 ) ;
#1093 = FACE_BOUND ( 'NONE', #572, .T. ) ;
#1094 = ADVANCED_FACE ( 'NONE', ( #376 ), #1263, .F. ) ;
#1095 = LINE ( 'NONE', #192, #448 ) ;
#1096 = EDGE_LOOP ( 'NONE', ( #1423, #898, #563, #982 ) ) ;
#1097 = ORIENTED_EDGE ( 'NONE', *, *, #92, .T. ) ;
#1098 = AXIS2_PLACEMENT_3D ( 'NONE', #1279, #1048, #380 ) ;
#1099 = FACE_OUTER_BOUND ( 'NONE', #576, .T. ) ;
#1100 = ORIENTED_EDGE ( 'NONE', *, *, #1049, .F. ) ;
#1101 = CARTESIAN_POINT ( 'NONE',  ( 2.500000000000000000, -7.899999999999985256, 162.0000000000000000 ) ) ;
#1102 = DIRECTION ( 'NONE',  ( 0.000000000000000000, 0.000000000000000000, -1.000000000000000000 ) ) ;
#1103 = ADVANCED_FACE ( 'NONE', ( #255 ), #1382, .F. ) ;
#1104 = CARTESIAN_POINT ( 'NONE',  ( 2.500000000000000000, 7.900000000000018119, 162.0000000000000000 ) ) ;
#1105 = AXIS2_PLACEMENT_3D ( 'NONE', #49, #396, #615 ) ;
#1106 = ORIENTED_EDGE ( 'NONE', *, *, #791, .T. ) ;
#1107 = DIRECTION ( 'NONE',  ( -1.000000000000000000, -0.000000000000000000, -0.000000000000000000 ) ) ;
#1108 = DIRECTION ( 'NONE',  ( -0.000000000000000000, -0.000000000000000000, 1.000000000000000000 ) ) ;
#1109 = CYLINDRICAL_SURFACE ( 'NONE', #1383, 2.000000000000001776 ) ;
#1110 = AXIS2_PLACEMENT_3D ( 'NONE', #1101, #649, #329 ) ;
#1111 = CARTESIAN_POINT ( 'NONE',  ( 0.000000000000000000, -14.99999999999999289, 90.00000000000001421 ) ) ;
#1112 = ORIENTED_EDGE ( 'NONE', *, *, #159, .F. ) ;
#1113 = ORIENTED_EDGE ( 'NONE', *, *, #208, .F. ) ;
#1114 = LINE ( 'NONE', #938, #1183 ) ;
#1115 = AXIS2_PLACEMENT_3D ( 'NONE', #449, #573, #1133 ) ;
#1116 = CARTESIAN_POINT ( 'NONE',  ( 2.500000000000000000, 18.15000000000000924, 137.0000000000000000 ) ) ;
#1117 = DIRECTION ( 'NONE',  ( 1.000000000000000000, -0.000000000000000000, -0.000000000000000000 ) ) ;
#1118 = AXIS2_PLACEMENT_3D ( 'NONE', #494, #950, #714 ) ;
#1119 = EDGE_CURVE ( 'NONE', #953, #1059, #821, .T. ) ;
#1120 = CARTESIAN_POINT ( 'NONE',  ( 2.500000000000000000, 35.00000000000001421, 170.0000000000000000 ) ) ;
#1121 = EDGE_LOOP ( 'NONE', ( #1007, #1327, #809, #411 ) ) ;
#1122 = EDGE_CURVE ( 'NONE', #363, #378, #1047, .T. ) ;
#1123 = CARTESIAN_POINT ( 'NONE',  ( 0.000000000000000000, -18.14999999999998792, 135.0000000000000000 ) ) ;
#1124 = CARTESIAN_POINT ( 'NONE',  ( 2.500000000000000000, 31.39999999999965041, 25.59999999999995524 ) ) ;
#1125 = ORIENTED_EDGE ( 'NONE', *, *, #1122, .F. ) ;
#1126 = CARTESIAN_POINT ( 'NONE',  ( 2.500000000000000000, -50.00000000000000711, 50.00000000000000000 ) ) ;
#1127 = ORIENTED_EDGE ( 'NONE', *, *, #666, .F. ) ;
#1128 = DIRECTION ( 'NONE',  ( 0.000000000000000000, 0.000000000000000000, -1.000000000000000000 ) ) ;
#1129 = DIRECTION ( 'NONE',  ( 1.000000000000000000, 0.000000000000000000, 0.000000000000000000 ) ) ;
#1130 = DIRECTION ( 'NONE',  ( 0.000000000000000000, 0.000000000000000000, -1.000000000000000000 ) ) ;
#1131 = FACE_OUTER_BOUND ( 'NONE', #1121, .T. ) ;
#1132 = EDGE_LOOP ( 'NONE', ( #1373, #1322, #1429, #1278 ) ) ;
#1133 = DIRECTION ( 'NONE',  ( 0.000000000000000000, 0.000000000000000000, -1.000000000000000000 ) ) ;
#1134 = ORIENTED_EDGE ( 'NONE', *, *, #684, .T. ) ;
#1135 = DIRECTION ( 'NONE',  ( -0.000000000000000000, -0.000000000000000000, 1.000000000000000000 ) ) ;
#1136 = DIRECTION ( 'NONE',  ( 1.000000000000000000, 0.000000000000000000, 0.000000000000000000 ) ) ;
#1137 = ADVANCED_FACE ( 'NONE', ( #1131 ), #367, .F. ) ;
#1138 = DIRECTION ( 'NONE',  ( -1.000000000000000000, -0.000000000000000000, 0.000000000000000000 ) ) ;
#1139 = VECTOR ( 'NONE', #778, 1000.000000000000000 ) ;
#1140 = EDGE_CURVE ( 'NONE', #529, #347, #840, .T. ) ;
#1141 = FACE_OUTER_BOUND ( 'NONE', #354, .T. ) ;
#1142 = ADVANCED_FACE ( 'NONE', ( #1141 ), #233, .F. ) ;
#1143 = AXIS2_PLACEMENT_3D ( 'NONE', #1325, #537, #1445 ) ;
#1144 = VERTEX_POINT ( 'NONE', #1019 ) ;
#1145 = EDGE_LOOP ( 'NONE', ( #392, #1176 ) ) ;
#1146 = PLANE ( 'NONE',  #210 ) ;
#1147 = CARTESIAN_POINT ( 'NONE',  ( 2.500000000000000000, -35.00000000000001421, 50.00000000000000711 ) ) ;
#1148 = VECTOR ( 'NONE', #531, 1000.000000000000000 ) ;
#1149 = VERTEX_POINT ( 'NONE', #14 ) ;
#1150 = ORIENTED_EDGE ( 'NONE', *, *, #54, .T. ) ;
#1151 = LINE ( 'NONE', #144, #705 ) ;
#1152 = EDGE_CURVE ( 'NONE', #1054, #235, #466, .T. ) ;
#1153 = CARTESIAN_POINT ( 'NONE',  ( 0.000000000000000000, 16.45681159420288608, 65.67658448722606579 ) ) ;
#1154 = ORIENTED_EDGE ( 'NONE', *, *, #387, .F. ) ;
#1155 = AXIS2_PLACEMENT_3D ( 'NONE', #464, #685, #1374 ) ;
#1156 = VERTEX_POINT ( 'NONE', #589 ) ;
#1157 = FACE_BOUND ( 'NONE', #463, .T. ) ;
#1158 = DIRECTION ( 'NONE',  ( 1.000000000000000000, 0.000000000000000000, 0.000000000000000000 ) ) ;
#1159 = PRODUCT_DEFINITION_CONTEXT ( 'detailed design', #1020, 'design' ) ;
#1160 = LINE ( 'NONE', #61, #510 ) ;
#1161 = CIRCLE ( 'NONE', #1069, 2.000000000000001776 ) ;
#1162 = EDGE_CURVE ( 'NONE', #156, #691, #386, .T. ) ;
#1163 = EDGE_LOOP ( 'NONE', ( #436, #940 ) ) ;
#1164 = FACE_OUTER_BOUND ( 'NONE', #946, .T. ) ;
#1165 = EDGE_CURVE ( 'NONE', #683, #1066, #959, .T. ) ;
#1166 = LINE ( 'NONE', #394, #416 ) ;
#1167 = EDGE_LOOP ( 'NONE', ( #844, #1035, #269, #1362 ) ) ;
#1168 = ORIENTED_EDGE ( 'NONE', *, *, #785, .T. ) ;
#1169 = VERTEX_POINT ( 'NONE', #1394 ) ;
#1170 = CYLINDRICAL_SURFACE ( 'NONE', #962, 1.850000000000004530 ) ;
#1171 = VECTOR ( 'NONE', #306, 1000.000000000000000 ) ;
#1172 = CARTESIAN_POINT ( 'NONE',  ( 2.500000000000000000, 7.900000000000018119, 162.0000000000000000 ) ) ;
#1173 = DIRECTION ( 'NONE',  ( -1.000000000000000000, 0.000000000000000000, 0.000000000000000000 ) ) ;
#1174 = CARTESIAN_POINT ( 'NONE',  ( 0.000000000000000000, -24.99999999999998579, 88.15000000000001990 ) ) ;
#1175 = ORIENTED_EDGE ( 'NONE', *, *, #832, .T. ) ;
#1176 = ORIENTED_EDGE ( 'NONE', *, *, #1311, .T. ) ;
#1177 = AXIS2_PLACEMENT_3D ( 'NONE', #1029, #110, #458 ) ;
#1178 = FACE_BOUND ( 'NONE', #362, .T. ) ;
#1179 = FACE_OUTER_BOUND ( 'NONE', #1041, .T. ) ;
#1180 = EDGE_CURVE ( 'NONE', #1386, #477, #395, .T. ) ;
#1181 = DIRECTION ( 'NONE',  ( -1.000000000000000000, 0.000000000000000000, 0.000000000000000000 ) ) ;
#1182 = EDGE_CURVE ( 'NONE', #397, #301, #1404, .T. ) ;
#1183 = VECTOR ( 'NONE', #795, 1000.000000000000000 ) ;
#1184 = ORIENTED_EDGE ( 'NONE', *, *, #725, .F. ) ;
#1185 = AXIS2_PLACEMENT_3D ( 'NONE', #123, #1351, #1136 ) ;
#1186 = VECTOR ( 'NONE', #850, 1000.000000000000000 ) ;
#1187 = CARTESIAN_POINT ( 'NONE',  ( 2.500000000000000000, -14.99999999999998757, 91.85000000000000853 ) ) ;
#1188 = CARTESIAN_POINT ( 'NONE',  ( 2.500000000000000000, -14.99999999999998757, 91.85000000000000853 ) ) ;
#1189 = DIRECTION ( 'NONE',  ( 0.000000000000000000, 0.000000000000000000, -1.000000000000000000 ) ) ;
#1190 = CARTESIAN_POINT ( 'NONE',  ( 2.500000000000000000, 24.58499999999999375, 15.00000000000000355 ) ) ;
#1191 = ORIENTED_EDGE ( 'NONE', *, *, #1034, .F. ) ;
#1192 = ORIENTED_EDGE ( 'NONE', *, *, #1371, .F. ) ;
#1193 = VECTOR ( 'NONE', #677, 1000.000000000000000 ) ;
#1194 = VERTEX_POINT ( 'NONE', #59 ) ;
#1195 = CARTESIAN_POINT ( 'NONE',  ( 0.000000000000000000, -14.99999999999998757, 91.85000000000000853 ) ) ;
#1196 = DIRECTION ( 'NONE',  ( -0.000000000000000000, -0.000000000000000000, 1.000000000000000000 ) ) ;
#1197 = DIRECTION ( 'NONE',  ( -1.000000000000000000, 0.000000000000000000, 0.000000000000000000 ) ) ;
#1198 = DIRECTION ( 'NONE',  ( 0.000000000000000000, 0.000000000000000000, -1.000000000000000000 ) ) ;
#1199 = ORIENTED_EDGE ( 'NONE', *, *, #1044, .F. ) ;
#1200 = ADVANCED_FACE ( 'NONE', ( #1179 ), #1410, .F. ) ;
#1201 = ORIENTED_EDGE ( 'NONE', *, *, #989, .F. ) ;
#1202 = EDGE_CURVE ( 'NONE', #1204, #618, #286, .T. ) ;
#1203 = PLANE ( 'NONE',  #136 ) ;
#1204 = VERTEX_POINT ( 'NONE', #1300 ) ;
#1205 = ADVANCED_FACE ( 'NONE', ( #627 ), #265, .F. ) ;
#1206 = CARTESIAN_POINT ( 'NONE',  ( 0.000000000000000000, 16.45681159420288608, 67.67658448722606579 ) ) ;
#1207 = DIRECTION ( 'NONE',  ( 0.000000000000000000, -0.000000000000000000, -1.000000000000000000 ) ) ;
#1208 = DIRECTION ( 'NONE',  ( -1.000000000000000000, -0.000000000000000000, -0.000000000000000000 ) ) ;
#1209 = VERTEX_POINT ( 'NONE', #827 ) ;
#1210 = ORIENTED_EDGE ( 'NONE', *, *, #21, .F. ) ;
#1211 = EDGE_CURVE ( 'NONE', #1246, #618, #942, .T. ) ;
#1212 = CARTESIAN_POINT ( 'NONE',  ( 0.000000000000000000, 24.58499999999999375, 10.99999999999999645 ) ) ;
#1213 = VERTEX_POINT ( 'NONE', #620 ) ;
#1214 = VECTOR ( 'NONE', #1208, 1000.000000000000000 ) ;
#1215 = CARTESIAN_POINT ( 'NONE',  ( 0.000000000000000000, -12.70318840579711051, 65.67658448722606579 ) ) ;
#1216 = CARTESIAN_POINT ( 'NONE',  ( 2.500000000000000000, 24.58499999999999375, 13.00000000000000000 ) ) ;
#1217 = CARTESIAN_POINT ( 'NONE',  ( 0.000000000000000000, 31.39999999999965041, 38.39999999999987779 ) ) ;
#1218 = EDGE_LOOP ( 'NONE', ( #324, #610, #91, #802 ) ) ;
#1219 = ORIENTED_EDGE ( 'NONE', *, *, #221, .T. ) ;
#1220 = VECTOR ( 'NONE', #726, 1000.000000000000000 ) ;
#1221 = FACE_OUTER_BOUND ( 'NONE', #1039, .T. ) ;
#1222 = VECTOR ( 'NONE', #747, 1000.000000000000000 ) ;
#1223 = CARTESIAN_POINT ( 'NONE',  ( 2.500000000000000000, 31.39999999999965041, 25.59999999999995524 ) ) ;
#1224 = FACE_OUTER_BOUND ( 'NONE', #340, .T. ) ;
#1225 = LINE ( 'NONE', #1004, #1433 ) ;
#1226 = CIRCLE ( 'NONE', #549, 2.000000000000001776 ) ;
#1227 = ORIENTED_EDGE ( 'NONE', *, *, #1439, .F. ) ;
#1228 = ORIENTED_EDGE ( 'NONE', *, *, #881, .F. ) ;
#1229 = DIRECTION ( 'NONE',  ( -1.000000000000000000, -0.000000000000000000, 0.000000000000000000 ) ) ;
#1230 = DIRECTION ( 'NONE',  ( 0.000000000000000000, 1.000000000000000000, 1.239088197126328929E-15 ) ) ;
#1231 = DIRECTION ( 'NONE',  ( -0.000000000000000000, -0.000000000000000000, -1.000000000000000000 ) ) ;
#1232 = VECTOR ( 'NONE', #94, 1000.000000000000000 ) ;
#1233 = CARTESIAN_POINT ( 'NONE',  ( 2.500000000000000000, -24.99999999999998579, 88.15000000000001990 ) ) ;
#1234 = EDGE_CURVE ( 'NONE', #1213, #724, #1388, .T. ) ;
#1235 = EDGE_LOOP ( 'NONE', ( #112, #45, #591, #1046 ) ) ;
#1236 = ORIENTED_EDGE ( 'NONE', *, *, #686, .T. ) ;
#1237 = LINE ( 'NONE', #236, #379 ) ;
#1238 = ORIENTED_EDGE ( 'NONE', *, *, #365, .T. ) ;
#1239 = CARTESIAN_POINT ( 'NONE',  ( 0.000000000000000000, 28.59999999999973852, 38.39999999999987779 ) ) ;
#1240 = CARTESIAN_POINT ( 'NONE',  ( 0.000000000000000000, -50.00000000000000000, 0.000000000000000000 ) ) ;
#1241 = VECTOR ( 'NONE', #1343, 1000.000000000000000 ) ;
#1242 = CIRCLE ( 'NONE', #605, 2.000000000000001776 ) ;
#1243 = DIRECTION ( 'NONE',  ( -1.000000000000000000, -0.000000000000000000, 0.000000000000000000 ) ) ;
#1244 = ORIENTED_EDGE ( 'NONE', *, *, #1015, .F. ) ;
#1245 = CARTESIAN_POINT ( 'NONE',  ( 0.000000000000000000, 7.900000000000018119, 160.0000000000000000 ) ) ;
#1246 = VERTEX_POINT ( 'NONE', #273 ) ;
#1247 = DIRECTION ( 'NONE',  ( 1.000000000000000000, -0.000000000000000000, -0.000000000000000000 ) ) ;
#1248 = PLANE ( 'NONE',  #254 ) ;
#1249 = ORIENTED_EDGE ( 'NONE', *, *, #909, .T. ) ;
#1250 = CARTESIAN_POINT ( 'NONE',  ( 0.000000000000000000, -14.99999999999998757, 91.85000000000000853 ) ) ;
#1251 = EDGE_LOOP ( 'NONE', ( #1347, #1296 ) ) ;
#1252 = ADVANCED_FACE ( 'NONE', ( #67 ), #856, .F. ) ;
#1253 = CYLINDRICAL_SURFACE ( 'NONE', #1177, 2.000000000000001776 ) ;
#1254 = EDGE_CURVE ( 'NONE', #325, #593, #299, .T. ) ;
#1255 = CARTESIAN_POINT ( 'NONE',  ( 2.500000000000000000, 18.15000000000000924, 135.0000000000000000 ) ) ;
#1256 = ORIENTED_EDGE ( 'NONE', *, *, #1180, .T. ) ;
#1257 = ORIENTED_EDGE ( 'NONE', *, *, #616, .F. ) ;
#1258 = CARTESIAN_POINT ( 'NONE',  ( 2.500000000000000000, -31.39999999999965041, 25.59999999999995879 ) ) ;
#1259 = DIRECTION ( 'NONE',  ( -1.000000000000000000, -0.000000000000000000, -0.000000000000000000 ) ) ;
#1260 = DIRECTION ( 'NONE',  ( 1.000000000000000000, 0.000000000000000000, 0.000000000000000000 ) ) ;
#1261 = AXIS2_PLACEMENT_3D ( 'NONE', #389, #287, #1402 ) ;
#1262 = CIRCLE ( 'NONE', #1456, 2.000000000000001776 ) ;
#1263 = PLANE ( 'NONE',  #863 ) ;
#1264 = VECTOR ( 'NONE', #708, 1000.000000000000000 ) ;
#1265 = ORIENTED_EDGE ( 'NONE', *, *, #491, .T. ) ;
#1266 = ORIENTED_EDGE ( 'NONE', *, *, #545, .F. ) ;
#1267 = DIRECTION ( 'NONE',  ( 0.000000000000000000, -1.387778780781445676E-16, 1.000000000000000000 ) ) ;
#1268 = DIRECTION ( 'NONE',  ( 0.000000000000000000, 4.625929269271487886E-16, -1.000000000000000000 ) ) ;
#1269 = VECTOR ( 'NONE', #1416, 1000.000000000000000 ) ;
#1270 = ORIENTED_EDGE ( 'NONE', *, *, #1049, .T. ) ;
#1271 = VERTEX_POINT ( 'NONE', #174 ) ;
#1272 = DIRECTION ( 'NONE',  ( 0.000000000000000000, 0.000000000000000000, 1.000000000000000000 ) ) ;
#1273 = DIRECTION ( 'NONE',  ( 0.000000000000000000, -0.000000000000000000, -1.000000000000000000 ) ) ;
#1274 = EDGE_CURVE ( 'NONE', #947, #290, #83, .T. ) ;
#1275 = DIRECTION ( 'NONE',  ( 1.000000000000000000, -0.000000000000000000, -0.000000000000000000 ) ) ;
#1276 = ORIENTED_EDGE ( 'NONE', *, *, #92, .F. ) ;
#1277 = EDGE_CURVE ( 'NONE', #808, #412, #252, .T. ) ;
#1278 = ORIENTED_EDGE ( 'NONE', *, *, #1274, .T. ) ;
#1279 = CARTESIAN_POINT ( 'NONE',  ( 2.500000000000000000, 25.00000000000000711, 90.00000000000001421 ) ) ;
#1280 = DIRECTION ( 'NONE',  ( -0.000000000000000000, 0.000000000000000000, 1.000000000000000000 ) ) ;
#1281 = DIRECTION ( 'NONE',  ( -0.000000000000000000, -1.000000000000000000, -0.000000000000000000 ) ) ;
#1282 =( GEOMETRIC_REPRESENTATION_CONTEXT ( 3 ) GLOBAL_UNCERTAINTY_ASSIGNED_CONTEXT ( ( #506 ) ) GLOBAL_UNIT_ASSIGNED_CONTEXT ( ( #20, #568, #902 ) ) REPRESENTATION_CONTEXT ( 'NONE', 'WORKASPACE' ) );
#1283 = EDGE_LOOP ( 'NONE', ( #1127, #1257, #584, #867 ) ) ;
#1284 = ORIENTED_EDGE ( 'NONE', *, *, #1211, .T. ) ;
#1285 = DIRECTION ( 'NONE',  ( 0.000000000000000000, 0.000000000000000000, -1.000000000000000000 ) ) ;
#1286 = FACE_BOUND ( 'NONE', #421, .T. ) ;
#1287 = CIRCLE ( 'NONE', #659, 2.000000000000001776 ) ;
#1288 = DIRECTION ( 'NONE',  ( -1.000000000000000000, -0.000000000000000000, -0.000000000000000000 ) ) ;
#1289 = LINE ( 'NONE', #1174, #954 ) ;
#1290 = ORIENTED_EDGE ( 'NONE', *, *, #791, .F. ) ;
#1291 = FACE_BOUND ( 'NONE', #218, .T. ) ;
#1292 = CIRCLE ( 'NONE', #165, 1.850000000000004530 ) ;
#1293 = EDGE_CURVE ( 'NONE', #712, #437, #1166, .T. ) ;
#1294 = CARTESIAN_POINT ( 'NONE',  ( 0.000000000000000000, 24.58499999999999375, 13.00000000000000000 ) ) ;
#1295 = ORIENTED_EDGE ( 'NONE', *, *, #1274, .F. ) ;
#1296 = ORIENTED_EDGE ( 'NONE', *, *, #903, .T. ) ;
#1297 = AXIS2_PLACEMENT_3D ( 'NONE', #901, #786, #344 ) ;
#1298 = PLANE ( 'NONE',  #4 ) ;
#1299 = CARTESIAN_POINT ( 'NONE',  ( 0.000000000000000000, -7.899999999999985256, 164.0000000000000000 ) ) ;
#1300 = CARTESIAN_POINT ( 'NONE',  ( 2.500000000000000000, -35.00000000000001421, 50.00000000000000711 ) ) ;
#1301 = CARTESIAN_POINT ( 'NONE',  ( 2.500000000000000000, -28.59999999999973852, 38.39999999999987068 ) ) ;
#1302 = EDGE_LOOP ( 'NONE', ( #1081, #75 ) ) ;
#1303 = ORIENTED_EDGE ( 'NONE', *, *, #930, .F. ) ;
#1304 = ORIENTED_EDGE ( 'NONE', *, *, #1180, .F. ) ;
#1305 = CIRCLE ( 'NONE', #1332, 1.850000000000004530 ) ;
#1306 = DIRECTION ( 'NONE',  ( -0.000000000000000000, -1.000000000000000000, -0.000000000000000000 ) ) ;
#1307 = DIRECTION ( 'NONE',  ( -0.000000000000000000, -1.000000000000000000, -0.000000000000000000 ) ) ;
#1308 = DIRECTION ( 'NONE',  ( 1.000000000000000000, 0.000000000000000000, 0.000000000000000000 ) ) ;
#1309 = ADVANCED_FACE ( 'NONE', ( #842, #1286, #522, #408, #1051, #48, #280, #729, #170, #665, #1093, #441, #1224 ), #216, .F. ) ;
#1310 = DIRECTION ( 'NONE',  ( -1.000000000000000000, -0.000000000000000000, -0.000000000000000000 ) ) ;
#1311 = EDGE_CURVE ( 'NONE', #1338, #1156, #1331, .T. ) ;
#1312 = ORIENTED_EDGE ( 'NONE', *, *, #405, .T. ) ;
#1313 = VERTEX_POINT ( 'NONE', #886 ) ;
#1314 = CARTESIAN_POINT ( 'NONE',  ( 0.000000000000000000, -18.14999999999998792, 133.0000000000000000 ) ) ;
#1315 = ORIENTED_EDGE ( 'NONE', *, *, #405, .F. ) ;
#1316 = DIRECTION ( 'NONE',  ( 0.000000000000000000, 0.000000000000000000, -1.000000000000000000 ) ) ;
#1317 = FACE_OUTER_BOUND ( 'NONE', #915, .T. ) ;
#1318 = DIRECTION ( 'NONE',  ( -0.000000000000000000, 1.000000000000000000, -0.000000000000000000 ) ) ;
#1319 = ORIENTED_EDGE ( 'NONE', *, *, #383, .T. ) ;
#1320 = VERTEX_POINT ( 'NONE', #95 ) ;
#1321 = CARTESIAN_POINT ( 'NONE',  ( 0.000000000000000000, 28.59999999999973852, 38.39999999999987779 ) ) ;
#1322 = ORIENTED_EDGE ( 'NONE', *, *, #121, .F. ) ;
#1323 = FACE_OUTER_BOUND ( 'NONE', #1283, .T. ) ;
#1324 = DIRECTION ( 'NONE',  ( 0.000000000000000000, 0.000000000000000000, -1.000000000000000000 ) ) ;
#1325 = CARTESIAN_POINT ( 'NONE',  ( 2.500000000000000000, 35.00000000000001421, 50.00000000000000711 ) ) ;
#1326 = ORIENTED_EDGE ( 'NONE', *, *, #1202, .F. ) ;
#1327 = ORIENTED_EDGE ( 'NONE', *, *, #238, .T. ) ;
#1328 = VECTOR ( 'NONE', #715, 1000.000000000000000 ) ;
#1329 = CIRCLE ( 'NONE', #1067, 1.850000000000004530 ) ;
#1330 = CARTESIAN_POINT ( 'NONE',  ( 2.500000000000000000, 35.00000000000001421, 50.00000000000000711 ) ) ;
#1331 = CIRCLE ( 'NONE', #817, 2.000000000000001776 ) ;
#1332 = AXIS2_PLACEMENT_3D ( 'NONE', #96, #443, #570 ) ;
#1333 = CARTESIAN_POINT ( 'NONE',  ( 0.000000000000000000, -31.39999999999965041, 38.39999999999987779 ) ) ;
#1334 = DIRECTION ( 'NONE',  ( -1.000000000000000000, -0.000000000000000000, -0.000000000000000000 ) ) ;
#1335 = CARTESIAN_POINT ( 'NONE',  ( 0.000000000000000000, -18.14999999999998792, 137.0000000000000000 ) ) ;
#1336 = CARTESIAN_POINT ( 'NONE',  ( 0.000000000000000000, 24.58499999999999375, 13.00000000000000000 ) ) ;
#1337 = VERTEX_POINT ( 'NONE', #534 ) ;
#1338 = VERTEX_POINT ( 'NONE', #973 ) ;
#1339 = CARTESIAN_POINT ( 'NONE',  ( 0.000000000000000000, -28.59999999999973852, 38.39999999999987068 ) ) ;
#1340 = AXIS2_PLACEMENT_3D ( 'NONE', #949, #820, #1267 ) ;
#1341 = ADVANCED_FACE ( 'NONE', ( #415 ), #223, .F. ) ;
#1342 = CYLINDRICAL_SURFACE ( 'NONE', #670, 2.000000000000001776 ) ;
#1343 = DIRECTION ( 'NONE',  ( 1.000000000000000000, -0.000000000000000000, -0.000000000000000000 ) ) ;
#1344 = EDGE_CURVE ( 'NONE', #777, #872, #514, .T. ) ;
#1345 = FACE_OUTER_BOUND ( 'NONE', #578, .T. ) ;
#1346 = ORIENTED_EDGE ( 'NONE', *, *, #1293, .T. ) ;
#1347 = ORIENTED_EDGE ( 'NONE', *, *, #1421, .T. ) ;
#1348 = CARTESIAN_POINT ( 'NONE',  ( 2.500000000000000000, 25.00000000000001421, 88.15000000000001990 ) ) ;
#1349 = EDGE_LOOP ( 'NONE', ( #149, #548, #1184, #825 ) ) ;
#1350 = CARTESIAN_POINT ( 'NONE',  ( 0.000000000000000000, 24.58499999999999375, 10.99999999999999645 ) ) ;
#1351 = DIRECTION ( 'NONE',  ( 0.000000000000000000, 0.000000000000000000, 1.000000000000000000 ) ) ;
#1352 = CARTESIAN_POINT ( 'NONE',  ( 2.500000000000000000, 16.45681159420288608, 65.67658448722606579 ) ) ;
#1353 = DIRECTION ( 'NONE',  ( 0.000000000000000000, -1.734723475976807094E-16, -1.000000000000000000 ) ) ;
#1354 = ORIENTED_EDGE ( 'NONE', *, *, #1437, .F. ) ;
#1355 = LINE ( 'NONE', #348, #1139 ) ;
#1356 = ORIENTED_EDGE ( 'NONE', *, *, #684, .F. ) ;
#1357 = DIRECTION ( 'NONE',  ( -1.000000000000000000, 0.000000000000000000, 0.000000000000000000 ) ) ;
#1358 = AXIS2_PLACEMENT_3D ( 'NONE', #207, #673, #1427 ) ;
#1359 = DIRECTION ( 'NONE',  ( 1.000000000000000000, -0.000000000000000000, -0.000000000000000000 ) ) ;
#1360 = EDGE_CURVE ( 'NONE', #712, #148, #877, .T. ) ;
#1361 = ADVANCED_FACE ( 'NONE', ( #870 ), #1109, .F. ) ;
#1362 = ORIENTED_EDGE ( 'NONE', *, *, #499, .T. ) ;
#1363 = ADVANCED_FACE ( 'NONE', ( #1001 ), #304, .F. ) ;
#1364 = CARTESIAN_POINT ( 'NONE',  ( 0.000000000000000000, -35.00000000000001421, 50.00000000000000711 ) ) ;
#1365 = ORIENTED_EDGE ( 'NONE', *, *, #1091, .F. ) ;
#1366 = AXIS2_PLACEMENT_3D ( 'NONE', #908, #1357, #797 ) ;
#1367 = FACE_OUTER_BOUND ( 'NONE', #948, .T. ) ;
#1368 = SHAPE_DEFINITION_REPRESENTATION ( #24, #388 ) ;
#1369 = DIRECTION ( 'NONE',  ( -1.000000000000000000, -0.000000000000000000, -0.000000000000000000 ) ) ;
#1370 = MECHANICAL_DESIGN_GEOMETRIC_PRESENTATION_REPRESENTATION (  '', ( #175 ), #1417 ) ;
#1371 = EDGE_CURVE ( 'NONE', #290, #947, #1161, .T. ) ;
#1372 = VERTEX_POINT ( 'NONE', #1436 ) ;
#1373 = ORIENTED_EDGE ( 'NONE', *, *, #686, .F. ) ;
#1374 = DIRECTION ( 'NONE',  ( 0.000000000000000000, 0.000000000000000000, -1.000000000000000000 ) ) ;
#1375 = CARTESIAN_POINT ( 'NONE',  ( 0.000000000000000000, -12.70318840579711051, 65.67658448722606579 ) ) ;
#1376 = VECTOR ( 'NONE', #1108, 1000.000000000000000 ) ;
#1377 = ORIENTED_EDGE ( 'NONE', *, *, #1277, .F. ) ;
#1378 = ORIENTED_EDGE ( 'NONE', *, *, #161, .F. ) ;
#1379 = DIRECTION ( 'NONE',  ( 0.000000000000000000, 0.000000000000000000, -1.000000000000000000 ) ) ;
#1380 = DIRECTION ( 'NONE',  ( 1.000000000000000000, 0.000000000000000000, 0.000000000000000000 ) ) ;
#1381 = VECTOR ( 'NONE', #682, 1000.000000000000000 ) ;
#1382 = PLANE ( 'NONE',  #654 ) ;
#1383 = AXIS2_PLACEMENT_3D ( 'NONE', #102, #558, #1102 ) ;
#1384 = PRODUCT_DEFINITION ( 'UNKNOWN', '', #978, #1159 ) ;
#1385 = ORIENTED_EDGE ( 'NONE', *, *, #987, .T. ) ;
#1386 = VERTEX_POINT ( 'NONE', #451 ) ;
#1387 = DIRECTION ( 'NONE',  ( 1.000000000000000000, -0.000000000000000000, -0.000000000000000000 ) ) ;
#1388 = LINE ( 'NONE', #162, #1186 ) ;
#1389 = UNCERTAINTY_MEASURE_WITH_UNIT (LENGTH_MEASURE( 1.000000000000000082E-05 ), #163, 'distance_accuracy_value', 'NONE');
#1390 = EDGE_CURVE ( 'NONE', #490, #1441, #1085, .T. ) ;
#1391 = CARTESIAN_POINT ( 'NONE',  ( 2.500000000000000000, 15.00000000000000888, 90.00000000000001421 ) ) ;
#1392 = ORIENTED_EDGE ( 'NONE', *, *, #912, .T. ) ;
#1393 = CARTESIAN_POINT ( 'NONE',  ( 0.000000000000000000, 31.39999999999965041, 38.39999999999987779 ) ) ;
#1394 = CARTESIAN_POINT ( 'NONE',  ( 2.500000000000000000, -31.39999999999965041, 25.59999999999995879 ) ) ;
#1395 = CARTESIAN_POINT ( 'NONE',  ( 2.500000000000000000, 25.00000000000001421, 88.15000000000001990 ) ) ;
#1396 = APPLICATION_CONTEXT ( 'automotive_design' ) ;
#1397 = EDGE_LOOP ( 'NONE', ( #1256, #976, #1356, #524 ) ) ;
#1398 = ORIENTED_EDGE ( 'NONE', *, *, #728, .F. ) ;
#1399 = DIRECTION ( 'NONE',  ( 1.000000000000000000, 0.000000000000000000, 0.000000000000000000 ) ) ;
#1400 = ADVANCED_FACE ( 'NONE', ( #995 ), #895, .F. ) ;
#1401 = CARTESIAN_POINT ( 'NONE',  ( 2.500000000000000000, -12.70318840579711051, 65.67658448722606579 ) ) ;
#1402 = DIRECTION ( 'NONE',  ( -1.000000000000000000, 0.000000000000000000, -0.000000000000000000 ) ) ;
#1403 = LINE ( 'NONE', #50, #176 ) ;
#1404 = CIRCLE ( 'NONE', #766, 2.000000000000003553 ) ;
#1405 = EDGE_CURVE ( 'NONE', #461, #363, #330, .T. ) ;
#1406 = ORIENTED_EDGE ( 'NONE', *, *, #839, .F. ) ;
#1407 = ORIENTED_EDGE ( 'NONE', *, *, #640, .T. ) ;
#1408 = EDGE_CURVE ( 'NONE', #1144, #662, #73, .T. ) ;
#1409 = CYLINDRICAL_SURFACE ( 'NONE', #1030, 2.000000000000001776 ) ;
#1410 = CYLINDRICAL_SURFACE ( 'NONE', #131, 2.000000000000001776 ) ;
#1411 = CIRCLE ( 'NONE', #1366, 2.000000000000001776 ) ;
#1412 = VECTOR ( 'NONE', #860, 1000.000000000000000 ) ;
#1413 = FILL_AREA_STYLE_COLOUR ( '', #814 ) ;
#1414 = ORIENTED_EDGE ( 'NONE', *, *, #945, .F. ) ;
#1415 = ORIENTED_EDGE ( 'NONE', *, *, #501, .T. ) ;
#1416 = DIRECTION ( 'NONE',  ( 1.000000000000000000, -0.000000000000000000, -0.000000000000000000 ) ) ;
#1417 =( GEOMETRIC_REPRESENTATION_CONTEXT ( 3 ) GLOBAL_UNCERTAINTY_ASSIGNED_CONTEXT ( ( #1389 ) ) GLOBAL_UNIT_ASSIGNED_CONTEXT ( ( #163, #857, #1052 ) ) REPRESENTATION_CONTEXT ( 'NONE', 'WORKASPACE' ) );
#1418 = DIRECTION ( 'NONE',  ( -0.000000000000000000, -1.000000000000000000, -0.000000000000000000 ) ) ;
#1419 = CARTESIAN_POINT ( 'NONE',  ( 0.000000000000000000, -7.899999999999985256, 162.0000000000000000 ) ) ;
#1420 = EDGE_LOOP ( 'NONE', ( #847, #258, #782, #631 ) ) ;
#1421 = EDGE_CURVE ( 'NONE', #939, #1213, #63, .T. ) ;
#1422 = ORIENTED_EDGE ( 'NONE', *, *, #346, .T. ) ;
#1423 = ORIENTED_EDGE ( 'NONE', *, *, #327, .F. ) ;
#1424 = CARTESIAN_POINT ( 'NONE',  ( 0.000000000000000000, -12.70318840579711051, 63.67658448722605868 ) ) ;
#1425 = ADVANCED_FACE ( 'NONE', ( #1317 ), #311, .F. ) ;
#1426 = LINE ( 'NONE', #1000, #194 ) ;
#1427 = DIRECTION ( 'NONE',  ( 0.000000000000000000, 0.000000000000000000, -1.000000000000000000 ) ) ;
#1428 = LINE ( 'NONE', #502, #215 ) ;
#1429 = ORIENTED_EDGE ( 'NONE', *, *, #545, .T. ) ;
#1430 = AXIS2_PLACEMENT_3D ( 'NONE', #763, #757, #986 ) ;
#1431 = ORIENTED_EDGE ( 'NONE', *, *, #157, .F. ) ;
#1432 = AXIS2_PLACEMENT_3D ( 'NONE', #869, #641, #319 ) ;
#1433 = VECTOR ( 'NONE', #1463, 1000.000000000000000 ) ;
#1434 = CARTESIAN_POINT ( 'NONE',  ( 0.000000000000000000, -24.58500000000000441, 13.00000000000000000 ) ) ;
#1435 = LINE ( 'NONE', #855, #974 ) ;
#1436 = CARTESIAN_POINT ( 'NONE',  ( 0.000000000000000000, -31.39999999999965041, 38.39999999999987779 ) ) ;
#1437 = EDGE_CURVE ( 'NONE', #866, #447, #790, .T. ) ;
#1438 = CARTESIAN_POINT ( 'NONE',  ( 2.500000000000000000, -28.59999999999973852, 25.59999999999996234 ) ) ;
#1439 = EDGE_CURVE ( 'NONE', #1194, #1372, #787, .T. ) ;
#1440 = VERTEX_POINT ( 'NONE', #465 ) ;
#1441 = VERTEX_POINT ( 'NONE', #1240 ) ;
#1442 = CARTESIAN_POINT ( 'NONE',  ( 2.500000000000000000, -24.58500000000000441, 15.00000000000000355 ) ) ;
#1443 = DIRECTION ( 'NONE',  ( 1.000000000000000000, -0.000000000000000000, -0.000000000000000000 ) ) ;
#1444 = CARTESIAN_POINT ( 'NONE',  ( 2.500000000000000000, 7.900000000000018119, 162.0000000000000000 ) ) ;
#1445 = DIRECTION ( 'NONE',  ( 0.000000000000000000, -0.000000000000000000, -1.000000000000000000 ) ) ;
#1446 = ORIENTED_EDGE ( 'NONE', *, *, #1162, .T. ) ;
#1447 = EDGE_LOOP ( 'NONE', ( #776, #133, #737, #1199 ) ) ;
#1448 = CARTESIAN_POINT ( 'NONE',  ( 0.000000000000000000, -31.39999999999965041, 25.59999999999995879 ) ) ;
#1449 = CARTESIAN_POINT ( 'NONE',  ( 2.500000000000000000, 28.59999999999973852, 25.59999999999995524 ) ) ;
#1450 = DIRECTION ( 'NONE',  ( -1.000000000000000000, -0.000000000000000000, -0.000000000000000000 ) ) ;
#1451 = PRODUCT_RELATED_PRODUCT_CATEGORY ( 'part', '', ( #244 ) ) ;
#1452 = LINE ( 'NONE', #312, #1214 ) ;
#1453 = ORIENTED_EDGE ( 'NONE', *, *, #930, .T. ) ;
#1454 = EDGE_LOOP ( 'NONE', ( #603, #368, #105, #1446 ) ) ;
#1455 = CIRCLE ( 'NONE', #1115, 2.000000000000003553 ) ;
#1456 = AXIS2_PLACEMENT_3D ( 'NONE', #1352, #1017, #975 ) ;
#1457 = PLANE ( 'NONE',  #295 ) ;
#1458 = EDGE_CURVE ( 'NONE', #301, #397, #152, .T. ) ;
#1459 = VECTOR ( 'NONE', #1259, 1000.000000000000000 ) ;
#1460 = AXIS2_PLACEMENT_3D ( 'NONE', #1153, #345, #807 ) ;
#1461 = LINE ( 'NONE', #979, #887 ) ;
#1462 = DIRECTION ( 'NONE',  ( 1.000000000000000000, 0.000000000000000000, 0.000000000000000000 ) ) ;
#1463 = DIRECTION ( 'NONE',  ( -0.000000000000000000, -1.000000000000000000, -0.000000000000000000 ) ) ;
ENDSEC;
END-ISO-10303-21;
