ISO-10303-21;
HEADER;
FILE_DESCRIPTION (( 'STEP AP214' ),
    '1' );
FILE_NAME ('motor gear.STEP',
    '2026-08-22T18:33:42',
    ( '' ),
    ( '' ),
    'SwSTEP 2.0',
    'SolidWorks 2025',
    '' );
FILE_SCHEMA (( 'AUTOMOTIVE_DESIGN' ));
ENDSEC;

DATA;
#1 = VECTOR ( 'NONE', #1527, 39.37007874015748143 ) ;
#2 = DIRECTION ( 'NONE',  ( 0.000000000000000000, 0.000000000000000000, 1.000000000000000000 ) ) ;
#3 = DIRECTION ( 'NONE',  ( -1.000000000000000000, 0.000000000000000000, 0.000000000000000000 ) ) ;
#4 = AXIS2_PLACEMENT_3D ( 'NONE', #1542, #2076, #2 ) ;
#5 = EDGE_CURVE ( 'NONE', #2812, #357, #2259, .T. ) ;
#6 = AXIS2_PLACEMENT_3D ( 'NONE', #378, #427, #2973 ) ;
#7 = ORIENTED_EDGE ( 'NONE', *, *, #119, .F. ) ;
#8 = CIRCLE ( 'NONE', #1891, 0.4166666666666666852 ) ;
#9 = DIRECTION ( 'NONE',  ( 0.000000000000000000, 0.000000000000000000, 1.000000000000000000 ) ) ;
#10 = ORIENTED_EDGE ( 'NONE', *, *, #2537, .F. ) ;
#11 = VERTEX_POINT ( 'NONE', #339 ) ;
#12 = CARTESIAN_POINT ( 'NONE',  ( 0.2500000000000000000, 0.000000000000000000, 0.000000000000000000 ) ) ;
#13 = LINE ( 'NONE', #936, #2826 ) ;
#14 = LINE ( 'NONE', #1847, #762 ) ;
#15 = CARTESIAN_POINT ( 'NONE',  ( 0.2500000000000000000, 0.1425814659015950392, 0.2898267164727093559 ) ) ;
#16 = EDGE_CURVE ( 'NONE', #2590, #2969, #1776, .T. ) ;
#17 = ADVANCED_FACE ( 'NONE', ( #630 ), #2208, .T. ) ;
#18 = DIRECTION ( 'NONE',  ( 0.000000000000000000, 0.000000000000000000, 1.000000000000000000 ) ) ;
#19 = VERTEX_POINT ( 'NONE', #1545 ) ;
#20 = FACE_OUTER_BOUND ( 'NONE', #892, .T. ) ;
#21 = ORIENTED_EDGE ( 'NONE', *, *, #2243, .T. ) ;
#22 = CARTESIAN_POINT ( 'NONE',  ( 0.2500000000000000000, -0.07707328265911242426, -0.3136697452738286263 ) ) ;
#23 = PLANE ( 'NONE',  #40 ) ;
#24 = AXIS2_PLACEMENT_3D ( 'NONE', #2252, #1076, #2731 ) ;
#25 = DIRECTION ( 'NONE',  ( -1.000000000000000000, 0.000000000000000000, 0.000000000000000000 ) ) ;
#26 = CIRCLE ( 'NONE', #803, 0.3230000000000000093 ) ;
#27 = ORIENTED_EDGE ( 'NONE', *, *, #2344, .T. ) ;
#28 = ORIENTED_EDGE ( 'NONE', *, *, #1166, .F. ) ;
#29 = CARTESIAN_POINT ( 'NONE',  ( 0.000000000000000000, 0.03485617626096655652, -0.3211137601792616869 ) ) ;
#30 = VECTOR ( 'NONE', #804, 39.37007874015748143 ) ;
#31 = ADVANCED_FACE ( 'NONE', ( #2435 ), #2872, .F. ) ;
#32 = LINE ( 'NONE', #974, #587 ) ;
#33 = VERTEX_POINT ( 'NONE', #1759 ) ;
#34 = CARTESIAN_POINT ( 'NONE',  ( 0.000000000000000000, 0.000000000000000000, 0.000000000000000000 ) ) ;
#35 = ORIENTED_EDGE ( 'NONE', *, *, #16, .T. ) ;
#36 = LINE ( 'NONE', #2795, #1768 ) ;
#37 = FACE_OUTER_BOUND ( 'NONE', #1018, .T. ) ;
#38 = EDGE_CURVE ( 'NONE', #263, #2777, #2034, .T. ) ;
#39 = DIRECTION ( 'NONE',  ( -1.000000000000000000, 0.000000000000000000, -0.000000000000000000 ) ) ;
#40 = AXIS2_PLACEMENT_3D ( 'NONE', #2796, #2338, #1188 ) ;
#41 = DIRECTION ( 'NONE',  ( 0.000000000000000000, 0.000000000000000000, 1.000000000000000000 ) ) ;
#42 = CIRCLE ( 'NONE', #681, 0.3229999999999998983 ) ;
#43 = DIRECTION ( 'NONE',  ( -1.000000000000000000, 0.000000000000000000, -0.000000000000000000 ) ) ;
#44 =( GEOMETRIC_REPRESENTATION_CONTEXT ( 3 ) GLOBAL_UNCERTAINTY_ASSIGNED_CONTEXT ( ( #322 ) ) GLOBAL_UNIT_ASSIGNED_CONTEXT ( ( #2093, #1143, #1837 ) ) REPRESENTATION_CONTEXT ( 'NONE', 'WORKASPACE' ) );
#45 = CARTESIAN_POINT ( 'NONE',  ( 0.2500000000000000000, 0.2312410373301625743, 0.2658995723902687902 ) ) ;
#46 = ORIENTED_EDGE ( 'NONE', *, *, #1116, .F. ) ;
#47 = CIRCLE ( 'NONE', #1744, 0.1499999999999999112 ) ;
#48 = LINE ( 'NONE', #1929, #885 ) ;
#49 = ORIENTED_EDGE ( 'NONE', *, *, #5, .T. ) ;
#50 = VECTOR ( 'NONE', #541, 39.37007874015748143 ) ;
#51 = CARTESIAN_POINT ( 'NONE',  ( 0.2500000000000000000, 0.03485617626096655652, -0.3211137601792616869 ) ) ;
#52 = CARTESIAN_POINT ( 'NONE',  ( 0.2500000000000000000, -0.1797065662099992800, 0.2683925298159603456 ) ) ;
#53 = EDGE_CURVE ( 'NONE', #657, #2316, #1017, .T. ) ;
#54 = CIRCLE ( 'NONE', #2374, 0.1499999999999999389 ) ;
#55 = ADVANCED_FACE ( 'NONE', ( #2703 ), #1249, .T. ) ;
#56 = CARTESIAN_POINT ( 'NONE',  ( -0.1000000000000000056, 0.000000000000000000, -0.2000000000000000111 ) ) ;
#57 = CARTESIAN_POINT ( 'NONE',  ( -0.3937007874015748254, 0.000000000000000000, 0.000000000000000000 ) ) ;
#58 = ORIENTED_EDGE ( 'NONE', *, *, #2027, .T. ) ;
#59 = DIRECTION ( 'NONE',  ( -1.000000000000000000, 0.000000000000000000, 0.000000000000000000 ) ) ;
#60 = ORIENTED_EDGE ( 'NONE', *, *, #1271, .F. ) ;
#61 = DIRECTION ( 'NONE',  ( 0.000000000000000000, 0.000000000000000000, 1.000000000000000000 ) ) ;
#62 = VERTEX_POINT ( 'NONE', #2650 ) ;
#63 = CARTESIAN_POINT ( 'NONE',  ( 0.2500000000000000000, -0.3480578622212527895, 0.09494798378961126495 ) ) ;
#64 = ORIENTED_EDGE ( 'NONE', *, *, #509, .F. ) ;
#65 = ORIENTED_EDGE ( 'NONE', *, *, #1083, .F. ) ;
#66 = DIRECTION ( 'NONE',  ( 0.000000000000000000, 0.000000000000000000, 1.000000000000000000 ) ) ;
#67 = DIRECTION ( 'NONE',  ( -1.000000000000000000, -0.000000000000000000, 0.000000000000000000 ) ) ;
#68 = CARTESIAN_POINT ( 'NONE',  ( 0.1250000000000000000, -0.4119647102777976855, -0.06241945687717365132 ) ) ;
#69 = DIRECTION ( 'NONE',  ( -1.000000000000000000, 0.000000000000000000, 0.000000000000000000 ) ) ;
#70 = DIRECTION ( 'NONE',  ( 0.000000000000000000, 0.000000000000000000, 1.000000000000000000 ) ) ;
#71 = EDGE_CURVE ( 'NONE', #62, #483, #2894, .T. ) ;
#72 = VERTEX_POINT ( 'NONE', #789 ) ;
#73 = CIRCLE ( 'NONE', #452, 0.1499999999999999389 ) ;
#74 = AXIS2_PLACEMENT_3D ( 'NONE', #447, #684, #1599 ) ;
#75 = CIRCLE ( 'NONE', #1773, 0.1499999999999999667 ) ;
#76 = CARTESIAN_POINT ( 'NONE',  ( 0.2500000000000000000, -0.07707328265911242426, -0.3136697452738286263 ) ) ;
#77 = EDGE_CURVE ( 'NONE', #2467, #1304, #320, .T. ) ;
#78 = VERTEX_POINT ( 'NONE', #1727 ) ;
#79 = AXIS2_PLACEMENT_3D ( 'NONE', #989, #1673, #741 ) ;
#80 = CARTESIAN_POINT ( 'NONE',  ( 0.1250000000000000000, 0.1519255197928463252, -0.3879816330018530657 ) ) ;
#81 = VERTEX_POINT ( 'NONE', #2178 ) ;
#82 = VERTEX_POINT ( 'NONE', #2919 ) ;
#83 = DIRECTION ( 'NONE',  ( -1.000000000000000000, -0.000000000000000000, 0.000000000000000000 ) ) ;
#84 = DIRECTION ( 'NONE',  ( 0.000000000000000000, 0.000000000000000000, 1.000000000000000000 ) ) ;
#85 = LINE ( 'NONE', #1933, #2902 ) ;
#86 = CARTESIAN_POINT ( 'NONE',  ( 0.2500000000000000000, -0.3458963032104737101, 0.2173108265302505226 ) ) ;
#87 = CARTESIAN_POINT ( 'NONE',  ( 0.2500000000000000000, -0.3101826091352871129, 0.09008745190105936496 ) ) ;
#88 = CIRCLE ( 'NONE', #626, 0.1499999999999999667 ) ;
#89 = ORIENTED_EDGE ( 'NONE', *, *, #1350, .T. ) ;
#90 = EDGE_CURVE ( 'NONE', #1648, #416, #628, .T. ) ;
#91 = CARTESIAN_POINT ( 'NONE',  ( 0.2500000000000000000, 0.000000000000000000, 0.000000000000000000 ) ) ;
#92 = ORIENTED_EDGE ( 'NONE', *, *, #53, .F. ) ;
#93 = EDGE_CURVE ( 'NONE', #1532, #2730, #1200, .T. ) ;
#94 = ADVANCED_FACE ( 'NONE', ( #123 ), #1035, .T. ) ;
#95 = FACE_OUTER_BOUND ( 'NONE', #1053, .T. ) ;
#96 = ORIENTED_EDGE ( 'NONE', *, *, #1415, .F. ) ;
#97 = DIRECTION ( 'NONE',  ( 0.000000000000000000, 0.8660254037844398178, -0.4999999999999980571 ) ) ;
#98 = EDGE_LOOP ( 'NONE', ( #2196, #582, #2792, #346 ) ) ;
#99 = ORIENTED_EDGE ( 'NONE', *, *, #458, .F. ) ;
#100 = FACE_OUTER_BOUND ( 'NONE', #2831, .T. ) ;
#101 = CARTESIAN_POINT ( 'NONE',  ( 0.2500000000000000000, 0.1797065662099973371, 0.2683925298159615669 ) ) ;
#102 = DIRECTION ( 'NONE',  ( -1.000000000000000000, -0.000000000000000000, -0.000000000000000000 ) ) ;
#103 = CIRCLE ( 'NONE', #1123, 0.1499999999999999389 ) ;
#104 = AXIS2_PLACEMENT_3D ( 'NONE', #2209, #2246, #1546 ) ;
#105 = FACE_OUTER_BOUND ( 'NONE', #1678, .T. ) ;
#106 = ORIENTED_EDGE ( 'NONE', *, *, #2296, .F. ) ;
#107 = CIRCLE ( 'NONE', #2286, 0.1499999999999999389 ) ;
#108 = FACE_OUTER_BOUND ( 'NONE', #2835, .T. ) ;
#109 = CARTESIAN_POINT ( 'NONE',  ( 0.2500000000000000000, -0.1425814659015930408, -0.2898267164727103551 ) ) ;
#110 = ORIENTED_EDGE ( 'NONE', *, *, #1119, .F. ) ;
#111 = CARTESIAN_POINT ( 'NONE',  ( 0.2500000000000000000, -0.006223961114427256809, 0.3523297635041688913 ) ) ;
#112 = ORIENTED_EDGE ( 'NONE', *, *, #405, .F. ) ;
#113 = EDGE_CURVE ( 'NONE', #439, #987, #1300, .T. ) ;
#114 = ADVANCED_FACE ( 'NONE', ( #2207 ), #1496, .T. ) ;
#115 = LINE ( 'NONE', #128, #1442 ) ;
#116 = VERTEX_POINT ( 'NONE', #818 ) ;
#117 = CARTESIAN_POINT ( 'NONE',  ( 0.2500000000000000000, 0.4119647102777980741, -0.06241945687717085495 ) ) ;
#118 = DIRECTION ( 'NONE',  ( 1.000000000000000000, -0.000000000000000000, 0.000000000000000000 ) ) ;
#119 = EDGE_CURVE ( 'NONE', #215, #715, #769, .T. ) ;
#120 = DIRECTION ( 'NONE',  ( 0.000000000000000000, 0.000000000000000000, 1.000000000000000000 ) ) ;
#121 = VERTEX_POINT ( 'NONE', #1740 ) ;
#122 = DIRECTION ( 'NONE',  ( -1.000000000000000000, 0.000000000000000000, 0.000000000000000000 ) ) ;
#123 = FACE_OUTER_BOUND ( 'NONE', #2233, .T. ) ;
#124 = ORIENTED_EDGE ( 'NONE', *, *, #758, .F. ) ;
#125 = CIRCLE ( 'NONE', #501, 0.4166666666666666852 ) ;
#126 = DIRECTION ( 'NONE',  ( 1.000000000000000000, -0.000000000000000000, -0.000000000000000000 ) ) ;
#127 = VERTEX_POINT ( 'NONE', #140 ) ;
#128 = CARTESIAN_POINT ( 'NONE',  ( 0.1250000000000000278, -0.01006575613137709359, 0.4165450655866838603 ) ) ;
#129 = ORIENTED_EDGE ( 'NONE', *, *, #1335, .T. ) ;
#130 = EDGE_CURVE ( 'NONE', #934, #343, #2219, .T. ) ;
#131 = DIRECTION ( 'NONE',  ( -1.000000000000000000, -0.000000000000000000, 0.000000000000000000 ) ) ;
#132 = DIRECTION ( 'NONE',  ( -1.000000000000000000, -0.000000000000000000, -0.000000000000000000 ) ) ;
#133 = VECTOR ( 'NONE', #2830, 39.37007874015748143 ) ;
#134 = EDGE_CURVE ( 'NONE', #1943, #33, #2555, .T. ) ;
#135 = LINE ( 'NONE', #87, #1418 ) ;
#136 = ORIENTED_EDGE ( 'NONE', *, *, #1166, .T. ) ;
#137 = EDGE_LOOP ( 'NONE', ( #975, #1710, #1554, #1484 ) ) ;
#138 = AXIS2_PLACEMENT_3D ( 'NONE', #2823, #2810, #1384 ) ;
#139 = LINE ( 'NONE', #849, #2157 ) ;
#140 = CARTESIAN_POINT ( 'NONE',  ( 0.000000000000000000, 0.2955207619504681138, -0.1303705459688450086 ) ) ;
#141 = CARTESIAN_POINT ( 'NONE',  ( 0.000000000000000000, 0.000000000000000000, 0.000000000000000000 ) ) ;
#142 = VERTEX_POINT ( 'NONE', #850 ) ;
#143 = CARTESIAN_POINT ( 'NONE',  ( 0.1250000000000000000, -0.4084689098596924195, 0.08224512623338602058 ) ) ;
#144 = AXIS2_PLACEMENT_3D ( 'NONE', #2403, #319, #1709 ) ;
#145 = ORIENTED_EDGE ( 'NONE', *, *, #2941, .T. ) ;
#146 = CARTESIAN_POINT ( 'NONE',  ( 0.2500000000000000000, 0.000000000000000000, 0.000000000000000000 ) ) ;
#147 = DIRECTION ( 'NONE',  ( 1.000000000000000000, 0.000000000000000000, 0.000000000000000000 ) ) ;
#148 = CIRCLE ( 'NONE', #1990, 0.1499999999999999667 ) ;
#149 = CARTESIAN_POINT ( 'NONE',  ( 0.2500000000000000000, 0.3458963032104732660, 0.06731082653025284579 ) ) ;
#150 = DIRECTION ( 'NONE',  ( -1.000000000000000000, 0.000000000000000000, -0.000000000000000000 ) ) ;
#151 = ORIENTED_EDGE ( 'NONE', *, *, #1417, .F. ) ;
#152 = ADVANCED_FACE ( 'NONE', ( #609 ), #1543, .T. ) ;
#153 = AXIS2_PLACEMENT_3D ( 'NONE', #1488, #1981, #2660 ) ;
#154 = DIRECTION ( 'NONE',  ( -1.000000000000000000, -0.000000000000000000, -0.000000000000000000 ) ) ;
#155 = CARTESIAN_POINT ( 'NONE',  ( 0.000000000000000000, 0.000000000000000000, 0.000000000000000000 ) ) ;
#156 = AXIS2_PLACEMENT_3D ( 'NONE', #1782, #410, #1980 ) ;
#157 = CARTESIAN_POINT ( 'NONE',  ( 0.2500000000000000000, -0.2754608235854199005, 0.3126218894779335677 ) ) ;
#158 = ORIENTED_EDGE ( 'NONE', *, *, #1136, .F. ) ;
#159 = CARTESIAN_POINT ( 'NONE',  ( 0.2500000000000000000, -0.2955207619504672811, 0.1303705459688470070 ) ) ;
#160 = EDGE_LOOP ( 'NONE', ( #2378, #355, #2958, #840 ) ) ;
#161 = FACE_OUTER_BOUND ( 'NONE', #2375, .T. ) ;
#162 = CARTESIAN_POINT ( 'NONE',  ( 0.2500000000000000000, 0.2217053756783768093, -0.2739009425653136098 ) ) ;
#163 = LINE ( 'NONE', #1313, #2495 ) ;
#164 = CYLINDRICAL_SURFACE ( 'NONE', #1616, 0.3229999999999999538 ) ;
#165 = ORIENTED_EDGE ( 'NONE', *, *, #1470, .T. ) ;
#166 = ADVANCED_FACE ( 'NONE', ( #870 ), #1808, .T. ) ;
#167 = LINE ( 'NONE', #1373, #1355 ) ;
#168 = LINE ( 'NONE', #1094, #189 ) ;
#169 = EDGE_CURVE ( 'NONE', #2618, #1458, #168, .T. ) ;
#170 = CARTESIAN_POINT ( 'NONE',  ( 0.2500000000000000000, 0.2217053756783732288, 0.2739009425653164964 ) ) ;
#171 = ORIENTED_EDGE ( 'NONE', *, *, #1606, .F. ) ;
#172 = VERTEX_POINT ( 'NONE', #1153 ) ;
#173 = DIRECTION ( 'NONE',  ( -1.000000000000000000, 0.000000000000000000, 0.000000000000000000 ) ) ;
#174 = AXIS2_PLACEMENT_3D ( 'NONE', #1684, #532, #1224 ) ;
#175 = DIRECTION ( 'NONE',  ( -1.000000000000000000, 0.000000000000000000, 0.000000000000000000 ) ) ;
#176 = DIRECTION ( 'NONE',  ( -1.000000000000000000, 0.000000000000000000, 0.000000000000000000 ) ) ;
#177 = CIRCLE ( 'NONE', #504, 0.3229999999999999538 ) ;
#178 = CARTESIAN_POINT ( 'NONE',  ( 0.2500000000000000000, -0.3020145451467590170, -0.1815549901893463158 ) ) ;
#179 = VERTEX_POINT ( 'NONE', #2501 ) ;
#180 = CARTESIAN_POINT ( 'NONE',  ( 0.2500000000000000000, -0.1425814659015930408, -0.2898267164727103551 ) ) ;
#181 = DIRECTION ( 'NONE',  ( 1.000000000000000000, 0.000000000000000000, 0.000000000000000000 ) ) ;
#182 = DIRECTION ( 'NONE',  ( 0.000000000000000000, 0.000000000000000000, 1.000000000000000000 ) ) ;
#183 = CIRCLE ( 'NONE', #955, 0.1499999999999999667 ) ;
#184 = ORIENTED_EDGE ( 'NONE', *, *, #2313, .F. ) ;
#185 = EDGE_CURVE ( 'NONE', #142, #578, #1246, .T. ) ;
#186 = ADVANCED_FACE ( 'NONE', ( #1850 ), #2488, .T. ) ;
#187 = FACE_OUTER_BOUND ( 'NONE', #1369, .T. ) ;
#188 = DIRECTION ( 'NONE',  ( 0.000000000000000000, -0.8660254037844328234, -0.5000000000000101030 ) ) ;
#189 = VECTOR ( 'NONE', #435, 39.37007874015748143 ) ;
#190 = CARTESIAN_POINT ( 'NONE',  ( 0.2500000000000000000, 0.2955207619504663374, 0.1303705459688490054 ) ) ;
#191 = CIRCLE ( 'NONE', #2564, 0.4166666666666666852 ) ;
#192 = CYLINDRICAL_SURFACE ( 'NONE', #917, 0.1499999999999999667 ) ;
#193 = EDGE_LOOP ( 'NONE', ( #1879, #1297, #1950, #1394 ) ) ;
#194 = FACE_OUTER_BOUND ( 'NONE', #2704, .T. ) ;
#195 = VECTOR ( 'NONE', #846, 39.37007874015748143 ) ;
#196 = CARTESIAN_POINT ( 'NONE',  ( 0.000000000000000000, -0.2312410373301608257, -0.2658995723902703445 ) ) ;
#197 = AXIS2_PLACEMENT_3D ( 'NONE', #1997, #636, #2494 ) ;
#198 = ORIENTED_EDGE ( 'NONE', *, *, #634, .T. ) ;
#199 = CIRCLE ( 'NONE', #2721, 0.1499999999999999389 ) ;
#200 = CIRCLE ( 'NONE', #2669, 0.1499999999999999389 ) ;
#201 = EDGE_LOOP ( 'NONE', ( #308, #1172, #2191, #2950 ) ) ;
#202 = CIRCLE ( 'NONE', #1803, 0.3229999999999999538 ) ;
#203 = DIRECTION ( 'NONE',  ( -1.000000000000000000, -0.000000000000000000, -0.000000000000000000 ) ) ;
#204 = EDGE_CURVE ( 'NONE', #2974, #1715, #1630, .T. ) ;
#205 = CARTESIAN_POINT ( 'NONE',  ( 0.000000000000000000, -0.1263524865428763133, -0.3289529587757035745 ) ) ;
#206 = EDGE_CURVE ( 'NONE', #902, #801, #2968, .T. ) ;
#207 = ORIENTED_EDGE ( 'NONE', *, *, #816, .F. ) ;
#208 = ORIENTED_EDGE ( 'NONE', *, *, #2163, .F. ) ;
#209 = CARTESIAN_POINT ( 'NONE',  ( 0.2500000000000000000, -0.01006575613137151125, -0.4165450655866839713 ) ) ;
#210 = EDGE_CURVE ( 'NONE', #231, #1537, #2020, .T. ) ;
#211 = CARTESIAN_POINT ( 'NONE',  ( 0.2500000000000000000, 0.2331093264761707473, 0.2235822933727669992 ) ) ;
#212 = ORIENTED_EDGE ( 'NONE', *, *, #1725, .F. ) ;
#213 = DIRECTION ( 'NONE',  ( -1.000000000000000000, 0.000000000000000000, -0.000000000000000000 ) ) ;
#214 = CARTESIAN_POINT ( 'NONE',  ( 0.2500000000000000000, 0.2606645856895056235, -0.1907432142104101280 ) ) ;
#215 = VERTEX_POINT ( 'NONE', #914 ) ;
#216 = CARTESIAN_POINT ( 'NONE',  ( 0.2500000000000000000, -0.1425814659015971486, 0.2898267164727084122 ) ) ;
#217 = ORIENTED_EDGE ( 'NONE', *, *, #456, .F. ) ;
#218 = AXIS2_PLACEMENT_3D ( 'NONE', #2000, #2482, #2496 ) ;
#219 = VECTOR ( 'NONE', #253, 39.37007874015748143 ) ;
#220 = ORIENTED_EDGE ( 'NONE', *, *, #1853, .T. ) ;
#221 = FACE_OUTER_BOUND ( 'NONE', #201, .T. ) ;
#222 = LINE ( 'NONE', #52, #1831 ) ;
#223 = EDGE_CURVE ( 'NONE', #1648, #1995, #42, .T. ) ;
#224 = EDGE_CURVE ( 'NONE', #2578, #2144, #2116, .T. ) ;
#225 = CARTESIAN_POINT ( 'NONE',  ( 0.2500000000000000000, 0.000000000000000000, 0.000000000000000000 ) ) ;
#226 = CARTESIAN_POINT ( 'NONE',  ( 0.2500000000000000000, 0.000000000000000000, 0.000000000000000000 ) ) ;
#227 = ORIENTED_EDGE ( 'NONE', *, *, #1986, .T. ) ;
#228 = AXIS2_PLACEMENT_3D ( 'NONE', #2839, #766, #813 ) ;
#229 = DIRECTION ( 'NONE',  ( -1.000000000000000000, -0.000000000000000000, -0.000000000000000000 ) ) ;
#230 = ORIENTED_EDGE ( 'NONE', *, *, #490, .T. ) ;
#231 = VERTEX_POINT ( 'NONE', #1561 ) ;
#232 = CYLINDRICAL_SURFACE ( 'NONE', #1142, 0.1499999999999999112 ) ;
#233 = DIRECTION ( 'NONE',  ( 0.000000000000000000, -0.3420201433256757628, 0.9396926207859057634 ) ) ;
#234 = CYLINDRICAL_SURFACE ( 'NONE', #706, 0.1499999999999999667 ) ;
#235 = EDGE_CURVE ( 'NONE', #1087, #2407, #2512, .T. ) ;
#236 = EDGE_CURVE ( 'NONE', #1409, #2517, #661, .T. ) ;
#237 = AXIS2_PLACEMENT_3D ( 'NONE', #1825, #844, #2235 ) ;
#238 = FACE_OUTER_BOUND ( 'NONE', #98, .T. ) ;
#239 = VERTEX_POINT ( 'NONE', #2776 ) ;
#240 = AXIS2_PLACEMENT_3D ( 'NONE', #2350, #2120, #1393 ) ;
#241 = CIRCLE ( 'NONE', #1845, 0.4166666666666666852 ) ;
#242 = ORIENTED_EDGE ( 'NONE', *, *, #2920, .T. ) ;
#243 = AXIS2_PLACEMENT_3D ( 'NONE', #980, #2365, #1260 ) ;
#244 = ORIENTED_EDGE ( 'NONE', *, *, #2692, .F. ) ;
#245 = CARTESIAN_POINT ( 'NONE',  ( 0.000000000000000000, 0.2331093264761737449, -0.2235822933727637518 ) ) ;
#246 = DIRECTION ( 'NONE',  ( 0.000000000000000000, 0.000000000000000000, 1.000000000000000000 ) ) ;
#247 = DIRECTION ( 'NONE',  ( -1.000000000000000000, 0.000000000000000000, -0.000000000000000000 ) ) ;
#248 = EDGE_CURVE ( 'NONE', #542, #2095, #1127, .T. ) ;
#249 = CARTESIAN_POINT ( 'NONE',  ( 0.1250000000000000000, 0.4084689098596930301, -0.08224512623338331441 ) ) ;
#250 = EDGE_CURVE ( 'NONE', #78, #372, #648, .T. ) ;
#251 = LENGTH_MEASURE_WITH_UNIT ( LENGTH_MEASURE( 0.02539999999999999897 ), #262 );
#252 = ORIENTED_EDGE ( 'NONE', *, *, #359, .T. ) ;
#253 = DIRECTION ( 'NONE',  ( -1.000000000000000000, 0.000000000000000000, 0.000000000000000000 ) ) ;
#254 = ORIENTED_EDGE ( 'NONE', *, *, #2244, .T. ) ;
#255 = DIRECTION ( 'NONE',  ( -1.000000000000000000, -0.000000000000000000, 0.000000000000000000 ) ) ;
#256 = DIRECTION ( 'NONE',  ( -1.000000000000000000, -0.000000000000000000, 0.000000000000000000 ) ) ;
#257 = FACE_OUTER_BOUND ( 'NONE', #695, .T. ) ;
#258 = AXIS2_PLACEMENT_3D ( 'NONE', #1186, #2310, #1635 ) ;
#259 = CYLINDRICAL_SURFACE ( 'NONE', #1794, 0.4166666666666666852 ) ;
#260 = CARTESIAN_POINT ( 'NONE',  ( 0.000000000000000000, 0.000000000000000000, 0.000000000000000000 ) ) ;
#261 = AXIS2_PLACEMENT_3D ( 'NONE', #2004, #122, #1758 ) ;
#262 =( LENGTH_UNIT ( ) NAMED_UNIT ( * ) SI_UNIT ( $, .METRE. ) );
#263 = VERTEX_POINT ( 'NONE', #2274 ) ;
#264 = EDGE_CURVE ( 'NONE', #1857, #2716, #1838, .T. ) ;
#265 = DIRECTION ( 'NONE',  ( 0.000000000000000000, 0.6427876096865403621, -0.7660444431189771253 ) ) ;
#266 = EDGE_LOOP ( 'NONE', ( #2438, #2305, #1873, #667 ) ) ;
#267 = CARTESIAN_POINT ( 'NONE',  ( 0.2500000000000000000, 0.000000000000000000, 0.000000000000000000 ) ) ;
#268 = DIRECTION ( 'NONE',  ( -1.000000000000000000, 0.000000000000000000, 0.000000000000000000 ) ) ;
#269 = CARTESIAN_POINT ( 'NONE',  ( 0.2500000000000000000, -0.3480578622212527895, -0.05505201621038866705 ) ) ;
#270 = ORIENTED_EDGE ( 'NONE', *, *, #420, .F. ) ;
#271 = DIRECTION ( 'NONE',  ( -1.000000000000000000, 0.000000000000000000, -0.000000000000000000 ) ) ;
#272 = ORIENTED_EDGE ( 'NONE', *, *, #2906, .T. ) ;
#273 = CARTESIAN_POINT ( 'NONE',  ( 0.000000000000000000, -0.006223961114427256809, 0.3523297635041688913 ) ) ;
#274 = CARTESIAN_POINT ( 'NONE',  ( -0.3937007874015748254, 0.000000000000000000, 0.000000000000000000 ) ) ;
#275 = ORIENTED_EDGE ( 'NONE', *, *, #899, .T. ) ;
#276 = VECTOR ( 'NONE', #1767, 39.37007874015748143 ) ;
#277 = CARTESIAN_POINT ( 'NONE',  ( 0.2500000000000000000, -0.3657714866848096880, -0.1995553322752744718 ) ) ;
#278 = ORIENTED_EDGE ( 'NONE', *, *, #359, .F. ) ;
#279 = EDGE_CURVE ( 'NONE', #19, #2511, #2602, .T. ) ;
#280 = CARTESIAN_POINT ( 'NONE',  ( 0.000000000000000000, -0.3480578622212527895, -0.05505201621038866705 ) ) ;
#281 = DIRECTION ( 'NONE',  ( 0.000000000000000000, 0.000000000000000000, 1.000000000000000000 ) ) ;
#282 = CARTESIAN_POINT ( 'NONE',  ( 0.000000000000000000, 0.3458963032104732660, 0.06731082653025284579 ) ) ;
#283 = AXIS2_PLACEMENT_3D ( 'NONE', #2642, #2593, #66 ) ;
#284 = EDGE_CURVE ( 'NONE', #1409, #1345, #1165, .T. ) ;
#285 = CARTESIAN_POINT ( 'NONE',  ( 0.000000000000000000, 0.3082385062611864290, 0.1707747733148252678 ) ) ;
#286 = VERTEX_POINT ( 'NONE', #214 ) ;
#287 = CARTESIAN_POINT ( 'NONE',  ( -0.1000000000000000056, 9.797174393178827075E-18, -0.08000000000000000167 ) ) ;
#288 = ORIENTED_EDGE ( 'NONE', *, *, #1818, .T. ) ;
#289 = CARTESIAN_POINT ( 'NONE',  ( 0.2500000000000000000, -0.3222880321115938473, 0.02143418665674561713 ) ) ;
#290 = ORIENTED_EDGE ( 'NONE', *, *, #2520, .T. ) ;
#291 = FACE_OUTER_BOUND ( 'NONE', #815, .T. ) ;
#292 = ORIENTED_EDGE ( 'NONE', *, *, #210, .F. ) ;
#293 = CARTESIAN_POINT ( 'NONE',  ( 0.2500000000000000000, 0.1425814659015991470, -0.2898267164727073575 ) ) ;
#294 = DIRECTION ( 'NONE',  ( 0.000000000000000000, -0.8660254037844328234, -0.5000000000000101030 ) ) ;
#295 = CARTESIAN_POINT ( 'NONE',  ( -0.3937007874015748254, 0.000000000000000000, 0.000000000000000000 ) ) ;
#296 = EDGE_CURVE ( 'NONE', #2144, #1615, #8, .T. ) ;
#297 = DIRECTION ( 'NONE',  ( 1.000000000000000000, 0.000000000000000000, 0.000000000000000000 ) ) ;
#298 = ORIENTED_EDGE ( 'NONE', *, *, #90, .T. ) ;
#299 = EDGE_CURVE ( 'NONE', #1724, #2590, #2762, .T. ) ;
#300 = AXIS2_PLACEMENT_3D ( 'NONE', #2714, #623, #1295 ) ;
#301 = EDGE_CURVE ( 'NONE', #2316, #116, #103, .T. ) ;
#302 = CIRCLE ( 'NONE', #1145, 0.06750000000000000444 ) ;
#303 = CARTESIAN_POINT ( 'NONE',  ( 0.000000000000000000, 0.1797065662100011119, -0.2683925298159590134 ) ) ;
#304 = ORIENTED_EDGE ( 'NONE', *, *, #710, .T. ) ;
#305 = CARTESIAN_POINT ( 'NONE',  ( 0.1250000000000000278, 0.3657714866848137403, -0.1995553322752671999 ) ) ;
#306 = ORIENTED_EDGE ( 'NONE', *, *, #710, .F. ) ;
#307 = CARTESIAN_POINT ( 'NONE',  ( 0.000000000000000000, 0.000000000000000000, 0.000000000000000000 ) ) ;
#308 = ORIENTED_EDGE ( 'NONE', *, *, #206, .T. ) ;
#309 = CARTESIAN_POINT ( 'NONE',  ( 0.000000000000000000, 0.000000000000000000, 0.000000000000000000 ) ) ;
#310 = LINE ( 'NONE', #1519, #1863 ) ;
#311 = CARTESIAN_POINT ( 'NONE',  ( 0.2500000000000000000, -0.006223961114422407390, -0.3523297635041688913 ) ) ;
#312 = DIRECTION ( 'NONE',  ( -1.000000000000000000, -0.000000000000000000, 0.000000000000000000 ) ) ;
#313 = LINE ( 'NONE', #1473, #2065 ) ;
#314 = AXIS2_PLACEMENT_3D ( 'NONE', #711, #2327, #246 ) ;
#315 = EDGE_LOOP ( 'NONE', ( #110, #1620, #2411, #1106 ) ) ;
#316 = ADVANCED_FACE ( 'NONE', ( #810 ), #1069, .T. ) ;
#317 = CARTESIAN_POINT ( 'NONE',  ( 0.2500000000000000000, -0.2754608235854157372, -0.3126218894779372315 ) ) ;
#318 = EDGE_CURVE ( 'NONE', #343, #1515, #2009, .T. ) ;
#319 = DIRECTION ( 'NONE',  ( -1.000000000000000000, -0.000000000000000000, -0.000000000000000000 ) ) ;
#320 = CIRCLE ( 'NONE', #375, 0.3229999999999999538 ) ;
#321 = ORIENTED_EDGE ( 'NONE', *, *, #420, .T. ) ;
#322 = UNCERTAINTY_MEASURE_WITH_UNIT (LENGTH_MEASURE( 1.000000000000000082E-05 ), #2093, 'distance_accuracy_value', 'NONE');
#323 = EDGE_CURVE ( 'NONE', #1615, #286, #1359, .T. ) ;
#324 = CARTESIAN_POINT ( 'NONE',  ( 0.2500000000000000000, 0.3082385062611863735, -0.1707747733148253233 ) ) ;
#325 = ORIENTED_EDGE ( 'NONE', *, *, #279, .F. ) ;
#326 = DIRECTION ( 'NONE',  ( -1.000000000000000000, 0.000000000000000000, -0.000000000000000000 ) ) ;
#327 = ORIENTED_EDGE ( 'NONE', *, *, #2551, .T. ) ;
#328 = ORIENTED_EDGE ( 'NONE', *, *, #2146, .F. ) ;
#329 = CARTESIAN_POINT ( 'NONE',  ( 0.000000000000000000, 0.1425814659015950392, 0.2898267164727093559 ) ) ;
#330 = CIRCLE ( 'NONE', #1743, 0.3229999999999999538 ) ;
#331 = CARTESIAN_POINT ( 'NONE',  ( 0.000000000000000000, 0.01006575613137425905, 0.4165450655866840268 ) ) ;
#332 = VECTOR ( 'NONE', #2398, 39.37007874015748143 ) ;
#333 = CARTESIAN_POINT ( 'NONE',  ( 0.2500000000000000000, 0.2331093264761707473, 0.2235822933727669992 ) ) ;
#334 = ORIENTED_EDGE ( 'NONE', *, *, #2982, .F. ) ;
#335 = PLANE ( 'NONE',  #2260 ) ;
#336 = DIRECTION ( 'NONE',  ( -1.000000000000000000, 0.000000000000000000, 0.000000000000000000 ) ) ;
#337 = ORIENTED_EDGE ( 'NONE', *, *, #2261, .F. ) ;
#338 = PRODUCT_RELATED_PRODUCT_CATEGORY ( 'part', '', ( #847 ) ) ;
#339 = CARTESIAN_POINT ( 'NONE',  ( 0.000000000000000000, 0.3480578622212530671, 0.09494798378961362417 ) ) ;
#340 = PLANE ( 'NONE',  #1993 ) ;
#341 = EDGE_LOOP ( 'NONE', ( #1005, #744, #2935, #1348 ) ) ;
#342 = EDGE_CURVE ( 'NONE', #565, #1379, #523, .T. ) ;
#343 = VERTEX_POINT ( 'NONE', #1949 ) ;
#344 = DIRECTION ( 'NONE',  ( -1.000000000000000000, -0.000000000000000000, 0.000000000000000000 ) ) ;
#345 = CARTESIAN_POINT ( 'NONE',  ( 0.000000000000000000, 0.000000000000000000, 0.000000000000000000 ) ) ;
#346 = ORIENTED_EDGE ( 'NONE', *, *, #2981, .F. ) ;
#347 = DIRECTION ( 'NONE',  ( 0.000000000000000000, 0.000000000000000000, -1.000000000000000000 ) ) ;
#348 = ORIENTED_EDGE ( 'NONE', *, *, #1002, .T. ) ;
#349 = DIRECTION ( 'NONE',  ( 0.000000000000000000, 0.000000000000000000, 1.000000000000000000 ) ) ;
#350 = CARTESIAN_POINT ( 'NONE',  ( 0.2500000000000000000, 0.000000000000000000, 0.000000000000000000 ) ) ;
#351 = AXIS2_PLACEMENT_3D ( 'NONE', #786, #570, #590 ) ;
#352 = CIRCLE ( 'NONE', #2302, 0.2000000000000000111 ) ;
#353 = CARTESIAN_POINT ( 'NONE',  ( 0.000000000000000000, 0.2217053756783768093, -0.2739009425653136098 ) ) ;
#354 = CARTESIAN_POINT ( 'NONE',  ( 0.000000000000000000, 0.1330080862742775982, -0.3948670157113220447 ) ) ;
#355 = ORIENTED_EDGE ( 'NONE', *, *, #1905, .F. ) ;
#356 = CARTESIAN_POINT ( 'NONE',  ( 0.2500000000000000000, 0.000000000000000000, 0.000000000000000000 ) ) ;
#357 = VERTEX_POINT ( 'NONE', #1307 ) ;
#358 = CARTESIAN_POINT ( 'NONE',  ( 0.2500000000000000000, 0.2955207619504681693, -0.1303705459688450363 ) ) ;
#359 = EDGE_CURVE ( 'NONE', #1965, #2926, #1797, .T. ) ;
#360 = CARTESIAN_POINT ( 'NONE',  ( 0.2500000000000000000, -0.3480578622212527895, -0.05505201621038866705 ) ) ;
#361 = EDGE_CURVE ( 'NONE', #1428, #2491, #1843, .T. ) ;
#362 = CIRCLE ( 'NONE', #1102, 0.1499999999999999667 ) ;
#363 = CARTESIAN_POINT ( 'NONE',  ( 0.000000000000000000, -0.3101826091352858361, -0.09008745190106355605 ) ) ;
#364 = CYLINDRICAL_SURFACE ( 'NONE', #946, 0.2000000000000000111 ) ;
#365 = ORIENTED_EDGE ( 'NONE', *, *, #1854, .F. ) ;
#366 = AXIS2_PLACEMENT_3D ( 'NONE', #2949, #2744, #722 ) ;
#367 = LINE ( 'NONE', #2685, #1972 ) ;
#368 = DIRECTION ( 'NONE',  ( 0.000000000000000000, 0.000000000000000000, 1.000000000000000000 ) ) ;
#369 = VERTEX_POINT ( 'NONE', #159 ) ;
#370 = ORIENTED_EDGE ( 'NONE', *, *, #2244, .F. ) ;
#371 = CARTESIAN_POINT ( 'NONE',  ( 0.1250000000000000000, 0.2754608235854221210, -0.3126218894779316249 ) ) ;
#372 = VERTEX_POINT ( 'NONE', #2185 ) ;
#373 = DIRECTION ( 'NONE',  ( 0.000000000000000000, 0.6427876096865403621, -0.7660444431189770143 ) ) ;
#374 = ORIENTED_EDGE ( 'NONE', *, *, #400, .F. ) ;
#375 = AXIS2_PLACEMENT_3D ( 'NONE', #2453, #2633, #1511 ) ;
#376 = ORIENTED_EDGE ( 'NONE', *, *, #204, .F. ) ;
#377 = CARTESIAN_POINT ( 'NONE',  ( 0.2500000000000000000, -0.3657714866848123525, 0.1995553322752695591 ) ) ;
#378 = CARTESIAN_POINT ( 'NONE',  ( 0.2500000000000000000, -0.3458963032104727664, -0.06731082653025521889 ) ) ;
#379 = ORIENTED_EDGE ( 'NONE', *, *, #2571, .T. ) ;
#380 = EDGE_CURVE ( 'NONE', #1852, #2604, #115, .T. ) ;
#381 = AXIS2_PLACEMENT_3D ( 'NONE', #1152, #2529, #1833 ) ;
#382 = AXIS2_PLACEMENT_3D ( 'NONE', #360, #2945, #2250 ) ;
#383 = CARTESIAN_POINT ( 'NONE',  ( -0.3937007874015748254, 0.000000000000000000, 0.000000000000000000 ) ) ;
#384 = DIRECTION ( 'NONE',  ( -1.000000000000000000, -0.000000000000000000, 0.000000000000000000 ) ) ;
#385 = AXIS2_PLACEMENT_3D ( 'NONE', #600, #2232, #1714 ) ;
#386 = ORIENTED_EDGE ( 'NONE', *, *, #2673, .F. ) ;
#387 = AXIS2_PLACEMENT_3D ( 'NONE', #1085, #1100, #2490 ) ;
#388 = EDGE_CURVE ( 'NONE', #1549, #1379, #1025, .T. ) ;
#389 = DIRECTION ( 'NONE',  ( 0.000000000000000000, -6.982962677686265922E-15, 1.000000000000000000 ) ) ;
#390 = DIRECTION ( 'NONE',  ( 1.000000000000000000, 0.000000000000000000, 0.000000000000000000 ) ) ;
#391 = ORIENTED_EDGE ( 'NONE', *, *, #1151, .T. ) ;
#392 = DIRECTION ( 'NONE',  ( -1.000000000000000000, 0.000000000000000000, 0.000000000000000000 ) ) ;
#393 = ORIENTED_EDGE ( 'NONE', *, *, #2552, .F. ) ;
#394 = ORIENTED_EDGE ( 'NONE', *, *, #2900, .F. ) ;
#395 = DIRECTION ( 'NONE',  ( 1.000000000000000000, 0.000000000000000000, 0.000000000000000000 ) ) ;
#396 = DIRECTION ( 'NONE',  ( 0.000000000000000000, 0.000000000000000000, 1.000000000000000000 ) ) ;
#397 = ORIENTED_EDGE ( 'NONE', *, *, #1493, .F. ) ;
#398 = FACE_OUTER_BOUND ( 'NONE', #1730, .T. ) ;
#399 = DIRECTION ( 'NONE',  ( 0.000000000000000000, 0.3420201433256696566, -0.9396926207859079838 ) ) ;
#400 = EDGE_CURVE ( 'NONE', #416, #1796, #2042, .T. ) ;
#401 = EDGE_LOOP ( 'NONE', ( #1544, #2745, #2132, #2154 ) ) ;
#402 = CARTESIAN_POINT ( 'NONE',  ( 0.2500000000000000000, 0.3101826091352877790, -0.09008745190105733880 ) ) ;
#403 = DIRECTION ( 'NONE',  ( -1.000000000000000000, -0.000000000000000000, 0.000000000000000000 ) ) ;
#404 = ADVANCED_FACE ( 'NONE', ( #1994 ), #841, .T. ) ;
#405 = EDGE_CURVE ( 'NONE', #1549, #2275, #1399, .T. ) ;
#406 = ORIENTED_EDGE ( 'NONE', *, *, #1002, .F. ) ;
#407 = DIRECTION ( 'NONE',  ( -1.000000000000000000, 0.000000000000000000, -0.000000000000000000 ) ) ;
#408 = ORIENTED_EDGE ( 'NONE', *, *, #210, .T. ) ;
#409 = VECTOR ( 'NONE', #2527, 39.37007874015748143 ) ;
#410 = DIRECTION ( 'NONE',  ( -1.000000000000000000, -0.000000000000000000, -0.000000000000000000 ) ) ;
#411 = CIRCLE ( 'NONE', #2104, 0.1499999999999999389 ) ;
#412 = CARTESIAN_POINT ( 'NONE',  ( 0.2500000000000000000, -0.1797065662099954497, -0.2683925298159627881 ) ) ;
#413 = DIRECTION ( 'NONE',  ( 0.000000000000000000, 0.000000000000000000, 1.000000000000000000 ) ) ;
#414 = AXIS2_PLACEMENT_3D ( 'NONE', #1426, #1644, #1003 ) ;
#415 = CARTESIAN_POINT ( 'NONE',  ( 0.000000000000000000, 0.2606645856895056235, -0.1907432142104101280 ) ) ;
#416 = VERTEX_POINT ( 'NONE', #2408 ) ;
#417 = DIRECTION ( 'NONE',  ( 0.000000000000000000, 0.9848077530122074652, 0.1736481776669339672 ) ) ;
#418 = CARTESIAN_POINT ( 'NONE',  ( 0.2500000000000000000, -0.3458963032104737101, 0.06731082653025059759 ) ) ;
#419 = ADVANCED_FACE ( 'NONE', ( #793 ), #2910, .T. ) ;
#420 = EDGE_CURVE ( 'NONE', #2211, #2770, #1745, .T. ) ;
#421 = CARTESIAN_POINT ( 'NONE',  ( 0.000000000000000000, -0.2331093264761691652, -0.2235822933727686090 ) ) ;
#422 = CIRCLE ( 'NONE', #2127, 0.1499999999999999944 ) ;
#423 = ORIENTED_EDGE ( 'NONE', *, *, #1593, .T. ) ;
#424 = EDGE_CURVE ( 'NONE', #2701, #2618, #2280, .T. ) ;
#425 = DIRECTION ( 'NONE',  ( -1.000000000000000000, 0.000000000000000000, 0.000000000000000000 ) ) ;
#426 = DIRECTION ( 'NONE',  ( 0.000000000000000000, 0.9848077530122074652, 0.1736481776669339672 ) ) ;
#427 = DIRECTION ( 'NONE',  ( -1.000000000000000000, 0.000000000000000000, 0.000000000000000000 ) ) ;
#428 = ORIENTED_EDGE ( 'NONE', *, *, #2763, .T. ) ;
#429 = AXIS2_PLACEMENT_3D ( 'NONE', #418, #2053, #1389 ) ;
#430 = FACE_OUTER_BOUND ( 'NONE', #1909, .T. ) ;
#431 = CIRCLE ( 'NONE', #2516, 0.1499999999999999389 ) ;
#432 = DIRECTION ( 'NONE',  ( 0.000000000000000000, -0.9848077530122062440, -0.1736481776669402399 ) ) ;
#433 = ORIENTED_EDGE ( 'NONE', *, *, #5, .F. ) ;
#434 = CARTESIAN_POINT ( 'NONE',  ( 0.1250000000000000000, 0.2754608235854179021, 0.3126218894779353441 ) ) ;
#435 = DIRECTION ( 'NONE',  ( -1.000000000000000000, 0.000000000000000000, 0.000000000000000000 ) ) ;
#436 = CIRCLE ( 'NONE', #6, 0.1499999999999999667 ) ;
#437 = CIRCLE ( 'NONE', #1893, 0.1499999999999999389 ) ;
#438 = APPLICATION_PROTOCOL_DEFINITION ( 'draft international standard', 'automotive_design', 1998, #1958 ) ;
#439 = VERTEX_POINT ( 'NONE', #63 ) ;
#440 = ADVANCED_FACE ( 'NONE', ( #291 ), #1431, .T. ) ;
#441 = CIRCLE ( 'NONE', #2328, 0.1499999999999999667 ) ;
#442 = DIRECTION ( 'NONE',  ( -1.000000000000000000, -0.000000000000000000, 0.000000000000000000 ) ) ;
#443 = ORIENTED_EDGE ( 'NONE', *, *, #1024, .T. ) ;
#444 = EDGE_CURVE ( 'NONE', #1610, #1823, #199, .T. ) ;
#445 = ORIENTED_EDGE ( 'NONE', *, *, #2003, .F. ) ;
#446 = LINE ( 'NONE', #22, #1861 ) ;
#447 = CARTESIAN_POINT ( 'NONE',  ( 0.000000000000000000, 0.000000000000000000, 0.000000000000000000 ) ) ;
#448 = CARTESIAN_POINT ( 'NONE',  ( 0.000000000000000000, 0.3657714866848137403, -0.1995553322752671999 ) ) ;
#449 = CARTESIAN_POINT ( 'NONE',  ( 0.2500000000000000000, -0.3082385062611852633, -0.1707747733148274327 ) ) ;
#450 = ORIENTED_EDGE ( 'NONE', *, *, #1403, .F. ) ;
#451 = ORIENTED_EDGE ( 'NONE', *, *, #1606, .T. ) ;
#452 = AXIS2_PLACEMENT_3D ( 'NONE', #2124, #909, #1828 ) ;
#453 = AXIS2_PLACEMENT_3D ( 'NONE', #1372, #150, #2050 ) ;
#454 = AXIS2_PLACEMENT_3D ( 'NONE', #1934, #312, #1263 ) ;
#455 = EDGE_LOOP ( 'NONE', ( #2058, #184, #1779, #1015 ) ) ;
#456 = EDGE_CURVE ( 'NONE', #1158, #1965, #588, .T. ) ;
#457 = CARTESIAN_POINT ( 'NONE',  ( 0.1250000000000000000, -0.4084689098596913093, -0.08224512623339144679 ) ) ;
#458 = EDGE_CURVE ( 'NONE', #1788, #121, #644, .T. ) ;
#459 = DIRECTION ( 'NONE',  ( 0.000000000000000000, 0.000000000000000000, 1.000000000000000000 ) ) ;
#460 = DIRECTION ( 'NONE',  ( 1.000000000000000000, -0.000000000000000000, -0.000000000000000000 ) ) ;
#461 = CIRCLE ( 'NONE', #1578, 0.1499999999999999389 ) ;
#462 = CARTESIAN_POINT ( 'NONE',  ( 0.1250000000000000000, 0.4084689098596918644, 0.08224512623338874062 ) ) ;
#463 = CARTESIAN_POINT ( 'NONE',  ( 0.2500000000000000000, 0.2312410373301661271, -0.2658995723902657371 ) ) ;
#464 = ORIENTED_EDGE ( 'NONE', *, *, #2520, .F. ) ;
#465 = AXIS2_PLACEMENT_3D ( 'NONE', #1815, #2934, #866 ) ;
#466 = CARTESIAN_POINT ( 'NONE',  ( -0.3937007874015748254, 0.000000000000000000, 0.000000000000000000 ) ) ;
#467 = DIRECTION ( 'NONE',  ( -1.000000000000000000, 0.000000000000000000, 0.000000000000000000 ) ) ;
#468 = ORIENTED_EDGE ( 'NONE', *, *, #2216, .F. ) ;
#469 = VERTEX_POINT ( 'NONE', #1868 ) ;
#470 = DIRECTION ( 'NONE',  ( 0.000000000000000000, -0.8660254037844328234, -0.5000000000000103251 ) ) ;
#471 = CARTESIAN_POINT ( 'NONE',  ( 0.2500000000000000000, -0.2217053756783713692, -0.2739009425653179952 ) ) ;
#472 = EDGE_CURVE ( 'NONE', #2548, #856, #2577, .T. ) ;
#473 = DIRECTION ( 'NONE',  ( -1.000000000000000000, 0.000000000000000000, 0.000000000000000000 ) ) ;
#474 = ORIENTED_EDGE ( 'NONE', *, *, #456, .T. ) ;
#475 = EDGE_CURVE ( 'NONE', #1925, #1610, #48, .T. ) ;
#476 = CIRCLE ( 'NONE', #969, 0.1499999999999999389 ) ;
#477 = DIRECTION ( 'NONE',  ( -1.000000000000000000, -0.000000000000000000, 0.000000000000000000 ) ) ;
#478 = PRESENTATION_LAYER_ASSIGNMENT (  '', '', ( #1795 ) ) ;
#479 = DIRECTION ( 'NONE',  ( 0.000000000000000000, 0.000000000000000000, 1.000000000000000000 ) ) ;
#480 = AXIS2_PLACEMENT_3D ( 'NONE', #356, #1964, #373 ) ;
#481 = CIRCLE ( 'NONE', #1600, 0.3229999999999999538 ) ;
#482 = CARTESIAN_POINT ( 'NONE',  ( 0.000000000000000000, 0.3222880321115937363, -0.02143418665674786533 ) ) ;
#483 = VERTEX_POINT ( 'NONE', #277 ) ;
#484 = VECTOR ( 'NONE', #1579, 39.37007874015748143 ) ;
#485 = EDGE_LOOP ( 'NONE', ( #1026, #1320 ) ) ;
#486 = FACE_OUTER_BOUND ( 'NONE', #2387, .T. ) ;
#487 = DIRECTION ( 'NONE',  ( 0.000000000000000000, 0.000000000000000000, 1.000000000000000000 ) ) ;
#488 = DIRECTION ( 'NONE',  ( 1.000000000000000000, 0.000000000000000000, 0.000000000000000000 ) ) ;
#489 = ORIENTED_EDGE ( 'NONE', *, *, #301, .F. ) ;
#490 = EDGE_CURVE ( 'NONE', #1045, #715, #2562, .T. ) ;
#491 = CARTESIAN_POINT ( 'NONE',  ( 0.000000000000000000, 0.006223961114424866360, 0.3523297635041688913 ) ) ;
#492 = EDGE_CURVE ( 'NONE', #2095, #2401, #2665, .T. ) ;
#493 = SHAPE_DEFINITION_REPRESENTATION ( #1711, #1443 ) ;
#494 = ORIENTED_EDGE ( 'NONE', *, *, #2359, .F. ) ;
#495 = CARTESIAN_POINT ( 'NONE',  ( 0.000000000000000000, 0.000000000000000000, 0.000000000000000000 ) ) ;
#496 = ORIENTED_EDGE ( 'NONE', *, *, #77, .F. ) ;
#497 = ORIENTED_EDGE ( 'NONE', *, *, #1558, .T. ) ;
#498 = LINE ( 'NONE', #1421, #610 ) ;
#499 = DIRECTION ( 'NONE',  ( 1.000000000000000000, -0.000000000000000000, -0.000000000000000000 ) ) ;
#500 = DIRECTION ( 'NONE',  ( 0.000000000000000000, -0.3420201433256568890, -0.9396926207859127578 ) ) ;
#501 = AXIS2_PLACEMENT_3D ( 'NONE', #2630, #1919, #1014 ) ;
#502 = DIRECTION ( 'NONE',  ( -1.000000000000000000, -0.000000000000000000, 0.000000000000000000 ) ) ;
#503 = DIRECTION ( 'NONE',  ( 0.000000000000000000, 0.000000000000000000, -1.000000000000000000 ) ) ;
#504 = AXIS2_PLACEMENT_3D ( 'NONE', #1923, #2343, #2573 ) ;
#505 = EDGE_CURVE ( 'NONE', #369, #1532, #780, .T. ) ;
#506 = ADVANCED_FACE ( 'NONE', ( #20 ), #945, .T. ) ;
#507 = CARTESIAN_POINT ( 'NONE',  ( 0.000000000000000000, -0.3657714866848123525, 0.1995553322752695591 ) ) ;
#508 = ORIENTED_EDGE ( 'NONE', *, *, #2261, .T. ) ;
#509 = EDGE_CURVE ( 'NONE', #1195, #2730, #1633, .T. ) ;
#510 = ORIENTED_EDGE ( 'NONE', *, *, #299, .F. ) ;
#511 = AXIS2_PLACEMENT_3D ( 'NONE', #2253, #2270, #624 ) ;
#512 = ORIENTED_EDGE ( 'NONE', *, *, #658, .F. ) ;
#513 = DIRECTION ( 'NONE',  ( -1.000000000000000000, -0.000000000000000000, 0.000000000000000000 ) ) ;
#514 = FACE_OUTER_BOUND ( 'NONE', #1605, .T. ) ;
#515 = FACE_OUTER_BOUND ( 'NONE', #2678, .T. ) ;
#516 = DIRECTION ( 'NONE',  ( 0.000000000000000000, 0.000000000000000000, 1.000000000000000000 ) ) ;
#517 = ORIENTED_EDGE ( 'NONE', *, *, #53, .T. ) ;
#518 = EDGE_LOOP ( 'NONE', ( #2893, #1130, #553, #2084 ) ) ;
#519 = AXIS2_PLACEMENT_3D ( 'NONE', #558, #575, #1479 ) ;
#520 = DIRECTION ( 'NONE',  ( -1.000000000000000000, 0.000000000000000000, 0.000000000000000000 ) ) ;
#521 = VERTEX_POINT ( 'NONE', #2362 ) ;
#522 = CIRCLE ( 'NONE', #2521, 0.1499999999999999389 ) ;
#523 = CIRCLE ( 'NONE', #385, 0.08000000000000000167 ) ;
#524 = EDGE_CURVE ( 'NONE', #215, #1354, #1525, .T. ) ;
#525 = CYLINDRICAL_SURFACE ( 'NONE', #646, 0.1499999999999999389 ) ;
#526 = ORIENTED_EDGE ( 'NONE', *, *, #1725, .T. ) ;
#527 = VECTOR ( 'NONE', #1501, 39.37007874015748143 ) ;
#528 = DIRECTION ( 'NONE',  ( -1.000000000000000000, -0.000000000000000000, -0.000000000000000000 ) ) ;
#529 = VERTEX_POINT ( 'NONE', #2306 ) ;
#530 = ORIENTED_EDGE ( 'NONE', *, *, #1624, .F. ) ;
#531 = DIRECTION ( 'NONE',  ( -1.000000000000000000, -0.000000000000000000, -0.000000000000000000 ) ) ;
#532 = DIRECTION ( 'NONE',  ( -1.000000000000000000, 0.000000000000000000, 0.000000000000000000 ) ) ;
#533 = ADVANCED_FACE ( 'NONE', ( #701 ), #1618, .T. ) ;
#534 = DIRECTION ( 'NONE',  ( -1.000000000000000000, -0.000000000000000000, -0.000000000000000000 ) ) ;
#535 = VECTOR ( 'NONE', #2837, 39.37007874015748143 ) ;
#536 = DIRECTION ( 'NONE',  ( 0.000000000000000000, 0.000000000000000000, 1.000000000000000000 ) ) ;
#537 = ORIENTED_EDGE ( 'NONE', *, *, #2815, .T. ) ;
#538 = ORIENTED_EDGE ( 'NONE', *, *, #2982, .T. ) ;
#539 = CARTESIAN_POINT ( 'NONE',  ( 0.1250000000000000000, -0.1330080862742750725, 0.3948670157113229329 ) ) ;
#540 = ORIENTED_EDGE ( 'NONE', *, *, #1252, .T. ) ;
#541 = DIRECTION ( 'NONE',  ( -1.000000000000000000, -0.000000000000000000, 0.000000000000000000 ) ) ;
#542 = VERTEX_POINT ( 'NONE', #2339 ) ;
#543 = DIRECTION ( 'NONE',  ( 0.000000000000000000, 0.000000000000000000, -1.000000000000000000 ) ) ;
#544 = ORIENTED_EDGE ( 'NONE', *, *, #1386, .F. ) ;
#545 = EDGE_LOOP ( 'NONE', ( #1139, #2836, #1365, #2878 ) ) ;
#546 = CARTESIAN_POINT ( 'NONE',  ( 0.000000000000000000, 0.000000000000000000, 0.000000000000000000 ) ) ;
#547 = CARTESIAN_POINT ( 'NONE',  ( 0.2500000000000000000, -0.2312410373301643784, 0.2658995723902672914 ) ) ;
#548 = CARTESIAN_POINT ( 'NONE',  ( 0.2500000000000000000, 0.03485617626096224747, 0.3211137601792621865 ) ) ;
#549 = EDGE_CURVE ( 'NONE', #1354, #2604, #411, .T. ) ;
#550 = EDGE_CURVE ( 'NONE', #439, #469, #1190, .T. ) ;
#551 = DIRECTION ( 'NONE',  ( -1.000000000000000000, 0.000000000000000000, 0.000000000000000000 ) ) ;
#552 = LINE ( 'NONE', #1032, #2150 ) ;
#553 = ORIENTED_EDGE ( 'NONE', *, *, #702, .F. ) ;
#554 = AXIS2_PLACEMENT_3D ( 'NONE', #1357, #176, #882 ) ;
#555 = AXIS2_PLACEMENT_3D ( 'NONE', #2432, #767, #1489 ) ;
#556 = CIRCLE ( 'NONE', #1661, 0.3229999999999999538 ) ;
#557 = CARTESIAN_POINT ( 'NONE',  ( 0.000000000000000000, -0.2955207619504672256, 0.1303705459688469792 ) ) ;
#558 = CARTESIAN_POINT ( 'NONE',  ( 0.000000000000000000, -0.2312410373301643784, 0.2658995723902672914 ) ) ;
#559 = EDGE_LOOP ( 'NONE', ( #1772, #2213, #1920, #1062 ) ) ;
#560 = VECTOR ( 'NONE', #593, 39.37007874015748143 ) ;
#561 = EDGE_LOOP ( 'NONE', ( #2856, #2662, #408, #1999 ) ) ;
#562 = DIRECTION ( 'NONE',  ( -1.000000000000000000, -0.000000000000000000, -0.000000000000000000 ) ) ;
#563 = ORIENTED_EDGE ( 'NONE', *, *, #1908, .F. ) ;
#564 = CARTESIAN_POINT ( 'NONE',  ( 0.2500000000000000000, 0.000000000000000000, 0.000000000000000000 ) ) ;
#565 = VERTEX_POINT ( 'NONE', #713 ) ;
#566 = ORIENTED_EDGE ( 'NONE', *, *, #2571, .F. ) ;
#567 = CARTESIAN_POINT ( 'NONE',  ( 0.2500000000000000000, -0.2606645856895016267, -0.1907432142104155126 ) ) ;
#568 = CARTESIAN_POINT ( 'NONE',  ( 0.000000000000000000, 0.000000000000000000, 0.000000000000000000 ) ) ;
#569 = DIRECTION ( 'NONE',  ( 0.000000000000000000, 0.000000000000000000, 1.000000000000000000 ) ) ;
#570 = DIRECTION ( 'NONE',  ( 1.000000000000000000, 0.000000000000000000, 0.000000000000000000 ) ) ;
#571 = CIRCLE ( 'NONE', #1674, 0.1499999999999999389 ) ;
#572 = ADVANCED_FACE ( 'NONE', ( #1387 ), #2553, .T. ) ;
#573 = ORIENTED_EDGE ( 'NONE', *, *, #130, .T. ) ;
#574 = CYLINDRICAL_SURFACE ( 'NONE', #2223, 0.3229999999999999538 ) ;
#575 = DIRECTION ( 'NONE',  ( -1.000000000000000000, 0.000000000000000000, 0.000000000000000000 ) ) ;
#576 = EDGE_CURVE ( 'NONE', #1715, #1823, #1013, .T. ) ;
#577 = VECTOR ( 'NONE', #1319, 39.37007874015748143 ) ;
#578 = VERTEX_POINT ( 'NONE', #1687 ) ;
#579 = CIRCLE ( 'NONE', #2956, 0.1499999999999999389 ) ;
#580 = EDGE_LOOP ( 'NONE', ( #2167, #1971, #1411, #35 ) ) ;
#581 = DIRECTION ( 'NONE',  ( -1.000000000000000000, -0.000000000000000000, -0.000000000000000000 ) ) ;
#582 = ORIENTED_EDGE ( 'NONE', *, *, #2584, .T. ) ;
#583 = DIRECTION ( 'NONE',  ( -1.000000000000000000, 0.000000000000000000, -0.000000000000000000 ) ) ;
#584 = ORIENTED_EDGE ( 'NONE', *, *, #754, .T. ) ;
#585 = CARTESIAN_POINT ( 'NONE',  ( 0.000000000000000000, 0.2312410373301661271, -0.2658995723902657371 ) ) ;
#586 = LINE ( 'NONE', #68, #2954 ) ;
#587 = VECTOR ( 'NONE', #693, 39.37007874015748143 ) ;
#588 = CIRCLE ( 'NONE', #1939, 0.1499999999999999667 ) ;
#589 = AXIS2_PLACEMENT_3D ( 'NONE', #1778, #1792, #2723 ) ;
#590 = DIRECTION ( 'NONE',  ( 0.000000000000000000, 0.000000000000000000, -1.000000000000000000 ) ) ;
#591 = VERTEX_POINT ( 'NONE', #2813 ) ;
#592 = CIRCLE ( 'NONE', #833, 0.3230000000000000093 ) ;
#593 = DIRECTION ( 'NONE',  ( 1.000000000000000000, -0.000000000000000000, -0.000000000000000000 ) ) ;
#594 = DIRECTION ( 'NONE',  ( -1.000000000000000000, 0.000000000000000000, -0.000000000000000000 ) ) ;
#595 = EDGE_LOOP ( 'NONE', ( #2620, #394, #1022, #2738 ) ) ;
#596 = EDGE_CURVE ( 'NONE', #1448, #529, #1472, .T. ) ;
#597 = ORIENTED_EDGE ( 'NONE', *, *, #692, .F. ) ;
#598 = DIRECTION ( 'NONE',  ( 0.000000000000000000, 0.000000000000000000, 1.000000000000000000 ) ) ;
#599 = ORIENTED_EDGE ( 'NONE', *, *, #77, .T. ) ;
#600 = CARTESIAN_POINT ( 'NONE',  ( -0.1000000000000000056, 0.000000000000000000, 0.000000000000000000 ) ) ;
#601 = VERTEX_POINT ( 'NONE', #2171 ) ;
#602 = ORIENTED_EDGE ( 'NONE', *, *, #2499, .F. ) ;
#603 = CARTESIAN_POINT ( 'NONE',  ( 0.000000000000000000, 0.1519255197928409684, 0.3879816330018551196 ) ) ;
#604 = DIRECTION ( 'NONE',  ( -1.000000000000000000, -0.000000000000000000, -0.000000000000000000 ) ) ;
#605 = CYLINDRICAL_SURFACE ( 'NONE', #24, 0.1499999999999999112 ) ;
#606 = CYLINDRICAL_SURFACE ( 'NONE', #1523, 0.1499999999999999667 ) ;
#607 = ORIENTED_EDGE ( 'NONE', *, *, #1722, .T. ) ;
#608 = FACE_BOUND ( 'NONE', #1690, .T. ) ;
#609 = FACE_OUTER_BOUND ( 'NONE', #1791, .T. ) ;
#610 = VECTOR ( 'NONE', #2757, 39.37007874015748143 ) ;
#611 = ORIENTED_EDGE ( 'NONE', *, *, #185, .T. ) ;
#612 = VECTOR ( 'NONE', #2015, 39.37007874015748143 ) ;
#613 = CARTESIAN_POINT ( 'NONE',  ( 0.2500000000000000000, 0.2217053756783768093, -0.2739009425653136098 ) ) ;
#614 = FACE_OUTER_BOUND ( 'NONE', #1569, .T. ) ;
#615 = ORIENTED_EDGE ( 'NONE', *, *, #2829, .T. ) ;
#616 = EDGE_CURVE ( 'NONE', #801, #2467, #999, .T. ) ;
#617 = DIRECTION ( 'NONE',  ( -1.000000000000000000, 0.000000000000000000, 0.000000000000000000 ) ) ;
#618 = ORIENTED_EDGE ( 'NONE', *, *, #1623, .T. ) ;
#619 = DIRECTION ( 'NONE',  ( 0.000000000000000000, -0.8660254037844432595, 0.4999999999999918399 ) ) ;
#620 = DIRECTION ( 'NONE',  ( 0.000000000000000000, 0.000000000000000000, 1.000000000000000000 ) ) ;
#621 = ORIENTED_EDGE ( 'NONE', *, *, #1294, .F. ) ;
#622 = EDGE_CURVE ( 'NONE', #2508, #469, #2256, .T. ) ;
#623 = DIRECTION ( 'NONE',  ( -1.000000000000000000, 0.000000000000000000, 0.000000000000000000 ) ) ;
#624 = DIRECTION ( 'NONE',  ( 0.000000000000000000, 0.000000000000000000, 1.000000000000000000 ) ) ;
#625 = VERTEX_POINT ( 'NONE', #2868 ) ;
#626 = AXIS2_PLACEMENT_3D ( 'NONE', #2368, #828, #1753 ) ;
#627 = DIRECTION ( 'NONE',  ( 0.000000000000000000, 0.000000000000000000, 1.000000000000000000 ) ) ;
#628 = LINE ( 'NONE', #109, #577 ) ;
#629 = ORIENTED_EDGE ( 'NONE', *, *, #301, .T. ) ;
#630 = FACE_OUTER_BOUND ( 'NONE', #580, .T. ) ;
#631 = DIRECTION ( 'NONE',  ( -1.000000000000000000, 0.000000000000000000, -0.000000000000000000 ) ) ;
#632 = VERTEX_POINT ( 'NONE', #56 ) ;
#633 = ORIENTED_EDGE ( 'NONE', *, *, #1985, .F. ) ;
#634 = EDGE_CURVE ( 'NONE', #416, #1977, #2697, .T. ) ;
#635 = CARTESIAN_POINT ( 'NONE',  ( 0.2500000000000000000, 0.000000000000000000, 0.000000000000000000 ) ) ;
#636 = DIRECTION ( 'NONE',  ( 1.000000000000000000, 0.000000000000000000, 0.000000000000000000 ) ) ;
#637 = AXIS2_PLACEMENT_3D ( 'NONE', #1330, #1362, #1820 ) ;
#638 = ORIENTED_EDGE ( 'NONE', *, *, #778, .T. ) ;
#639 = EDGE_CURVE ( 'NONE', #2202, #632, #352, .T. ) ;
#640 = EDGE_CURVE ( 'NONE', #675, #794, #2397, .T. ) ;
#641 = AXIS2_PLACEMENT_3D ( 'NONE', #2012, #2030, #188 ) ;
#642 = DIRECTION ( 'NONE',  ( 0.000000000000000000, 0.000000000000000000, 1.000000000000000000 ) ) ;
#643 = CARTESIAN_POINT ( 'NONE',  ( 0.000000000000000000, 0.2312410373301625743, 0.2658995723902687902 ) ) ;
#644 = CIRCLE ( 'NONE', #2323, 0.4166666666666666852 ) ;
#645 = ORIENTED_EDGE ( 'NONE', *, *, #596, .T. ) ;
#646 = AXIS2_PLACEMENT_3D ( 'NONE', #1255, #2135, #2621 ) ;
#647 = FACE_OUTER_BOUND ( 'NONE', #341, .T. ) ;
#648 = LINE ( 'NONE', #1571, #2760 ) ;
#649 = ORIENTED_EDGE ( 'NONE', *, *, #2243, .F. ) ;
#650 = CARTESIAN_POINT ( 'NONE',  ( 0.000000000000000000, -0.2600391904849577718, 0.3255621761246828560 ) ) ;
#651 = VERTEX_POINT ( 'NONE', #2169 ) ;
#652 = ORIENTED_EDGE ( 'NONE', *, *, #185, .F. ) ;
#653 = FACE_OUTER_BOUND ( 'NONE', #1713, .T. ) ;
#654 = CARTESIAN_POINT ( 'NONE',  ( 0.000000000000000000, -0.1425814659015970931, 0.2898267164727083567 ) ) ;
#655 = DIRECTION ( 'NONE',  ( -1.000000000000000000, -0.000000000000000000, -0.000000000000000000 ) ) ;
#656 = CARTESIAN_POINT ( 'NONE',  ( 0.000000000000000000, -0.1146552658803071528, -0.3332103989205220662 ) ) ;
#657 = VERTEX_POINT ( 'NONE', #101 ) ;
#658 = EDGE_CURVE ( 'NONE', #1238, #694, #1885, .T. ) ;
#659 = ADVANCED_FACE ( 'NONE', ( #2838 ), #1701, .T. ) ;
#660 = DIRECTION ( 'NONE',  ( 1.000000000000000000, -0.000000000000000000, -0.000000000000000000 ) ) ;
#661 = LINE ( 'NONE', #1602, #2358 ) ;
#662 = ADVANCED_FACE ( 'NONE', ( #37 ), #2112, .T. ) ;
#663 = DIRECTION ( 'NONE',  ( -1.000000000000000000, 0.000000000000000000, -0.000000000000000000 ) ) ;
#664 = ORIENTED_EDGE ( 'NONE', *, *, #1277, .F. ) ;
#665 = CARTESIAN_POINT ( 'NONE',  ( 0.000000000000000000, -0.3480578622212534001, 0.05505201621038400411 ) ) ;
#666 = DIRECTION ( 'NONE',  ( 0.000000000000000000, 0.000000000000000000, -1.000000000000000000 ) ) ;
#667 = ORIENTED_EDGE ( 'NONE', *, *, #1290, .T. ) ;
#668 = FACE_OUTER_BOUND ( 'NONE', #1751, .T. ) ;
#669 = AXIS2_PLACEMENT_3D ( 'NONE', #2176, #2857, #817 ) ;
#670 = LINE ( 'NONE', #211, #2928 ) ;
#671 = ORIENTED_EDGE ( 'NONE', *, *, #1180, .F. ) ;
#672 = CARTESIAN_POINT ( 'NONE',  ( 0.2500000000000000000, -0.3480578622212527895, 0.09494798378961126495 ) ) ;
#673 = DIRECTION ( 'NONE',  ( -1.000000000000000000, 0.000000000000000000, 0.000000000000000000 ) ) ;
#674 = CARTESIAN_POINT ( 'NONE',  ( 0.2500000000000000000, 0.000000000000000000, 0.000000000000000000 ) ) ;
#675 = VERTEX_POINT ( 'NONE', #2809 ) ;
#676 = EDGE_CURVE ( 'NONE', #2926, #1409, #75, .T. ) ;
#677 = ORIENTED_EDGE ( 'NONE', *, *, #2440, .T. ) ;
#678 = DIRECTION ( 'NONE',  ( 0.000000000000000000, -0.6427876096865458022, 0.7660444431189725734 ) ) ;
#679 = CARTESIAN_POINT ( 'NONE',  ( 0.2500000000000000000, 0.2955207619504681693, -0.1303705459688450363 ) ) ;
#680 = ORIENTED_EDGE ( 'NONE', *, *, #2285, .F. ) ;
#681 = AXIS2_PLACEMENT_3D ( 'NONE', #226, #3, #2543 ) ;
#682 = ORIENTED_EDGE ( 'NONE', *, *, #2711, .T. ) ;
#683 = DIRECTION ( 'NONE',  ( -1.000000000000000000, 0.000000000000000000, 0.000000000000000000 ) ) ;
#684 = DIRECTION ( 'NONE',  ( -1.000000000000000000, 0.000000000000000000, 0.000000000000000000 ) ) ;
#685 = DIRECTION ( 'NONE',  ( -1.000000000000000000, 0.000000000000000000, 0.000000000000000000 ) ) ;
#686 = DIRECTION ( 'NONE',  ( -1.000000000000000000, -0.000000000000000000, 0.000000000000000000 ) ) ;
#687 = CIRCLE ( 'NONE', #2664, 0.4166666666666666852 ) ;
#688 = AXIS2_PLACEMENT_3D ( 'NONE', #791, #1712, #2406 ) ;
#689 = ORIENTED_EDGE ( 'NONE', *, *, #2588, .F. ) ;
#690 = ADVANCED_FACE ( 'NONE', ( #514 ), #2594, .T. ) ;
#691 = CIRCLE ( 'NONE', #2526, 0.4166666666666666852 ) ;
#692 = EDGE_CURVE ( 'NONE', #1610, #1036, #1228, .T. ) ;
#693 = DIRECTION ( 'NONE',  ( -1.000000000000000000, -0.000000000000000000, 0.000000000000000000 ) ) ;
#694 = VERTEX_POINT ( 'NONE', #2380 ) ;
#695 = EDGE_LOOP ( 'NONE', ( #2676, #2335, #599, #2255 ) ) ;
#696 = DIRECTION ( 'NONE',  ( -1.000000000000000000, -0.000000000000000000, -0.000000000000000000 ) ) ;
#697 = CARTESIAN_POINT ( 'NONE',  ( 0.2500000000000000000, 0.1519255197928463530, -0.3879816330018530102 ) ) ;
#698 = DIRECTION ( 'NONE',  ( -1.000000000000000000, 0.000000000000000000, 0.000000000000000000 ) ) ;
#699 = CARTESIAN_POINT ( 'NONE',  ( -0.3937007874015748254, 0.000000000000000000, 0.4166666666666666852 ) ) ;
#700 = ORIENTED_EDGE ( 'NONE', *, *, #1637, .T. ) ;
#701 = FACE_OUTER_BOUND ( 'NONE', #1826, .T. ) ;
#702 = EDGE_CURVE ( 'NONE', #2889, #1254, #1197, .T. ) ;
#703 = DIRECTION ( 'NONE',  ( 0.000000000000000000, 0.6427876096865354771, 0.7660444431189814551 ) ) ;
#704 = EDGE_LOOP ( 'NONE', ( #2583, #2010, #21, #2535 ) ) ;
#705 = AXIS2_PLACEMENT_3D ( 'NONE', #1582, #1755, #1090 ) ;
#706 = AXIS2_PLACEMENT_3D ( 'NONE', #1167, #247, #2091 ) ;
#707 = AXIS2_PLACEMENT_3D ( 'NONE', #547, #2822, #281 ) ;
#708 = ORIENTED_EDGE ( 'NONE', *, *, #2330, .F. ) ;
#709 = CARTESIAN_POINT ( 'NONE',  ( 0.2500000000000000000, -0.1263524865428806709, 0.3289529587757017981 ) ) ;
#710 = EDGE_CURVE ( 'NONE', #1458, #2576, #1281, .T. ) ;
#711 = CARTESIAN_POINT ( 'NONE',  ( 0.2500000000000000000, 0.000000000000000000, 0.000000000000000000 ) ) ;
#712 = CIRCLE ( 'NONE', #1621, 0.3230000000000000093 ) ;
#713 = CARTESIAN_POINT ( 'NONE',  ( -0.1000000000000000056, 0.000000000000000000, 0.08000000000000000167 ) ) ;
#714 = DIRECTION ( 'NONE',  ( -1.000000000000000000, -0.000000000000000000, -0.000000000000000000 ) ) ;
#715 = VERTEX_POINT ( 'NONE', #797 ) ;
#716 = AXIS2_PLACEMENT_3D ( 'NONE', #269, #982, #2074 ) ;
#717 = CARTESIAN_POINT ( 'NONE',  ( 0.000000000000000000, -0.1263524865428806709, 0.3289529587757017981 ) ) ;
#718 = EDGE_LOOP ( 'NONE', ( #745, #898, #1651, #1750 ) ) ;
#719 = CARTESIAN_POINT ( 'NONE',  ( -0.3937007874015748254, 0.000000000000000000, 0.000000000000000000 ) ) ;
#720 = EDGE_LOOP ( 'NONE', ( #2292, #58 ) ) ;
#721 = DIRECTION ( 'NONE',  ( -1.000000000000000000, -0.000000000000000000, 0.000000000000000000 ) ) ;
#722 = DIRECTION ( 'NONE',  ( 0.000000000000000000, 0.000000000000000000, -1.000000000000000000 ) ) ;
#723 = EDGE_CURVE ( 'NONE', #1480, #1502, #2930, .T. ) ;
#724 = LINE ( 'NONE', #1641, #1471 ) ;
#725 = AXIS2_PLACEMENT_3D ( 'NONE', #1202, #698, #967 ) ;
#726 = LINE ( 'NONE', #2972, #133 ) ;
#727 = CIRCLE ( 'NONE', #197, 0.1499999999999999389 ) ;
#728 = VECTOR ( 'NONE', #1258, 39.37007874015748143 ) ;
#729 = AXIS2_PLACEMENT_3D ( 'NONE', #324, #1447, #1697 ) ;
#730 = SURFACE_STYLE_FILL_AREA ( #1378 ) ;
#731 = ORIENTED_EDGE ( 'NONE', *, *, #1822, .T. ) ;
#732 = DIRECTION ( 'NONE',  ( 0.000000000000000000, 0.000000000000000000, -1.000000000000000000 ) ) ;
#733 = ORIENTED_EDGE ( 'NONE', *, *, #2574, .T. ) ;
#734 = CYLINDRICAL_SURFACE ( 'NONE', #1046, 0.4166666666666666852 ) ;
#735 = DIRECTION ( 'NONE',  ( -1.000000000000000000, 0.000000000000000000, -0.000000000000000000 ) ) ;
#736 = DIRECTION ( 'NONE',  ( -1.000000000000000000, -0.000000000000000000, -0.000000000000000000 ) ) ;
#737 = CARTESIAN_POINT ( 'NONE',  ( 0.000000000000000000, -0.3458963032104737101, 0.2173108265302505504 ) ) ;
#738 = ORIENTED_EDGE ( 'NONE', *, *, #549, .T. ) ;
#739 = EDGE_CURVE ( 'NONE', #1259, #1079, #556, .T. ) ;
#740 = ADVANCED_FACE ( 'NONE', ( #1953 ), #1901, .T. ) ;
#741 = DIRECTION ( 'NONE',  ( 0.000000000000000000, -0.6427876096865459132, 0.7660444431189725734 ) ) ;
#742 = ADVANCED_FACE ( 'NONE', ( #2140 ), #1467, .T. ) ;
#743 = CYLINDRICAL_SURFACE ( 'NONE', #2371, 0.4166666666666666852 ) ;
#744 = ORIENTED_EDGE ( 'NONE', *, *, #778, .F. ) ;
#745 = ORIENTED_EDGE ( 'NONE', *, *, #1180, .T. ) ;
#746 = CYLINDRICAL_SURFACE ( 'NONE', #2772, 0.1499999999999999389 ) ;
#747 = CARTESIAN_POINT ( 'NONE',  ( 0.1250000000000000000, 0.1519255197928409684, 0.3879816330018551196 ) ) ;
#748 = CARTESIAN_POINT ( 'NONE',  ( 0.2500000000000000000, -0.3020145451467590170, -0.1815549901893463158 ) ) ;
#749 = AXIS2_PLACEMENT_3D ( 'NONE', #2073, #2580, #470 ) ;
#750 = AXIS2_PLACEMENT_3D ( 'NONE', #643, #1568, #1805 ) ;
#751 = AXIS2_PLACEMENT_3D ( 'NONE', #2353, #67, #84 ) ;
#752 = FACE_OUTER_BOUND ( 'NONE', #2136, .T. ) ;
#753 = ORIENTED_EDGE ( 'NONE', *, *, #1853, .F. ) ;
#754 = EDGE_CURVE ( 'NONE', #1796, #1634, #310, .T. ) ;
#755 = FACE_OUTER_BOUND ( 'NONE', #2051, .T. ) ;
#756 = VERTEX_POINT ( 'NONE', #1766 ) ;
#757 = EDGE_CURVE ( 'NONE', #1055, #1086, #935, .T. ) ;
#758 = EDGE_CURVE ( 'NONE', #1595, #2578, #26, .T. ) ;
#759 = CYLINDRICAL_SURFACE ( 'NONE', #1880, 0.4166666666666666852 ) ;
#760 = ORIENTED_EDGE ( 'NONE', *, *, #2886, .T. ) ;
#761 = CARTESIAN_POINT ( 'NONE',  ( 0.000000000000000000, 0.000000000000000000, 0.000000000000000000 ) ) ;
#762 = VECTOR ( 'NONE', #736, 39.37007874015748143 ) ;
#763 = ORIENTED_EDGE ( 'NONE', *, *, #2349, .F. ) ;
#764 = DIRECTION ( 'NONE',  ( -1.000000000000000000, 0.000000000000000000, -0.000000000000000000 ) ) ;
#765 = DIRECTION ( 'NONE',  ( -1.000000000000000000, 0.000000000000000000, 0.000000000000000000 ) ) ;
#766 = DIRECTION ( 'NONE',  ( -1.000000000000000000, -0.000000000000000000, -0.000000000000000000 ) ) ;
#767 = DIRECTION ( 'NONE',  ( -1.000000000000000000, 0.000000000000000000, 0.000000000000000000 ) ) ;
#768 = EDGE_LOOP ( 'NONE', ( #2295, #393 ) ) ;
#769 = CIRCLE ( 'NONE', #2410, 0.1499999999999999389 ) ;
#770 = LINE ( 'NONE', #249, #1232 ) ;
#771 = ORIENTED_EDGE ( 'NONE', *, *, #1593, .F. ) ;
#772 = AXIS2_PLACEMENT_3D ( 'NONE', #2290, #685, #2052 ) ;
#773 = AXIS2_PLACEMENT_3D ( 'NONE', #1244, #102, #569 ) ;
#774 = AXIS2_PLACEMENT_3D ( 'NONE', #2393, #2925, #860 ) ;
#775 = CARTESIAN_POINT ( 'NONE',  ( 0.000000000000000000, 0.000000000000000000, 0.000000000000000000 ) ) ;
#776 = ORIENTED_EDGE ( 'NONE', *, *, #2946, .F. ) ;
#777 = ADVANCED_FACE ( 'NONE', ( #1567 ), #1521, .T. ) ;
#778 = EDGE_CURVE ( 'NONE', #1259, #1448, #163, .T. ) ;
#779 = CIRCLE ( 'NONE', #589, 0.3229999999999999538 ) ;
#780 = LINE ( 'NONE', #1680, #2955 ) ;
#781 = ORIENTED_EDGE ( 'NONE', *, *, #400, .T. ) ;
#782 = CARTESIAN_POINT ( 'NONE',  ( 0.2500000000000000000, 0.000000000000000000, 0.000000000000000000 ) ) ;
#783 = CARTESIAN_POINT ( 'NONE',  ( 0.2500000000000000000, -0.1263524865428763133, -0.3289529587757035745 ) ) ;
#784 = DIRECTION ( 'NONE',  ( -1.000000000000000000, -0.000000000000000000, -0.000000000000000000 ) ) ;
#785 = DIRECTION ( 'NONE',  ( 1.000000000000000000, 0.000000000000000000, 0.000000000000000000 ) ) ;
#786 = CARTESIAN_POINT ( 'NONE',  ( 0.000000000000000000, 0.1263524865428785893, 0.3289529587757027418 ) ) ;
#787 = ORIENTED_EDGE ( 'NONE', *, *, #1969, .T. ) ;
#788 = CARTESIAN_POINT ( 'NONE',  ( 0.2500000000000000000, -0.2600391904849532754, -0.3255621761246864088 ) ) ;
#789 = CARTESIAN_POINT ( 'NONE',  ( 0.2500000000000000000, 0.01006575613137429374, 0.4165450655866839713 ) ) ;
#790 = ORIENTED_EDGE ( 'NONE', *, *, #2439, .T. ) ;
#791 = CARTESIAN_POINT ( 'NONE',  ( 0.000000000000000000, 0.000000000000000000, 0.000000000000000000 ) ) ;
#792 = VERTEX_POINT ( 'NONE', #2217 ) ;
#793 = FACE_OUTER_BOUND ( 'NONE', #811, .T. ) ;
#794 = VERTEX_POINT ( 'NONE', #1804 ) ;
#795 = EDGE_CURVE ( 'NONE', #578, #11, #1469, .T. ) ;
#796 = CARTESIAN_POINT ( 'NONE',  ( 0.2500000000000000000, -0.4084689098596913648, -0.08224512623339143291 ) ) ;
#797 = CARTESIAN_POINT ( 'NONE',  ( 0.000000000000000000, -0.1330080862742751002, 0.3948670157113229329 ) ) ;
#798 = CYLINDRICAL_SURFACE ( 'NONE', #773, 0.4166666666666666852 ) ;
#799 = ADVANCED_FACE ( 'NONE', ( #668 ), #1539, .T. ) ;
#800 = CARTESIAN_POINT ( 'NONE',  ( -0.3937007874015748254, 0.000000000000000000, 0.000000000000000000 ) ) ;
#801 = VERTEX_POINT ( 'NONE', #209 ) ;
#802 = AXIS2_PLACEMENT_3D ( 'NONE', #383, #865, #2743 ) ;
#803 = AXIS2_PLACEMENT_3D ( 'NONE', #12, #2228, #2245 ) ;
#804 = DIRECTION ( 'NONE',  ( 1.000000000000000000, -0.000000000000000000, -0.000000000000000000 ) ) ;
#805 = DIRECTION ( 'NONE',  ( 0.000000000000000000, 0.3420201433256629397, 0.9396926207859104263 ) ) ;
#806 = ORIENTED_EDGE ( 'NONE', *, *, #2648, .F. ) ;
#807 = AXIS2_PLACEMENT_3D ( 'NONE', #2115, #203, #503 ) ;
#808 = FACE_OUTER_BOUND ( 'NONE', #2351, .T. ) ;
#809 = ORIENTED_EDGE ( 'NONE', *, *, #1470, .F. ) ;
#810 = FACE_OUTER_BOUND ( 'NONE', #2456, .T. ) ;
#811 = EDGE_LOOP ( 'NONE', ( #1368, #1915, #2850, #517 ) ) ;
#812 = DIRECTION ( 'NONE',  ( 0.000000000000000000, -6.982962677686265922E-15, 1.000000000000000000 ) ) ;
#813 = DIRECTION ( 'NONE',  ( 0.000000000000000000, 0.000000000000000000, -1.000000000000000000 ) ) ;
#814 = CYLINDRICAL_SURFACE ( 'NONE', #2585, 0.1499999999999999112 ) ;
#815 = EDGE_LOOP ( 'NONE', ( #867, #633, #2138, #1270 ) ) ;
#816 = EDGE_CURVE ( 'NONE', #987, #369, #1332, .T. ) ;
#817 = DIRECTION ( 'NONE',  ( 0.000000000000000000, 0.000000000000000000, 1.000000000000000000 ) ) ;
#818 = CARTESIAN_POINT ( 'NONE',  ( 0.000000000000000000, 0.2600391904849556068, 0.3255621761246846324 ) ) ;
#819 = AXIS2_PLACEMENT_3D ( 'NONE', #463, #686, #1374 ) ;
#820 = ORIENTED_EDGE ( 'NONE', *, *, #1760, .F. ) ;
#821 = AXIS2_PLACEMENT_3D ( 'NONE', #141, #1067, #1321 ) ;
#822 = DIRECTION ( 'NONE',  ( -1.000000000000000000, -0.000000000000000000, -0.000000000000000000 ) ) ;
#823 = ORIENTED_EDGE ( 'NONE', *, *, #576, .F. ) ;
#824 = CARTESIAN_POINT ( 'NONE',  ( -0.02100000000000001171, 0.000000000000000000, 0.000000000000000000 ) ) ;
#825 = EDGE_LOOP ( 'NONE', ( #1844, #2037, #2689, #391 ) ) ;
#826 = CARTESIAN_POINT ( 'NONE',  ( 0.2500000000000000000, 0.1146552658803093455, 0.3332103989205214001 ) ) ;
#827 = VECTOR ( 'NONE', #1233, 39.37007874015748143 ) ;
#828 = DIRECTION ( 'NONE',  ( -1.000000000000000000, -0.000000000000000000, 0.000000000000000000 ) ) ;
#829 = AXIS2_PLACEMENT_3D ( 'NONE', #1310, #1783, #906 ) ;
#830 = CIRCLE ( 'NONE', #729, 0.1499999999999999389 ) ;
#831 = FACE_OUTER_BOUND ( 'NONE', #561, .T. ) ;
#832 = VERTEX_POINT ( 'NONE', #1137 ) ;
#833 = AXIS2_PLACEMENT_3D ( 'NONE', #1041, #1665, #1487 ) ;
#834 = ADVANCED_FACE ( 'NONE', ( #2269 ), #2031, .T. ) ;
#835 = DIRECTION ( 'NONE',  ( -1.000000000000000000, 0.000000000000000000, -0.000000000000000000 ) ) ;
#836 = CARTESIAN_POINT ( 'NONE',  ( 0.000000000000000000, -0.2217053756783750329, 0.2739009425653151086 ) ) ;
#837 = ADVANCED_FACE ( 'NONE', ( #2061, #845 ), #2978, .T. ) ;
#838 = ORIENTED_EDGE ( 'NONE', *, *, #2713, .T. ) ;
#839 = LINE ( 'NONE', #2276, #1404 ) ;
#840 = ORIENTED_EDGE ( 'NONE', *, *, #505, .T. ) ;
#841 = CYLINDRICAL_SURFACE ( 'NONE', #774, 0.1499999999999999112 ) ;
#842 = ORIENTED_EDGE ( 'NONE', *, *, #1417, .T. ) ;
#843 = LINE ( 'NONE', #2913, #1406 ) ;
#844 = DIRECTION ( 'NONE',  ( -1.000000000000000000, -0.000000000000000000, 0.000000000000000000 ) ) ;
#845 = FACE_OUTER_BOUND ( 'NONE', #485, .T. ) ;
#846 = DIRECTION ( 'NONE',  ( 0.000000000000000000, 1.000000000000000000, 0.000000000000000000 ) ) ;
#847 = PRODUCT ( 'motor gear', 'motor gear', '', ( #1590 ) ) ;
#848 = VERTEX_POINT ( 'NONE', #190 ) ;
#849 = CARTESIAN_POINT ( 'NONE',  ( 0.2500000000000000000, 0.2606645856895056235, -0.1907432142104101280 ) ) ;
#850 = CARTESIAN_POINT ( 'NONE',  ( 0.000000000000000000, 0.2955207619504663374, 0.1303705459688490054 ) ) ;
#851 = VECTOR ( 'NONE', #2326, 39.37007874015748143 ) ;
#852 = EDGE_CURVE ( 'NONE', #1816, #657, #2013, .T. ) ;
#853 = CIRCLE ( 'NONE', #750, 0.1499999999999999389 ) ;
#854 = VECTOR ( 'NONE', #2539, 39.37007874015748143 ) ;
#855 = FACE_OUTER_BOUND ( 'NONE', #1216, .T. ) ;
#856 = VERTEX_POINT ( 'NONE', #363 ) ;
#857 = ADVANCED_FACE ( 'NONE', ( #1786 ), #2964, .T. ) ;
#858 = AXIS2_PLACEMENT_3D ( 'NONE', #2426, #2687, #2705 ) ;
#859 = EDGE_CURVE ( 'NONE', #2863, #1839, #2948, .T. ) ;
#860 = DIRECTION ( 'NONE',  ( 0.000000000000000000, 0.000000000000000000, 1.000000000000000000 ) ) ;
#861 = CIRCLE ( 'NONE', #261, 0.1499999999999999667 ) ;
#862 = VERTEX_POINT ( 'NONE', #2682 ) ;
#863 = CARTESIAN_POINT ( 'NONE',  ( 0.2500000000000000000, -0.3480578622212534001, 0.05505201621038400411 ) ) ;
#864 = CARTESIAN_POINT ( 'NONE',  ( 0.000000000000000000, -0.3101826091352871129, 0.09008745190105936496 ) ) ;
#865 = DIRECTION ( 'NONE',  ( -1.000000000000000000, -0.000000000000000000, -0.000000000000000000 ) ) ;
#866 = DIRECTION ( 'NONE',  ( 0.000000000000000000, 0.000000000000000000, 1.000000000000000000 ) ) ;
#867 = ORIENTED_EDGE ( 'NONE', *, *, #250, .T. ) ;
#868 = CIRCLE ( 'NONE', #1110, 0.3229999999999999538 ) ;
#869 = CARTESIAN_POINT ( 'NONE',  ( -0.02100000000000001171, 9.797174393178827075E-18, -0.08000000000000000167 ) ) ;
#870 = FACE_OUTER_BOUND ( 'NONE', #2248, .T. ) ;
#871 = DIRECTION ( 'NONE',  ( 0.000000000000000000, 0.000000000000000000, 1.000000000000000000 ) ) ;
#872 = AXIS2_PLACEMENT_3D ( 'NONE', #350, #1082, #1267 ) ;
#873 = ORIENTED_EDGE ( 'NONE', *, *, #284, .F. ) ;
#874 = ORIENTED_EDGE ( 'NONE', *, *, #71, .T. ) ;
#875 = DIRECTION ( 'NONE',  ( 0.000000000000000000, 0.000000000000000000, 1.000000000000000000 ) ) ;
#876 = ADVANCED_FACE ( 'NONE', ( #2509 ), #605, .T. ) ;
#877 = CYLINDRICAL_SURFACE ( 'NONE', #829, 0.1499999999999999667 ) ;
#878 = ADVANCED_FACE ( 'NONE', ( #430 ), #1769, .T. ) ;
#879 = AXIS2_PLACEMENT_3D ( 'NONE', #1627, #1849, #516 ) ;
#880 = ORIENTED_EDGE ( 'NONE', *, *, #1558, .F. ) ;
#881 = CIRCLE ( 'NONE', #1498, 0.08000000000000000167 ) ;
#882 = DIRECTION ( 'NONE',  ( 0.000000000000000000, 0.000000000000000000, 1.000000000000000000 ) ) ;
#883 = ADVANCED_FACE ( 'NONE', ( #398 ), #2699, .T. ) ;
#884 = CARTESIAN_POINT ( 'NONE',  ( 0.2500000000000000000, -0.1519255197928436052, 0.3879816330018541204 ) ) ;
#885 = VECTOR ( 'NONE', #2791, 39.37007874015748143 ) ;
#886 = ORIENTED_EDGE ( 'NONE', *, *, #2404, .F. ) ;
#887 = CIRCLE ( 'NONE', #2722, 0.4166666666666666852 ) ;
#888 = DIRECTION ( 'NONE',  ( -1.000000000000000000, 0.000000000000000000, 0.000000000000000000 ) ) ;
#889 = CARTESIAN_POINT ( 'NONE',  ( 0.2500000000000000000, 0.000000000000000000, 0.000000000000000000 ) ) ;
#890 = CIRCLE ( 'NONE', #2236, 0.1499999999999999389 ) ;
#891 = CARTESIAN_POINT ( 'NONE',  ( 0.000000000000000000, 0.000000000000000000, 0.000000000000000000 ) ) ;
#892 = EDGE_LOOP ( 'NONE', ( #1963, #46, #1921, #497 ) ) ;
#893 = CARTESIAN_POINT ( 'NONE',  ( 0.1250000000000000000, -0.3557057305534337965, -0.2169897333114151339 ) ) ;
#894 = DIRECTION ( 'NONE',  ( -1.000000000000000000, -0.000000000000000000, -0.000000000000000000 ) ) ;
#895 = EDGE_CURVE ( 'NONE', #1486, #1841, #1340, .T. ) ;
#896 = CARTESIAN_POINT ( 'NONE',  ( 0.1250000000000000000, -0.2600391904849577718, 0.3255621761246828560 ) ) ;
#897 = DIRECTION ( 'NONE',  ( 0.000000000000000000, 0.000000000000000000, 1.000000000000000000 ) ) ;
#898 = ORIENTED_EDGE ( 'NONE', *, *, #1335, .F. ) ;
#899 = EDGE_CURVE ( 'NONE', #1222, #1615, #2773, .T. ) ;
#900 = DIRECTION ( 'NONE',  ( 0.000000000000000000, 0.000000000000000000, 1.000000000000000000 ) ) ;
#901 = DIRECTION ( 'NONE',  ( 0.000000000000000000, 0.000000000000000000, 1.000000000000000000 ) ) ;
#902 = VERTEX_POINT ( 'NONE', #963 ) ;
#903 = ORIENTED_EDGE ( 'NONE', *, *, #1986, .F. ) ;
#904 = AXIS2_PLACEMENT_3D ( 'NONE', #952, #2569, #2814 ) ;
#905 = FACE_OUTER_BOUND ( 'NONE', #2608, .T. ) ;
#906 = DIRECTION ( 'NONE',  ( 0.000000000000000000, 0.000000000000000000, 1.000000000000000000 ) ) ;
#907 = ORIENTED_EDGE ( 'NONE', *, *, #1888, .T. ) ;
#908 = ORIENTED_EDGE ( 'NONE', *, *, #2882, .T. ) ;
#909 = DIRECTION ( 'NONE',  ( -1.000000000000000000, 0.000000000000000000, -0.000000000000000000 ) ) ;
#910 = CIRCLE ( 'NONE', #414, 0.3229999999999999538 ) ;
#911 = DIRECTION ( 'NONE',  ( -1.000000000000000000, -0.000000000000000000, -0.000000000000000000 ) ) ;
#912 = ORIENTED_EDGE ( 'NONE', *, *, #2059, .F. ) ;
#913 = DIRECTION ( 'NONE',  ( -1.000000000000000000, 0.000000000000000000, 0.000000000000000000 ) ) ;
#914 = CARTESIAN_POINT ( 'NONE',  ( 0.000000000000000000, -0.07707328265911671250, 0.3136697452738275715 ) ) ;
#915 = ADVANCED_FACE ( 'NONE', ( #221 ), #1884, .T. ) ;
#916 = EDGE_CURVE ( 'NONE', #1304, #1432, #446, .T. ) ;
#917 = AXIS2_PLACEMENT_3D ( 'NONE', #178, #384, #1314 ) ;
#918 = ORIENTED_EDGE ( 'NONE', *, *, #2345, .F. ) ;
#919 = ORIENTED_EDGE ( 'NONE', *, *, #1643, .T. ) ;
#920 = AXIS2_PLACEMENT_3D ( 'NONE', #196, #181, #1141 ) ;
#921 = ORIENTED_EDGE ( 'NONE', *, *, #1476, .T. ) ;
#922 = DIRECTION ( 'NONE',  ( 0.000000000000000000, 0.000000000000000000, 1.000000000000000000 ) ) ;
#923 = DIRECTION ( 'NONE',  ( 0.000000000000000000, -0.9848077530122062440, -0.1736481776669402399 ) ) ;
#924 = CIRCLE ( 'NONE', #2174, 0.3230000000000000093 ) ;
#925 = CIRCLE ( 'NONE', #1842, 0.1499999999999999112 ) ;
#926 = VECTOR ( 'NONE', #2442, 39.37007874015748143 ) ;
#927 = LINE ( 'NONE', #434, #2611 ) ;
#928 = DIRECTION ( 'NONE',  ( 0.000000000000000000, 0.8660254037844362651, 0.5000000000000039968 ) ) ;
#929 = ADVANCED_FACE ( 'NONE', ( #1149 ), #1370, .T. ) ;
#930 = ORIENTED_EDGE ( 'NONE', *, *, #323, .T. ) ;
#931 = EDGE_CURVE ( 'NONE', #529, #2097, #2441, .T. ) ;
#932 = CARTESIAN_POINT ( 'NONE',  ( 0.000000000000000000, 0.000000000000000000, 0.000000000000000000 ) ) ;
#933 = ORIENTED_EDGE ( 'NONE', *, *, #1402, .T. ) ;
#934 = VERTEX_POINT ( 'NONE', #1395 ) ;
#935 = LINE ( 'NONE', #457, #947 ) ;
#936 = CARTESIAN_POINT ( 'NONE',  ( 0.2500000000000000000, -0.2331093264761691652, -0.2235822933727686090 ) ) ;
#937 = CARTESIAN_POINT ( 'NONE',  ( 0.2500000000000000000, 0.000000000000000000, 0.000000000000000000 ) ) ;
#938 = FACE_OUTER_BOUND ( 'NONE', #401, .T. ) ;
#939 = EDGE_CURVE ( 'NONE', #1474, #2889, #2251, .T. ) ;
#940 = DIRECTION ( 'NONE',  ( -1.000000000000000000, 0.000000000000000000, 0.000000000000000000 ) ) ;
#941 = ORIENTED_EDGE ( 'NONE', *, *, #279, .T. ) ;
#942 = ADVANCED_FACE ( 'NONE', ( #486 ), #1160, .T. ) ;
#943 = AXIS2_PLACEMENT_3D ( 'NONE', #709, #2808, #1383 ) ;
#944 = ADVANCED_FACE ( 'NONE', ( #949 ), #734, .T. ) ;
#945 = CYLINDRICAL_SURFACE ( 'NONE', #2391, 0.4166666666666666852 ) ;
#946 = AXIS2_PLACEMENT_3D ( 'NONE', #1296, #2884, #2218 ) ;
#947 = VECTOR ( 'NONE', #1382, 39.37007874015748143 ) ;
#948 = ORIENTED_EDGE ( 'NONE', *, *, #658, .T. ) ;
#949 = FACE_OUTER_BOUND ( 'NONE', #2966, .T. ) ;
#950 = CARTESIAN_POINT ( 'NONE',  ( 0.2500000000000000000, 0.3657714866848137403, -0.1995553322752671443 ) ) ;
#951 = AXIS2_PLACEMENT_3D ( 'NONE', #260, #2587, #2103 ) ;
#952 = CARTESIAN_POINT ( 'NONE',  ( 0.2500000000000000000, 0.006223961114424866360, 0.3523297635041688913 ) ) ;
#953 = DIRECTION ( 'NONE',  ( -1.000000000000000000, -0.000000000000000000, 0.000000000000000000 ) ) ;
#954 = CARTESIAN_POINT ( 'NONE',  ( -0.3937007874015748254, 0.000000000000000000, 0.000000000000000000 ) ) ;
#955 = AXIS2_PLACEMENT_3D ( 'NONE', #1177, #1902, #923 ) ;
#956 = CARTESIAN_POINT ( 'NONE',  ( 0.2500000000000000000, 0.07707328265911453369, 0.3136697452738281267 ) ) ;
#957 = ORIENTED_EDGE ( 'NONE', *, *, #1679, .F. ) ;
#958 = DIRECTION ( 'NONE',  ( -1.000000000000000000, 0.000000000000000000, 0.000000000000000000 ) ) ;
#959 = VERTEX_POINT ( 'NONE', #245 ) ;
#960 = ORIENTED_EDGE ( 'NONE', *, *, #1407, .F. ) ;
#961 = EDGE_CURVE ( 'NONE', #1033, #1913, #36, .T. ) ;
#962 = ADVANCED_FACE ( 'NONE', ( #1611 ), #232, .T. ) ;
#963 = CARTESIAN_POINT ( 'NONE',  ( 0.000000000000000000, -0.01006575613137149390, -0.4165450655866840268 ) ) ;
#964 = CARTESIAN_POINT ( 'NONE',  ( 0.000000000000000000, 2.449293598294706538E-17, 0.2000000000000000111 ) ) ;
#965 = AXIS2_PLACEMENT_3D ( 'NONE', #2937, #2748, #1790 ) ;
#966 = EDGE_CURVE ( 'NONE', #1502, #2844, #13, .T. ) ;
#967 = DIRECTION ( 'NONE',  ( 0.000000000000000000, 0.8660254037844363761, 0.5000000000000038858 ) ) ;
#968 = PRODUCT_DEFINITION_FORMATION_WITH_SPECIFIED_SOURCE ( 'ANY', '', #847, .NOT_KNOWN. ) ;
#969 = AXIS2_PLACEMENT_3D ( 'NONE', #285, #488, #2355 ) ;
#970 = DIRECTION ( 'NONE',  ( 0.000000000000000000, 0.000000000000000000, 1.000000000000000000 ) ) ;
#971 = AXIS2_PLACEMENT_3D ( 'NONE', #932, #2117, #2307 ) ;
#972 = AXIS2_PLACEMENT_3D ( 'NONE', #761, #2849, #1410 ) ;
#973 = AXIS2_PLACEMENT_3D ( 'NONE', #2504, #2957, #182 ) ;
#974 = CARTESIAN_POINT ( 'NONE',  ( 0.1250000000000000278, -0.4119647102777985737, 0.06241945687716801694 ) ) ;
#975 = ORIENTED_EDGE ( 'NONE', *, *, #550, .F. ) ;
#976 = CIRCLE ( 'NONE', #2672, 0.2000000000000000111 ) ;
#977 = DIRECTION ( 'NONE',  ( 0.000000000000000000, 0.000000000000000000, 1.000000000000000000 ) ) ;
#978 = VERTEX_POINT ( 'NONE', #2352 ) ;
#979 = ORIENTED_EDGE ( 'NONE', *, *, #676, .T. ) ;
#980 = CARTESIAN_POINT ( 'NONE',  ( 0.000000000000000000, -0.05916079783099616185, -0.03250000000000000111 ) ) ;
#981 = DIRECTION ( 'NONE',  ( 0.000000000000000000, -0.6427876096865456912, 0.7660444431189726844 ) ) ;
#982 = DIRECTION ( 'NONE',  ( -1.000000000000000000, 0.000000000000000000, 0.000000000000000000 ) ) ;
#983 = EDGE_CURVE ( 'NONE', #263, #11, #498, .T. ) ;
#984 = ORIENTED_EDGE ( 'NONE', *, *, #549, .F. ) ;
#985 = CARTESIAN_POINT ( 'NONE',  ( 0.000000000000000000, 0.000000000000000000, 0.000000000000000000 ) ) ;
#986 = DIRECTION ( 'NONE',  ( 1.000000000000000000, 0.000000000000000000, 0.000000000000000000 ) ) ;
#987 = VERTEX_POINT ( 'NONE', #2783 ) ;
#988 = EDGE_CURVE ( 'NONE', #1925, #1474, #2299, .T. ) ;
#989 = CARTESIAN_POINT ( 'NONE',  ( 0.000000000000000000, -0.3458963032104727664, -0.06731082653025521889 ) ) ;
#990 = ORIENTED_EDGE ( 'NONE', *, *, #342, .T. ) ;
#991 = LINE ( 'NONE', #305, #527 ) ;
#992 = ORIENTED_EDGE ( 'NONE', *, *, #2345, .T. ) ;
#993 = ORIENTED_EDGE ( 'NONE', *, *, #380, .T. ) ;
#994 = LINE ( 'NONE', #1916, #535 ) ;
#995 = DIRECTION ( 'NONE',  ( 0.000000000000000000, 0.000000000000000000, 1.000000000000000000 ) ) ;
#996 = CARTESIAN_POINT ( 'NONE',  ( -0.02100000000000001171, 0.000000000000000000, 0.08000000000000000167 ) ) ;
#997 = AXIS2_PLACEMENT_3D ( 'NONE', #2048, #2014, #642 ) ;
#998 = VECTOR ( 'NONE', #1756, 39.37007874015748143 ) ;
#999 = CIRCLE ( 'NONE', #1912, 0.1499999999999999389 ) ;
#1000 = DIRECTION ( 'NONE',  ( -1.000000000000000000, 0.000000000000000000, -0.000000000000000000 ) ) ;
#1001 = ORIENTED_EDGE ( 'NONE', *, *, #1252, .F. ) ;
#1002 = EDGE_CURVE ( 'NONE', #657, #1220, #73, .T. ) ;
#1003 = DIRECTION ( 'NONE',  ( 0.000000000000000000, -0.9848077530122097967, 0.1736481776669207000 ) ) ;
#1004 = EDGE_CURVE ( 'NONE', #1419, #1943, #1625, .T. ) ;
#1005 = ORIENTED_EDGE ( 'NONE', *, *, #596, .F. ) ;
#1006 = CARTESIAN_POINT ( 'NONE',  ( 0.2500000000000000000, 0.000000000000000000, 0.000000000000000000 ) ) ;
#1007 = EDGE_LOOP ( 'NONE', ( #2534, #649, #1577, #1247 ) ) ;
#1008 = DIRECTION ( 'NONE',  ( -1.000000000000000000, -0.000000000000000000, -0.000000000000000000 ) ) ;
#1009 = AXIS2_PLACEMENT_3D ( 'NONE', #471, #1199, #2090 ) ;
#1010 = ORIENTED_EDGE ( 'NONE', *, *, #1704, .T. ) ;
#1011 = CARTESIAN_POINT ( 'NONE',  ( 0.2500000000000000000, 0.2754608235854179021, 0.3126218894779352886 ) ) ;
#1012 = LINE ( 'NONE', #1468, #2797 ) ;
#1013 = LINE ( 'NONE', #86, #2542 ) ;
#1014 = DIRECTION ( 'NONE',  ( 0.000000000000000000, 0.000000000000000000, 1.000000000000000000 ) ) ;
#1015 = ORIENTED_EDGE ( 'NONE', *, *, #1349, .T. ) ;
#1016 = CARTESIAN_POINT ( 'NONE',  ( 0.2500000000000000000, -0.3458963032104737101, 0.06731082653025059759 ) ) ;
#1017 = LINE ( 'NONE', #1775, #1 ) ;
#1018 = EDGE_LOOP ( 'NONE', ( #1689, #489, #92, #348 ) ) ;
#1019 = VECTOR ( 'NONE', #660, 39.37007874015748143 ) ;
#1020 = VECTOR ( 'NONE', #2834, 39.37007874015748143 ) ;
#1021 = CARTESIAN_POINT ( 'NONE',  ( 0.2500000000000000000, 0.000000000000000000, 0.000000000000000000 ) ) ;
#1022 = ORIENTED_EDGE ( 'NONE', *, *, #2778, .F. ) ;
#1023 = CIRCLE ( 'NONE', #973, 0.4166666666666666852 ) ;
#1024 = EDGE_CURVE ( 'NONE', #792, #934, #1226, .T. ) ;
#1025 = LINE ( 'NONE', #1288, #2805 ) ;
#1026 = ORIENTED_EDGE ( 'NONE', *, *, #1832, .T. ) ;
#1027 = ORIENTED_EDGE ( 'NONE', *, *, #1836, .F. ) ;
#1028 = DIRECTION ( 'NONE',  ( 0.000000000000000000, 0.000000000000000000, 1.000000000000000000 ) ) ;
#1029 = DIRECTION ( 'NONE',  ( 0.000000000000000000, 0.9848077530122086864, -0.1736481776669273058 ) ) ;
#1030 = DIRECTION ( 'NONE',  ( 0.000000000000000000, 0.000000000000000000, 1.000000000000000000 ) ) ;
#1031 = CIRCLE ( 'NONE', #2907, 0.1499999999999999667 ) ;
#1032 = CARTESIAN_POINT ( 'NONE',  ( 0.2500000000000000000, 0.2606645856895029589, 0.1907432142104137363 ) ) ;
#1033 = VERTEX_POINT ( 'NONE', #567 ) ;
#1034 = FACE_OUTER_BOUND ( 'NONE', #1682, .T. ) ;
#1035 = CYLINDRICAL_SURFACE ( 'NONE', #1686, 0.1499999999999999667 ) ;
#1036 = VERTEX_POINT ( 'NONE', #2864 ) ;
#1037 = DIRECTION ( 'NONE',  ( -1.000000000000000000, 0.000000000000000000, -0.000000000000000000 ) ) ;
#1038 = ORIENTED_EDGE ( 'NONE', *, *, #1350, .F. ) ;
#1039 = CARTESIAN_POINT ( 'NONE',  ( 0.2500000000000000000, 0.000000000000000000, 0.000000000000000000 ) ) ;
#1040 = EDGE_LOOP ( 'NONE', ( #1856, #1446 ) ) ;
#1041 = CARTESIAN_POINT ( 'NONE',  ( 0.000000000000000000, 0.000000000000000000, 0.000000000000000000 ) ) ;
#1042 = ADVANCED_FACE ( 'NONE', ( #2412 ), #746, .T. ) ;
#1043 = DIRECTION ( 'NONE',  ( 0.000000000000000000, 0.000000000000000000, -1.000000000000000000 ) ) ;
#1044 = CARTESIAN_POINT ( 'NONE',  ( 0.2500000000000000000, 0.05916079783099616185, -0.03250000000000000111 ) ) ;
#1045 = VERTEX_POINT ( 'NONE', #1466 ) ;
#1046 = AXIS2_PLACEMENT_3D ( 'NONE', #1858, #696, #922 ) ;
#1047 = CYLINDRICAL_SURFACE ( 'NONE', #669, 0.08000000000000000167 ) ;
#1048 = DIRECTION ( 'NONE',  ( -1.000000000000000000, 0.000000000000000000, 0.000000000000000000 ) ) ;
#1049 = EDGE_LOOP ( 'NONE', ( #1632, #1530 ) ) ;
#1050 = AXIS2_PLACEMENT_3D ( 'NONE', #2843, #953, #970 ) ;
#1051 = ORIENTED_EDGE ( 'NONE', *, *, #966, .F. ) ;
#1052 = CARTESIAN_POINT ( 'NONE',  ( 0.2500000000000000000, 0.2754608235854221210, -0.3126218894779316249 ) ) ;
#1053 = EDGE_LOOP ( 'NONE', ( #406, #2923, #1671, #1144, #334, #2392, #1491, #1517, #563, #2873, #171, #1401, #2294, #386, #1869, #1662, #60, #1280, #1440, #809, #376, #2674, #1109, #207, #2429, #1596, #464, #1906, #530, #708, #2819, #1218, #1663, #468, #2895, #2563, #2194, #2545, #370, #2023, #2198, #2324, #2726, #1241, #496, #2724, #880, #208, #544, #1810, #270, #689, #2885, #2415, #433, #337, #96, #1124, #2861, #2240, #124, #960, #1175, #1946, #886, #450, #28, #2264, #1898, #1504, #1390, #106, #873, #2002, #278, #217, #2647 ) ) ;
#1054 = DIRECTION ( 'NONE',  ( -1.000000000000000000, 0.000000000000000000, 0.000000000000000000 ) ) ;
#1055 = VERTEX_POINT ( 'NONE', #796 ) ;
#1056 = ORIENTED_EDGE ( 'NONE', *, *, #169, .T. ) ;
#1057 = LINE ( 'NONE', #893, #1449 ) ;
#1058 = CARTESIAN_POINT ( 'NONE',  ( 0.1250000000000000000, 0.1330080862742775705, -0.3948670157113220447 ) ) ;
#1059 = ADVANCED_FACE ( 'NONE', ( #1683 ), #1700, .F. ) ;
#1060 = EDGE_CURVE ( 'NONE', #2508, #1532, #592, .T. ) ;
#1061 = CARTESIAN_POINT ( 'NONE',  ( 0.2500000000000000000, -0.2606645856895042357, 0.1907432142104119599 ) ) ;
#1062 = ORIENTED_EDGE ( 'NONE', *, *, #380, .F. ) ;
#1063 = ADVANCED_FACE ( 'NONE', ( #1900 ), #2625, .T. ) ;
#1064 = CARTESIAN_POINT ( 'NONE',  ( -0.1000000000000000056, 2.449293598294706538E-17, 0.2000000000000000111 ) ) ;
#1065 = DIRECTION ( 'NONE',  ( -1.000000000000000000, -0.000000000000000000, -0.000000000000000000 ) ) ;
#1066 = VECTOR ( 'NONE', #1614, 39.37007874015748143 ) ;
#1067 = DIRECTION ( 'NONE',  ( -1.000000000000000000, -0.000000000000000000, -0.000000000000000000 ) ) ;
#1068 = ORIENTED_EDGE ( 'NONE', *, *, #2463, .T. ) ;
#1069 = CYLINDRICAL_SURFACE ( 'NONE', #1640, 0.1499999999999999667 ) ;
#1070 = ORIENTED_EDGE ( 'NONE', *, *, #475, .F. ) ;
#1071 = DIRECTION ( 'NONE',  ( -1.000000000000000000, -0.000000000000000000, -0.000000000000000000 ) ) ;
#1072 = DIRECTION ( 'NONE',  ( 0.000000000000000000, 0.000000000000000000, -1.000000000000000000 ) ) ;
#1073 = CIRCLE ( 'NONE', #1445, 0.4166666666666666852 ) ;
#1074 = VERTEX_POINT ( 'NONE', #117 ) ;
#1075 = CIRCLE ( 'NONE', #387, 0.4166666666666666852 ) ;
#1076 = DIRECTION ( 'NONE',  ( -1.000000000000000000, 0.000000000000000000, -0.000000000000000000 ) ) ;
#1077 = DIRECTION ( 'NONE',  ( -1.000000000000000000, 0.000000000000000000, 0.000000000000000000 ) ) ;
#1078 = PRODUCT_DEFINITION ( 'UNKNOWN', '', #968, #1236 ) ;
#1079 = VERTEX_POINT ( 'NONE', #2379 ) ;
#1080 = CIRCLE ( 'NONE', #1754, 0.1499999999999999944 ) ;
#1081 = LINE ( 'NONE', #2918, #30 ) ;
#1082 = DIRECTION ( 'NONE',  ( -1.000000000000000000, -0.000000000000000000, -0.000000000000000000 ) ) ;
#1083 = EDGE_CURVE ( 'NONE', #469, #343, #441, .T. ) ;
#1084 = ORIENTED_EDGE ( 'NONE', *, *, #754, .F. ) ;
#1085 = CARTESIAN_POINT ( 'NONE',  ( 0.000000000000000000, 0.000000000000000000, 0.000000000000000000 ) ) ;
#1086 = VERTEX_POINT ( 'NONE', #2879 ) ;
#1087 = VERTEX_POINT ( 'NONE', #2610 ) ;
#1088 = CARTESIAN_POINT ( 'NONE',  ( 0.000000000000000000, 0.000000000000000000, 0.000000000000000000 ) ) ;
#1089 = LINE ( 'NONE', #1580, #276 ) ;
#1090 = DIRECTION ( 'NONE',  ( 0.000000000000000000, 0.8660254037844398178, -0.4999999999999979461 ) ) ;
#1091 = CARTESIAN_POINT ( 'NONE',  ( 0.2500000000000000000, 0.000000000000000000, 0.000000000000000000 ) ) ;
#1092 = ORIENTED_EDGE ( 'NONE', *, *, #93, .F. ) ;
#1093 = CARTESIAN_POINT ( 'NONE',  ( 0.000000000000000000, -0.2606645856895042357, 0.1907432142104119599 ) ) ;
#1094 = CARTESIAN_POINT ( 'NONE',  ( 0.2500000000000000000, 0.07707328265911453369, 0.3136697452738281267 ) ) ;
#1095 = VECTOR ( 'NONE', #1555, 39.37007874015748143 ) ;
#1096 = ORIENTED_EDGE ( 'NONE', *, *, #2462, .F. ) ;
#1097 = AXIS2_PLACEMENT_3D ( 'NONE', #34, #958, #426 ) ;
#1098 = EDGE_CURVE ( 'NONE', #1079, #529, #1716, .T. ) ;
#1099 = EDGE_CURVE ( 'NONE', #127, #1581, #1031, .T. ) ;
#1100 = DIRECTION ( 'NONE',  ( -1.000000000000000000, -0.000000000000000000, -0.000000000000000000 ) ) ;
#1101 = VERTEX_POINT ( 'NONE', #51 ) ;
#1102 = AXIS2_PLACEMENT_3D ( 'NONE', #273, #1204, #2133 ) ;
#1103 = VERTEX_POINT ( 'NONE', #329 ) ;
#1104 = DIRECTION ( 'NONE',  ( 0.000000000000000000, 0.000000000000000000, 1.000000000000000000 ) ) ;
#1105 = DIRECTION ( 'NONE',  ( 0.000000000000000000, -0.9848077530122062440, -0.1736481776669405175 ) ) ;
#1106 = ORIENTED_EDGE ( 'NONE', *, *, #2749, .T. ) ;
#1107 = DIRECTION ( 'NONE',  ( -1.000000000000000000, 0.000000000000000000, 0.000000000000000000 ) ) ;
#1108 = CARTESIAN_POINT ( 'NONE',  ( 0.2500000000000000000, 0.1425814659015950392, 0.2898267164727093559 ) ) ;
#1109 = ORIENTED_EDGE ( 'NONE', *, *, #1329, .F. ) ;
#1110 = AXIS2_PLACEMENT_3D ( 'NONE', #2113, #2126, #2994 ) ;
#1111 = DIRECTION ( 'NONE',  ( -1.000000000000000000, -0.000000000000000000, 0.000000000000000000 ) ) ;
#1112 = CARTESIAN_POINT ( 'NONE',  ( 0.2500000000000000000, 0.3458963032104732660, 0.06731082653025284579 ) ) ;
#1113 = CARTESIAN_POINT ( 'NONE',  ( 0.2500000000000000000, 0.006223961114429732260, -0.3523297635041687248 ) ) ;
#1114 = AXIS2_PLACEMENT_3D ( 'NONE', #2670, #1065, #2686 ) ;
#1115 = VERTEX_POINT ( 'NONE', #1734 ) ;
#1116 = EDGE_CURVE ( 'NONE', #372, #902, #2567, .T. ) ;
#1117 = CARTESIAN_POINT ( 'NONE',  ( 0.2500000000000000000, 0.2600391904849555513, 0.3255621761246845769 ) ) ;
#1118 = FACE_OUTER_BOUND ( 'NONE', #2568, .T. ) ;
#1119 = EDGE_CURVE ( 'NONE', #2842, #792, #1998, .T. ) ;
#1120 = CIRCLE ( 'NONE', #725, 0.1499999999999999667 ) ;
#1121 = CARTESIAN_POINT ( 'NONE',  ( 0.2500000000000000000, 0.000000000000000000, 0.000000000000000000 ) ) ;
#1122 = FACE_OUTER_BOUND ( 'NONE', #1451, .T. ) ;
#1123 = AXIS2_PLACEMENT_3D ( 'NONE', #1463, #326, #97 ) ;
#1124 = ORIENTED_EDGE ( 'NONE', *, *, #323, .F. ) ;
#1125 = VECTOR ( 'NONE', #940, 39.37007874015748143 ) ;
#1126 = CARTESIAN_POINT ( 'NONE',  ( 0.000000000000000000, -0.05916079783099616185, -0.03250000000000000111 ) ) ;
#1127 = LINE ( 'NONE', #699, #1066 ) ;
#1128 = AXIS2_PLACEMENT_3D ( 'NONE', #863, #131, #1518 ) ;
#1129 = ORIENTED_EDGE ( 'NONE', *, *, #2572, .T. ) ;
#1130 = ORIENTED_EDGE ( 'NONE', *, *, #2572, .F. ) ;
#1131 = DIRECTION ( 'NONE',  ( 1.000000000000000000, -0.000000000000000000, 0.000000000000000000 ) ) ;
#1132 = CARTESIAN_POINT ( 'NONE',  ( 0.2500000000000000000, 0.3222880321115937363, -0.02143418665674786533 ) ) ;
#1133 = ORIENTED_EDGE ( 'NONE', *, *, #2349, .T. ) ;
#1134 = ORIENTED_EDGE ( 'NONE', *, *, #1922, .F. ) ;
#1135 = ADVANCED_FACE ( 'NONE', ( #2396 ), #2139, .T. ) ;
#1136 = EDGE_CURVE ( 'NONE', #81, #1458, #202, .T. ) ;
#1137 = CARTESIAN_POINT ( 'NONE',  ( 0.000000000000000000, 0.3657714866848110202, 0.1995553322752720293 ) ) ;
#1138 = DIRECTION ( 'NONE',  ( -1.000000000000000000, 0.000000000000000000, 0.000000000000000000 ) ) ;
#1139 = ORIENTED_EDGE ( 'NONE', *, *, #1516, .T. ) ;
#1140 = DIRECTION ( 'NONE',  ( 0.000000000000000000, 0.000000000000000000, 1.000000000000000000 ) ) ;
#1141 = DIRECTION ( 'NONE',  ( 0.000000000000000000, 0.000000000000000000, -1.000000000000000000 ) ) ;
#1142 = AXIS2_PLACEMENT_3D ( 'NONE', #2536, #1598, #2089 ) ;
#1143 =( NAMED_UNIT ( * ) PLANE_ANGLE_UNIT ( ) SI_UNIT ( $, .RADIAN. ) );
#1144 = ORIENTED_EDGE ( 'NONE', *, *, #2921, .F. ) ;
#1145 = AXIS2_PLACEMENT_3D ( 'NONE', #2483, #2288, #2497 ) ;
#1146 = CARTESIAN_POINT ( 'NONE',  ( 0.2500000000000000000, 0.000000000000000000, 0.000000000000000000 ) ) ;
#1147 = ORIENTED_EDGE ( 'NONE', *, *, #2503, .T. ) ;
#1148 = EDGE_LOOP ( 'NONE', ( #2081, #2592, #1764, #242 ) ) ;
#1149 = FACE_OUTER_BOUND ( 'NONE', #2631, .T. ) ;
#1150 = LINE ( 'NONE', #2566, #2597 ) ;
#1151 = EDGE_CURVE ( 'NONE', #2759, #2110, #2424, .T. ) ;
#1152 = CARTESIAN_POINT ( 'NONE',  ( 0.2500000000000000000, 0.3082385062611863735, -0.1707747733148253233 ) ) ;
#1153 = CARTESIAN_POINT ( 'NONE',  ( 0.000000000000000000, -0.3557057305534367386, 0.2169897333114103599 ) ) ;
#1154 = EDGE_CURVE ( 'NONE', #2401, #72, #994, .T. ) ;
#1155 = CIRCLE ( 'NONE', #2210, 0.3230000000000000093 ) ;
#1156 = ORIENTED_EDGE ( 'NONE', *, *, #1234, .F. ) ;
#1157 = LINE ( 'NONE', #216, #1125 ) ;
#1158 = VERTEX_POINT ( 'NONE', #1011 ) ;
#1159 = ORIENTED_EDGE ( 'NONE', *, *, #1098, .F. ) ;
#1160 = CYLINDRICAL_SURFACE ( 'NONE', #1375, 0.4166666666666666852 ) ;
#1161 = DIRECTION ( 'NONE',  ( -1.000000000000000000, -0.000000000000000000, -0.000000000000000000 ) ) ;
#1162 = CIRCLE ( 'NONE', #2718, 0.4166666666666666852 ) ;
#1163 = CIRCLE ( 'NONE', #153, 0.1499999999999999389 ) ;
#1164 = DIRECTION ( 'NONE',  ( 0.000000000000000000, 0.000000000000000000, 1.000000000000000000 ) ) ;
#1165 = CIRCLE ( 'NONE', #2086, 0.1499999999999999667 ) ;
#1166 = EDGE_CURVE ( 'NONE', #2777, #651, #1645, .T. ) ;
#1167 = CARTESIAN_POINT ( 'NONE',  ( 0.2500000000000000000, 0.2312410373301661271, -0.2658995723902657371 ) ) ;
#1168 = CIRCLE ( 'NONE', #2854, 0.4166666666666666852 ) ;
#1169 = ADVANCED_FACE ( 'NONE', ( #100 ), #2727, .T. ) ;
#1170 = ADVANCED_FACE ( 'NONE', ( #187 ), #1752, .T. ) ;
#1171 =( LENGTH_UNIT ( ) NAMED_UNIT ( * ) SI_UNIT ( $, .METRE. ) );
#1172 = ORIENTED_EDGE ( 'NONE', *, *, #616, .T. ) ;
#1173 = ORIENTED_EDGE ( 'NONE', *, *, #1316, .F. ) ;
#1174 = DIRECTION ( 'NONE',  ( 0.000000000000000000, 0.000000000000000000, 1.000000000000000000 ) ) ;
#1175 = ORIENTED_EDGE ( 'NONE', *, *, #1637, .F. ) ;
#1176 = CARTESIAN_POINT ( 'NONE',  ( 0.000000000000000000, -0.3082385062611875393, 0.1707747733148231584 ) ) ;
#1177 = CARTESIAN_POINT ( 'NONE',  ( 0.2500000000000000000, -0.1146552658803071528, -0.3332103989205220662 ) ) ;
#1178 = DIRECTION ( 'NONE',  ( -1.000000000000000000, 0.000000000000000000, 0.000000000000000000 ) ) ;
#1179 = CYLINDRICAL_SURFACE ( 'NONE', #1050, 0.3229999999999999538 ) ;
#1180 = EDGE_CURVE ( 'NONE', #62, #2477, #1057, .T. ) ;
#1181 = EDGE_CURVE ( 'NONE', #1595, #2087, #843, .T. ) ;
#1182 = ORIENTED_EDGE ( 'NONE', *, *, #472, .F. ) ;
#1183 = EDGE_CURVE ( 'NONE', #1728, #1852, #107, .T. ) ;
#1184 = AXIS2_PLACEMENT_3D ( 'NONE', #1438, #785, #1705 ) ;
#1185 = ORIENTED_EDGE ( 'NONE', *, *, #1234, .T. ) ;
#1186 = CARTESIAN_POINT ( 'NONE',  ( 0.2500000000000000000, 0.006223961114424866360, 0.3523297635041688913 ) ) ;
#1187 = CARTESIAN_POINT ( 'NONE',  ( 0.1250000000000000000, -0.2754608235854199005, 0.3126218894779335677 ) ) ;
#1188 = DIRECTION ( 'NONE',  ( 0.000000000000000000, 0.000000000000000000, 1.000000000000000000 ) ) ;
#1189 = AXIS2_PLACEMENT_3D ( 'NONE', #2600, #59, #2056 ) ;
#1190 = LINE ( 'NONE', #672, #854 ) ;
#1191 = CARTESIAN_POINT ( 'NONE',  ( 0.2500000000000000000, 0.000000000000000000, 0.000000000000000000 ) ) ;
#1192 = CARTESIAN_POINT ( 'NONE',  ( 0.2500000000000000000, 0.1330080862742724912, 0.3948670157113237655 ) ) ;
#1193 = ADVANCED_FACE ( 'NONE', ( #653 ), #1338, .T. ) ;
#1194 = EDGE_LOOP ( 'NONE', ( #823, #165, #1231, #2476 ) ) ;
#1195 = VERTEX_POINT ( 'NONE', #377 ) ;
#1196 = DIRECTION ( 'NONE',  ( 0.000000000000000000, 0.6427876096865354771, 0.7660444431189814551 ) ) ;
#1197 = LINE ( 'NONE', #1187, #1334 ) ;
#1198 = EDGE_CURVE ( 'NONE', #1977, #1943, #1080, .T. ) ;
#1199 = DIRECTION ( 'NONE',  ( -1.000000000000000000, -0.000000000000000000, 0.000000000000000000 ) ) ;
#1200 = CIRCLE ( 'NONE', #519, 0.1499999999999999944 ) ;
#1201 = DIRECTION ( 'NONE',  ( 0.000000000000000000, 0.000000000000000000, 1.000000000000000000 ) ) ;
#1202 = CARTESIAN_POINT ( 'NONE',  ( 0.2500000000000000000, -0.3020145451467616260, 0.1815549901893422358 ) ) ;
#1203 = CIRCLE ( 'NONE', #1691, 0.4166666666666666852 ) ;
#1204 = DIRECTION ( 'NONE',  ( -1.000000000000000000, 0.000000000000000000, 0.000000000000000000 ) ) ;
#1205 = AXIS2_PLACEMENT_3D ( 'NONE', #2282, #175, #2480 ) ;
#1206 = ORIENTED_EDGE ( 'NONE', *, *, #2027, .F. ) ;
#1207 = AXIS2_PLACEMENT_3D ( 'NONE', #1006, #562, #1927 ) ;
#1208 = LINE ( 'NONE', #80, #2807 ) ;
#1209 = ORIENTED_EDGE ( 'NONE', *, *, #264, .F. ) ;
#1210 = ORIENTED_EDGE ( 'NONE', *, *, #2749, .F. ) ;
#1211 = ORIENTED_EDGE ( 'NONE', *, *, #2296, .T. ) ;
#1212 = CARTESIAN_POINT ( 'NONE',  ( 0.000000000000000000, 0.000000000000000000, 0.000000000000000000 ) ) ;
#1213 = DIRECTION ( 'NONE',  ( -1.000000000000000000, 0.000000000000000000, -0.000000000000000000 ) ) ;
#1214 = EDGE_CURVE ( 'NONE', #2716, #483, #2266, .T. ) ;
#1215 = CYLINDRICAL_SURFACE ( 'NONE', #2040, 0.3229999999999999538 ) ;
#1216 = EDGE_LOOP ( 'NONE', ( #2634, #1696, #1159, #2820 ) ) ;
#1217 = DIRECTION ( 'NONE',  ( -1.000000000000000000, 0.000000000000000000, 0.000000000000000000 ) ) ;
#1218 = ORIENTED_EDGE ( 'NONE', *, *, #2107, .F. ) ;
#1219 = CARTESIAN_POINT ( 'NONE',  ( 0.000000000000000000, 0.3480578622212530671, -0.05505201621038632864 ) ) ;
#1220 = VERTEX_POINT ( 'NONE', #1117 ) ;
#1221 = CARTESIAN_POINT ( 'NONE',  ( 0.000000000000000000, -0.3458963032104737101, 0.06731082653025059759 ) ) ;
#1222 = VERTEX_POINT ( 'NONE', #1309 ) ;
#1223 = DIRECTION ( 'NONE',  ( -1.000000000000000000, 0.000000000000000000, 0.000000000000000000 ) ) ;
#1224 = DIRECTION ( 'NONE',  ( 0.000000000000000000, 0.000000000000000000, 1.000000000000000000 ) ) ;
#1225 = DIRECTION ( 'NONE',  ( 0.000000000000000000, 0.000000000000000000, 1.000000000000000000 ) ) ;
#1226 = CIRCLE ( 'NONE', #2924, 0.1499999999999999667 ) ;
#1227 = AXIS2_PLACEMENT_3D ( 'NONE', #2554, #1178, #2100 ) ;
#1228 = CIRCLE ( 'NONE', #2152, 0.3229999999999998983 ) ;
#1229 = FACE_OUTER_BOUND ( 'NONE', #2183, .T. ) ;
#1230 = EDGE_CURVE ( 'NONE', #856, #1086, #890, .T. ) ;
#1231 = ORIENTED_EDGE ( 'NONE', *, *, #475, .T. ) ;
#1232 = VECTOR ( 'NONE', #1131, 39.37007874015748143 ) ;
#1233 = DIRECTION ( 'NONE',  ( 1.000000000000000000, -0.000000000000000000, -0.000000000000000000 ) ) ;
#1234 = EDGE_CURVE ( 'NONE', #2477, #2716, #691, .T. ) ;
#1235 = VERTEX_POINT ( 'NONE', #2710 ) ;
#1236 = PRODUCT_DEFINITION_CONTEXT ( 'detailed design', #2628, 'design' ) ;
#1237 = DIRECTION ( 'NONE',  ( 0.000000000000000000, 0.000000000000000000, -1.000000000000000000 ) ) ;
#1238 = VERTEX_POINT ( 'NONE', #603 ) ;
#1239 = ORIENTED_EDGE ( 'NONE', *, *, #1181, .T. ) ;
#1240 = CIRCLE ( 'NONE', #1628, 0.1499999999999999389 ) ;
#1241 = ORIENTED_EDGE ( 'NONE', *, *, #1349, .F. ) ;
#1242 = DIRECTION ( 'NONE',  ( -1.000000000000000000, -0.000000000000000000, -0.000000000000000000 ) ) ;
#1243 = CARTESIAN_POINT ( 'NONE',  ( 0.1250000000000000278, -0.1330080862742697712, -0.3948670157113246537 ) ) ;
#1244 = CARTESIAN_POINT ( 'NONE',  ( -0.3937007874015748254, 0.000000000000000000, 0.000000000000000000 ) ) ;
#1245 = DIRECTION ( 'NONE',  ( -1.000000000000000000, 0.000000000000000000, 0.000000000000000000 ) ) ;
#1246 = CIRCLE ( 'NONE', #965, 0.3229999999999998983 ) ;
#1247 = ORIENTED_EDGE ( 'NONE', *, *, #472, .T. ) ;
#1248 = FACE_OUTER_BOUND ( 'NONE', #2901, .T. ) ;
#1249 = CYLINDRICAL_SURFACE ( 'NONE', #2947, 0.3229999999999999538 ) ;
#1250 = ORIENTED_EDGE ( 'NONE', *, *, #2778, .T. ) ;
#1251 = CIRCLE ( 'NONE', #772, 0.1499999999999999667 ) ;
#1252 = EDGE_CURVE ( 'NONE', #2578, #127, #2943, .T. ) ;
#1253 = AXIS2_PLACEMENT_3D ( 'NONE', #495, #528, #2109 ) ;
#1254 = VERTEX_POINT ( 'NONE', #2479 ) ;
#1255 = CARTESIAN_POINT ( 'NONE',  ( 0.2500000000000000000, -0.1263524865428763133, -0.3289529587757035745 ) ) ;
#1256 = ORIENTED_EDGE ( 'NONE', *, *, #248, .F. ) ;
#1257 = AXIS2_PLACEMENT_3D ( 'NONE', #775, #1911, #1269 ) ;
#1258 = DIRECTION ( 'NONE',  ( 1.000000000000000000, -0.000000000000000000, -0.000000000000000000 ) ) ;
#1259 = VERTEX_POINT ( 'NONE', #2043 ) ;
#1260 = DIRECTION ( 'NONE',  ( -1.000000000000000000, 0.000000000000000000, -0.000000000000000000 ) ) ;
#1261 = CARTESIAN_POINT ( 'NONE',  ( 0.2500000000000000000, 0.000000000000000000, 0.000000000000000000 ) ) ;
#1262 = CIRCLE ( 'NONE', #1364, 0.4166666666666666852 ) ;
#1263 = DIRECTION ( 'NONE',  ( 0.000000000000000000, -0.8660254037844328234, -0.5000000000000101030 ) ) ;
#1264 = CARTESIAN_POINT ( 'NONE',  ( 0.2500000000000000000, 0.000000000000000000, 0.000000000000000000 ) ) ;
#1265 = ORIENTED_EDGE ( 'NONE', *, *, #361, .F. ) ;
#1266 = CARTESIAN_POINT ( 'NONE',  ( 0.000000000000000000, 0.2331093264761707473, 0.2235822933727669992 ) ) ;
#1267 = DIRECTION ( 'NONE',  ( 0.000000000000000000, 0.000000000000000000, 1.000000000000000000 ) ) ;
#1268 = ORIENTED_EDGE ( 'NONE', *, *, #1574, .T. ) ;
#1269 = DIRECTION ( 'NONE',  ( 0.000000000000000000, -0.9848077530122062440, -0.1736481776669404897 ) ) ;
#1270 = ORIENTED_EDGE ( 'NONE', *, *, #2163, .T. ) ;
#1271 = EDGE_CURVE ( 'NONE', #2889, #1839, #1262, .T. ) ;
#1272 = ADVANCED_FACE ( 'NONE', ( #1996 ), #1765, .T. ) ;
#1273 = DIRECTION ( 'NONE',  ( -1.000000000000000000, -0.000000000000000000, 0.000000000000000000 ) ) ;
#1274 = ORIENTED_EDGE ( 'NONE', *, *, #93, .T. ) ;
#1275 = DIRECTION ( 'NONE',  ( 0.000000000000000000, 0.000000000000000000, -1.000000000000000000 ) ) ;
#1276 = CARTESIAN_POINT ( 'NONE',  ( 0.000000000000000000, -0.3458963032104737101, 0.06731082653025059759 ) ) ;
#1277 = EDGE_CURVE ( 'NONE', #2110, #2759, #976, .T. ) ;
#1278 = CARTESIAN_POINT ( 'NONE',  ( -0.1000000000000000056, 0.000000000000000000, 0.000000000000000000 ) ) ;
#1279 = CIRCLE ( 'NONE', #2975, 0.4166666666666666852 ) ;
#1280 = ORIENTED_EDGE ( 'NONE', *, *, #939, .F. ) ;
#1281 = CIRCLE ( 'NONE', #1617, 0.1499999999999999389 ) ;
#1282 = FACE_OUTER_BOUND ( 'NONE', #2173, .T. ) ;
#1283 = CARTESIAN_POINT ( 'NONE',  ( 0.2500000000000000000, 0.3480578622212530671, -0.05505201621038632864 ) ) ;
#1284 = AXIS2_PLACEMENT_3D ( 'NONE', #1694, #477, #1894 ) ;
#1285 = DIRECTION ( 'NONE',  ( 0.000000000000000000, 0.000000000000000000, -1.000000000000000000 ) ) ;
#1286 = CARTESIAN_POINT ( 'NONE',  ( 0.2500000000000000000, -0.3557057305534367386, 0.2169897333114103599 ) ) ;
#1287 = ORIENTED_EDGE ( 'NONE', *, *, #1780, .T. ) ;
#1288 = CARTESIAN_POINT ( 'NONE',  ( -0.02100000000000001171, 9.797174393178827075E-18, -0.08000000000000000167 ) ) ;
#1289 = ORIENTED_EDGE ( 'NONE', *, *, #2666, .T. ) ;
#1290 = EDGE_CURVE ( 'NONE', #19, #2863, #54, .T. ) ;
#1291 = DIRECTION ( 'NONE',  ( 0.000000000000000000, -0.3420201433256755408, 0.9396926207859059854 ) ) ;
#1292 = CARTESIAN_POINT ( 'NONE',  ( 0.000000000000000000, 0.3458963032104732660, 0.2173108265302527986 ) ) ;
#1293 = ADVANCED_FACE ( 'NONE', ( #161 ), #2929, .T. ) ;
#1294 = EDGE_CURVE ( 'NONE', #1086, #1235, #1477, .T. ) ;
#1295 = DIRECTION ( 'NONE',  ( 0.000000000000000000, 0.000000000000000000, 1.000000000000000000 ) ) ;
#1296 = CARTESIAN_POINT ( 'NONE',  ( -0.1000000000000000056, 0.000000000000000000, 0.000000000000000000 ) ) ;
#1297 = ORIENTED_EDGE ( 'NONE', *, *, #1198, .F. ) ;
#1298 = CARTESIAN_POINT ( 'NONE',  ( 0.000000000000000000, 0.000000000000000000, 0.000000000000000000 ) ) ;
#1299 = DIRECTION ( 'NONE',  ( 0.000000000000000000, 0.000000000000000000, -1.000000000000000000 ) ) ;
#1300 = CIRCLE ( 'NONE', #2080, 0.1499999999999999667 ) ;
#1301 = ORIENTED_EDGE ( 'NONE', *, *, #1198, .T. ) ;
#1302 = DIRECTION ( 'NONE',  ( 1.000000000000000000, 0.000000000000000000, 0.000000000000000000 ) ) ;
#1303 = LINE ( 'NONE', #2437, #2177 ) ;
#1304 = VERTEX_POINT ( 'NONE', #76 ) ;
#1305 = CIRCLE ( 'NONE', #637, 0.4166666666666666852 ) ;
#1306 = CIRCLE ( 'NONE', #1441, 0.3229999999999999538 ) ;
#1307 = CARTESIAN_POINT ( 'NONE',  ( 0.2500000000000000000, 0.2600391904849601032, -0.3255621761246809687 ) ) ;
#1308 = ORIENTED_EDGE ( 'NONE', *, *, #2463, .F. ) ;
#1309 = CARTESIAN_POINT ( 'NONE',  ( 0.000000000000000000, 0.3557057305534382374, -0.2169897333114078897 ) ) ;
#1310 = CARTESIAN_POINT ( 'NONE',  ( 0.2500000000000000000, 0.2217053756783732288, 0.2739009425653164964 ) ) ;
#1311 = CIRCLE ( 'NONE', #2227, 0.4166666666666666852 ) ;
#1312 = ORIENTED_EDGE ( 'NONE', *, *, #1004, .F. ) ;
#1313 = CARTESIAN_POINT ( 'NONE',  ( 0.2500000000000000000, 0.1797065662100011119, -0.2683925298159590134 ) ) ;
#1314 = DIRECTION ( 'NONE',  ( 0.000000000000000000, 0.000000000000000000, 1.000000000000000000 ) ) ;
#1315 = ORIENTED_EDGE ( 'NONE', *, *, #2920, .F. ) ;
#1316 = EDGE_CURVE ( 'NONE', #591, #601, #770, .T. ) ;
#1317 = ADVANCED_FACE ( 'NONE', ( #755 ), #2331, .T. ) ;
#1318 = DIRECTION ( 'NONE',  ( -1.000000000000000000, -0.000000000000000000, -0.000000000000000000 ) ) ;
#1319 = DIRECTION ( 'NONE',  ( -1.000000000000000000, -0.000000000000000000, 0.000000000000000000 ) ) ;
#1320 = ORIENTED_EDGE ( 'NONE', *, *, #639, .T. ) ;
#1321 = DIRECTION ( 'NONE',  ( 0.000000000000000000, 0.000000000000000000, 1.000000000000000000 ) ) ;
#1322 = EDGE_LOOP ( 'NONE', ( #275, #930, #2622, #2308 ) ) ;
#1323 = ORIENTED_EDGE ( 'NONE', *, *, #38, .T. ) ;
#1324 = DIRECTION ( 'NONE',  ( 0.000000000000000000, 0.000000000000000000, 1.000000000000000000 ) ) ;
#1325 = CARTESIAN_POINT ( 'NONE',  ( 0.000000000000000000, 0.000000000000000000, 0.000000000000000000 ) ) ;
#1326 = CARTESIAN_POINT ( 'NONE',  ( -0.3937007874015748254, 0.000000000000000000, 0.000000000000000000 ) ) ;
#1327 = CARTESIAN_POINT ( 'NONE',  ( 0.000000000000000000, 0.2754608235854179021, 0.3126218894779353441 ) ) ;
#1328 = VERTEX_POINT ( 'NONE', #1192 ) ;
#1329 = EDGE_CURVE ( 'NONE', #369, #1195, #2544, .T. ) ;
#1330 = CARTESIAN_POINT ( 'NONE',  ( 0.2500000000000000000, 0.000000000000000000, 0.000000000000000000 ) ) ;
#1331 = CARTESIAN_POINT ( 'NONE',  ( 0.2500000000000000000, 0.3222880321115937363, 0.02143418665674790002 ) ) ;
#1332 = CIRCLE ( 'NONE', #2388, 0.3230000000000000093 ) ;
#1333 = CIRCLE ( 'NONE', #2540, 0.3229999999999998983 ) ;
#1334 = VECTOR ( 'NONE', #2125, 39.37007874015748143 ) ;
#1335 = EDGE_CURVE ( 'NONE', #1913, #2477, #2750, .T. ) ;
#1336 = CYLINDRICAL_SURFACE ( 'NONE', #1553, 0.1499999999999999667 ) ;
#1337 = ORIENTED_EDGE ( 'NONE', *, *, #1083, .T. ) ;
#1338 = CYLINDRICAL_SURFACE ( 'NONE', #2811, 0.4166666666666666852 ) ;
#1339 = LINE ( 'NONE', #412, #1398 ) ;
#1340 = LINE ( 'NONE', #1412, #409 ) ;
#1341 = CARTESIAN_POINT ( 'NONE',  ( 0.2500000000000000000, 0.3480578622212530671, -0.05505201621038632864 ) ) ;
#1342 = VERTEX_POINT ( 'NONE', #29 ) ;
#1343 = DIRECTION ( 'NONE',  ( -1.000000000000000000, 0.000000000000000000, 0.000000000000000000 ) ) ;
#1344 = DIRECTION ( 'NONE',  ( -1.000000000000000000, 0.000000000000000000, 0.000000000000000000 ) ) ;
#1345 = VERTEX_POINT ( 'NONE', #2373 ) ;
#1346 = DIRECTION ( 'NONE',  ( 0.000000000000000000, 0.000000000000000000, 1.000000000000000000 ) ) ;
#1347 = VECTOR ( 'NONE', #2077, 39.37007874015748143 ) ;
#1348 = ORIENTED_EDGE ( 'NONE', *, *, #1098, .T. ) ;
#1349 = EDGE_CURVE ( 'NONE', #1304, #675, #1777, .T. ) ;
#1350 = EDGE_CURVE ( 'NONE', #33, #1480, #726, .T. ) ;
#1351 = AXIS2_PLACEMENT_3D ( 'NONE', #2802, #479, #1646 ) ;
#1352 = CYLINDRICAL_SURFACE ( 'NONE', #2881, 0.1499999999999999112 ) ;
#1353 = CARTESIAN_POINT ( 'NONE',  ( -0.3937007874015748254, 0.000000000000000000, 0.000000000000000000 ) ) ;
#1354 = VERTEX_POINT ( 'NONE', #1416 ) ;
#1355 = VECTOR ( 'NONE', #1111, 39.37007874015748143 ) ;
#1356 = COLOUR_RGB ( '',0.7921568627450980005, 0.8196078431372548767, 0.9333333333333333481 ) ;
#1357 = CARTESIAN_POINT ( 'NONE',  ( 0.2500000000000000000, 0.000000000000000000, 0.000000000000000000 ) ) ;
#1358 = LINE ( 'NONE', #1829, #2389 ) ;
#1359 = CIRCLE ( 'NONE', #2853, 0.1499999999999999389 ) ;
#1360 = ORIENTED_EDGE ( 'NONE', *, *, #1214, .F. ) ;
#1361 = CIRCLE ( 'NONE', #2474, 0.1499999999999999667 ) ;
#1362 = DIRECTION ( 'NONE',  ( -1.000000000000000000, -0.000000000000000000, -0.000000000000000000 ) ) ;
#1363 = CARTESIAN_POINT ( 'NONE',  ( 0.1250000000000000000, -0.01006575613137151125, -0.4165450655866840268 ) ) ;
#1364 = AXIS2_PLACEMENT_3D ( 'NONE', #146, #1071, #1324 ) ;
#1365 = ORIENTED_EDGE ( 'NONE', *, *, #2668, .T. ) ;
#1366 = ADVANCED_FACE ( 'NONE', ( #905 ), #1179, .T. ) ;
#1367 = CARTESIAN_POINT ( 'NONE',  ( 0.000000000000000000, 0.07707328265911875254, -0.3136697452738271275 ) ) ;
#1368 = ORIENTED_EDGE ( 'NONE', *, *, #1574, .F. ) ;
#1369 = EDGE_LOOP ( 'NONE', ( #1256, #607, #2071, #2395 ) ) ;
#1370 = CYLINDRICAL_SURFACE ( 'NONE', #258, 0.1499999999999999112 ) ;
#1371 = EDGE_CURVE ( 'NONE', #2844, #1913, #1424, .T. ) ;
#1372 = CARTESIAN_POINT ( 'NONE',  ( 0.2500000000000000000, -0.1146552658803115660, 0.3332103989205206229 ) ) ;
#1373 = CARTESIAN_POINT ( 'NONE',  ( 0.2500000000000000000, -0.03485617626096007560, -0.3211137601792624086 ) ) ;
#1374 = DIRECTION ( 'NONE',  ( 0.000000000000000000, -0.3420201433256570556, -0.9396926207859126468 ) ) ;
#1375 = AXIS2_PLACEMENT_3D ( 'NONE', #2993, #1870, #2111 ) ;
#1376 = ORIENTED_EDGE ( 'NONE', *, *, #983, .F. ) ;
#1377 = VECTOR ( 'NONE', #256, 39.37007874015748143 ) ;
#1378 = FILL_AREA_STYLE ('',( #2575 ) ) ;
#1379 = VERTEX_POINT ( 'NONE', #287 ) ;
#1380 = ADVANCED_FACE ( 'NONE', ( #1876 ), #1352, .T. ) ;
#1381 = ORIENTED_EDGE ( 'NONE', *, *, #2315, .F. ) ;
#1382 = DIRECTION ( 'NONE',  ( -1.000000000000000000, -0.000000000000000000, 0.000000000000000000 ) ) ;
#1383 = DIRECTION ( 'NONE',  ( 0.000000000000000000, 0.6427876096865354771, 0.7660444431189814551 ) ) ;
#1384 = DIRECTION ( 'NONE',  ( 0.000000000000000000, -0.3420201433256755408, 0.9396926207859059854 ) ) ;
#1385 = EDGE_CURVE ( 'NONE', #2859, #1432, #910, .T. ) ;
#1386 = EDGE_CURVE ( 'NONE', #1724, #1101, #177, .T. ) ;
#1387 = FACE_OUTER_BOUND ( 'NONE', #1322, .T. ) ;
#1388 = CARTESIAN_POINT ( 'NONE',  ( 0.2500000000000000000, -0.03485617626096446098, 0.3211137601792619090 ) ) ;
#1389 = DIRECTION ( 'NONE',  ( 0.000000000000000000, 0.6427876096865354771, 0.7660444431189813441 ) ) ;
#1390 = ORIENTED_EDGE ( 'NONE', *, *, #2574, .F. ) ;
#1391 = DIRECTION ( 'NONE',  ( -1.000000000000000000, 0.000000000000000000, 0.000000000000000000 ) ) ;
#1392 = ORIENTED_EDGE ( 'NONE', *, *, #2921, .T. ) ;
#1393 = DIRECTION ( 'NONE',  ( 0.000000000000000000, 0.000000000000000000, 1.000000000000000000 ) ) ;
#1394 = ORIENTED_EDGE ( 'NONE', *, *, #2200, .T. ) ;
#1395 = CARTESIAN_POINT ( 'NONE',  ( 0.000000000000000000, -0.4119647102777985737, 0.06241945687716803776 ) ) ;
#1396 = CARTESIAN_POINT ( 'NONE',  ( 0.000000000000000000, 0.000000000000000000, 0.000000000000000000 ) ) ;
#1397 = VECTOR ( 'NONE', #473, 39.37007874015748143 ) ;
#1398 = VECTOR ( 'NONE', #2267, 39.37007874015748143 ) ;
#1399 = CIRCLE ( 'NONE', #2226, 0.08000000000000000167 ) ;
#1400 = CARTESIAN_POINT ( 'NONE',  ( 0.2500000000000000000, -0.2331093264761722184, 0.2235822933727653894 ) ) ;
#1401 = ORIENTED_EDGE ( 'NONE', *, *, #1572, .F. ) ;
#1402 = EDGE_CURVE ( 'NONE', #1103, #1238, #2591, .T. ) ;
#1403 = EDGE_CURVE ( 'NONE', #651, #231, #2985, .T. ) ;
#1404 = VECTOR ( 'NONE', #2890, 39.37007874015748143 ) ;
#1405 = CARTESIAN_POINT ( 'NONE',  ( 0.2500000000000000000, 0.000000000000000000, 0.000000000000000000 ) ) ;
#1406 = VECTOR ( 'NONE', #2445, 39.37007874015748143 ) ;
#1407 = EDGE_CURVE ( 'NONE', #601, #1595, #2933, .T. ) ;
#1408 = DIRECTION ( 'NONE',  ( -1.000000000000000000, 0.000000000000000000, 0.000000000000000000 ) ) ;
#1409 = VERTEX_POINT ( 'NONE', #2356 ) ;
#1410 = DIRECTION ( 'NONE',  ( 0.000000000000000000, 0.000000000000000000, 1.000000000000000000 ) ) ;
#1411 = ORIENTED_EDGE ( 'NONE', *, *, #299, .T. ) ;
#1412 = CARTESIAN_POINT ( 'NONE',  ( 0.2500000000000000000, -0.05916079783099616185, -0.03250000000000000111 ) ) ;
#1413 = DIRECTION ( 'NONE',  ( -1.000000000000000000, 0.000000000000000000, 0.000000000000000000 ) ) ;
#1414 = FACE_OUTER_BOUND ( 'NONE', #1564, .T. ) ;
#1415 = EDGE_CURVE ( 'NONE', #286, #862, #712, .T. ) ;
#1416 = CARTESIAN_POINT ( 'NONE',  ( 0.000000000000000000, -0.03485617626096446792, 0.3211137601792619645 ) ) ;
#1417 = EDGE_CURVE ( 'NONE', #2511, #1045, #362, .T. ) ;
#1418 = VECTOR ( 'NONE', #1982, 39.37007874015748143 ) ;
#1419 = VERTEX_POINT ( 'NONE', #788 ) ;
#1420 = ORIENTED_EDGE ( 'NONE', *, *, #2711, .F. ) ;
#1421 = CARTESIAN_POINT ( 'NONE',  ( 0.2500000000000000000, 0.3480578622212530671, 0.09494798378961362417 ) ) ;
#1422 = DIRECTION ( 'NONE',  ( 0.000000000000000000, 0.000000000000000000, 1.000000000000000000 ) ) ;
#1423 = DIRECTION ( 'NONE',  ( 0.000000000000000000, -0.8660254037844432595, 0.4999999999999918399 ) ) ;
#1424 = CIRCLE ( 'NONE', #2645, 0.3229999999999999538 ) ;
#1425 = LINE ( 'NONE', #462, #2952 ) ;
#1426 = CARTESIAN_POINT ( 'NONE',  ( 0.000000000000000000, 0.000000000000000000, 0.000000000000000000 ) ) ;
#1427 = CARTESIAN_POINT ( 'NONE',  ( -0.3937007874015748254, 0.000000000000000000, 0.000000000000000000 ) ) ;
#1428 = VERTEX_POINT ( 'NONE', #1266 ) ;
#1429 = ADVANCED_FACE ( 'NONE', ( #1282 ), #2206, .T. ) ;
#1430 = ADVANCED_FACE ( 'NONE', ( #2192 ), #2222, .T. ) ;
#1431 = CYLINDRICAL_SURFACE ( 'NONE', #240, 0.1499999999999999667 ) ;
#1432 = VERTEX_POINT ( 'NONE', #2386 ) ;
#1433 = ORIENTED_EDGE ( 'NONE', *, *, #1407, .T. ) ;
#1434 = DIRECTION ( 'NONE',  ( 0.000000000000000000, 0.000000000000000000, 1.000000000000000000 ) ) ;
#1435 = DIRECTION ( 'NONE',  ( -1.000000000000000000, 0.000000000000000000, -0.000000000000000000 ) ) ;
#1436 = DIRECTION ( 'NONE',  ( 0.000000000000000000, -0.8660254037844431485, 0.4999999999999919509 ) ) ;
#1437 = AXIS2_PLACEMENT_3D ( 'NONE', #449, #1586, #2515 ) ;
#1438 = CARTESIAN_POINT ( 'NONE',  ( 0.000000000000000000, -0.3480578622212527895, -0.05505201621038866705 ) ) ;
#1439 = CARTESIAN_POINT ( 'NONE',  ( 0.000000000000000000, -0.1519255197928382484, -0.3879816330018562298 ) ) ;
#1440 = ORIENTED_EDGE ( 'NONE', *, *, #988, .F. ) ;
#1441 = AXIS2_PLACEMENT_3D ( 'NONE', #1261, #2188, #1043 ) ;
#1442 = VECTOR ( 'NONE', #1054, 39.37007874015748143 ) ;
#1443 = ADVANCED_BREP_SHAPE_REPRESENTATION ( 'motor gear', ( #2557, #1351 ), #44 ) ;
#1444 = CARTESIAN_POINT ( 'NONE',  ( 0.2500000000000000000, -0.3458963032104737101, 0.06731082653025059759 ) ) ;
#1445 = AXIS2_PLACEMENT_3D ( 'NONE', #1520, #894, #2447 ) ;
#1446 = ORIENTED_EDGE ( 'NONE', *, *, #2763, .F. ) ;
#1447 = DIRECTION ( 'NONE',  ( -1.000000000000000000, -0.000000000000000000, -0.000000000000000000 ) ) ;
#1448 = VERTEX_POINT ( 'NONE', #303 ) ;
#1449 = VECTOR ( 'NONE', #2506, 39.37007874015748143 ) ;
#1450 = ORIENTED_EDGE ( 'NONE', *, *, #2734, .F. ) ;
#1451 = EDGE_LOOP ( 'NONE', ( #652, #903, #2640, #2017 ) ) ;
#1452 = EDGE_CURVE ( 'NONE', #2202, #2110, #2452, .T. ) ;
#1453 = DIRECTION ( 'NONE',  ( 0.000000000000000000, -6.829619984160659032E-15, 1.000000000000000000 ) ) ;
#1454 = DIRECTION ( 'NONE',  ( -1.000000000000000000, 0.000000000000000000, 0.000000000000000000 ) ) ;
#1455 = DIRECTION ( 'NONE',  ( -1.000000000000000000, 0.000000000000000000, 0.000000000000000000 ) ) ;
#1456 = ADVANCED_FACE ( 'NONE', ( #608, #1959 ), #335, .F. ) ;
#1457 = CARTESIAN_POINT ( 'NONE',  ( 0.2500000000000000000, -0.2600391904849576608, 0.3255621761246828560 ) ) ;
#1458 = VERTEX_POINT ( 'NONE', #1987 ) ;
#1459 = DIRECTION ( 'NONE',  ( -1.000000000000000000, -0.000000000000000000, 0.000000000000000000 ) ) ;
#1460 = ORIENTED_EDGE ( 'NONE', *, *, #1966, .T. ) ;
#1461 = CARTESIAN_POINT ( 'NONE',  ( 0.2500000000000000000, 0.03485617626096224747, 0.3211137601792621865 ) ) ;
#1462 = ORIENTED_EDGE ( 'NONE', *, *, #134, .T. ) ;
#1463 = CARTESIAN_POINT ( 'NONE',  ( 0.000000000000000000, 0.3020145451467603492, 0.1815549901893442342 ) ) ;
#1464 = ORIENTED_EDGE ( 'NONE', *, *, #1402, .F. ) ;
#1465 = ORIENTED_EDGE ( 'NONE', *, *, #931, .T. ) ;
#1466 = CARTESIAN_POINT ( 'NONE',  ( 0.000000000000000000, -0.1519255197928436329, 0.3879816330018541204 ) ) ;
#1467 = CYLINDRICAL_SURFACE ( 'NONE', #174, 0.1499999999999999389 ) ;
#1468 = CARTESIAN_POINT ( 'NONE',  ( 0.2500000000000000000, -0.2955207619504655048, -0.1303705459688510038 ) ) ;
#1469 = CIRCLE ( 'NONE', #2102, 0.1499999999999999389 ) ;
#1470 = EDGE_CURVE ( 'NONE', #1715, #1925, #461, .T. ) ;
#1471 = VECTOR ( 'NONE', #25, 39.37007874015748143 ) ;
#1472 = CIRCLE ( 'NONE', #454, 0.3229999999999999538 ) ;
#1473 = CARTESIAN_POINT ( 'NONE',  ( 0.2500000000000000000, -0.03485617626096446098, 0.3211137601792619090 ) ) ;
#1474 = VERTEX_POINT ( 'NONE', #2402 ) ;
#1475 = EDGE_CURVE ( 'NONE', #286, #2039, #139, .T. ) ;
#1476 = EDGE_CURVE ( 'NONE', #2658, #521, #861, .T. ) ;
#1477 = CIRCLE ( 'NONE', #951, 0.4166666666666666852 ) ;
#1478 = DIRECTION ( 'NONE',  ( 0.000000000000000000, 0.000000000000000000, 1.000000000000000000 ) ) ;
#1479 = DIRECTION ( 'NONE',  ( 0.000000000000000000, 0.3420201433256631063, 0.9396926207859104263 ) ) ;
#1480 = VERTEX_POINT ( 'NONE', #317 ) ;
#1481 = CARTESIAN_POINT ( 'NONE',  ( 0.2500000000000000000, 0.000000000000000000, 0.000000000000000000 ) ) ;
#1482 = ORIENTED_EDGE ( 'NONE', *, *, #90, .F. ) ;
#1483 = DIRECTION ( 'NONE',  ( -1.000000000000000000, 0.000000000000000000, 0.000000000000000000 ) ) ;
#1484 = ORIENTED_EDGE ( 'NONE', *, *, #622, .T. ) ;
#1485 = AXIS2_PLACEMENT_3D ( 'NONE', #345, #1506, #1735 ) ;
#1486 = VERTEX_POINT ( 'NONE', #1526 ) ;
#1487 = DIRECTION ( 'NONE',  ( 0.000000000000000000, 0.3420201433256630508, 0.9396926207859105373 ) ) ;
#1488 = CARTESIAN_POINT ( 'NONE',  ( 0.2500000000000000000, -0.3082385062611852633, -0.1707747733148274327 ) ) ;
#1489 = DIRECTION ( 'NONE',  ( 0.000000000000000000, 0.000000000000000000, 1.000000000000000000 ) ) ;
#1490 = AXIS2_PLACEMENT_3D ( 'NONE', #155, #1988, #2905 ) ;
#1491 = ORIENTED_EDGE ( 'NONE', *, *, #2049, .F. ) ;
#1492 = DIMENSIONAL_EXPONENTS ( 1.000000000000000000, 0.000000000000000000, 0.000000000000000000, 0.000000000000000000, 0.000000000000000000, 0.000000000000000000, 0.000000000000000000 ) ;
#1493 = EDGE_CURVE ( 'NONE', #121, #651, #367, .T. ) ;
#1494 = CARTESIAN_POINT ( 'NONE',  ( 0.2500000000000000000, 0.000000000000000000, 0.000000000000000000 ) ) ;
#1495 = EDGE_CURVE ( 'NONE', #1951, #832, #2022, .T. ) ;
#1496 = CYLINDRICAL_SURFACE ( 'NONE', #2466, 0.1499999999999999667 ) ;
#1497 = ORIENTED_EDGE ( 'NONE', *, *, #2462, .T. ) ;
#1498 = AXIS2_PLACEMENT_3D ( 'NONE', #2045, #1647, #1594 ) ;
#1499 = ADVANCED_FACE ( 'NONE', ( #1248 ), #1047, .F. ) ;
#1500 = AXIS2_PLACEMENT_3D ( 'NONE', #2623, #2892, #543 ) ;
#1501 = DIRECTION ( 'NONE',  ( -1.000000000000000000, 0.000000000000000000, -0.000000000000000000 ) ) ;
#1502 = VERTEX_POINT ( 'NONE', #1708 ) ;
#1503 = DIRECTION ( 'NONE',  ( 0.000000000000000000, 0.000000000000000000, 1.000000000000000000 ) ) ;
#1504 = ORIENTED_EDGE ( 'NONE', *, *, #1864, .F. ) ;
#1505 = DIRECTION ( 'NONE',  ( 0.000000000000000000, 0.000000000000000000, 1.000000000000000000 ) ) ;
#1506 = DIRECTION ( 'NONE',  ( -1.000000000000000000, -0.000000000000000000, -0.000000000000000000 ) ) ;
#1507 = VECTOR ( 'NONE', #2234, 39.37007874015748143 ) ;
#1508 = FACE_OUTER_BOUND ( 'NONE', #825, .T. ) ;
#1509 = ORIENTED_EDGE ( 'NONE', *, *, #2383, .F. ) ;
#1510 = DIRECTION ( 'NONE',  ( 0.000000000000000000, 0.000000000000000000, -1.000000000000000000 ) ) ;
#1511 = DIRECTION ( 'NONE',  ( 0.000000000000000000, -0.9848077530122097967, 0.1736481776669207000 ) ) ;
#1512 = EDGE_LOOP ( 'NONE', ( #2780, #1051, #1289, #2599 ) ) ;
#1513 = EDGE_CURVE ( 'NONE', #1575, #1486, #1081, .T. ) ;
#1514 = CARTESIAN_POINT ( 'NONE',  ( 0.000000000000000000, 0.3458963032104732660, 0.06731082653025284579 ) ) ;
#1515 = VERTEX_POINT ( 'NONE', #1973 ) ;
#1516 = EDGE_CURVE ( 'NONE', #715, #1883, #1774, .T. ) ;
#1517 = ORIENTED_EDGE ( 'NONE', *, *, #1722, .F. ) ;
#1518 = DIRECTION ( 'NONE',  ( 0.000000000000000000, 0.000000000000000000, 1.000000000000000000 ) ) ;
#1519 = CARTESIAN_POINT ( 'NONE',  ( 0.1250000000000000000, -0.1519255197928382484, -0.3879816330018562298 ) ) ;
#1520 = CARTESIAN_POINT ( 'NONE',  ( 0.000000000000000000, 0.000000000000000000, 0.000000000000000000 ) ) ;
#1521 = CYLINDRICAL_SURFACE ( 'NONE', #300, 0.1499999999999999389 ) ;
#1522 = CARTESIAN_POINT ( 'NONE',  ( 0.2500000000000000000, 0.3082385062611864290, 0.1707747733148252678 ) ) ;
#1523 = AXIS2_PLACEMENT_3D ( 'NONE', #2840, #1935, #120 ) ;
#1524 = ORIENTED_EDGE ( 'NONE', *, *, #318, .F. ) ;
#1525 = CIRCLE ( 'NONE', #1097, 0.3230000000000000093 ) ;
#1526 = CARTESIAN_POINT ( 'NONE',  ( 0.2500000000000000000, -0.05916079783099616185, -0.03250000000000000111 ) ) ;
#1527 = DIRECTION ( 'NONE',  ( -1.000000000000000000, 0.000000000000000000, 0.000000000000000000 ) ) ;
#1528 = DIRECTION ( 'NONE',  ( -1.000000000000000000, 0.000000000000000000, -0.000000000000000000 ) ) ;
#1529 = DIRECTION ( 'NONE',  ( 0.000000000000000000, 0.000000000000000000, 1.000000000000000000 ) ) ;
#1530 = ORIENTED_EDGE ( 'NONE', *, *, #405, .T. ) ;
#1531 = DIRECTION ( 'NONE',  ( 0.000000000000000000, -0.6427876096865300370, -0.7660444431189860071 ) ) ;
#1532 = VERTEX_POINT ( 'NONE', #557 ) ;
#1533 = CARTESIAN_POINT ( 'NONE',  ( 0.000000000000000000, 0.000000000000000000, 0.000000000000000000 ) ) ;
#1534 = ADVANCED_FACE ( 'NONE', ( #108 ), #2162, .T. ) ;
#1535 = CYLINDRICAL_SURFACE ( 'NONE', #1597, 0.4166666666666666852 ) ;
#1536 = ADVANCED_FACE ( 'NONE', ( #1034 ), #574, .T. ) ;
#1537 = VERTEX_POINT ( 'NONE', #1570 ) ;
#1538 = CIRCLE ( 'NONE', #228, 0.1499999999999999389 ) ;
#1539 = CYLINDRICAL_SURFACE ( 'NONE', #2342, 0.1499999999999999667 ) ;
#1540 = FACE_OUTER_BOUND ( 'NONE', #193, .T. ) ;
#1541 = ORIENTED_EDGE ( 'NONE', *, *, #2044, .T. ) ;
#1542 = CARTESIAN_POINT ( 'NONE',  ( 0.000000000000000000, 0.000000000000000000, 0.000000000000000000 ) ) ;
#1543 = CYLINDRICAL_SURFACE ( 'NONE', #2800, 0.1499999999999999667 ) ;
#1544 = ORIENTED_EDGE ( 'NONE', *, *, #1154, .T. ) ;
#1545 = CARTESIAN_POINT ( 'NONE',  ( 0.000000000000000000, -0.1797065662099992800, 0.2683925298159603456 ) ) ;
#1546 = DIRECTION ( 'NONE',  ( 0.000000000000000000, -0.6427876096865301481, -0.7660444431189857850 ) ) ;
#1547 = ORIENTED_EDGE ( 'NONE', *, *, #458, .T. ) ;
#1548 = CIRCLE ( 'NONE', #237, 0.3230000000000000093 ) ;
#1549 = VERTEX_POINT ( 'NONE', #869 ) ;
#1550 = AXIS2_PLACEMENT_3D ( 'NONE', #564, #1763, #2693 ) ;
#1551 = CARTESIAN_POINT ( 'NONE',  ( 0.1250000000000000000, -0.3657714866848097990, -0.1995553322752744718 ) ) ;
#1552 = CARTESIAN_POINT ( 'NONE',  ( 0.000000000000000000, 0.2606645856895029034, 0.1907432142104136807 ) ) ;
#1553 = AXIS2_PLACEMENT_3D ( 'NONE', #1113, #2922, #2230 ) ;
#1554 = ORIENTED_EDGE ( 'NONE', *, *, #1905, .T. ) ;
#1555 = DIRECTION ( 'NONE',  ( 1.000000000000000000, -0.000000000000000000, -0.000000000000000000 ) ) ;
#1556 = DIRECTION ( 'NONE',  ( -1.000000000000000000, 0.000000000000000000, 0.000000000000000000 ) ) ;
#1557 = ORIENTED_EDGE ( 'NONE', *, *, #505, .F. ) ;
#1558 = EDGE_CURVE ( 'NONE', #78, #801, #1887, .T. ) ;
#1559 = ORIENTED_EDGE ( 'NONE', *, *, #2648, .T. ) ;
#1560 = DIRECTION ( 'NONE',  ( 0.000000000000000000, 0.8660254037844398178, -0.4999999999999979461 ) ) ;
#1561 = CARTESIAN_POINT ( 'NONE',  ( 0.2500000000000000000, 0.3222880321115937363, 0.02143418665674790002 ) ) ;
#1562 = DIRECTION ( 'NONE',  ( 0.000000000000000000, 0.6427876096865403621, -0.7660444431189771253 ) ) ;
#1563 = ORIENTED_EDGE ( 'NONE', *, *, #1386, .T. ) ;
#1564 = EDGE_LOOP ( 'NONE', ( #1250, #2818, #1001, #2481 ) ) ;
#1565 = DIRECTION ( 'NONE',  ( -1.000000000000000000, 0.000000000000000000, 0.000000000000000000 ) ) ;
#1566 = CARTESIAN_POINT ( 'NONE',  ( 0.000000000000000000, -0.3557057305534337965, -0.2169897333114151339 ) ) ;
#1567 = FACE_OUTER_BOUND ( 'NONE', #545, .T. ) ;
#1568 = DIRECTION ( 'NONE',  ( 1.000000000000000000, 0.000000000000000000, 0.000000000000000000 ) ) ;
#1569 = EDGE_LOOP ( 'NONE', ( #2433, #2694, #1315, #508 ) ) ;
#1570 = CARTESIAN_POINT ( 'NONE',  ( 0.000000000000000000, 0.3222880321115937363, 0.02143418665674790002 ) ) ;
#1571 = CARTESIAN_POINT ( 'NONE',  ( 0.1250000000000000278, 0.01006575613137975812, -0.4165450655866838603 ) ) ;
#1572 = EDGE_CURVE ( 'NONE', #1883, #1115, #1251, .T. ) ;
#1573 = AXIS2_PLACEMENT_3D ( 'NONE', #1846, #721, #459 ) ;
#1574 = EDGE_CURVE ( 'NONE', #1103, #2316, #330, .T. ) ;
#1575 = VERTEX_POINT ( 'NONE', #1126 ) ;
#1576 = DIRECTION ( 'NONE',  ( -1.000000000000000000, -0.000000000000000000, -0.000000000000000000 ) ) ;
#1577 = ORIENTED_EDGE ( 'NONE', *, *, #2161, .T. ) ;
#1578 = AXIS2_PLACEMENT_3D ( 'NONE', #1016, #1940, #2903 ) ;
#1579 = DIRECTION ( 'NONE',  ( 1.000000000000000000, 0.000000000000000000, -0.000000000000000000 ) ) ;
#1580 = CARTESIAN_POINT ( 'NONE',  ( 0.2500000000000000000, -0.3222880321115935698, -0.02143418665675014823 ) ) ;
#1581 = VERTEX_POINT ( 'NONE', #448 ) ;
#1582 = CARTESIAN_POINT ( 'NONE',  ( 0.2500000000000000000, 0.000000000000000000, 0.000000000000000000 ) ) ;
#1583 = CARTESIAN_POINT ( 'NONE',  ( 0.2500000000000000000, -0.1797065662099954497, -0.2683925298159627881 ) ) ;
#1584 = ORIENTED_EDGE ( 'NONE', *, *, #1385, .T. ) ;
#1585 = CYLINDRICAL_SURFACE ( 'NONE', #2469, 0.3229999999999999538 ) ;
#1586 = DIRECTION ( 'NONE',  ( -1.000000000000000000, -0.000000000000000000, 0.000000000000000000 ) ) ;
#1587 = ORIENTED_EDGE ( 'NONE', *, *, #1704, .F. ) ;
#1588 = ADVANCED_FACE ( 'NONE', ( #2702 ), #2967, .T. ) ;
#1589 = ADVANCED_FACE ( 'NONE', ( #2487 ), #2936, .F. ) ;
#1590 = PRODUCT_CONTEXT ( 'NONE', #1958, 'mechanical' ) ;
#1591 = AXIS2_PLACEMENT_3D ( 'NONE', #2224, #594, #2193 ) ;
#1592 = ORIENTED_EDGE ( 'NONE', *, *, #2532, .F. ) ;
#1593 = EDGE_CURVE ( 'NONE', #1328, #2576, #2983, .T. ) ;
#1594 = DIRECTION ( 'NONE',  ( 0.000000000000000000, 0.000000000000000000, 1.000000000000000000 ) ) ;
#1595 = VERTEX_POINT ( 'NONE', #402 ) ;
#1596 = ORIENTED_EDGE ( 'NONE', *, *, #2519, .F. ) ;
#1597 = AXIS2_PLACEMENT_3D ( 'NONE', #1353, #2507, #396 ) ;
#1598 = DIRECTION ( 'NONE',  ( -1.000000000000000000, 0.000000000000000000, 0.000000000000000000 ) ) ;
#1599 = DIRECTION ( 'NONE',  ( 0.000000000000000000, -0.3420201433256757628, 0.9396926207859058744 ) ) ;
#1600 = AXIS2_PLACEMENT_3D ( 'NONE', #2990, #1391, #1840 ) ;
#1601 = DIRECTION ( 'NONE',  ( -1.000000000000000000, 0.000000000000000000, -0.000000000000000000 ) ) ;
#1602 = CARTESIAN_POINT ( 'NONE',  ( 0.2500000000000000000, 0.3458963032104732660, 0.2173108265302527986 ) ) ;
#1603 = AXIS2_PLACEMENT_3D ( 'NONE', #1212, #1952, #1505 ) ;
#1604 = DIRECTION ( 'NONE',  ( 0.000000000000000000, 0.000000000000000000, 1.000000000000000000 ) ) ;
#1605 = EDGE_LOOP ( 'NONE', ( #993, #984, #2962, #2145 ) ) ;
#1606 = EDGE_CURVE ( 'NONE', #1115, #1728, #924, .T. ) ;
#1607 =( CONVERSION_BASED_UNIT ( 'INCH', #251 ) LENGTH_UNIT ( ) NAMED_UNIT ( #1492 ) );
#1608 = ORIENTED_EDGE ( 'NONE', *, *, #2330, .T. ) ;
#1609 = EDGE_CURVE ( 'NONE', #2467, #2859, #167, .T. ) ;
#1610 = VERTEX_POINT ( 'NONE', #1093 ) ;
#1611 = FACE_OUTER_BOUND ( 'NONE', #2333, .T. ) ;
#1612 = CARTESIAN_POINT ( 'NONE',  ( -0.1000000000000000056, 2.449293598294706538E-17, 0.2000000000000000111 ) ) ;
#1613 = DIRECTION ( 'NONE',  ( -1.000000000000000000, -0.000000000000000000, -0.000000000000000000 ) ) ;
#1614 = DIRECTION ( 'NONE',  ( -1.000000000000000000, -0.000000000000000000, -0.000000000000000000 ) ) ;
#1615 = VERTEX_POINT ( 'NONE', #2761 ) ;
#1616 = AXIS2_PLACEMENT_3D ( 'NONE', #2528, #1556, #897 ) ;
#1617 = AXIS2_PLACEMENT_3D ( 'NONE', #1932, #1435, #1029 ) ;
#1618 = CYLINDRICAL_SURFACE ( 'NONE', #2586, 0.4166666666666666852 ) ;
#1619 = SURFACE_STYLE_USAGE ( .BOTH. , #2332 ) ;
#1620 = ORIENTED_EDGE ( 'NONE', *, *, #2439, .F. ) ;
#1621 = AXIS2_PLACEMENT_3D ( 'NONE', #1405, #2816, #1658 ) ;
#1622 = ORIENTED_EDGE ( 'NONE', *, *, #2184, .F. ) ;
#1623 = EDGE_CURVE ( 'NONE', #2068, #1158, #927, .T. ) ;
#1624 = EDGE_CURVE ( 'NONE', #1698, #2658, #1937, .T. ) ;
#1625 = LINE ( 'NONE', #2549, #851 ) ;
#1626 = FACE_OUTER_BOUND ( 'NONE', #137, .T. ) ;
#1627 = CARTESIAN_POINT ( 'NONE',  ( -0.3937007874015748254, 0.000000000000000000, 0.000000000000000000 ) ) ;
#1628 = AXIS2_PLACEMENT_3D ( 'NONE', #2311, #1859, #233 ) ;
#1629 = DIRECTION ( 'NONE',  ( 0.000000000000000000, 0.000000000000000000, 1.000000000000000000 ) ) ;
#1630 = CIRCLE ( 'NONE', #429, 0.1499999999999999389 ) ;
#1631 = CARTESIAN_POINT ( 'NONE',  ( 0.000000000000000000, -0.01006575613137709359, 0.4165450655866838603 ) ) ;
#1632 = ORIENTED_EDGE ( 'NONE', *, *, #1854, .T. ) ;
#1633 = LINE ( 'NONE', #2334, #219 ) ;
#1634 = VERTEX_POINT ( 'NONE', #1789 ) ;
#1635 = DIRECTION ( 'NONE',  ( 0.000000000000000000, 0.000000000000000000, 1.000000000000000000 ) ) ;
#1636 = CYLINDRICAL_SURFACE ( 'NONE', #2455, 0.4166666666666666852 ) ;
#1637 = EDGE_CURVE ( 'NONE', #1074, #601, #1305, .T. ) ;
#1638 = AXIS2_PLACEMENT_3D ( 'NONE', #91, #2649, #1478 ) ;
#1639 = CIRCLE ( 'NONE', #2175, 0.1499999999999999389 ) ;
#1640 = AXIS2_PLACEMENT_3D ( 'NONE', #2457, #617, #1503 ) ;
#1641 = CARTESIAN_POINT ( 'NONE',  ( 0.1250000000000000000, 0.4119647102777980741, -0.06241945687717085495 ) ) ;
#1642 = AXIS2_PLACEMENT_3D ( 'NONE', #2038, #1991, #871 ) ;
#1643 = EDGE_CURVE ( 'NONE', #1055, #82, #1203, .T. ) ;
#1644 = DIRECTION ( 'NONE',  ( -1.000000000000000000, 0.000000000000000000, 0.000000000000000000 ) ) ;
#1645 = CIRCLE ( 'NONE', #1944, 0.4166666666666666852 ) ;
#1646 = DIRECTION ( 'NONE',  ( 1.000000000000000000, 0.000000000000000000, 0.000000000000000000 ) ) ;
#1647 = DIRECTION ( 'NONE',  ( -1.000000000000000000, 0.000000000000000000, 0.000000000000000000 ) ) ;
#1648 = VERTEX_POINT ( 'NONE', #180 ) ;
#1649 = CARTESIAN_POINT ( 'NONE',  ( 0.000000000000000000, 0.000000000000000000, 0.000000000000000000 ) ) ;
#1650 = EDGE_LOOP ( 'NONE', ( #89, #2436, #1835, #1068 ) ) ;
#1651 = ORIENTED_EDGE ( 'NONE', *, *, #961, .F. ) ;
#1652 = DIRECTION ( 'NONE',  ( -1.000000000000000000, -0.000000000000000000, 0.000000000000000000 ) ) ;
#1653 = DIRECTION ( 'NONE',  ( 0.000000000000000000, 0.6427876096865403621, -0.7660444431189771253 ) ) ;
#1654 = CARTESIAN_POINT ( 'NONE',  ( 0.000000000000000000, 0.1519255197928463252, -0.3879816330018530657 ) ) ;
#1655 = CARTESIAN_POINT ( 'NONE',  ( 0.2500000000000000000, 0.1146552658803138142, -0.3332103989205199013 ) ) ;
#1656 = CARTESIAN_POINT ( 'NONE',  ( -0.1000000000000000056, 0.000000000000000000, 0.000000000000000000 ) ) ;
#1657 = EDGE_CURVE ( 'NONE', #2028, #1045, #2717, .T. ) ;
#1658 = DIRECTION ( 'NONE',  ( 0.000000000000000000, -0.6427876096865300370, -0.7660444431189857850 ) ) ;
#1659 = AXIS2_PLACEMENT_3D ( 'NONE', #656, #1787, #432 ) ;
#1660 = DIRECTION ( 'NONE',  ( -1.000000000000000000, 0.000000000000000000, 0.000000000000000000 ) ) ;
#1661 = AXIS2_PLACEMENT_3D ( 'NONE', #2626, #2366, #294 ) ;
#1662 = ORIENTED_EDGE ( 'NONE', *, *, #1784, .F. ) ;
#1663 = ORIENTED_EDGE ( 'NONE', *, *, #2161, .F. ) ;
#1664 = ORIENTED_EDGE ( 'NONE', *, *, #524, .T. ) ;
#1665 = DIRECTION ( 'NONE',  ( -1.000000000000000000, 0.000000000000000000, 0.000000000000000000 ) ) ;
#1666 = CARTESIAN_POINT ( 'NONE',  ( 0.2500000000000000000, 0.3020145451467603492, 0.1815549901893442342 ) ) ;
#1667 = CYLINDRICAL_SURFACE ( 'NONE', #2075, 0.3229999999999999538 ) ;
#1668 = AXIS2_PLACEMENT_3D ( 'NONE', #1824, #1907, #2801 ) ;
#1669 = CARTESIAN_POINT ( 'NONE',  ( -0.1000000000000000056, 0.000000000000000000, 0.000000000000000000 ) ) ;
#1670 = CARTESIAN_POINT ( 'NONE',  ( 0.2500000000000000000, -0.3458963032104737101, 0.2173108265302505504 ) ) ;
#1671 = ORIENTED_EDGE ( 'NONE', *, *, #1822, .F. ) ;
#1672 = ORIENTED_EDGE ( 'NONE', *, *, #1099, .T. ) ;
#1673 = DIRECTION ( 'NONE',  ( -1.000000000000000000, 0.000000000000000000, 0.000000000000000000 ) ) ;
#1674 = AXIS2_PLACEMENT_3D ( 'NONE', #1341, #1770, #399 ) ;
#1675 = ORIENTED_EDGE ( 'NONE', *, *, #2262, .T. ) ;
#1676 = ADVANCED_FACE ( 'NONE', ( #647 ), #1585, .T. ) ;
#1677 = DIRECTION ( 'NONE',  ( -0.000000000000000000, 0.000000000000000000, 1.000000000000000000 ) ) ;
#1678 = EDGE_LOOP ( 'NONE', ( #212, #136, #397, #99 ) ) ;
#1679 = EDGE_CURVE ( 'NONE', #172, #2974, #1807, .T. ) ;
#1680 = CARTESIAN_POINT ( 'NONE',  ( 0.2500000000000000000, -0.2955207619504672811, 0.1303705459688470070 ) ) ;
#1681 = ORIENTED_EDGE ( 'NONE', *, *, #1657, .T. ) ;
#1682 = EDGE_LOOP ( 'NONE', ( #1265, #2531, #252, #2186 ) ) ;
#1683 = FACE_OUTER_BOUND ( 'NONE', #2560, .T. ) ;
#1684 = CARTESIAN_POINT ( 'NONE',  ( 0.2500000000000000000, -0.3480578622212527895, -0.05505201621038866705 ) ) ;
#1685 = FACE_OUTER_BOUND ( 'NONE', #2033, .T. ) ;
#1686 = AXIS2_PLACEMENT_3D ( 'NONE', #1283, #336, #1960 ) ;
#1687 = CARTESIAN_POINT ( 'NONE',  ( 0.000000000000000000, 0.3101826091352864467, 0.09008745190106150214 ) ) ;
#1688 = CARTESIAN_POINT ( 'NONE',  ( 0.2500000000000000000, -0.01006575613137707624, 0.4165450655866838603 ) ) ;
#1689 = ORIENTED_EDGE ( 'NONE', *, *, #2026, .T. ) ;
#1690 = EDGE_LOOP ( 'NONE', ( #2394, #664 ) ) ;
#1691 = AXIS2_PLACEMENT_3D ( 'NONE', #225, #1318, #2066 ) ;
#1692 = CIRCLE ( 'NONE', #382, 0.1499999999999999667 ) ;
#1693 = AXIS2_PLACEMENT_3D ( 'NONE', #2877, #2677, #2639 ) ;
#1694 = CARTESIAN_POINT ( 'NONE',  ( 0.2500000000000000000, 0.3480578622212524009, 0.05505201621039095689 ) ) ;
#1695 = AXIS2_PLACEMENT_3D ( 'NONE', #1746, #407, #1346 ) ;
#1696 = ORIENTED_EDGE ( 'NONE', *, *, #931, .F. ) ;
#1697 = DIRECTION ( 'NONE',  ( 0.000000000000000000, 0.000000000000000000, -1.000000000000000000 ) ) ;
#1698 = VERTEX_POINT ( 'NONE', #2273 ) ;
#1699 = EDGE_LOOP ( 'NONE', ( #584, #27, #298, #781 ) ) ;
#1700 = PLANE ( 'NONE',  #243 ) ;
#1701 = CYLINDRICAL_SURFACE ( 'NONE', #751, 0.3229999999999999538 ) ;
#1702 = ADVANCED_FACE ( 'NONE', ( #194 ), #2541, .T. ) ;
#1703 = DIRECTION ( 'NONE',  ( 0.000000000000000000, 0.000000000000000000, 1.000000000000000000 ) ) ;
#1704 = EDGE_CURVE ( 'NONE', #1474, #1036, #1860, .T. ) ;
#1705 = DIRECTION ( 'NONE',  ( 0.000000000000000000, 0.000000000000000000, -1.000000000000000000 ) ) ;
#1706 = DIRECTION ( 'NONE',  ( 0.000000000000000000, 0.000000000000000000, 1.000000000000000000 ) ) ;
#1707 = ORIENTED_EDGE ( 'NONE', *, *, #2606, .T. ) ;
#1708 = CARTESIAN_POINT ( 'NONE',  ( 0.2500000000000000000, -0.2331093264761691652, -0.2235822933727686090 ) ) ;
#1709 = DIRECTION ( 'NONE',  ( 0.000000000000000000, 0.000000000000000000, 1.000000000000000000 ) ) ;
#1710 = ORIENTED_EDGE ( 'NONE', *, *, #113, .T. ) ;
#1711 = PRODUCT_DEFINITION_SHAPE ( 'NONE', 'NONE',  #1078 ) ;
#1712 = DIRECTION ( 'NONE',  ( 1.000000000000000000, -0.000000000000000000, -0.000000000000000000 ) ) ;
#1713 = EDGE_LOOP ( 'NONE', ( #512, #2790, #771, #1392 ) ) ;
#1714 = DIRECTION ( 'NONE',  ( 0.000000000000000000, 0.000000000000000000, 1.000000000000000000 ) ) ;
#1715 = VERTEX_POINT ( 'NONE', #1670 ) ;
#1716 = LINE ( 'NONE', #293, #1851 ) ;
#1717 = CARTESIAN_POINT ( 'NONE',  ( 0.2500000000000000000, 0.3458963032104732660, 0.06731082653025284579 ) ) ;
#1718 = DIRECTION ( 'NONE',  ( 0.000000000000000000, 0.000000000000000000, -1.000000000000000000 ) ) ;
#1719 = AXIS2_PLACEMENT_3D ( 'NONE', #1326, #655, #413 ) ;
#1720 = VECTOR ( 'NONE', #499, 39.37007874015748143 ) ;
#1721 = ADVANCED_FACE ( 'NONE', ( #2824 ), #259, .T. ) ;
#1722 = EDGE_CURVE ( 'NONE', #542, #72, #1162, .T. ) ;
#1723 = DIRECTION ( 'NONE',  ( -1.000000000000000000, -0.000000000000000000, -0.000000000000000000 ) ) ;
#1724 = VERTEX_POINT ( 'NONE', #2799 ) ;
#1725 = EDGE_CURVE ( 'NONE', #2777, #1788, #1425, .T. ) ;
#1726 = CARTESIAN_POINT ( 'NONE',  ( 0.000000000000000000, 0.000000000000000000, 0.000000000000000000 ) ) ;
#1727 = CARTESIAN_POINT ( 'NONE',  ( 0.2500000000000000000, 0.01006575613137979108, -0.4165450655866838048 ) ) ;
#1728 = VERTEX_POINT ( 'NONE', #1388 ) ;
#1729 = LINE ( 'NONE', #289, #50 ) ;
#1730 = EDGE_LOOP ( 'NONE', ( #2641, #321, #494, #602 ) ) ;
#1731 = DIRECTION ( 'NONE',  ( -1.000000000000000000, 0.000000000000000000, -0.000000000000000000 ) ) ;
#1732 = CIRCLE ( 'NONE', #1875, 0.4166666666666666852 ) ;
#1733 = ORIENTED_EDGE ( 'NONE', *, *, #2285, .T. ) ;
#1734 = CARTESIAN_POINT ( 'NONE',  ( 0.2500000000000000000, -0.07707328265911671250, 0.3136697452738275715 ) ) ;
#1735 = DIRECTION ( 'NONE',  ( 0.000000000000000000, 0.000000000000000000, 1.000000000000000000 ) ) ;
#1736 = DIRECTION ( 'NONE',  ( 0.000000000000000000, 0.000000000000000000, -1.000000000000000000 ) ) ;
#1737 = ADVANCED_FACE ( 'NONE', ( #2370 ), #1215, .T. ) ;
#1738 = ORIENTED_EDGE ( 'NONE', *, *, #2668, .F. ) ;
#1739 = CARTESIAN_POINT ( 'NONE',  ( 0.2500000000000000000, 0.000000000000000000, 0.000000000000000000 ) ) ;
#1740 = CARTESIAN_POINT ( 'NONE',  ( 0.000000000000000000, 0.4119647102777980741, 0.06241945687717076474 ) ) ;
#1741 = ADVANCED_FACE ( 'NONE', ( #752 ), #2143, .T. ) ;
#1742 = ORIENTED_EDGE ( 'NONE', *, *, #236, .T. ) ;
#1743 = AXIS2_PLACEMENT_3D ( 'NONE', #2241, #1601, #1560 ) ;
#1744 = AXIS2_PLACEMENT_3D ( 'NONE', #45, #2533, #2558 ) ;
#1745 = CIRCLE ( 'NONE', #1550, 0.4166666666666666852 ) ;
#1746 = CARTESIAN_POINT ( 'NONE',  ( 0.2500000000000000000, 0.1263524865428830024, -0.3289529587757009654 ) ) ;
#1747 = ORIENTED_EDGE ( 'NONE', *, *, #1290, .F. ) ;
#1748 = VECTOR ( 'NONE', #1878, 39.37007874015748143 ) ;
#1749 = DIRECTION ( 'NONE',  ( 0.000000000000000000, 0.000000000000000000, 1.000000000000000000 ) ) ;
#1750 = ORIENTED_EDGE ( 'NONE', *, *, #2448, .T. ) ;
#1751 = EDGE_LOOP ( 'NONE', ( #979, #1742, #2609, #1134 ) ) ;
#1752 = CYLINDRICAL_SURFACE ( 'NONE', #156, 0.4166666666666666852 ) ;
#1753 = DIRECTION ( 'NONE',  ( 0.000000000000000000, -0.6427876096865301481, -0.7660444431189857850 ) ) ;
#1754 = AXIS2_PLACEMENT_3D ( 'NONE', #2739, #2679, #619 ) ;
#1755 = DIRECTION ( 'NONE',  ( -1.000000000000000000, 0.000000000000000000, -0.000000000000000000 ) ) ;
#1756 = DIRECTION ( 'NONE',  ( 1.000000000000000000, -0.000000000000000000, -0.000000000000000000 ) ) ;
#1757 = ORIENTED_EDGE ( 'NONE', *, *, #2094, .F. ) ;
#1758 = DIRECTION ( 'NONE',  ( 0.000000000000000000, -6.829619984160659032E-15, 1.000000000000000000 ) ) ;
#1759 = CARTESIAN_POINT ( 'NONE',  ( 0.000000000000000000, -0.2754608235854157372, -0.3126218894779372315 ) ) ;
#1760 = EDGE_CURVE ( 'NONE', #1537, #121, #476, .T. ) ;
#1761 = LINE ( 'NONE', #371, #1801 ) ;
#1762 = ORIENTED_EDGE ( 'NONE', *, *, #2367, .T. ) ;
#1763 = DIRECTION ( 'NONE',  ( -1.000000000000000000, -0.000000000000000000, -0.000000000000000000 ) ) ;
#1764 = ORIENTED_EDGE ( 'NONE', *, *, #1415, .T. ) ;
#1765 = CYLINDRICAL_SURFACE ( 'NONE', #1895, 0.3229999999999999538 ) ;
#1766 = CARTESIAN_POINT ( 'NONE',  ( 0.000000000000000000, 0.4119647102777980741, -0.06241945687717085495 ) ) ;
#1767 = DIRECTION ( 'NONE',  ( -1.000000000000000000, -0.000000000000000000, 0.000000000000000000 ) ) ;
#1768 = VECTOR ( 'NONE', #2565, 39.37007874015748143 ) ;
#1769 = CYLINDRICAL_SURFACE ( 'NONE', #554, 0.3229999999999999538 ) ;
#1770 = DIRECTION ( 'NONE',  ( -1.000000000000000000, 0.000000000000000000, -0.000000000000000000 ) ) ;
#1771 = CIRCLE ( 'NONE', #453, 0.1499999999999999112 ) ;
#1772 = ORIENTED_EDGE ( 'NONE', *, *, #1908, .T. ) ;
#1773 = AXIS2_PLACEMENT_3D ( 'NONE', #1717, #735, #1653 ) ;
#1774 = LINE ( 'NONE', #539, #827 ) ;
#1775 = CARTESIAN_POINT ( 'NONE',  ( 0.2500000000000000000, 0.1797065662099973371, 0.2683925298159615669 ) ) ;
#1776 = CIRCLE ( 'NONE', #2304, 0.1499999999999999112 ) ;
#1777 = CIRCLE ( 'NONE', #1189, 0.1499999999999999944 ) ;
#1778 = CARTESIAN_POINT ( 'NONE',  ( 0.000000000000000000, 0.000000000000000000, 0.000000000000000000 ) ) ;
#1779 = ORIENTED_EDGE ( 'NONE', *, *, #916, .F. ) ;
#1780 = EDGE_CURVE ( 'NONE', #1101, #1342, #2314, .T. ) ;
#1781 = EDGE_LOOP ( 'NONE', ( #288, #2320, #2991, #838 ) ) ;
#1782 = CARTESIAN_POINT ( 'NONE',  ( -0.3937007874015748254, 0.000000000000000000, 0.000000000000000000 ) ) ;
#1783 = DIRECTION ( 'NONE',  ( -1.000000000000000000, 0.000000000000000000, 0.000000000000000000 ) ) ;
#1784 = EDGE_CURVE ( 'NONE', #1839, #1087, #1120, .T. ) ;
#1785 = CIRCLE ( 'NONE', #1924, 0.1499999999999999389 ) ;
#1786 = FACE_OUTER_BOUND ( 'NONE', #2825, .T. ) ;
#1787 = DIRECTION ( 'NONE',  ( -1.000000000000000000, -0.000000000000000000, 0.000000000000000000 ) ) ;
#1788 = VERTEX_POINT ( 'NONE', #2786 ) ;
#1789 = CARTESIAN_POINT ( 'NONE',  ( 0.2500000000000000000, -0.1519255197928382484, -0.3879816330018562298 ) ) ;
#1790 = DIRECTION ( 'NONE',  ( 0.000000000000000000, 0.3420201433256694346, -0.9396926207859082059 ) ) ;
#1791 = EDGE_LOOP ( 'NONE', ( #2204, #2909, #145, #918 ) ) ;
#1792 = DIRECTION ( 'NONE',  ( -1.000000000000000000, -0.000000000000000000, -0.000000000000000000 ) ) ;
#1793 = EDGE_LOOP ( 'NONE', ( #629, #2231, #1027, #2911, #908, #992, #2428, #445, #611, #2149, #2106, #1547, #820, #2782, #1675, #1733, #10, #2160, #1672, #2524, #1757, #677, #272, #537, #2372, #645, #1465, #2638, #2992, #682, #2277, #2118, #1592, #1584, #2484, #1497, #374, #198, #1301, #1462, #1308, #1928, #129, #1185, #1209, #2451, #1992, #2179, #2752, #2364, #443, #573, #65, #2247, #2570, #1274, #2708, #2912, #2870, #2072, #1559, #1129, #1747, #941, #842, #230, #7, #1664, #738, #615, #2054, #2940, #2988, #304, #760, #1464, #1268 ) ) ;
#1794 = AXIS2_PLACEMENT_3D ( 'NONE', #2582, #714, #70 ) ;
#1795 = STYLED_ITEM ( 'NONE', ( #2293 ), #2557 ) ;
#1796 = VERTEX_POINT ( 'NONE', #1439 ) ;
#1797 = CIRCLE ( 'NONE', #480, 0.3230000000000000093 ) ;
#1798 = EDGE_CURVE ( 'NONE', #2842, #1235, #2416, .T. ) ;
#1799 = CARTESIAN_POINT ( 'NONE',  ( 0.000000000000000000, -0.3020145451467616260, 0.1815549901893422358 ) ) ;
#1800 = CARTESIAN_POINT ( 'NONE',  ( 0.2500000000000000000, -0.03485617626096007560, -0.3211137601792624086 ) ) ;
#1801 = VECTOR ( 'NONE', #631, 39.37007874015748143 ) ;
#1802 = ADVANCED_FACE ( 'NONE', ( #1414 ), #234, .T. ) ;
#1803 = AXIS2_PLACEMENT_3D ( 'NONE', #309, #764, #2155 ) ;
#1804 = CARTESIAN_POINT ( 'NONE',  ( 0.000000000000000000, -0.1330080862742697712, -0.3948670157113246537 ) ) ;
#1805 = DIRECTION ( 'NONE',  ( 0.000000000000000000, 0.000000000000000000, -1.000000000000000000 ) ) ;
#1806 = ORIENTED_EDGE ( 'NONE', *, *, #424, .T. ) ;
#1807 = LINE ( 'NONE', #2735, #1019 ) ;
#1808 = CYLINDRICAL_SURFACE ( 'NONE', #2272, 0.1499999999999999667 ) ;
#1809 = DIRECTION ( 'NONE',  ( 0.000000000000000000, 0.000000000000000000, 1.000000000000000000 ) ) ;
#1810 = ORIENTED_EDGE ( 'NONE', *, *, #2486, .F. ) ;
#1811 = DIRECTION ( 'NONE',  ( 0.000000000000000000, 0.000000000000000000, 1.000000000000000000 ) ) ;
#1812 = DIRECTION ( 'NONE',  ( 0.000000000000000000, 0.000000000000000000, 1.000000000000000000 ) ) ;
#1813 = ORIENTED_EDGE ( 'NONE', *, *, #1516, .F. ) ;
#1814 = DIRECTION ( 'NONE',  ( 0.000000000000000000, 0.3420201433256696566, -0.9396926207859079838 ) ) ;
#1815 = CARTESIAN_POINT ( 'NONE',  ( 0.2500000000000000000, 0.000000000000000000, 0.000000000000000000 ) ) ;
#1816 = VERTEX_POINT ( 'NONE', #15 ) ;
#1817 = ADVANCED_FACE ( 'NONE', ( #938 ), #2340, .T. ) ;
#1818 = EDGE_CURVE ( 'NONE', #1074, #756, #724, .T. ) ;
#1819 = CIRCLE ( 'NONE', #555, 0.08000000000000000167 ) ;
#1820 = DIRECTION ( 'NONE',  ( 0.000000000000000000, 0.000000000000000000, 1.000000000000000000 ) ) ;
#1821 = CARTESIAN_POINT ( 'NONE',  ( 0.000000000000000000, 0.000000000000000000, 0.000000000000000000 ) ) ;
#1822 = EDGE_CURVE ( 'NONE', #694, #1816, #2341, .T. ) ;
#1823 = VERTEX_POINT ( 'NONE', #737 ) ;
#1824 = CARTESIAN_POINT ( 'NONE',  ( 0.2500000000000000000, -0.2312410373301643784, 0.2658995723902672914 ) ) ;
#1825 = CARTESIAN_POINT ( 'NONE',  ( 0.000000000000000000, 0.000000000000000000, 0.000000000000000000 ) ) ;
#1826 = EDGE_LOOP ( 'NONE', ( #2917, #1211, #2671, #2847 ) ) ;
#1827 = ORIENTED_EDGE ( 'NONE', *, *, #2845, .F. ) ;
#1828 = DIRECTION ( 'NONE',  ( 0.000000000000000000, 0.8660254037844398178, -0.4999999999999980571 ) ) ;
#1829 = CARTESIAN_POINT ( 'NONE',  ( 0.1250000000000000000, 0.2600391904849556068, 0.3255621761246845769 ) ) ;
#1830 = ORIENTED_EDGE ( 'NONE', *, *, #2794, .T. ) ;
#1831 = VECTOR ( 'NONE', #2550, 39.37007874015748143 ) ;
#1832 = EDGE_CURVE ( 'NONE', #632, #2202, #2785, .T. ) ;
#1833 = DIRECTION ( 'NONE',  ( 0.000000000000000000, 0.000000000000000000, 1.000000000000000000 ) ) ;
#1834 = DIRECTION ( 'NONE',  ( 0.000000000000000000, 0.8660254037844362651, 0.5000000000000039968 ) ) ;
#1835 = ORIENTED_EDGE ( 'NONE', *, *, #966, .T. ) ;
#1836 = EDGE_CURVE ( 'NONE', #1428, #2068, #2636, .T. ) ;
#1837 =( NAMED_UNIT ( * ) SI_UNIT ( $, .STERADIAN. ) SOLID_ANGLE_UNIT ( ) );
#1838 = CIRCLE ( 'NONE', #920, 0.1499999999999999112 ) ;
#1839 = VERTEX_POINT ( 'NONE', #1457 ) ;
#1840 = DIRECTION ( 'NONE',  ( 0.000000000000000000, -0.6427876096865458022, 0.7660444431189725734 ) ) ;
#1841 = VERTEX_POINT ( 'NONE', #1044 ) ;
#1842 = AXIS2_PLACEMENT_3D ( 'NONE', #205, #2057, #666 ) ;
#1843 = CIRCLE ( 'NONE', #2614, 0.3230000000000000093 ) ;
#1844 = ORIENTED_EDGE ( 'NONE', *, *, #1452, .F. ) ;
#1845 = AXIS2_PLACEMENT_3D ( 'NONE', #1146, #2070, #9 ) ;
#1846 = CARTESIAN_POINT ( 'NONE',  ( 0.2500000000000000000, 0.1146552658803138142, -0.3332103989205199013 ) ) ;
#1847 = CARTESIAN_POINT ( 'NONE',  ( -0.02100000000000001171, 0.000000000000000000, 0.08000000000000000167 ) ) ;
#1848 = DIRECTION ( 'NONE',  ( -1.000000000000000000, 0.000000000000000000, 0.000000000000000000 ) ) ;
#1849 = DIRECTION ( 'NONE',  ( -1.000000000000000000, -0.000000000000000000, -0.000000000000000000 ) ) ;
#1850 = FACE_OUTER_BOUND ( 'NONE', #2164, .T. ) ;
#1851 = VECTOR ( 'NONE', #2187, 39.37007874015748143 ) ;
#1852 = VERTEX_POINT ( 'NONE', #1688 ) ;
#1853 = EDGE_CURVE ( 'NONE', #2756, #1841, #2203, .T. ) ;
#1854 = EDGE_CURVE ( 'NONE', #2275, #1549, #1819, .T. ) ;
#1855 = LINE ( 'NONE', #2779, #2904 ) ;
#1856 = ORIENTED_EDGE ( 'NONE', *, *, #895, .F. ) ;
#1857 = VERTEX_POINT ( 'NONE', #2869 ) ;
#1858 = CARTESIAN_POINT ( 'NONE',  ( -0.3937007874015748254, 0.000000000000000000, 0.000000000000000000 ) ) ;
#1859 = DIRECTION ( 'NONE',  ( -1.000000000000000000, 0.000000000000000000, 0.000000000000000000 ) ) ;
#1860 = LINE ( 'NONE', #1400, #1397 ) ;
#1861 = VECTOR ( 'NONE', #255, 39.37007874015748143 ) ;
#1862 = CYLINDRICAL_SURFACE ( 'NONE', #2119, 0.4166666666666666852 ) ;
#1863 = VECTOR ( 'NONE', #2944, 39.37007874015748143 ) ;
#1864 = EDGE_CURVE ( 'NONE', #848, #978, #1333, .T. ) ;
#1865 =( NAMED_UNIT ( * ) SI_UNIT ( $, .STERADIAN. ) SOLID_ANGLE_UNIT ( ) );
#1866 = ORIENTED_EDGE ( 'NONE', *, *, #1277, .T. ) ;
#1867 = AXIS2_PLACEMENT_3D ( 'NONE', #1739, #2419, #349 ) ;
#1868 = CARTESIAN_POINT ( 'NONE',  ( 0.000000000000000000, -0.3480578622212527895, 0.09494798378961126495 ) ) ;
#1869 = ORIENTED_EDGE ( 'NONE', *, *, #235, .F. ) ;
#1870 = DIRECTION ( 'NONE',  ( -1.000000000000000000, -0.000000000000000000, -0.000000000000000000 ) ) ;
#1871 = ADVANCED_FACE ( 'NONE', ( #1508 ), #364, .T. ) ;
#1872 = CYLINDRICAL_SURFACE ( 'NONE', #1009, 0.1499999999999999667 ) ;
#1873 = ORIENTED_EDGE ( 'NONE', *, *, #2146, .T. ) ;
#1874 = DIRECTION ( 'NONE',  ( 0.000000000000000000, 0.000000000000000000, -1.000000000000000000 ) ) ;
#1875 = AXIS2_PLACEMENT_3D ( 'NONE', #2201, #132, #1703 ) ;
#1876 = FACE_OUTER_BOUND ( 'NONE', #1194, .T. ) ;
#1877 = LENGTH_MEASURE_WITH_UNIT ( LENGTH_MEASURE( 0.02539999999999999897 ), #1171 );
#1878 = DIRECTION ( 'NONE',  ( -1.000000000000000000, 0.000000000000000000, 0.000000000000000000 ) ) ;
#1879 = ORIENTED_EDGE ( 'NONE', *, *, #1004, .T. ) ;
#1880 = AXIS2_PLACEMENT_3D ( 'NONE', #1427, #2376, #61 ) ;
#1881 = DIRECTION ( 'NONE',  ( -1.000000000000000000, 0.000000000000000000, -0.000000000000000000 ) ) ;
#1882 = EDGE_LOOP ( 'NONE', ( #2753, #1433, #1239, #2655 ) ) ;
#1883 = VERTEX_POINT ( 'NONE', #2683 ) ;
#1884 = CYLINDRICAL_SURFACE ( 'NONE', #1573, 0.1499999999999999389 ) ;
#1885 = LINE ( 'NONE', #747, #1720 ) ;
#1886 = CARTESIAN_POINT ( 'NONE',  ( -0.3937007874015748254, 0.000000000000000000, 0.000000000000000000 ) ) ;
#1887 = CIRCLE ( 'NONE', #2518, 0.4166666666666666852 ) ;
#1888 = EDGE_CURVE ( 'NONE', #1448, #625, #2742, .T. ) ;
#1889 = ADVANCED_FACE ( 'NONE', ( #1229 ), #2159, .T. ) ;
#1890 =( GEOMETRIC_REPRESENTATION_CONTEXT ( 3 ) GLOBAL_UNCERTAINTY_ASSIGNED_CONTEXT ( ( #2635 ) ) GLOBAL_UNIT_ASSIGNED_CONTEXT ( ( #1607, #2346, #1865 ) ) REPRESENTATION_CONTEXT ( 'NONE', 'WORKASPACE' ) );
#1891 = AXIS2_PLACEMENT_3D ( 'NONE', #889, #2067, #2984 ) ;
#1892 = DIRECTION ( 'NONE',  ( -1.000000000000000000, 0.000000000000000000, 0.000000000000000000 ) ) ;
#1893 = AXIS2_PLACEMENT_3D ( 'NONE', #717, #1408, #703 ) ;
#1894 = DIRECTION ( 'NONE',  ( 0.000000000000000000, -0.3420201433256568335, -0.9396926207859126468 ) ) ;
#1895 = AXIS2_PLACEMENT_3D ( 'NONE', #635, #2696, #875 ) ;
#1896 = CARTESIAN_POINT ( 'NONE',  ( 0.000000000000000000, -0.3657714866848097990, -0.1995553322752744718 ) ) ;
#1897 = ORIENTED_EDGE ( 'NONE', *, *, #2383, .T. ) ;
#1898 = ORIENTED_EDGE ( 'NONE', *, *, #2064, .F. ) ;
#1899 = ORIENTED_EDGE ( 'NONE', *, *, #983, .T. ) ;
#1900 = FACE_OUTER_BOUND ( 'NONE', #1699, .T. ) ;
#1901 = CYLINDRICAL_SURFACE ( 'NONE', #707, 0.1499999999999999667 ) ;
#1902 = DIRECTION ( 'NONE',  ( -1.000000000000000000, -0.000000000000000000, 0.000000000000000000 ) ) ;
#1903 = DIRECTION ( 'NONE',  ( 0.000000000000000000, -0.8660254037844432595, 0.4999999999999920064 ) ) ;
#1904 = DIRECTION ( 'NONE',  ( 0.000000000000000000, 0.000000000000000000, 1.000000000000000000 ) ) ;
#1905 = EDGE_CURVE ( 'NONE', #987, #2508, #135, .T. ) ;
#1906 = ORIENTED_EDGE ( 'NONE', *, *, #1476, .F. ) ;
#1907 = DIRECTION ( 'NONE',  ( -1.000000000000000000, 0.000000000000000000, 0.000000000000000000 ) ) ;
#1908 = EDGE_CURVE ( 'NONE', #1852, #542, #125, .T. ) ;
#1909 = EDGE_LOOP ( 'NONE', ( #325, #328, #2601, #2153 ) ) ;
#1910 = CIRCLE ( 'NONE', #1659, 0.1499999999999999667 ) ;
#1911 = DIRECTION ( 'NONE',  ( -1.000000000000000000, -0.000000000000000000, 0.000000000000000000 ) ) ;
#1912 = AXIS2_PLACEMENT_3D ( 'NONE', #1655, #2129, #2189 ) ;
#1913 = VERTEX_POINT ( 'NONE', #2646 ) ;
#1914 = DIRECTION ( 'NONE',  ( 1.000000000000000000, 0.000000000000000000, 0.000000000000000000 ) ) ;
#1915 = ORIENTED_EDGE ( 'NONE', *, *, #2044, .F. ) ;
#1916 = CARTESIAN_POINT ( 'NONE',  ( 0.1250000000000000000, 0.01006575613137427640, 0.4165450655866840268 ) ) ;
#1917 = DIRECTION ( 'NONE',  ( 0.000000000000000000, 0.000000000000000000, 1.000000000000000000 ) ) ;
#1918 = CARTESIAN_POINT ( 'NONE',  ( 0.000000000000000000, -0.1146552658803115660, 0.3332103989205206229 ) ) ;
#1919 = DIRECTION ( 'NONE',  ( -1.000000000000000000, -0.000000000000000000, -0.000000000000000000 ) ) ;
#1920 = ORIENTED_EDGE ( 'NONE', *, *, #2829, .F. ) ;
#1921 = ORIENTED_EDGE ( 'NONE', *, *, #250, .F. ) ;
#1922 = EDGE_CURVE ( 'NONE', #2926, #2491, #552, .T. ) ;
#1923 = CARTESIAN_POINT ( 'NONE',  ( 0.2500000000000000000, 0.000000000000000000, 0.000000000000000000 ) ) ;
#1924 = AXIS2_PLACEMENT_3D ( 'NONE', #1918, #2880, #2852 ) ;
#1925 = VERTEX_POINT ( 'NONE', #1061 ) ;
#1926 = ADVANCED_FACE ( 'NONE', ( #2661 ), #606, .T. ) ;
#1927 = DIRECTION ( 'NONE',  ( 0.000000000000000000, 0.000000000000000000, 1.000000000000000000 ) ) ;
#1928 = ORIENTED_EDGE ( 'NONE', *, *, #1371, .T. ) ;
#1929 = CARTESIAN_POINT ( 'NONE',  ( 0.2500000000000000000, -0.2606645856895042357, 0.1907432142104119599 ) ) ;
#1930 = ORIENTED_EDGE ( 'NONE', *, *, #895, .T. ) ;
#1931 = DIRECTION ( 'NONE',  ( 0.000000000000000000, 0.000000000000000000, -1.000000000000000000 ) ) ;
#1932 = CARTESIAN_POINT ( 'NONE',  ( 0.000000000000000000, 0.2217053756783732288, 0.2739009425653164964 ) ) ;
#1933 = CARTESIAN_POINT ( 'NONE',  ( 0.1250000000000000000, 0.2600391904849600477, -0.3255621761246809687 ) ) ;
#1934 = CARTESIAN_POINT ( 'NONE',  ( 0.000000000000000000, 0.000000000000000000, 0.000000000000000000 ) ) ;
#1935 = DIRECTION ( 'NONE',  ( -1.000000000000000000, 0.000000000000000000, 0.000000000000000000 ) ) ;
#1936 = ORIENTED_EDGE ( 'NONE', *, *, #1513, .T. ) ;
#1937 = CIRCLE ( 'NONE', #2278, 0.3229999999999999538 ) ;
#1938 = CIRCLE ( 'NONE', #2417, 0.1499999999999999389 ) ;
#1939 = AXIS2_PLACEMENT_3D ( 'NONE', #2322, #1881, #265 ) ;
#1940 = DIRECTION ( 'NONE',  ( -1.000000000000000000, 0.000000000000000000, 0.000000000000000000 ) ) ;
#1941 = CIRCLE ( 'NONE', #104, 0.1499999999999999667 ) ;
#1942 = CARTESIAN_POINT ( 'NONE',  ( 0.2500000000000000000, 0.000000000000000000, 0.000000000000000000 ) ) ;
#1943 = VERTEX_POINT ( 'NONE', #2899 ) ;
#1944 = AXIS2_PLACEMENT_3D ( 'NONE', #782, #1242, #2168 ) ;
#1945 = DIRECTION ( 'NONE',  ( -1.000000000000000000, 0.000000000000000000, -0.000000000000000000 ) ) ;
#1946 = ORIENTED_EDGE ( 'NONE', *, *, #2713, .F. ) ;
#1947 = ADVANCED_FACE ( 'NONE', ( #831 ), #814, .T. ) ;
#1948 = EDGE_CURVE ( 'NONE', #1728, #1354, #313, .T. ) ;
#1949 = CARTESIAN_POINT ( 'NONE',  ( 0.000000000000000000, -0.4084689098596924195, 0.08224512623338602058 ) ) ;
#1950 = ORIENTED_EDGE ( 'NONE', *, *, #2551, .F. ) ;
#1951 = VERTEX_POINT ( 'NONE', #2172 ) ;
#1952 = DIRECTION ( 'NONE',  ( -1.000000000000000000, -0.000000000000000000, -0.000000000000000000 ) ) ;
#1953 = FACE_OUTER_BOUND ( 'NONE', #2220, .T. ) ;
#1954 = DIRECTION ( 'NONE',  ( -1.000000000000000000, 0.000000000000000000, 0.000000000000000000 ) ) ;
#1955 = ADVANCED_FACE ( 'NONE', ( #105 ), #1956, .T. ) ;
#1956 = CYLINDRICAL_SURFACE ( 'NONE', #2695, 0.4166666666666666852 ) ;
#1957 = ORIENTED_EDGE ( 'NONE', *, *, #640, .F. ) ;
#1958 = APPLICATION_CONTEXT ( 'automotive_design' ) ;
#1959 = FACE_OUTER_BOUND ( 'NONE', #1793, .T. ) ;
#1960 = DIRECTION ( 'NONE',  ( 0.000000000000000000, 0.000000000000000000, 1.000000000000000000 ) ) ;
#1961 = ORIENTED_EDGE ( 'NONE', *, *, #2815, .F. ) ;
#1962 = CARTESIAN_POINT ( 'NONE',  ( -0.1000000000000000056, 0.000000000000000000, -0.2000000000000000111 ) ) ;
#1963 = ORIENTED_EDGE ( 'NONE', *, *, #206, .F. ) ;
#1964 = DIRECTION ( 'NONE',  ( -1.000000000000000000, 0.000000000000000000, -0.000000000000000000 ) ) ;
#1965 = VERTEX_POINT ( 'NONE', #333 ) ;
#1966 = EDGE_CURVE ( 'NONE', #675, #1634, #1279, .T. ) ;
#1967 = CARTESIAN_POINT ( 'NONE',  ( 0.2500000000000000000, -0.006223961114422407390, -0.3523297635041688913 ) ) ;
#1968 = CARTESIAN_POINT ( 'NONE',  ( 0.2500000000000000000, 0.000000000000000000, 0.000000000000000000 ) ) ;
#1969 = EDGE_CURVE ( 'NONE', #1965, #1428, #670, .T. ) ;
#1970 = DIRECTION ( 'NONE',  ( 0.000000000000000000, 0.3420201433256694346, -0.9396926207859082059 ) ) ;
#1971 = ORIENTED_EDGE ( 'NONE', *, *, #2486, .T. ) ;
#1972 = VECTOR ( 'NONE', #2434, 39.37007874015748143 ) ;
#1973 = CARTESIAN_POINT ( 'NONE',  ( 0.2500000000000000000, -0.4084689098596924195, 0.08224512623338602058 ) ) ;
#1974 = DIRECTION ( 'NONE',  ( -1.000000000000000000, -0.000000000000000000, 0.000000000000000000 ) ) ;
#1975 = ORIENTED_EDGE ( 'NONE', *, *, #757, .F. ) ;
#1976 = CARTESIAN_POINT ( 'NONE',  ( 0.2500000000000000000, 0.2606645856895029589, 0.1907432142104137363 ) ) ;
#1977 = VERTEX_POINT ( 'NONE', #2510 ) ;
#1978 = CARTESIAN_POINT ( 'NONE',  ( 0.2500000000000000000, 0.07707328265911875254, -0.3136697452738271275 ) ) ;
#1979 = ORIENTED_EDGE ( 'NONE', *, *, #2180, .F. ) ;
#1980 = DIRECTION ( 'NONE',  ( 0.000000000000000000, 0.000000000000000000, 1.000000000000000000 ) ) ;
#1981 = DIRECTION ( 'NONE',  ( -1.000000000000000000, 0.000000000000000000, 0.000000000000000000 ) ) ;
#1982 = DIRECTION ( 'NONE',  ( -1.000000000000000000, 0.000000000000000000, 0.000000000000000000 ) ) ;
#1983 = AXIS2_PLACEMENT_3D ( 'NONE', #674, #1344, #928 ) ;
#1984 = ORIENTED_EDGE ( 'NONE', *, *, #939, .T. ) ;
#1985 = EDGE_CURVE ( 'NONE', #1342, #372, #1910, .T. ) ;
#1986 = EDGE_CURVE ( 'NONE', #848, #142, #2979, .T. ) ;
#1987 = CARTESIAN_POINT ( 'NONE',  ( 0.000000000000000000, 0.07707328265911453369, 0.3136697452738281267 ) ) ;
#1988 = DIRECTION ( 'NONE',  ( -1.000000000000000000, -0.000000000000000000, -0.000000000000000000 ) ) ;
#1989 = ORIENTED_EDGE ( 'NONE', *, *, #550, .T. ) ;
#1990 = AXIS2_PLACEMENT_3D ( 'NONE', #282, #1213, #2413 ) ;
#1991 = DIRECTION ( 'NONE',  ( -1.000000000000000000, -0.000000000000000000, -0.000000000000000000 ) ) ;
#1992 = ORIENTED_EDGE ( 'NONE', *, *, #1230, .T. ) ;
#1993 = AXIS2_PLACEMENT_3D ( 'NONE', #1021, #1945, #1677 ) ;
#1994 = FACE_OUTER_BOUND ( 'NONE', #266, .T. ) ;
#1995 = VERTEX_POINT ( 'NONE', #1583 ) ;
#1996 = FACE_OUTER_BOUND ( 'NONE', #2309, .T. ) ;
#1997 = CARTESIAN_POINT ( 'NONE',  ( 0.000000000000000000, 0.3480578622212524009, 0.05505201621039095689 ) ) ;
#1998 = CIRCLE ( 'NONE', #2959, 0.3229999999999999538 ) ;
#1999 = ORIENTED_EDGE ( 'NONE', *, *, #1760, .T. ) ;
#2000 = CARTESIAN_POINT ( 'NONE',  ( 0.2500000000000000000, 0.000000000000000000, 0.000000000000000000 ) ) ;
#2001 = LINE ( 'NONE', #2916, #195 ) ;
#2002 = ORIENTED_EDGE ( 'NONE', *, *, #676, .F. ) ;
#2003 = EDGE_CURVE ( 'NONE', #142, #832, #853, .T. ) ;
#2004 = CARTESIAN_POINT ( 'NONE',  ( 0.2500000000000000000, -0.3082385062611875393, 0.1707747733148231584 ) ) ;
#2005 = CARTESIAN_POINT ( 'NONE',  ( 0.2500000000000000000, -0.3480578622212527895, -0.05505201621038866705 ) ) ;
#2006 = ADVANCED_FACE ( 'NONE', ( #1122 ), #164, .T. ) ;
#2007 = CARTESIAN_POINT ( 'NONE',  ( 0.2500000000000000000, 0.2331093264761738004, -0.2235822933727638073 ) ) ;
#2008 = ORIENTED_EDGE ( 'NONE', *, *, #1513, .F. ) ;
#2009 = LINE ( 'NONE', #143, #728 ) ;
#2010 = ORIENTED_EDGE ( 'NONE', *, *, #2216, .T. ) ;
#2011 = DIRECTION ( 'NONE',  ( 0.000000000000000000, 0.000000000000000000, -1.000000000000000000 ) ) ;
#2012 = CARTESIAN_POINT ( 'NONE',  ( 0.2500000000000000000, 0.3020145451467628472, -0.1815549901893400708 ) ) ;
#2013 = CIRCLE ( 'NONE', #705, 0.3229999999999999538 ) ;
#2014 = DIRECTION ( 'NONE',  ( -1.000000000000000000, 0.000000000000000000, 0.000000000000000000 ) ) ;
#2015 = DIRECTION ( 'NONE',  ( -1.000000000000000000, 0.000000000000000000, 0.000000000000000000 ) ) ;
#2016 = AXIS2_PLACEMENT_3D ( 'NONE', #2384, #297, #347 ) ;
#2017 = ORIENTED_EDGE ( 'NONE', *, *, #2963, .T. ) ;
#2018 = AXIS2_PLACEMENT_3D ( 'NONE', #985, #551, #1903 ) ;
#2019 = CARTESIAN_POINT ( 'NONE',  ( 0.2500000000000000000, 0.000000000000000000, 0.000000000000000000 ) ) ;
#2020 = LINE ( 'NONE', #1331, #1347 ) ;
#2021 = CLOSED_SHELL ( 'NONE', ( #1499, #1889, #799, #742, #962, #94, #2425, #2793, #2986, #1193, #533, #1170, #2690, #2382, #942, #2123, #2767, #1741, #506, #1702, #834, #2400, #1721, #944, #883, #1456, #1955, #1588, #1947, #2078, #1926, #316, #2006, #440, #17, #2108, #2883, #1317, #1676, #1802, #876, #1272, #2848, #572, #1135, #1430, #2729, #1737, #1169, #1042, #659, #2079, #1063, #1366, #2128, #915, #2221, #2423, #1380, #1429, #114, #404, #878, #740, #2122, #2092, #166, #186, #55, #690, #777, #857, #2485, #1817, #1534, #152, #1293, #1536, #662, #929, #419, #2798, #1059, #1589, #1871, #837, #31, #2239 ) ) ;
#2022 = CIRCLE ( 'NONE', #2788, 0.4166666666666666852 ) ;
#2023 = ORIENTED_EDGE ( 'NONE', *, *, #2200, .F. ) ;
#2024 = DIRECTION ( 'NONE',  ( -1.000000000000000000, 0.000000000000000000, -0.000000000000000000 ) ) ;
#2025 = ORIENTED_EDGE ( 'NONE', *, *, #388, .F. ) ;
#2026 = EDGE_CURVE ( 'NONE', #1220, #116, #1358, .T. ) ;
#2027 = EDGE_CURVE ( 'NONE', #2756, #1575, #302, .T. ) ;
#2028 = VERTEX_POINT ( 'NONE', #884 ) ;
#2029 = DIRECTION ( 'NONE',  ( 0.000000000000000000, 0.9848077530122075762, 0.1736481776669338839 ) ) ;
#2030 = DIRECTION ( 'NONE',  ( -1.000000000000000000, -0.000000000000000000, 0.000000000000000000 ) ) ;
#2031 = CYLINDRICAL_SURFACE ( 'NONE', #802, 0.4166666666666666852 ) ;
#2032 = CYLINDRICAL_SURFACE ( 'NONE', #465, 0.3229999999999999538 ) ;
#2033 = EDGE_LOOP ( 'NONE', ( #566, #290, #1524, #2409 ) ) ;
#2034 = CIRCLE ( 'NONE', #1591, 0.1499999999999999389 ) ;
#2035 = CARTESIAN_POINT ( 'NONE',  ( 0.2500000000000000000, 0.000000000000000000, 0.000000000000000000 ) ) ;
#2036 = DIRECTION ( 'NONE',  ( -1.000000000000000000, 0.000000000000000000, -0.000000000000000000 ) ) ;
#2037 = ORIENTED_EDGE ( 'NONE', *, *, #1832, .F. ) ;
#2038 = CARTESIAN_POINT ( 'NONE',  ( 0.000000000000000000, 0.000000000000000000, 0.000000000000000000 ) ) ;
#2039 = VERTEX_POINT ( 'NONE', #415 ) ;
#2040 = AXIS2_PLACEMENT_3D ( 'NONE', #2329, #502, #41 ) ;
#2041 = AXIS2_PLACEMENT_3D ( 'NONE', #2728, #147, #1072 ) ;
#2042 = CIRCLE ( 'NONE', #1500, 0.1499999999999999112 ) ;
#2043 = CARTESIAN_POINT ( 'NONE',  ( 0.2500000000000000000, 0.1797065662100011119, -0.2683925298159590134 ) ) ;
#2044 = EDGE_CURVE ( 'NONE', #1816, #1103, #2732, .T. ) ;
#2045 = CARTESIAN_POINT ( 'NONE',  ( -0.1000000000000000056, 0.000000000000000000, 0.000000000000000000 ) ) ;
#2046 = EDGE_CURVE ( 'NONE', #1857, #856, #2827, .T. ) ;
#2047 = CIRCLE ( 'NONE', #1257, 0.3229999999999999538 ) ;
#2048 = CARTESIAN_POINT ( 'NONE',  ( -0.1000000000000000056, 0.000000000000000000, 0.000000000000000000 ) ) ;
#2049 = EDGE_CURVE ( 'NONE', #72, #2701, #1771, .T. ) ;
#2050 = DIRECTION ( 'NONE',  ( 0.000000000000000000, 0.9848077530122086864, -0.1736481776669273336 ) ) ;
#2051 = EDGE_LOOP ( 'NONE', ( #1897, #1147, #638, #907 ) ) ;
#2052 = DIRECTION ( 'NONE',  ( 0.000000000000000000, 0.9848077530122073542, 0.1736481776669341059 ) ) ;
#2053 = DIRECTION ( 'NONE',  ( -1.000000000000000000, 0.000000000000000000, 0.000000000000000000 ) ) ;
#2054 = ORIENTED_EDGE ( 'NONE', *, *, #492, .T. ) ;
#2055 = ORIENTED_EDGE ( 'NONE', *, *, #2064, .T. ) ;
#2056 = DIRECTION ( 'NONE',  ( 0.000000000000000000, -0.9848077530122097967, 0.1736481776669206167 ) ) ;
#2057 = DIRECTION ( 'NONE',  ( 1.000000000000000000, 0.000000000000000000, 0.000000000000000000 ) ) ;
#2058 = ORIENTED_EDGE ( 'NONE', *, *, #640, .T. ) ;
#2059 = EDGE_CURVE ( 'NONE', #1575, #2756, #2001, .T. ) ;
#2060 = EDGE_LOOP ( 'NONE', ( #428, #2008, #1206, #220 ) ) ;
#2061 = FACE_BOUND ( 'NONE', #768, .T. ) ;
#2062 = DIRECTION ( 'NONE',  ( 0.000000000000000000, 0.000000000000000000, 1.000000000000000000 ) ) ;
#2063 = ORIENTED_EDGE ( 'NONE', *, *, #2866, .F. ) ;
#2064 = EDGE_CURVE ( 'NONE', #978, #263, #571, .T. ) ;
#2065 = VECTOR ( 'NONE', #1245, 39.37007874015748143 ) ;
#2066 = DIRECTION ( 'NONE',  ( 0.000000000000000000, 0.000000000000000000, 1.000000000000000000 ) ) ;
#2067 = DIRECTION ( 'NONE',  ( -1.000000000000000000, -0.000000000000000000, -0.000000000000000000 ) ) ;
#2068 = VERTEX_POINT ( 'NONE', #1327 ) ;
#2069 = AXIS2_PLACEMENT_3D ( 'NONE', #491, #2619, #2556 ) ;
#2070 = DIRECTION ( 'NONE',  ( -1.000000000000000000, -0.000000000000000000, -0.000000000000000000 ) ) ;
#2071 = ORIENTED_EDGE ( 'NONE', *, *, #1154, .F. ) ;
#2072 = ORIENTED_EDGE ( 'NONE', *, *, #692, .T. ) ;
#2073 = CARTESIAN_POINT ( 'NONE',  ( 0.000000000000000000, 0.006223961114429732260, -0.3523297635041687248 ) ) ;
#2074 = DIRECTION ( 'NONE',  ( 0.000000000000000000, 0.000000000000000000, 1.000000000000000000 ) ) ;
#2075 = AXIS2_PLACEMENT_3D ( 'NONE', #937, #39, #487 ) ;
#2076 = DIRECTION ( 'NONE',  ( -1.000000000000000000, 0.000000000000000000, 0.000000000000000000 ) ) ;
#2077 = DIRECTION ( 'NONE',  ( -1.000000000000000000, 0.000000000000000000, 0.000000000000000000 ) ) ;
#2078 = ADVANCED_FACE ( 'NONE', ( #2465 ), #2700, .T. ) ;
#2079 = ADVANCED_FACE ( 'NONE', ( #1540 ), #192, .T. ) ;
#2080 = AXIS2_PLACEMENT_3D ( 'NONE', #2005, #2888, #805 ) ;
#2081 = ORIENTED_EDGE ( 'NONE', *, *, #2440, .F. ) ;
#2082 = CARTESIAN_POINT ( 'NONE',  ( 0.2500000000000000000, 0.000000000000000000, 0.000000000000000000 ) ) ;
#2083 = AXIS2_PLACEMENT_3D ( 'NONE', #57, #1613, #2596 ) ;
#2084 = ORIENTED_EDGE ( 'NONE', *, *, #1271, .T. ) ;
#2085 = AXIS2_PLACEMENT_3D ( 'NONE', #2712, #2215, #1812 ) ;
#2086 = AXIS2_PLACEMENT_3D ( 'NONE', #1112, #2036, #2953 ) ;
#2087 = VERTEX_POINT ( 'NONE', #2238 ) ;
#2088 = AXIS2_PLACEMENT_3D ( 'NONE', #1481, #2875, #1237 ) ;
#2089 = DIRECTION ( 'NONE',  ( 0.000000000000000000, 0.000000000000000000, 1.000000000000000000 ) ) ;
#2090 = DIRECTION ( 'NONE',  ( 0.000000000000000000, 0.000000000000000000, 1.000000000000000000 ) ) ;
#2091 = DIRECTION ( 'NONE',  ( 0.000000000000000000, 0.000000000000000000, 1.000000000000000000 ) ) ;
#2092 = ADVANCED_FACE ( 'NONE', ( #2965 ), #2032, .T. ) ;
#2093 =( CONVERSION_BASED_UNIT ( 'INCH', #1877 ) LENGTH_UNIT ( ) NAMED_UNIT ( #2357 ) );
#2094 = EDGE_CURVE ( 'NONE', #2039, #1222, #2268, .T. ) ;
#2095 = VERTEX_POINT ( 'NONE', #2354 ) ;
#2096 = CARTESIAN_POINT ( 'NONE',  ( 0.2500000000000000000, -0.3101826091352858916, -0.09008745190106356993 ) ) ;
#2097 = VERTEX_POINT ( 'NONE', #1654 ) ;
#2098 = DIRECTION ( 'NONE',  ( -1.000000000000000000, 0.000000000000000000, 0.000000000000000000 ) ) ;
#2099 = FACE_OUTER_BOUND ( 'NONE', #1049, .T. ) ;
#2100 = DIRECTION ( 'NONE',  ( 0.000000000000000000, 0.000000000000000000, 1.000000000000000000 ) ) ;
#2101 = EDGE_LOOP ( 'NONE', ( #423, #306, #2942, #538 ) ) ;
#2102 = AXIS2_PLACEMENT_3D ( 'NONE', #2464, #2932, #1814 ) ;
#2103 = DIRECTION ( 'NONE',  ( 0.000000000000000000, 0.000000000000000000, 1.000000000000000000 ) ) ;
#2104 = AXIS2_PLACEMENT_3D ( 'NONE', #2513, #1848, #2746 ) ;
#2105 = CARTESIAN_POINT ( 'NONE',  ( 0.2500000000000000000, -0.3222880321115938473, 0.02143418665674561713 ) ) ;
#2106 = ORIENTED_EDGE ( 'NONE', *, *, #2734, .T. ) ;
#2107 = EDGE_CURVE ( 'NONE', #2548, #1055, #2939, .T. ) ;
#2108 = ADVANCED_FACE ( 'NONE', ( #2538 ), #1667, .T. ) ;
#2109 = DIRECTION ( 'NONE',  ( 0.000000000000000000, 0.000000000000000000, 1.000000000000000000 ) ) ;
#2110 = VERTEX_POINT ( 'NONE', #964 ) ;
#2111 = DIRECTION ( 'NONE',  ( 0.000000000000000000, 0.000000000000000000, 1.000000000000000000 ) ) ;
#2112 = CYLINDRICAL_SURFACE ( 'NONE', #2828, 0.1499999999999999667 ) ;
#2113 = CARTESIAN_POINT ( 'NONE',  ( 0.2500000000000000000, 0.000000000000000000, 0.000000000000000000 ) ) ;
#2114 = DIRECTION ( 'NONE',  ( -1.000000000000000000, -0.000000000000000000, -0.000000000000000000 ) ) ;
#2115 = CARTESIAN_POINT ( 'NONE',  ( 0.2500000000000000000, 0.3082385062611864290, 0.1707747733148252678 ) ) ;
#2116 = CIRCLE ( 'NONE', #819, 0.1499999999999999667 ) ;
#2117 = DIRECTION ( 'NONE',  ( -1.000000000000000000, -0.000000000000000000, -0.000000000000000000 ) ) ;
#2118 = ORIENTED_EDGE ( 'NONE', *, *, #1116, .T. ) ;
#2119 = AXIS2_PLACEMENT_3D ( 'NONE', #954, #2970, #1604 ) ;
#2120 = DIRECTION ( 'NONE',  ( -1.000000000000000000, 0.000000000000000000, -0.000000000000000000 ) ) ;
#2121 = EDGE_LOOP ( 'NONE', ( #1681, #151, #2617, #2458 ) ) ;
#2122 = ADVANCED_FACE ( 'NONE', ( #1626 ), #2595, .T. ) ;
#2123 = ADVANCED_FACE ( 'NONE', ( #515 ), #1636, .T. ) ;
#2124 = CARTESIAN_POINT ( 'NONE',  ( 0.2500000000000000000, 0.3020145451467603492, 0.1815549901893442342 ) ) ;
#2125 = DIRECTION ( 'NONE',  ( -1.000000000000000000, 0.000000000000000000, 0.000000000000000000 ) ) ;
#2126 = DIRECTION ( 'NONE',  ( -1.000000000000000000, 0.000000000000000000, 0.000000000000000000 ) ) ;
#2127 = AXIS2_PLACEMENT_3D ( 'NONE', #2156, #2381, #2627 ) ;
#2128 = ADVANCED_FACE ( 'NONE', ( #2581 ), #1872, .T. ) ;
#2129 = DIRECTION ( 'NONE',  ( -1.000000000000000000, 0.000000000000000000, 0.000000000000000000 ) ) ;
#2130 = CARTESIAN_POINT ( 'NONE',  ( 0.000000000000000000, -0.3082385062611852633, -0.1707747733148274327 ) ) ;
#2131 = VECTOR ( 'NONE', #126, 39.37007874015748143 ) ;
#2132 = ORIENTED_EDGE ( 'NONE', *, *, #2315, .T. ) ;
#2133 = DIRECTION ( 'NONE',  ( 0.000000000000000000, 0.8660254037844363761, 0.5000000000000038858 ) ) ;
#2134 = ORIENTED_EDGE ( 'NONE', *, *, #2107, .T. ) ;
#2135 = DIRECTION ( 'NONE',  ( -1.000000000000000000, -0.000000000000000000, 0.000000000000000000 ) ) ;
#2136 = EDGE_LOOP ( 'NONE', ( #1957, #1460, #1084, #1096 ) ) ;
#2137 = DIRECTION ( 'NONE',  ( -1.000000000000000000, -0.000000000000000000, -0.000000000000000000 ) ) ;
#2138 = ORIENTED_EDGE ( 'NONE', *, *, #1780, .F. ) ;
#2139 = CYLINDRICAL_SURFACE ( 'NONE', #283, 0.3229999999999999538 ) ;
#2140 = FACE_OUTER_BOUND ( 'NONE', #2385, .T. ) ;
#2141 = DIRECTION ( 'NONE',  ( 1.000000000000000000, 0.000000000000000000, 0.000000000000000000 ) ) ;
#2142 = DIRECTION ( 'NONE',  ( -1.000000000000000000, 0.000000000000000000, -0.000000000000000000 ) ) ;
#2143 = CYLINDRICAL_SURFACE ( 'NONE', #879, 0.4166666666666666852 ) ;
#2144 = VERTEX_POINT ( 'NONE', #950 ) ;
#2145 = ORIENTED_EDGE ( 'NONE', *, *, #1183, .T. ) ;
#2146 = EDGE_CURVE ( 'NONE', #1087, #19, #222, .T. ) ;
#2147 = EDGE_CURVE ( 'NONE', #832, #2741, #1150, .T. ) ;
#2148 = CARTESIAN_POINT ( 'NONE',  ( 0.2500000000000000000, 0.3020145451467628472, -0.1815549901893400708 ) ) ;
#2149 = ORIENTED_EDGE ( 'NONE', *, *, #795, .T. ) ;
#2150 = VECTOR ( 'NONE', #2190, 39.37007874015748143 ) ;
#2151 = CARTESIAN_POINT ( 'NONE',  ( 0.2500000000000000000, 0.4084689098596918644, 0.08224512623338872674 ) ) ;
#2152 = AXIS2_PLACEMENT_3D ( 'NONE', #568, #2643, #2337 ) ;
#2153 = ORIENTED_EDGE ( 'NONE', *, *, #2605, .T. ) ;
#2154 = ORIENTED_EDGE ( 'NONE', *, *, #2265, .T. ) ;
#2155 = DIRECTION ( 'NONE',  ( 0.000000000000000000, 0.9848077530122085754, -0.1736481776669273613 ) ) ;
#2156 = CARTESIAN_POINT ( 'NONE',  ( 0.000000000000000000, -0.2217053756783713692, -0.2739009425653179952 ) ) ;
#2157 = VECTOR ( 'NONE', #835, 39.37007874015748143 ) ;
#2158 = CARTESIAN_POINT ( 'NONE',  ( 0.2500000000000000000, 0.3458963032104742097, -0.06731082653024821061 ) ) ;
#2159 = CYLINDRICAL_SURFACE ( 'NONE', #2254, 0.2000000000000000111 ) ;
#2160 = ORIENTED_EDGE ( 'NONE', *, *, #2184, .T. ) ;
#2161 = EDGE_CURVE ( 'NONE', #179, #2548, #868, .T. ) ;
#2162 = CYLINDRICAL_SURFACE ( 'NONE', #1638, 0.3229999999999999538 ) ;
#2163 = EDGE_CURVE ( 'NONE', #1101, #78, #183, .T. ) ;
#2164 = EDGE_LOOP ( 'NONE', ( #1133, #1608, #790, #2492 ) ) ;
#2165 = DIRECTION ( 'NONE',  ( 0.000000000000000000, 0.3420201433256696566, -0.9396926207859079838 ) ) ;
#2166 = ORIENTED_EDGE ( 'NONE', *, *, #1679, .T. ) ;
#2167 = ORIENTED_EDGE ( 'NONE', *, *, #2359, .T. ) ;
#2168 = DIRECTION ( 'NONE',  ( 0.000000000000000000, 0.000000000000000000, 1.000000000000000000 ) ) ;
#2169 = CARTESIAN_POINT ( 'NONE',  ( 0.2500000000000000000, 0.4119647102777980741, 0.06241945687717075086 ) ) ;
#2170 = DIRECTION ( 'NONE',  ( 1.000000000000000000, 0.000000000000000000, -0.000000000000000000 ) ) ;
#2171 = CARTESIAN_POINT ( 'NONE',  ( 0.2500000000000000000, 0.4084689098596929746, -0.08224512623338332828 ) ) ;
#2172 = CARTESIAN_POINT ( 'NONE',  ( 0.000000000000000000, 0.3557057305534352953, 0.2169897333114126914 ) ) ;
#2173 = EDGE_LOOP ( 'NONE', ( #597, #1070, #2755, #1010 ) ) ;
#2174 = AXIS2_PLACEMENT_3D ( 'NONE', #2951, #2468, #417 ) ;
#2175 = AXIS2_PLACEMENT_3D ( 'NONE', #311, #1455, #1436 ) ;
#2176 = CARTESIAN_POINT ( 'NONE',  ( -0.02100000000000001171, 0.000000000000000000, 0.000000000000000000 ) ) ;
#2177 = VECTOR ( 'NONE', #392, 39.37007874015748143 ) ;
#2178 = CARTESIAN_POINT ( 'NONE',  ( 0.000000000000000000, 0.03485617626096224747, 0.3211137601792621865 ) ) ;
#2179 = ORIENTED_EDGE ( 'NONE', *, *, #1294, .T. ) ;
#2180 = EDGE_CURVE ( 'NONE', #2275, #565, #14, .T. ) ;
#2181 = AXIS2_PLACEMENT_3D ( 'NONE', #1967, #513, #1434 ) ;
#2182 = CARTESIAN_POINT ( 'NONE',  ( 0.000000000000000000, 0.05916079783099614797, -0.03250000000000000111 ) ) ;
#2183 = EDGE_LOOP ( 'NONE', ( #2751, #2405, #1866, #244 ) ) ;
#2184 = EDGE_CURVE ( 'NONE', #2087, #127, #1155, .T. ) ;
#2185 = CARTESIAN_POINT ( 'NONE',  ( 0.000000000000000000, 0.01006575613137974078, -0.4165450655866838603 ) ) ;
#2186 = ORIENTED_EDGE ( 'NONE', *, *, #1922, .T. ) ;
#2187 = DIRECTION ( 'NONE',  ( -1.000000000000000000, 0.000000000000000000, -0.000000000000000000 ) ) ;
#2188 = DIRECTION ( 'NONE',  ( -1.000000000000000000, -0.000000000000000000, -0.000000000000000000 ) ) ;
#2189 = DIRECTION ( 'NONE',  ( 0.000000000000000000, -0.9848077530122097967, 0.1736481776669207000 ) ) ;
#2190 = DIRECTION ( 'NONE',  ( -1.000000000000000000, 0.000000000000000000, 0.000000000000000000 ) ) ;
#2191 = ORIENTED_EDGE ( 'NONE', *, *, #1609, .T. ) ;
#2192 = FACE_OUTER_BOUND ( 'NONE', #718, .T. ) ;
#2193 = DIRECTION ( 'NONE',  ( 0.000000000000000000, 0.3420201433256696566, -0.9396926207859079838 ) ) ;
#2194 = ORIENTED_EDGE ( 'NONE', *, *, #2666, .F. ) ;
#2195 = LINE ( 'NONE', #1962, #2131 ) ;
#2196 = ORIENTED_EDGE ( 'NONE', *, *, #2026, .F. ) ;
#2197 = DIRECTION ( 'NONE',  ( 0.000000000000000000, 0.6427876096865403621, -0.7660444431189770143 ) ) ;
#2198 = ORIENTED_EDGE ( 'NONE', *, *, #223, .F. ) ;
#2199 = DIRECTION ( 'NONE',  ( 0.000000000000000000, 0.000000000000000000, 1.000000000000000000 ) ) ;
#2200 = EDGE_CURVE ( 'NONE', #1995, #1419, #2651, .T. ) ;
#2201 = CARTESIAN_POINT ( 'NONE',  ( 0.2500000000000000000, 0.000000000000000000, 0.000000000000000000 ) ) ;
#2202 = VERTEX_POINT ( 'NONE', #1612 ) ;
#2203 = LINE ( 'NONE', #2616, #998 ) ;
#2204 = ORIENTED_EDGE ( 'NONE', *, *, #236, .F. ) ;
#2205 = AXIS2_PLACEMENT_3D ( 'NONE', #2148, #43, #2281 ) ;
#2206 = CYLINDRICAL_SURFACE ( 'NONE', #1867, 0.3229999999999999538 ) ;
#2207 = FACE_OUTER_BOUND ( 'NONE', #2121, .T. ) ;
#2208 = CYLINDRICAL_SURFACE ( 'NONE', #2681, 0.1499999999999999389 ) ;
#2209 = CARTESIAN_POINT ( 'NONE',  ( 0.000000000000000000, 0.1263524865428830024, -0.3289529587757009654 ) ) ;
#2210 = AXIS2_PLACEMENT_3D ( 'NONE', #1396, #2774, #500 ) ;
#2211 = VERTEX_POINT ( 'NONE', #697 ) ;
#2212 = DIRECTION ( 'NONE',  ( 0.000000000000000000, 0.9848077530122085754, -0.1736481776669273613 ) ) ;
#2213 = ORIENTED_EDGE ( 'NONE', *, *, #248, .T. ) ;
#2214 = DIRECTION ( 'NONE',  ( -1.000000000000000000, -0.000000000000000000, -0.000000000000000000 ) ) ;
#2215 = DIRECTION ( 'NONE',  ( -1.000000000000000000, -0.000000000000000000, -0.000000000000000000 ) ) ;
#2216 = EDGE_CURVE ( 'NONE', #483, #179, #1240, .T. ) ;
#2217 = CARTESIAN_POINT ( 'NONE',  ( 0.000000000000000000, -0.3222880321115938473, 0.02143418665674561713 ) ) ;
#2218 = DIRECTION ( 'NONE',  ( 0.000000000000000000, 0.000000000000000000, -1.000000000000000000 ) ) ;
#2219 = CIRCLE ( 'NONE', #1114, 0.4166666666666666852 ) ;
#2220 = EDGE_LOOP ( 'NONE', ( #2289, #1092, #1557, #2478 ) ) ;
#2221 = ADVANCED_FACE ( 'NONE', ( #257 ), #2784, .T. ) ;
#2222 = CYLINDRICAL_SURFACE ( 'NONE', #2502, 0.1499999999999999667 ) ;
#2223 = AXIS2_PLACEMENT_3D ( 'NONE', #1494, #1343, #627 ) ;
#2224 = CARTESIAN_POINT ( 'NONE',  ( 0.2500000000000000000, 0.3480578622212530671, -0.05505201621038632864 ) ) ;
#2225 = ORIENTED_EDGE ( 'NONE', *, *, #1181, .F. ) ;
#2226 = AXIS2_PLACEMENT_3D ( 'NONE', #824, #1483, #1749 ) ;
#2228 = DIRECTION ( 'NONE',  ( -1.000000000000000000, -0.000000000000000000, 0.000000000000000000 ) ) ;
#2227 = AXIS2_PLACEMENT_3D ( 'NONE', #2263, #822, #1809 ) ;
#2229 = DIRECTION ( 'NONE',  ( 0.000000000000000000, 0.000000000000000000, 1.000000000000000000 ) ) ;
#2230 = DIRECTION ( 'NONE',  ( 0.000000000000000000, 0.000000000000000000, 1.000000000000000000 ) ) ;
#2231 = ORIENTED_EDGE ( 'NONE', *, *, #2981, .T. ) ;
#2232 = DIRECTION ( 'NONE',  ( -1.000000000000000000, 0.000000000000000000, 0.000000000000000000 ) ) ;
#2233 = EDGE_LOOP ( 'NONE', ( #2055, #1899, #2733, #2891 ) ) ;
#2234 = DIRECTION ( 'NONE',  ( -1.000000000000000000, 0.000000000000000000, -0.000000000000000000 ) ) ;
#2235 = DIRECTION ( 'NONE',  ( 0.000000000000000000, -0.6427876096865300370, -0.7660444431189857850 ) ) ;
#2236 = AXIS2_PLACEMENT_3D ( 'NONE', #665, #1565, #1291 ) ;
#2237 = DIRECTION ( 'NONE',  ( -1.000000000000000000, 0.000000000000000000, 0.000000000000000000 ) ) ;
#2238 = CARTESIAN_POINT ( 'NONE',  ( 0.000000000000000000, 0.3101826091352877790, -0.09008745190105733880 ) ) ;
#2239 = ADVANCED_FACE ( 'NONE', ( #2099 ), #23, .T. ) ;
#2240 = ORIENTED_EDGE ( 'NONE', *, *, #224, .F. ) ;
#2241 = CARTESIAN_POINT ( 'NONE',  ( 0.000000000000000000, 0.000000000000000000, 0.000000000000000000 ) ) ;
#2242 = DIRECTION ( 'NONE',  ( -1.000000000000000000, 0.000000000000000000, 0.000000000000000000 ) ) ;
#2243 = EDGE_CURVE ( 'NONE', #179, #1857, #1012, .T. ) ;
#2244 = EDGE_CURVE ( 'NONE', #1419, #1480, #2989, .T. ) ;
#2245 = DIRECTION ( 'NONE',  ( 0.000000000000000000, -0.3420201433256568890, -0.9396926207859127578 ) ) ;
#2246 = DIRECTION ( 'NONE',  ( -1.000000000000000000, -0.000000000000000000, 0.000000000000000000 ) ) ;
#2247 = ORIENTED_EDGE ( 'NONE', *, *, #622, .F. ) ;
#2248 = EDGE_LOOP ( 'NONE', ( #379, #2579, #1210, #921 ) ) ;
#2249 = CARTESIAN_POINT ( 'NONE',  ( 0.2500000000000000000, 0.1263524865428785893, 0.3289529587757027418 ) ) ;
#2250 = DIRECTION ( 'NONE',  ( 0.000000000000000000, 0.3420201433256629397, 0.9396926207859104263 ) ) ;
#2251 = CIRCLE ( 'NONE', #943, 0.1499999999999999389 ) ;
#2252 = CARTESIAN_POINT ( 'NONE',  ( 0.2500000000000000000, 0.3480578622212524009, 0.05505201621039095689 ) ) ;
#2253 = CARTESIAN_POINT ( 'NONE',  ( 0.2500000000000000000, 0.000000000000000000, 0.000000000000000000 ) ) ;
#2254 = AXIS2_PLACEMENT_3D ( 'NONE', #1278, #2399, #1736 ) ;
#2255 = ORIENTED_EDGE ( 'NONE', *, *, #916, .T. ) ;
#2256 = CIRCLE ( 'NONE', #1184, 0.1499999999999999667 ) ;
#2257 = CARTESIAN_POINT ( 'NONE',  ( 0.2500000000000000000, 0.000000000000000000, 0.000000000000000000 ) ) ;
#2258 = DIRECTION ( 'NONE',  ( -1.000000000000000000, 0.000000000000000000, -0.000000000000000000 ) ) ;
#2259 = CIRCLE ( 'NONE', #858, 0.4166666666666666852 ) ;
#2260 = AXIS2_PLACEMENT_3D ( 'NONE', #1726, #2632, #1510 ) ;
#2261 = EDGE_CURVE ( 'NONE', #862, #2812, #88, .T. ) ;
#2262 = EDGE_CURVE ( 'NONE', #2624, #756, #1538, .T. ) ;
#2263 = CARTESIAN_POINT ( 'NONE',  ( 0.000000000000000000, 0.000000000000000000, 0.000000000000000000 ) ) ;
#2264 = ORIENTED_EDGE ( 'NONE', *, *, #38, .F. ) ;
#2265 = EDGE_CURVE ( 'NONE', #81, #2401, #1785, .T. ) ;
#2266 = LINE ( 'NONE', #1551, #484 ) ;
#2267 = DIRECTION ( 'NONE',  ( -1.000000000000000000, -0.000000000000000000, 0.000000000000000000 ) ) ;
#2268 = CIRCLE ( 'NONE', #366, 0.1499999999999999112 ) ;
#2269 = FACE_OUTER_BOUND ( 'NONE', #2271, .T. ) ;
#2270 = DIRECTION ( 'NONE',  ( -1.000000000000000000, 0.000000000000000000, 0.000000000000000000 ) ) ;
#2271 = EDGE_LOOP ( 'NONE', ( #1360, #1156, #671, #874 ) ) ;
#2272 = AXIS2_PLACEMENT_3D ( 'NONE', #2530, #403, #901 ) ;
#2273 = CARTESIAN_POINT ( 'NONE',  ( 0.2500000000000000000, -0.3222880321115935698, -0.02143418665675014823 ) ) ;
#2274 = CARTESIAN_POINT ( 'NONE',  ( 0.2500000000000000000, 0.3480578622212530671, 0.09494798378961362417 ) ) ;
#2275 = VERTEX_POINT ( 'NONE', #996 ) ;
#2276 = CARTESIAN_POINT ( 'NONE',  ( 0.1250000000000000000, 0.3557057305534352953, 0.2169897333114126914 ) ) ;
#2277 = ORIENTED_EDGE ( 'NONE', *, *, #1985, .T. ) ;
#2278 = AXIS2_PLACEMENT_3D ( 'NONE', #2019, #673, #389 ) ;
#2279 = CIRCLE ( 'NONE', #971, 0.4166666666666666852 ) ;
#2280 = CIRCLE ( 'NONE', #2473, 0.3229999999999999538 ) ;
#2281 = DIRECTION ( 'NONE',  ( 0.000000000000000000, 0.000000000000000000, 1.000000000000000000 ) ) ;
#2282 = CARTESIAN_POINT ( 'NONE',  ( 0.2500000000000000000, -0.1263524865428806709, 0.3289529587757017981 ) ) ;
#2283 = CIRCLE ( 'NONE', #1642, 0.4166666666666666852 ) ;
#2284 = EDGE_LOOP ( 'NONE', ( #2063, #292, #2977, #2547 ) ) ;
#2285 = EDGE_CURVE ( 'NONE', #756, #591, #2312, .T. ) ;
#2286 = AXIS2_PLACEMENT_3D ( 'NONE', #826, #425, #2029 ) ;
#2287 = DIRECTION ( 'NONE',  ( -1.000000000000000000, 0.000000000000000000, -0.000000000000000000 ) ) ;
#2288 = DIRECTION ( 'NONE',  ( 1.000000000000000000, 0.000000000000000000, 0.000000000000000000 ) ) ;
#2289 = ORIENTED_EDGE ( 'NONE', *, *, #509, .T. ) ;
#2290 = CARTESIAN_POINT ( 'NONE',  ( 0.2500000000000000000, -0.2217053756783750329, 0.2739009425653151086 ) ) ;
#2291 = DIRECTION ( 'NONE',  ( -1.000000000000000000, 0.000000000000000000, 0.000000000000000000 ) ) ;
#2292 = ORIENTED_EDGE ( 'NONE', *, *, #2059, .T. ) ;
#2293 = PRESENTATION_STYLE_ASSIGNMENT (( #1619 ) ) ;
#2294 = ORIENTED_EDGE ( 'NONE', *, *, #2606, .F. ) ;
#2295 = ORIENTED_EDGE ( 'NONE', *, *, #342, .F. ) ;
#2296 = EDGE_CURVE ( 'NONE', #1345, #2741, #1732, .T. ) ;
#2297 = DIRECTION ( 'NONE',  ( 1.000000000000000000, -0.000000000000000000, 0.000000000000000000 ) ) ;
#2298 = DIRECTION ( 'NONE',  ( 0.000000000000000000, 0.000000000000000000, 1.000000000000000000 ) ) ;
#2299 = CIRCLE ( 'NONE', #2691, 0.3229999999999998983 ) ;
#2300 = AXIS2_PLACEMENT_3D ( 'NONE', #1656, #2855, #536 ) ;
#2301 = DIRECTION ( 'NONE',  ( 1.000000000000000000, -0.000000000000000000, -0.000000000000000000 ) ) ;
#2302 = AXIS2_PLACEMENT_3D ( 'NONE', #1669, #2369, #1422 ) ;
#2303 = DIRECTION ( 'NONE',  ( 0.000000000000000000, 0.000000000000000000, 1.000000000000000000 ) ) ;
#2304 = AXIS2_PLACEMENT_3D ( 'NONE', #353, #1302, #1285 ) ;
#2305 = ORIENTED_EDGE ( 'NONE', *, *, #1784, .T. ) ;
#2306 = CARTESIAN_POINT ( 'NONE',  ( 0.000000000000000000, 0.1425814659015991470, -0.2898267164727073575 ) ) ;
#2307 = DIRECTION ( 'NONE',  ( 0.000000000000000000, 0.000000000000000000, 1.000000000000000000 ) ) ;
#2308 = ORIENTED_EDGE ( 'NONE', *, *, #2094, .T. ) ;
#2309 = EDGE_LOOP ( 'NONE', ( #1622, #2225, #2489, #540 ) ) ;
#2310 = DIRECTION ( 'NONE',  ( -1.000000000000000000, 0.000000000000000000, 0.000000000000000000 ) ) ;
#2311 = CARTESIAN_POINT ( 'NONE',  ( 0.2500000000000000000, -0.2312410373301608257, -0.2658995723902703445 ) ) ;
#2312 = CIRCLE ( 'NONE', #1485, 0.4166666666666666852 ) ;
#2313 = EDGE_CURVE ( 'NONE', #1432, #794, #422, .T. ) ;
#2314 = LINE ( 'NONE', #2775, #2559 ) ;
#2315 = EDGE_CURVE ( 'NONE', #2701, #81, #2612, .T. ) ;
#2316 = VERTEX_POINT ( 'NONE', #2680 ) ;
#2317 = DIRECTION ( 'NONE',  ( -1.000000000000000000, -0.000000000000000000, -0.000000000000000000 ) ) ;
#2318 = CARTESIAN_POINT ( 'NONE',  ( 0.2500000000000000000, -0.07707328265911671250, 0.3136697452738275715 ) ) ;
#2319 = VECTOR ( 'NONE', #888, 39.37007874015748143 ) ;
#2320 = ORIENTED_EDGE ( 'NONE', *, *, #2262, .F. ) ;
#2321 = VECTOR ( 'NONE', #1954, 39.37007874015748143 ) ;
#2322 = CARTESIAN_POINT ( 'NONE',  ( 0.2500000000000000000, 0.1263524865428785893, 0.3289529587757027418 ) ) ;
#2323 = AXIS2_PLACEMENT_3D ( 'NONE', #1649, #1008, #1174 ) ;
#2324 = ORIENTED_EDGE ( 'NONE', *, *, #2344, .F. ) ;
#2325 = VECTOR ( 'NONE', #663, 39.37007874015748143 ) ;
#2326 = DIRECTION ( 'NONE',  ( -1.000000000000000000, -0.000000000000000000, 0.000000000000000000 ) ) ;
#2327 = DIRECTION ( 'NONE',  ( -1.000000000000000000, -0.000000000000000000, 0.000000000000000000 ) ) ;
#2328 = AXIS2_PLACEMENT_3D ( 'NONE', #280, #2821, #1275 ) ;
#2329 = CARTESIAN_POINT ( 'NONE',  ( 0.2500000000000000000, 0.000000000000000000, 0.000000000000000000 ) ) ;
#2330 = EDGE_CURVE ( 'NONE', #82, #1698, #1163, .T. ) ;
#2331 = CYLINDRICAL_SURFACE ( 'NONE', #2205, 0.1499999999999999389 ) ;
#2332 = SURFACE_SIDE_STYLE ('',( #730 ) ) ;
#2333 = EDGE_LOOP ( 'NONE', ( #2598, #2833, #1762, #2166 ) ) ;
#2334 = CARTESIAN_POINT ( 'NONE',  ( 0.1250000000000000278, -0.3657714866848123525, 0.1995553322752695591 ) ) ;
#2335 = ORIENTED_EDGE ( 'NONE', *, *, #1609, .F. ) ;
#2336 = CARTESIAN_POINT ( 'NONE',  ( 0.1250000000000000000, 0.3557057305534382374, -0.2169897333114078897 ) ) ;
#2337 = DIRECTION ( 'NONE',  ( 0.000000000000000000, 0.6427876096865354771, 0.7660444431189814551 ) ) ;
#2338 = DIRECTION ( 'NONE',  ( -1.000000000000000000, 0.000000000000000000, 0.000000000000000000 ) ) ;
#2339 = CARTESIAN_POINT ( 'NONE',  ( 0.2500000000000000000, 0.000000000000000000, 0.4166666666666666852 ) ) ;
#2340 = CYLINDRICAL_SURFACE ( 'NONE', #1227, 0.1499999999999999112 ) ;
#2341 = CIRCLE ( 'NONE', #904, 0.1499999999999999389 ) ;
#2342 = AXIS2_PLACEMENT_3D ( 'NONE', #149, #2237, #2915 ) ;
#2343 = DIRECTION ( 'NONE',  ( -1.000000000000000000, -0.000000000000000000, 0.000000000000000000 ) ) ;
#2344 = EDGE_CURVE ( 'NONE', #1634, #1648, #1639, .T. ) ;
#2345 = EDGE_CURVE ( 'NONE', #2517, #1951, #148, .T. ) ;
#2346 =( NAMED_UNIT ( * ) PLANE_ANGLE_UNIT ( ) SI_UNIT ( $, .RADIAN. ) );
#2347 = ORIENTED_EDGE ( 'NONE', *, *, #634, .F. ) ;
#2348 = AXIS2_PLACEMENT_3D ( 'NONE', #2249, #173, #1104 ) ;
#2349 = EDGE_CURVE ( 'NONE', #1235, #82, #586, .T. ) ;
#2350 = CARTESIAN_POINT ( 'NONE',  ( 0.2500000000000000000, -0.1146552658803071528, -0.3332103989205220662 ) ) ;
#2351 = EDGE_LOOP ( 'NONE', ( #1813, #2361, #2525, #1707 ) ) ;
#2352 = CARTESIAN_POINT ( 'NONE',  ( 0.2500000000000000000, 0.3101826091352864467, 0.09008745190106150214 ) ) ;
#2353 = CARTESIAN_POINT ( 'NONE',  ( 0.2500000000000000000, 0.000000000000000000, 0.000000000000000000 ) ) ;
#2354 = CARTESIAN_POINT ( 'NONE',  ( 0.000000000000000000, 0.000000000000000000, 0.4166666666666666852 ) ) ;
#2355 = DIRECTION ( 'NONE',  ( 0.000000000000000000, 0.000000000000000000, -1.000000000000000000 ) ) ;
#2356 = CARTESIAN_POINT ( 'NONE',  ( 0.2500000000000000000, 0.3458963032104732660, 0.2173108265302527986 ) ) ;
#2357 = DIMENSIONAL_EXPONENTS ( 1.000000000000000000, 0.000000000000000000, 0.000000000000000000, 0.000000000000000000, 0.000000000000000000, 0.000000000000000000, 0.000000000000000000 ) ;
#2358 = VECTOR ( 'NONE', #2736, 39.37007874015748143 ) ;
#2359 = EDGE_CURVE ( 'NONE', #2969, #2770, #2431, .T. ) ;
#2360 = CARTESIAN_POINT ( 'NONE',  ( 0.2500000000000000000, 0.3657714866848110202, 0.1995553322752720848 ) ) ;
#2361 = ORIENTED_EDGE ( 'NONE', *, *, #490, .F. ) ;
#2362 = CARTESIAN_POINT ( 'NONE',  ( 0.2500000000000000000, -0.4119647102777985737, 0.06241945687716801694 ) ) ;
#2363 = ORIENTED_EDGE ( 'NONE', *, *, #524, .F. ) ;
#2364 = ORIENTED_EDGE ( 'NONE', *, *, #1119, .T. ) ;
#2365 = DIRECTION ( 'NONE',  ( 0.000000000000000000, 0.000000000000000000, -1.000000000000000000 ) ) ;
#2366 = DIRECTION ( 'NONE',  ( -1.000000000000000000, -0.000000000000000000, 0.000000000000000000 ) ) ;
#2367 = EDGE_CURVE ( 'NONE', #1823, #172, #522, .T. ) ;
#2368 = CARTESIAN_POINT ( 'NONE',  ( 0.2500000000000000000, 0.1263524865428830024, -0.3289529587757009654 ) ) ;
#2369 = DIRECTION ( 'NONE',  ( -1.000000000000000000, 0.000000000000000000, 0.000000000000000000 ) ) ;
#2370 = FACE_OUTER_BOUND ( 'NONE', #1512, .T. ) ;
#2371 = AXIS2_PLACEMENT_3D ( 'NONE', #274, #581, #2637 ) ;
#2372 = ORIENTED_EDGE ( 'NONE', *, *, #1888, .F. ) ;
#2373 = CARTESIAN_POINT ( 'NONE',  ( 0.2500000000000000000, 0.3557057305534352953, 0.2169897333114126914 ) ) ;
#2374 = AXIS2_PLACEMENT_3D ( 'NONE', #1799, #395, #2011 ) ;
#2375 = EDGE_LOOP ( 'NONE', ( #618, #474, #787, #2804 ) ) ;
#2376 = DIRECTION ( 'NONE',  ( -1.000000000000000000, -0.000000000000000000, -0.000000000000000000 ) ) ;
#2377 = EDGE_LOOP ( 'NONE', ( #2025, #365, #2927, #990 ) ) ;
#2378 = ORIENTED_EDGE ( 'NONE', *, *, #1060, .F. ) ;
#2379 = CARTESIAN_POINT ( 'NONE',  ( 0.2500000000000000000, 0.1425814659015991470, -0.2898267164727073575 ) ) ;
#2380 = CARTESIAN_POINT ( 'NONE',  ( 0.2500000000000000000, 0.1519255197928409684, 0.3879816330018551196 ) ) ;
#2381 = DIRECTION ( 'NONE',  ( -1.000000000000000000, 0.000000000000000000, 0.000000000000000000 ) ) ;
#2382 = ADVANCED_FACE ( 'NONE', ( #1685 ), #2897, .T. ) ;
#2383 = EDGE_CURVE ( 'NONE', #625, #357, #85, .T. ) ;
#2384 = CARTESIAN_POINT ( 'NONE',  ( 0.000000000000000000, 0.3020145451467628472, -0.1815549901893400708 ) ) ;
#2385 = EDGE_LOOP ( 'NONE', ( #2498, #1989, #1337, #2987 ) ) ;
#2386 = CARTESIAN_POINT ( 'NONE',  ( 0.000000000000000000, -0.07707328265911242426, -0.3136697452738286263 ) ) ;
#2387 = EDGE_LOOP ( 'NONE', ( #763, #621, #1975, #919 ) ) ;
#2388 = AXIS2_PLACEMENT_3D ( 'NONE', #1121, #1107, #2449 ) ;
#2389 = VECTOR ( 'NONE', #2758, 39.37007874015748143 ) ;
#2390 = FACE_OUTER_BOUND ( 'NONE', #518, .T. ) ;
#2391 = AXIS2_PLACEMENT_3D ( 'NONE', #719, #2137, #977 ) ;
#2392 = ORIENTED_EDGE ( 'NONE', *, *, #424, .F. ) ;
#2393 = CARTESIAN_POINT ( 'NONE',  ( 0.2500000000000000000, -0.3020145451467616260, 0.1815549901893422358 ) ) ;
#2394 = ORIENTED_EDGE ( 'NONE', *, *, #1151, .F. ) ;
#2395 = ORIENTED_EDGE ( 'NONE', *, *, #492, .F. ) ;
#2396 = FACE_OUTER_BOUND ( 'NONE', #1148, .T. ) ;
#2397 = LINE ( 'NONE', #1243, #1377 ) ;
#2398 = DIRECTION ( 'NONE',  ( 1.000000000000000000, -0.000000000000000000, 0.000000000000000000 ) ) ;
#2399 = DIRECTION ( 'NONE',  ( 1.000000000000000000, -0.000000000000000000, -0.000000000000000000 ) ) ;
#2400 = ADVANCED_FACE ( 'NONE', ( #2867 ), #798, .T. ) ;
#2401 = VERTEX_POINT ( 'NONE', #331 ) ;
#2402 = CARTESIAN_POINT ( 'NONE',  ( 0.2500000000000000000, -0.2331093264761722184, 0.2235822933727653894 ) ) ;
#2403 = CARTESIAN_POINT ( 'NONE',  ( -0.02100000000000001171, 0.000000000000000000, 0.000000000000000000 ) ) ;
#2404 = EDGE_CURVE ( 'NONE', #231, #2422, #1306, .T. ) ;
#2405 = ORIENTED_EDGE ( 'NONE', *, *, #1452, .T. ) ;
#2406 = DIRECTION ( 'NONE',  ( 0.000000000000000000, 0.000000000000000000, -1.000000000000000000 ) ) ;
#2407 = VERTEX_POINT ( 'NONE', #2460 ) ;
#2408 = CARTESIAN_POINT ( 'NONE',  ( 0.000000000000000000, -0.1425814659015930408, -0.2898267164727103551 ) ) ;
#2409 = ORIENTED_EDGE ( 'NONE', *, *, #130, .F. ) ;
#2410 = AXIS2_PLACEMENT_3D ( 'NONE', #836, #390, #1299 ) ;
#2411 = ORIENTED_EDGE ( 'NONE', *, *, #1624, .T. ) ;
#2412 = FACE_OUTER_BOUND ( 'NONE', #704, .T. ) ;
#2413 = DIRECTION ( 'NONE',  ( 0.000000000000000000, 0.6427876096865403621, -0.7660444431189771253 ) ) ;
#2414 = DIRECTION ( 'NONE',  ( 0.000000000000000000, 0.000000000000000000, 1.000000000000000000 ) ) ;
#2415 = ORIENTED_EDGE ( 'NONE', *, *, #2503, .F. ) ;
#2416 = CIRCLE ( 'NONE', #2663, 0.1499999999999999389 ) ;
#2417 = AXIS2_PLACEMENT_3D ( 'NONE', #162, #2931, #1105 ) ;
#2418 = AXIS2_PLACEMENT_3D ( 'NONE', #1821, #2291, #1834 ) ;
#2419 = DIRECTION ( 'NONE',  ( -1.000000000000000000, 0.000000000000000000, 0.000000000000000000 ) ) ;
#2420 = CIRCLE ( 'NONE', #2088, 0.06750000000000000444 ) ;
#2421 = CARTESIAN_POINT ( 'NONE',  ( 0.2500000000000000000, -0.006223961114427256809, 0.3523297635041688913 ) ) ;
#2422 = VERTEX_POINT ( 'NONE', #1132 ) ;
#2423 = ADVANCED_FACE ( 'NONE', ( #1118 ), #2914, .T. ) ;
#2424 = CIRCLE ( 'NONE', #2725, 0.2000000000000000111 ) ;
#2425 = ADVANCED_FACE ( 'NONE', ( #2961 ), #1535, .T. ) ;
#2426 = CARTESIAN_POINT ( 'NONE',  ( 0.2500000000000000000, 0.000000000000000000, 0.000000000000000000 ) ) ;
#2427 = CARTESIAN_POINT ( 'NONE',  ( 0.2500000000000000000, 0.1330080862742776537, -0.3948670157113220447 ) ) ;
#2428 = ORIENTED_EDGE ( 'NONE', *, *, #1495, .T. ) ;
#2429 = ORIENTED_EDGE ( 'NONE', *, *, #113, .F. ) ;
#2430 = CARTESIAN_POINT ( 'NONE',  ( 0.2500000000000000000, -0.2312410373301608257, -0.2658995723902703445 ) ) ;
#2431 = LINE ( 'NONE', #1058, #332 ) ;
#2432 = CARTESIAN_POINT ( 'NONE',  ( -0.02100000000000001171, 0.000000000000000000, 0.000000000000000000 ) ) ;
#2433 = ORIENTED_EDGE ( 'NONE', *, *, #2946, .T. ) ;
#2434 = DIRECTION ( 'NONE',  ( 1.000000000000000000, -0.000000000000000000, -0.000000000000000000 ) ) ;
#2435 = FACE_OUTER_BOUND ( 'NONE', #2377, .T. ) ;
#2436 = ORIENTED_EDGE ( 'NONE', *, *, #723, .T. ) ;
#2437 = CARTESIAN_POINT ( 'NONE',  ( 0.2500000000000000000, 0.3101826091352864467, 0.09008745190106150214 ) ) ;
#2438 = ORIENTED_EDGE ( 'NONE', *, *, #859, .T. ) ;
#2439 = EDGE_CURVE ( 'NONE', #1698, #2842, #1089, .T. ) ;
#2440 = EDGE_CURVE ( 'NONE', #2039, #959, #1548, .T. ) ;
#2441 = CIRCLE ( 'NONE', #749, 0.1499999999999999389 ) ;
#2442 = DIRECTION ( 'NONE',  ( -1.000000000000000000, 0.000000000000000000, -0.000000000000000000 ) ) ;
#2443 = ORIENTED_EDGE ( 'NONE', *, *, #757, .T. ) ;
#2444 = VECTOR ( 'NONE', #1077, 39.37007874015748143 ) ;
#2445 = DIRECTION ( 'NONE',  ( -1.000000000000000000, 0.000000000000000000, -0.000000000000000000 ) ) ;
#2446 = AXIS2_PLACEMENT_3D ( 'NONE', #2865, #268, #1917 ) ;
#2447 = DIRECTION ( 'NONE',  ( 0.000000000000000000, 0.000000000000000000, 1.000000000000000000 ) ) ;
#2448 = EDGE_CURVE ( 'NONE', #1033, #62, #436, .T. ) ;
#2449 = DIRECTION ( 'NONE',  ( 0.000000000000000000, 0.3420201433256630508, 0.9396926207859105373 ) ) ;
#2450 = DIRECTION ( 'NONE',  ( -1.000000000000000000, 0.000000000000000000, 0.000000000000000000 ) ) ;
#2451 = ORIENTED_EDGE ( 'NONE', *, *, #2046, .T. ) ;
#2452 = LINE ( 'NONE', #1064, #560 ) ;
#2453 = CARTESIAN_POINT ( 'NONE',  ( 0.2500000000000000000, 0.000000000000000000, 0.000000000000000000 ) ) ;
#2454 = LINE ( 'NONE', #2007, #2325 ) ;
#2455 = AXIS2_PLACEMENT_3D ( 'NONE', #1886, #1161, #2298 ) ;
#2456 = EDGE_LOOP ( 'NONE', ( #2461, #733, #227, #2806 ) ) ;
#2457 = CARTESIAN_POINT ( 'NONE',  ( 0.2500000000000000000, 0.2312410373301625743, 0.2658995723902687902 ) ) ;
#2458 = ORIENTED_EDGE ( 'NONE', *, *, #2673, .T. ) ;
#2459 = DIRECTION ( 'NONE',  ( 0.000000000000000000, 0.000000000000000000, -1.000000000000000000 ) ) ;
#2460 = CARTESIAN_POINT ( 'NONE',  ( 0.2500000000000000000, -0.1425814659015971486, 0.2898267164727084122 ) ) ;
#2461 = ORIENTED_EDGE ( 'NONE', *, *, #2147, .T. ) ;
#2462 = EDGE_CURVE ( 'NONE', #794, #1796, #687, .T. ) ;
#2463 = EDGE_CURVE ( 'NONE', #2844, #33, #925, .T. ) ;
#2464 = CARTESIAN_POINT ( 'NONE',  ( 0.000000000000000000, 0.3480578622212530671, -0.05505201621038632864 ) ) ;
#2465 = FACE_OUTER_BOUND ( 'NONE', #2284, .T. ) ;
#2466 = AXIS2_PLACEMENT_3D ( 'NONE', #2421, #1048, #368 ) ;
#2467 = VERTEX_POINT ( 'NONE', #1800 ) ;
#2468 = DIRECTION ( 'NONE',  ( -1.000000000000000000, 0.000000000000000000, 0.000000000000000000 ) ) ;
#2469 = AXIS2_PLACEMENT_3D ( 'NONE', #2035, #213, #1140 ) ;
#2470 = CARTESIAN_POINT ( 'NONE',  ( 0.2500000000000000000, 0.3458963032104732660, 0.06731082653025284579 ) ) ;
#2471 = CIRCLE ( 'NONE', #2085, 0.4166666666666666852 ) ;
#2472 = ORIENTED_EDGE ( 'NONE', *, *, #388, .T. ) ;
#2473 = AXIS2_PLACEMENT_3D ( 'NONE', #1039, #1731, #2212 ) ;
#2474 = AXIS2_PLACEMENT_3D ( 'NONE', #1514, #2908, #1562 ) ;
#2475 = CARTESIAN_POINT ( 'NONE',  ( 0.000000000000000000, -0.3222880321115935698, -0.02143418665675014823 ) ) ;
#2476 = ORIENTED_EDGE ( 'NONE', *, *, #444, .T. ) ;
#2477 = VERTEX_POINT ( 'NONE', #1566 ) ;
#2478 = ORIENTED_EDGE ( 'NONE', *, *, #1329, .T. ) ;
#2479 = CARTESIAN_POINT ( 'NONE',  ( 0.000000000000000000, -0.2754608235854199005, 0.3126218894779335677 ) ) ;
#2480 = DIRECTION ( 'NONE',  ( 0.000000000000000000, 0.000000000000000000, 1.000000000000000000 ) ) ;
#2481 = ORIENTED_EDGE ( 'NONE', *, *, #224, .T. ) ;
#2482 = DIRECTION ( 'NONE',  ( -1.000000000000000000, 0.000000000000000000, 0.000000000000000000 ) ) ;
#2483 = CARTESIAN_POINT ( 'NONE',  ( 0.000000000000000000, 0.000000000000000000, 0.000000000000000000 ) ) ;
#2484 = ORIENTED_EDGE ( 'NONE', *, *, #2313, .T. ) ;
#2485 = ADVANCED_FACE ( 'NONE', ( #2698 ), #877, .T. ) ;
#2486 = EDGE_CURVE ( 'NONE', #2770, #1724, #1938, .T. ) ;
#2487 = FACE_OUTER_BOUND ( 'NONE', #720, .T. ) ;
#2488 = CYLINDRICAL_SURFACE ( 'NONE', #1437, 0.1499999999999999389 ) ;
#2489 = ORIENTED_EDGE ( 'NONE', *, *, #758, .T. ) ;
#2490 = DIRECTION ( 'NONE',  ( 0.000000000000000000, 0.000000000000000000, 1.000000000000000000 ) ) ;
#2491 = VERTEX_POINT ( 'NONE', #1552 ) ;
#2492 = ORIENTED_EDGE ( 'NONE', *, *, #1798, .T. ) ;
#2493 = DIRECTION ( 'NONE',  ( -1.000000000000000000, -0.000000000000000000, -0.000000000000000000 ) ) ;
#2494 = DIRECTION ( 'NONE',  ( 0.000000000000000000, 0.000000000000000000, -1.000000000000000000 ) ) ;
#2495 = VECTOR ( 'NONE', #2287, 39.37007874015748143 ) ;
#2496 = DIRECTION ( 'NONE',  ( 0.000000000000000000, 0.000000000000000000, 1.000000000000000000 ) ) ;
#2497 = DIRECTION ( 'NONE',  ( 0.000000000000000000, 0.000000000000000000, -1.000000000000000000 ) ) ;
#2498 = ORIENTED_EDGE ( 'NONE', *, *, #2519, .T. ) ;
#2499 = EDGE_CURVE ( 'NONE', #2097, #2969, #1073, .T. ) ;
#2500 = DIRECTION ( 'NONE',  ( -1.000000000000000000, -0.000000000000000000, -0.000000000000000000 ) ) ;
#2501 = CARTESIAN_POINT ( 'NONE',  ( 0.2500000000000000000, -0.2955207619504655048, -0.1303705459688510038 ) ) ;
#2502 = AXIS2_PLACEMENT_3D ( 'NONE', #2871, #1459, #2667 ) ;
#2503 = EDGE_CURVE ( 'NONE', #357, #1259, #2766, .T. ) ;
#2504 = CARTESIAN_POINT ( 'NONE',  ( 0.000000000000000000, 0.000000000000000000, 0.000000000000000000 ) ) ;
#2505 = ORIENTED_EDGE ( 'NONE', *, *, #1948, .T. ) ;
#2506 = DIRECTION ( 'NONE',  ( -1.000000000000000000, -0.000000000000000000, 0.000000000000000000 ) ) ;
#2507 = DIRECTION ( 'NONE',  ( -1.000000000000000000, -0.000000000000000000, -0.000000000000000000 ) ) ;
#2508 = VERTEX_POINT ( 'NONE', #864 ) ;
#2509 = FACE_OUTER_BOUND ( 'NONE', #1882, .T. ) ;
#2510 = CARTESIAN_POINT ( 'NONE',  ( 0.000000000000000000, -0.1797065662099954497, -0.2683925298159627881 ) ) ;
#2511 = VERTEX_POINT ( 'NONE', #654 ) ;
#2512 = CIRCLE ( 'NONE', #1983, 0.3230000000000000093 ) ;
#2513 = CARTESIAN_POINT ( 'NONE',  ( 0.000000000000000000, 0.1146552658803093455, 0.3332103989205214001 ) ) ;
#2514 = CARTESIAN_POINT ( 'NONE',  ( 0.1250000000000000278, 0.1330080862742724912, 0.3948670157113238210 ) ) ;
#2515 = DIRECTION ( 'NONE',  ( 0.000000000000000000, 0.000000000000000000, 1.000000000000000000 ) ) ;
#2516 = AXIS2_PLACEMENT_3D ( 'NONE', #170, #2024, #2938 ) ;
#2517 = VERTEX_POINT ( 'NONE', #1292 ) ;
#2518 = AXIS2_PLACEMENT_3D ( 'NONE', #2257, #2500, #900 ) ;
#2519 = EDGE_CURVE ( 'NONE', #1515, #439, #1692, .T. ) ;
#2520 = EDGE_CURVE ( 'NONE', #521, #1515, #2471, .T. ) ;
#2521 = AXIS2_PLACEMENT_3D ( 'NONE', #1276, #2141, #1718 ) ;
#2522 = CARTESIAN_POINT ( 'NONE',  ( 0.2500000000000000000, 0.006223961114429732260, -0.3523297635041687248 ) ) ;
#2523 = CIRCLE ( 'NONE', #1207, 0.4166666666666666852 ) ;
#2524 = ORIENTED_EDGE ( 'NONE', *, *, #2900, .T. ) ;
#2525 = ORIENTED_EDGE ( 'NONE', *, *, #1657, .F. ) ;
#2526 = AXIS2_PLACEMENT_3D ( 'NONE', #1088, #2214, #2199 ) ;
#2527 = DIRECTION ( 'NONE',  ( 0.000000000000000000, 1.000000000000000000, 0.000000000000000000 ) ) ;
#2528 = CARTESIAN_POINT ( 'NONE',  ( 0.2500000000000000000, 0.000000000000000000, 0.000000000000000000 ) ) ;
#2529 = DIRECTION ( 'NONE',  ( -1.000000000000000000, 0.000000000000000000, 0.000000000000000000 ) ) ;
#2530 = CARTESIAN_POINT ( 'NONE',  ( 0.2500000000000000000, -0.3082385062611875393, 0.1707747733148231584 ) ) ;
#2531 = ORIENTED_EDGE ( 'NONE', *, *, #1969, .F. ) ;
#2532 = EDGE_CURVE ( 'NONE', #2859, #902, #2720, .T. ) ;
#2533 = DIRECTION ( 'NONE',  ( -1.000000000000000000, 0.000000000000000000, -0.000000000000000000 ) ) ;
#2534 = ORIENTED_EDGE ( 'NONE', *, *, #2046, .F. ) ;
#2535 = ORIENTED_EDGE ( 'NONE', *, *, #264, .T. ) ;
#2536 = CARTESIAN_POINT ( 'NONE',  ( 0.2500000000000000000, -0.3458963032104737101, 0.06731082653025059759 ) ) ;
#2537 = EDGE_CURVE ( 'NONE', #2087, #591, #727, .T. ) ;
#2538 = FACE_OUTER_BOUND ( 'NONE', #2709, .T. ) ;
#2539 = DIRECTION ( 'NONE',  ( -1.000000000000000000, 0.000000000000000000, 0.000000000000000000 ) ) ;
#2540 = AXIS2_PLACEMENT_3D ( 'NONE', #1264, #1000, #1970 ) ;
#2541 = CYLINDRICAL_SURFACE ( 'NONE', #2083, 0.4166666666666666852 ) ;
#2542 = VECTOR ( 'NONE', #69, 39.37007874015748143 ) ;
#2543 = DIRECTION ( 'NONE',  ( 0.000000000000000000, -0.8660254037844432595, 0.4999999999999920064 ) ) ;
#2544 = CIRCLE ( 'NONE', #1668, 0.1499999999999999944 ) ;
#2545 = ORIENTED_EDGE ( 'NONE', *, *, #723, .F. ) ;
#2546 = DIRECTION ( 'NONE',  ( 0.000000000000000000, -0.8660254037844328234, -0.5000000000000103251 ) ) ;
#2547 = ORIENTED_EDGE ( 'NONE', *, *, #2629, .T. ) ;
#2548 = VERTEX_POINT ( 'NONE', #2740 ) ;
#2549 = CARTESIAN_POINT ( 'NONE',  ( 0.1250000000000000278, -0.2600391904849532754, -0.3255621761246864088 ) ) ;
#2550 = DIRECTION ( 'NONE',  ( -1.000000000000000000, 0.000000000000000000, 0.000000000000000000 ) ) ;
#2551 = EDGE_CURVE ( 'NONE', #1995, #1977, #1339, .T. ) ;
#2552 = EDGE_CURVE ( 'NONE', #1379, #565, #881, .T. ) ;
#2553 = CYLINDRICAL_SURFACE ( 'NONE', #2787, 0.1499999999999999389 ) ;
#2554 = CARTESIAN_POINT ( 'NONE',  ( 0.2500000000000000000, -0.1146552658803115660, 0.3332103989205206229 ) ) ;
#2555 = CIRCLE ( 'NONE', #1490, 0.4166666666666666852 ) ;
#2556 = DIRECTION ( 'NONE',  ( 0.000000000000000000, 0.000000000000000000, -1.000000000000000000 ) ) ;
#2557 = MANIFOLD_SOLID_BREP ( 'Cut-Extrude2', #2021 ) ;
#2558 = DIRECTION ( 'NONE',  ( 0.000000000000000000, 0.3420201433256694346, -0.9396926207859082059 ) ) ;
#2559 = VECTOR ( 'NONE', #271, 39.37007874015748143 ) ;
#2560 = EDGE_LOOP ( 'NONE', ( #1930, #753, #912, #1936 ) ) ;
#2561 = MECHANICAL_DESIGN_GEOMETRIC_PRESENTATION_REPRESENTATION (  '', ( #1795 ), #1890 ) ;
#2562 = CIRCLE ( 'NONE', #972, 0.4166666666666666852 ) ;
#2563 = ORIENTED_EDGE ( 'NONE', *, *, #2448, .F. ) ;
#2564 = AXIS2_PLACEMENT_3D ( 'NONE', #2082, #229, #18 ) ;
#2565 = DIRECTION ( 'NONE',  ( -1.000000000000000000, -0.000000000000000000, 0.000000000000000000 ) ) ;
#2566 = CARTESIAN_POINT ( 'NONE',  ( 0.1250000000000000000, 0.3657714866848110202, 0.1995553322752720293 ) ) ;
#2567 = CIRCLE ( 'NONE', #1603, 0.4166666666666666852 ) ;
#2568 = EDGE_LOOP ( 'NONE', ( #2652, #806, #1587, #1984 ) ) ;
#2569 = DIRECTION ( 'NONE',  ( -1.000000000000000000, 0.000000000000000000, -0.000000000000000000 ) ) ;
#2570 = ORIENTED_EDGE ( 'NONE', *, *, #1060, .T. ) ;
#2571 = EDGE_CURVE ( 'NONE', #521, #934, #32, .T. ) ;
#2572 = EDGE_CURVE ( 'NONE', #1254, #2863, #2279, .T. ) ;
#2573 = DIRECTION ( 'NONE',  ( 0.000000000000000000, -0.9848077530122062440, -0.1736481776669404897 ) ) ;
#2574 = EDGE_CURVE ( 'NONE', #2741, #848, #47, .T. ) ;
#2575 = FILL_AREA_STYLE_COLOUR ( '', #1356 ) ;
#2576 = VERTEX_POINT ( 'NONE', #2789 ) ;
#2577 = LINE ( 'NONE', #2096, #1020 ) ;
#2578 = VERTEX_POINT ( 'NONE', #679 ) ;
#2579 = ORIENTED_EDGE ( 'NONE', *, *, #1024, .F. ) ;
#2580 = DIRECTION ( 'NONE',  ( -1.000000000000000000, -0.000000000000000000, 0.000000000000000000 ) ) ;
#2581 = FACE_OUTER_BOUND ( 'NONE', #455, .T. ) ;
#2582 = CARTESIAN_POINT ( 'NONE',  ( -0.3937007874015748254, 0.000000000000000000, 0.000000000000000000 ) ) ;
#2583 = ORIENTED_EDGE ( 'NONE', *, *, #1214, .T. ) ;
#2584 = EDGE_CURVE ( 'NONE', #1220, #1158, #191, .T. ) ;
#2585 = AXIS2_PLACEMENT_3D ( 'NONE', #1522, #2450, #1706 ) ;
#2586 = AXIS2_PLACEMENT_3D ( 'NONE', #466, #2317, #1164 ) ;
#2587 = DIRECTION ( 'NONE',  ( -1.000000000000000000, -0.000000000000000000, -0.000000000000000000 ) ) ;
#2588 = EDGE_CURVE ( 'NONE', #1079, #2211, #200, .T. ) ;
#2589 = FACE_OUTER_BOUND ( 'NONE', #1650, .T. ) ;
#2590 = VERTEX_POINT ( 'NONE', #1367 ) ;
#2591 = CIRCLE ( 'NONE', #2069, 0.1499999999999999389 ) ;
#2592 = ORIENTED_EDGE ( 'NONE', *, *, #1475, .F. ) ;
#2593 = DIRECTION ( 'NONE',  ( -1.000000000000000000, 0.000000000000000000, -0.000000000000000000 ) ) ;
#2594 = CYLINDRICAL_SURFACE ( 'NONE', #2446, 0.1499999999999999667 ) ;
#2595 = CYLINDRICAL_SURFACE ( 'NONE', #716, 0.1499999999999999389 ) ;
#2596 = DIRECTION ( 'NONE',  ( 0.000000000000000000, 0.000000000000000000, 1.000000000000000000 ) ) ;
#2597 = VECTOR ( 'NONE', #460, 39.37007874015748143 ) ;
#2598 = ORIENTED_EDGE ( 'NONE', *, *, #204, .T. ) ;
#2599 = ORIENTED_EDGE ( 'NONE', *, *, #961, .T. ) ;
#2600 = CARTESIAN_POINT ( 'NONE',  ( 0.2500000000000000000, -0.2217053756783713692, -0.2739009425653179952 ) ) ;
#2601 = ORIENTED_EDGE ( 'NONE', *, *, #235, .T. ) ;
#2602 = CIRCLE ( 'NONE', #2418, 0.3230000000000000093 ) ;
#2603 = DIRECTION ( 'NONE',  ( -1.000000000000000000, 0.000000000000000000, -0.000000000000000000 ) ) ;
#2604 = VERTEX_POINT ( 'NONE', #1631 ) ;
#2605 = EDGE_CURVE ( 'NONE', #2407, #2511, #1157, .T. ) ;
#2606 = EDGE_CURVE ( 'NONE', #2028, #1883, #241, .T. ) ;
#2607 = DIRECTION ( 'NONE',  ( -1.000000000000000000, 0.000000000000000000, 0.000000000000000000 ) ) ;
#2608 = EDGE_LOOP ( 'NONE', ( #2347, #1482, #2971, #327 ) ) ;
#2609 = ORIENTED_EDGE ( 'NONE', *, *, #2882, .F. ) ;
#2610 = CARTESIAN_POINT ( 'NONE',  ( 0.2500000000000000000, -0.1797065662099992800, 0.2683925298159603456 ) ) ;
#2611 = VECTOR ( 'NONE', #2301, 39.37007874015748143 ) ;
#2612 = LINE ( 'NONE', #548, #2321 ) ;
#2613 = AXIS2_PLACEMENT_3D ( 'NONE', #295, #534, #1225 ) ;
#2614 = AXIS2_PLACEMENT_3D ( 'NONE', #307, #583, #2197 ) ;
#2615 = CIRCLE ( 'NONE', #2769, 0.1499999999999999667 ) ;
#2616 = CARTESIAN_POINT ( 'NONE',  ( 0.000000000000000000, 0.05916079783099616185, -0.03250000000000000111 ) ) ;
#2617 = ORIENTED_EDGE ( 'NONE', *, *, #2605, .F. ) ;
#2618 = VERTEX_POINT ( 'NONE', #956 ) ;
#2619 = DIRECTION ( 'NONE',  ( 1.000000000000000000, 0.000000000000000000, 0.000000000000000000 ) ) ;
#2620 = ORIENTED_EDGE ( 'NONE', *, *, #899, .F. ) ;
#2621 = DIRECTION ( 'NONE',  ( 0.000000000000000000, 0.000000000000000000, 1.000000000000000000 ) ) ;
#2622 = ORIENTED_EDGE ( 'NONE', *, *, #1475, .T. ) ;
#2623 = CARTESIAN_POINT ( 'NONE',  ( 0.000000000000000000, -0.006223961114422407390, -0.3523297635041688913 ) ) ;
#2624 = VERTEX_POINT ( 'NONE', #482 ) ;
#2625 = CYLINDRICAL_SURFACE ( 'NONE', #2181, 0.1499999999999999389 ) ;
#2626 = CARTESIAN_POINT ( 'NONE',  ( 0.2500000000000000000, 0.000000000000000000, 0.000000000000000000 ) ) ;
#2627 = DIRECTION ( 'NONE',  ( 0.000000000000000000, -0.9848077530122097967, 0.1736481776669206167 ) ) ;
#2628 = APPLICATION_CONTEXT ( 'automotive_design' ) ;
#2629 = EDGE_CURVE ( 'NONE', #2422, #2624, #1855, .T. ) ;
#2630 = CARTESIAN_POINT ( 'NONE',  ( 0.2500000000000000000, 0.000000000000000000, 0.000000000000000000 ) ) ;
#2631 = EDGE_LOOP ( 'NONE', ( #948, #731, #1541, #933 ) ) ;
#2632 = DIRECTION ( 'NONE',  ( 1.000000000000000000, 0.000000000000000000, 0.000000000000000000 ) ) ;
#2633 = DIRECTION ( 'NONE',  ( -1.000000000000000000, 0.000000000000000000, 0.000000000000000000 ) ) ;
#2634 = ORIENTED_EDGE ( 'NONE', *, *, #2781, .T. ) ;
#2635 = UNCERTAINTY_MEASURE_WITH_UNIT (LENGTH_MEASURE( 1.000000000000000082E-05 ), #1607, 'distance_accuracy_value', 'NONE');
#2636 = CIRCLE ( 'NONE', #351, 0.1499999999999999389 ) ;
#2637 = DIRECTION ( 'NONE',  ( 0.000000000000000000, 0.000000000000000000, 1.000000000000000000 ) ) ;
#2638 = ORIENTED_EDGE ( 'NONE', *, *, #2499, .T. ) ;
#2639 = DIRECTION ( 'NONE',  ( 0.000000000000000000, 0.000000000000000000, 1.000000000000000000 ) ) ;
#2640 = ORIENTED_EDGE ( 'NONE', *, *, #1864, .T. ) ;
#2641 = ORIENTED_EDGE ( 'NONE', *, *, #2781, .F. ) ;
#2642 = CARTESIAN_POINT ( 'NONE',  ( 0.2500000000000000000, 0.000000000000000000, 0.000000000000000000 ) ) ;
#2643 = DIRECTION ( 'NONE',  ( -1.000000000000000000, 0.000000000000000000, 0.000000000000000000 ) ) ;
#2644 = DIRECTION ( 'NONE',  ( -1.000000000000000000, -0.000000000000000000, 0.000000000000000000 ) ) ;
#2645 = AXIS2_PLACEMENT_3D ( 'NONE', #2754, #520, #678 ) ;
#2646 = CARTESIAN_POINT ( 'NONE',  ( 0.000000000000000000, -0.2606645856895016267, -0.1907432142104155126 ) ) ;
#2647 = ORIENTED_EDGE ( 'NONE', *, *, #2584, .F. ) ;
#2648 = EDGE_CURVE ( 'NONE', #1036, #1254, #437, .T. ) ;
#2649 = DIRECTION ( 'NONE',  ( -1.000000000000000000, 0.000000000000000000, 0.000000000000000000 ) ) ;
#2650 = CARTESIAN_POINT ( 'NONE',  ( 0.2500000000000000000, -0.3557057305534339076, -0.2169897333114151339 ) ) ;
#2651 = CIRCLE ( 'NONE', #2707, 0.1499999999999999944 ) ;
#2652 = ORIENTED_EDGE ( 'NONE', *, *, #702, .T. ) ;
#2653 = EDGE_LOOP ( 'NONE', ( #1376, #1323, #526, #1450 ) ) ;
#2654 = DIRECTION ( 'NONE',  ( 0.000000000000000000, 0.8660254037844363761, 0.5000000000000038858 ) ) ;
#2655 = ORIENTED_EDGE ( 'NONE', *, *, #2537, .T. ) ;
#2656 = CARTESIAN_POINT ( 'NONE',  ( 0.2500000000000000000, 0.3458963032104742097, -0.06731082653024821061 ) ) ;
#2657 = VECTOR ( 'NONE', #2719, 39.37007874015748143 ) ;
#2658 = VERTEX_POINT ( 'NONE', #2105 ) ;
#2659 = CARTESIAN_POINT ( 'NONE',  ( 0.000000000000000000, 0.000000000000000000, 0.000000000000000000 ) ) ;
#2660 = DIRECTION ( 'NONE',  ( 0.000000000000000000, -6.829619984160660610E-15, 1.000000000000000000 ) ) ;
#2661 = FACE_OUTER_BOUND ( 'NONE', #2653, .T. ) ;
#2662 = ORIENTED_EDGE ( 'NONE', *, *, #1403, .T. ) ;
#2663 = AXIS2_PLACEMENT_3D ( 'NONE', #2130, #986, #1874 ) ;
#2664 = AXIS2_PLACEMENT_3D ( 'NONE', #1325, #604, #620 ) ;
#2665 = CIRCLE ( 'NONE', #1253, 0.4166666666666666852 ) ;
#2666 = EDGE_CURVE ( 'NONE', #1502, #1033, #481, .T. ) ;
#2667 = DIRECTION ( 'NONE',  ( 0.000000000000000000, 0.000000000000000000, 1.000000000000000000 ) ) ;
#2668 = EDGE_CURVE ( 'NONE', #1115, #215, #2768, .T. ) ;
#2669 = AXIS2_PLACEMENT_3D ( 'NONE', #2522, #442, #2546 ) ;
#2670 = CARTESIAN_POINT ( 'NONE',  ( 0.000000000000000000, 0.000000000000000000, 0.000000000000000000 ) ) ;
#2671 = ORIENTED_EDGE ( 'NONE', *, *, #2147, .F. ) ;
#2672 = AXIS2_PLACEMENT_3D ( 'NONE', #1533, #2493, #2459 ) ;
#2673 = EDGE_CURVE ( 'NONE', #2407, #2028, #2615, .T. ) ;
#2674 = ORIENTED_EDGE ( 'NONE', *, *, #2794, .F. ) ;
#2675 = CARTESIAN_POINT ( 'NONE',  ( 0.2500000000000000000, 0.000000000000000000, 0.000000000000000000 ) ) ;
#2676 = ORIENTED_EDGE ( 'NONE', *, *, #1385, .F. ) ;
#2677 = DIRECTION ( 'NONE',  ( -1.000000000000000000, 0.000000000000000000, 0.000000000000000000 ) ) ;
#2678 = EDGE_LOOP ( 'NONE', ( #64, #1830, #957, #1827 ) ) ;
#2679 = DIRECTION ( 'NONE',  ( -1.000000000000000000, 0.000000000000000000, 0.000000000000000000 ) ) ;
#2680 = CARTESIAN_POINT ( 'NONE',  ( 0.000000000000000000, 0.1797065662099973371, 0.2683925298159615669 ) ) ;
#2681 = AXIS2_PLACEMENT_3D ( 'NONE', #613, #1528, #2229 ) ;
#2682 = CARTESIAN_POINT ( 'NONE',  ( 0.2500000000000000000, 0.2331093264761738004, -0.2235822933727638073 ) ) ;
#2683 = CARTESIAN_POINT ( 'NONE',  ( 0.2500000000000000000, -0.1330080862742750447, 0.3948670157113228774 ) ) ;
#2684 = ORIENTED_EDGE ( 'NONE', *, *, #2552, .T. ) ;
#2685 = CARTESIAN_POINT ( 'NONE',  ( 0.1250000000000000000, 0.4119647102777980741, 0.06241945687717078556 ) ) ;
#2686 = DIRECTION ( 'NONE',  ( 0.000000000000000000, 0.000000000000000000, 1.000000000000000000 ) ) ;
#2687 = DIRECTION ( 'NONE',  ( -1.000000000000000000, -0.000000000000000000, -0.000000000000000000 ) ) ;
#2688 = CARTESIAN_POINT ( 'NONE',  ( 0.000000000000000000, -0.03485617626096007560, -0.3211137601792624086 ) ) ;
#2689 = ORIENTED_EDGE ( 'NONE', *, *, #2692, .T. ) ;
#2690 = ADVANCED_FACE ( 'NONE', ( #808 ), #759, .T. ) ;
#2691 = AXIS2_PLACEMENT_3D ( 'NONE', #267, #683, #1196 ) ;
#2692 = EDGE_CURVE ( 'NONE', #632, #2759, #2195, .T. ) ;
#2693 = DIRECTION ( 'NONE',  ( 0.000000000000000000, 0.000000000000000000, 1.000000000000000000 ) ) ;
#2694 = ORIENTED_EDGE ( 'NONE', *, *, #2906, .F. ) ;
#2695 = AXIS2_PLACEMENT_3D ( 'NONE', #800, #1723, #2414 ) ;
#2696 = DIRECTION ( 'NONE',  ( -1.000000000000000000, 0.000000000000000000, -0.000000000000000000 ) ) ;
#2697 = CIRCLE ( 'NONE', #2018, 0.3229999999999998983 ) ;
#2698 = FACE_OUTER_BOUND ( 'NONE', #2101, .T. ) ;
#2699 = CYLINDRICAL_SURFACE ( 'NONE', #1719, 0.4166666666666666852 ) ;
#2700 = CYLINDRICAL_SURFACE ( 'NONE', #511, 0.3229999999999999538 ) ;
#2701 = VERTEX_POINT ( 'NONE', #1461 ) ;
#2702 = FACE_OUTER_BOUND ( 'NONE', #1781, .T. ) ;
#2703 = FACE_OUTER_BOUND ( 'NONE', #315, .T. ) ;
#2704 = EDGE_LOOP ( 'NONE', ( #1312, #254, #1038, #2980 ) ) ;
#2705 = DIRECTION ( 'NONE',  ( 0.000000000000000000, 0.000000000000000000, 1.000000000000000000 ) ) ;
#2706 = DIRECTION ( 'NONE',  ( -1.000000000000000000, -0.000000000000000000, -0.000000000000000000 ) ) ;
#2707 = AXIS2_PLACEMENT_3D ( 'NONE', #748, #1413, #1423 ) ;
#2708 = ORIENTED_EDGE ( 'NONE', *, *, #2845, .T. ) ;
#2709 = EDGE_LOOP ( 'NONE', ( #1420, #510, #1563, #1287 ) ) ;
#2710 = CARTESIAN_POINT ( 'NONE',  ( 0.000000000000000000, -0.4119647102777976855, -0.06241945687717363744 ) ) ;
#2711 = EDGE_CURVE ( 'NONE', #2590, #1342, #2047, .T. ) ;
#2712 = CARTESIAN_POINT ( 'NONE',  ( 0.2500000000000000000, 0.000000000000000000, 0.000000000000000000 ) ) ;
#2713 = EDGE_CURVE ( 'NONE', #2422, #1074, #830, .T. ) ;
#2714 = CARTESIAN_POINT ( 'NONE',  ( 0.2500000000000000000, -0.2217053756783750329, 0.2739009425653151086 ) ) ;
#2715 = CARTESIAN_POINT ( 'NONE',  ( 0.2500000000000000000, 0.2955207619504663374, 0.1303705459688490054 ) ) ;
#2716 = VERTEX_POINT ( 'NONE', #1896 ) ;
#2717 = LINE ( 'NONE', #2747, #2803 ) ;
#2718 = AXIS2_PLACEMENT_3D ( 'NONE', #1191, #2114, #1904 ) ;
#2719 = DIRECTION ( 'NONE',  ( 1.000000000000000000, 0.000000000000000000, -0.000000000000000000 ) ) ;
#2720 = CIRCLE ( 'NONE', #2041, 0.1499999999999999667 ) ;
#2721 = AXIS2_PLACEMENT_3D ( 'NONE', #1221, #1914, #732 ) ;
#2722 = AXIS2_PLACEMENT_3D ( 'NONE', #2675, #1576, #598 ) ;
#2723 = DIRECTION ( 'NONE',  ( 0.000000000000000000, 0.000000000000000000, -1.000000000000000000 ) ) ;
#2724 = ORIENTED_EDGE ( 'NONE', *, *, #616, .F. ) ;
#2725 = AXIS2_PLACEMENT_3D ( 'NONE', #2659, #531, #1931 ) ;
#2726 = ORIENTED_EDGE ( 'NONE', *, *, #1966, .F. ) ;
#2727 = CYLINDRICAL_SURFACE ( 'NONE', #1128, 0.1499999999999999667 ) ;
#2728 = CARTESIAN_POINT ( 'NONE',  ( 0.000000000000000000, 0.1146552658803138142, -0.3332103989205199013 ) ) ;
#2729 = ADVANCED_FACE ( 'NONE', ( #2589 ), #525, .T. ) ;
#2730 = VERTEX_POINT ( 'NONE', #507 ) ;
#2731 = DIRECTION ( 'NONE',  ( 0.000000000000000000, 0.000000000000000000, 1.000000000000000000 ) ) ;
#2732 = LINE ( 'NONE', #1108, #612 ) ;
#2733 = ORIENTED_EDGE ( 'NONE', *, *, #795, .F. ) ;
#2734 = EDGE_CURVE ( 'NONE', #11, #1788, #579, .T. ) ;
#2735 = CARTESIAN_POINT ( 'NONE',  ( 0.1250000000000000000, -0.3557057305534367386, 0.2169897333114103599 ) ) ;
#2736 = DIRECTION ( 'NONE',  ( -1.000000000000000000, 0.000000000000000000, 0.000000000000000000 ) ) ;
#2737 = CYLINDRICAL_SURFACE ( 'NONE', #1695, 0.1499999999999999667 ) ;
#2738 = ORIENTED_EDGE ( 'NONE', *, *, #296, .T. ) ;
#2739 = CARTESIAN_POINT ( 'NONE',  ( 0.000000000000000000, -0.3020145451467590170, -0.1815549901893463158 ) ) ;
#2740 = CARTESIAN_POINT ( 'NONE',  ( 0.2500000000000000000, -0.3101826091352858916, -0.09008745190106356993 ) ) ;
#2741 = VERTEX_POINT ( 'NONE', #2360 ) ;
#2742 = CIRCLE ( 'NONE', #2016, 0.1499999999999999112 ) ;
#2743 = DIRECTION ( 'NONE',  ( 0.000000000000000000, 0.000000000000000000, 1.000000000000000000 ) ) ;
#2744 = DIRECTION ( 'NONE',  ( 1.000000000000000000, 0.000000000000000000, 0.000000000000000000 ) ) ;
#2745 = ORIENTED_EDGE ( 'NONE', *, *, #2049, .T. ) ;
#2746 = DIRECTION ( 'NONE',  ( 0.000000000000000000, 0.9848077530122075762, 0.1736481776669338839 ) ) ;
#2747 = CARTESIAN_POINT ( 'NONE',  ( 0.1250000000000000000, -0.1519255197928436329, 0.3879816330018541204 ) ) ;
#2748 = DIRECTION ( 'NONE',  ( -1.000000000000000000, 0.000000000000000000, -0.000000000000000000 ) ) ;
#2749 = EDGE_CURVE ( 'NONE', #2658, #792, #1729, .T. ) ;
#2750 = CIRCLE ( 'NONE', #79, 0.1499999999999999667 ) ;
#2751 = ORIENTED_EDGE ( 'NONE', *, *, #639, .F. ) ;
#2752 = ORIENTED_EDGE ( 'NONE', *, *, #1798, .F. ) ;
#2753 = ORIENTED_EDGE ( 'NONE', *, *, #1316, .T. ) ;
#2754 = CARTESIAN_POINT ( 'NONE',  ( 0.000000000000000000, 0.000000000000000000, 0.000000000000000000 ) ) ;
#2755 = ORIENTED_EDGE ( 'NONE', *, *, #988, .T. ) ;
#2756 = VERTEX_POINT ( 'NONE', #2182 ) ;
#2757 = DIRECTION ( 'NONE',  ( -1.000000000000000000, 0.000000000000000000, 0.000000000000000000 ) ) ;
#2758 = DIRECTION ( 'NONE',  ( -1.000000000000000000, 0.000000000000000000, 0.000000000000000000 ) ) ;
#2759 = VERTEX_POINT ( 'NONE', #2817 ) ;
#2760 = VECTOR ( 'NONE', #2258, 39.37007874015748143 ) ;
#2761 = CARTESIAN_POINT ( 'NONE',  ( 0.2500000000000000000, 0.3557057305534382374, -0.2169897333114078897 ) ) ;
#2762 = LINE ( 'NONE', #1978, #926 ) ;
#2763 = EDGE_CURVE ( 'NONE', #1841, #1486, #2420, .T. ) ;
#2764 = APPLICATION_PROTOCOL_DEFINITION ( 'draft international standard', 'automotive_design', 1998, #2628 ) ;
#2765 = EDGE_LOOP ( 'NONE', ( #776, #49, #1509, #1961 ) ) ;
#2766 = CIRCLE ( 'NONE', #641, 0.1499999999999999389 ) ;
#2767 = ADVANCED_FACE ( 'NONE', ( #2390 ), #743, .T. ) ;
#2768 = LINE ( 'NONE', #2318, #1748 ) ;
#2769 = AXIS2_PLACEMENT_3D ( 'NONE', #111, #1660, #2654 ) ;
#2770 = VERTEX_POINT ( 'NONE', #2427 ) ;
#2771 = ORIENTED_EDGE ( 'NONE', *, *, #1230, .F. ) ;
#2772 = AXIS2_PLACEMENT_3D ( 'NONE', #2430, #344, #1028 ) ;
#2773 = LINE ( 'NONE', #2336, #2874 ) ;
#2774 = DIRECTION ( 'NONE',  ( -1.000000000000000000, -0.000000000000000000, 0.000000000000000000 ) ) ;
#2775 = CARTESIAN_POINT ( 'NONE',  ( 0.2500000000000000000, 0.03485617626096655652, -0.3211137601792616869 ) ) ;
#2776 = CARTESIAN_POINT ( 'NONE',  ( 0.000000000000000000, 0.2754608235854221210, -0.3126218894779316249 ) ) ;
#2777 = VERTEX_POINT ( 'NONE', #2151 ) ;
#2778 = EDGE_CURVE ( 'NONE', #2144, #1581, #991, .T. ) ;
#2779 = CARTESIAN_POINT ( 'NONE',  ( 0.2500000000000000000, 0.3222880321115937363, -0.02143418665674786533 ) ) ;
#2780 = ORIENTED_EDGE ( 'NONE', *, *, #1371, .F. ) ;
#2781 = EDGE_CURVE ( 'NONE', #2211, #2097, #1208, .T. ) ;
#2782 = ORIENTED_EDGE ( 'NONE', *, *, #2866, .T. ) ;
#2783 = CARTESIAN_POINT ( 'NONE',  ( 0.2500000000000000000, -0.3101826091352871129, 0.09008745190105936496 ) ) ;
#2784 = CYLINDRICAL_SURFACE ( 'NONE', #314, 0.3229999999999999538 ) ;
#2785 = CIRCLE ( 'NONE', #2300, 0.2000000000000000111 ) ;
#2786 = CARTESIAN_POINT ( 'NONE',  ( 0.000000000000000000, 0.4084689098596918644, 0.08224512623338874062 ) ) ;
#2787 = AXIS2_PLACEMENT_3D ( 'NONE', #2158, #2142, #1201 ) ;
#2788 = AXIS2_PLACEMENT_3D ( 'NONE', #1298, #154, #2887 ) ;
#2789 = CARTESIAN_POINT ( 'NONE',  ( 0.000000000000000000, 0.1330080862742725190, 0.3948670157113238210 ) ) ;
#2790 = ORIENTED_EDGE ( 'NONE', *, *, #2886, .F. ) ;
#2791 = DIRECTION ( 'NONE',  ( -1.000000000000000000, 0.000000000000000000, 0.000000000000000000 ) ) ;
#2792 = ORIENTED_EDGE ( 'NONE', *, *, #1623, .F. ) ;
#2793 = ADVANCED_FACE ( 'NONE', ( #2832, #95 ), #340, .F. ) ;
#2794 = EDGE_CURVE ( 'NONE', #1195, #2974, #2523, .T. ) ;
#2795 = CARTESIAN_POINT ( 'NONE',  ( 0.2500000000000000000, -0.2606645856895016267, -0.1907432142104155126 ) ) ;
#2796 = CARTESIAN_POINT ( 'NONE',  ( -0.02100000000000001171, 0.000000000000000000, 0.000000000000000000 ) ) ;
#2797 = VECTOR ( 'NONE', #2644, 39.37007874015748143 ) ;
#2798 = ADVANCED_FACE ( 'NONE', ( #2846 ), #2860, .F. ) ;
#2799 = CARTESIAN_POINT ( 'NONE',  ( 0.2500000000000000000, 0.07707328265911875254, -0.3136697452738271275 ) ) ;
#2800 = AXIS2_PLACEMENT_3D ( 'NONE', #2470, #2242, #2303 ) ;
#2801 = DIRECTION ( 'NONE',  ( 0.000000000000000000, 0.3420201433256631063, 0.9396926207859104263 ) ) ;
#2802 = CARTESIAN_POINT ( 'NONE',  ( 0.000000000000000000, 0.000000000000000000, 0.000000000000000000 ) ) ;
#2803 = VECTOR ( 'NONE', #913, 39.37007874015748143 ) ;
#2804 = ORIENTED_EDGE ( 'NONE', *, *, #1836, .T. ) ;
#2805 = VECTOR ( 'NONE', #2862, 39.37007874015748143 ) ;
#2806 = ORIENTED_EDGE ( 'NONE', *, *, #2003, .T. ) ;
#2807 = VECTOR ( 'NONE', #1037, 39.37007874015748143 ) ;
#2808 = DIRECTION ( 'NONE',  ( -1.000000000000000000, 0.000000000000000000, 0.000000000000000000 ) ) ;
#2809 = CARTESIAN_POINT ( 'NONE',  ( 0.2500000000000000000, -0.1330080862742697989, -0.3948670157113246537 ) ) ;
#2810 = DIRECTION ( 'NONE',  ( -1.000000000000000000, 0.000000000000000000, 0.000000000000000000 ) ) ;
#2811 = AXIS2_PLACEMENT_3D ( 'NONE', #2896, #2960, #1811 ) ;
#2812 = VERTEX_POINT ( 'NONE', #1052 ) ;
#2813 = CARTESIAN_POINT ( 'NONE',  ( 0.000000000000000000, 0.4084689098596930301, -0.08224512623338331441 ) ) ;
#2814 = DIRECTION ( 'NONE',  ( 0.000000000000000000, 0.8660254037844398178, -0.4999999999999980571 ) ) ;
#2815 = EDGE_CURVE ( 'NONE', #239, #625, #1311, .T. ) ;
#2816 = DIRECTION ( 'NONE',  ( -1.000000000000000000, -0.000000000000000000, 0.000000000000000000 ) ) ;
#2817 = CARTESIAN_POINT ( 'NONE',  ( 0.000000000000000000, 0.000000000000000000, -0.2000000000000000111 ) ) ;
#2818 = ORIENTED_EDGE ( 'NONE', *, *, #1099, .F. ) ;
#2819 = ORIENTED_EDGE ( 'NONE', *, *, #1643, .F. ) ;
#2820 = ORIENTED_EDGE ( 'NONE', *, *, #2588, .T. ) ;
#2821 = DIRECTION ( 'NONE',  ( 1.000000000000000000, 0.000000000000000000, 0.000000000000000000 ) ) ;
#2822 = DIRECTION ( 'NONE',  ( -1.000000000000000000, 0.000000000000000000, 0.000000000000000000 ) ) ;
#2823 = CARTESIAN_POINT ( 'NONE',  ( 0.2500000000000000000, -0.3480578622212534001, 0.05505201621038400411 ) ) ;
#2824 = FACE_OUTER_BOUND ( 'NONE', #595, .T. ) ;
#2825 = EDGE_LOOP ( 'NONE', ( #2363, #1738, #451, #2505 ) ) ;
#2826 = VECTOR ( 'NONE', #1652, 39.37007874015748143 ) ;
#2827 = CIRCLE ( 'NONE', #74, 0.3229999999999999538 ) ;
#2828 = AXIS2_PLACEMENT_3D ( 'NONE', #1666, #1454, #995 ) ;
#2829 = EDGE_CURVE ( 'NONE', #2604, #2095, #1023, .T. ) ;
#2830 = DIRECTION ( 'NONE',  ( 1.000000000000000000, 0.000000000000000000, -0.000000000000000000 ) ) ;
#2831 = EDGE_LOOP ( 'NONE', ( #2443, #2771, #1182, #2134 ) ) ;
#2832 = FACE_BOUND ( 'NONE', #1040, .T. ) ;
#2833 = ORIENTED_EDGE ( 'NONE', *, *, #576, .T. ) ;
#2834 = DIRECTION ( 'NONE',  ( -1.000000000000000000, -0.000000000000000000, 0.000000000000000000 ) ) ;
#2835 = EDGE_LOOP ( 'NONE', ( #158, #1381, #1806, #1056 ) ) ;
#2836 = ORIENTED_EDGE ( 'NONE', *, *, #1572, .T. ) ;
#2837 = DIRECTION ( 'NONE',  ( 1.000000000000000000, -0.000000000000000000, -0.000000000000000000 ) ) ;
#2838 = FACE_OUTER_BOUND ( 'NONE', #1007, .T. ) ;
#2839 = CARTESIAN_POINT ( 'NONE',  ( 0.000000000000000000, 0.3082385062611863735, -0.1707747733148253233 ) ) ;
#2840 = CARTESIAN_POINT ( 'NONE',  ( 0.2500000000000000000, 0.3480578622212530671, -0.05505201621038632864 ) ) ;
#2841 = AXIS2_PLACEMENT_3D ( 'NONE', #1968, #784, #1030 ) ;
#2842 = VERTEX_POINT ( 'NONE', #2475 ) ;
#2843 = CARTESIAN_POINT ( 'NONE',  ( 0.2500000000000000000, 0.000000000000000000, 0.000000000000000000 ) ) ;
#2844 = VERTEX_POINT ( 'NONE', #421 ) ;
#2845 = EDGE_CURVE ( 'NONE', #2730, #172, #2283, .T. ) ;
#2846 = FACE_OUTER_BOUND ( 'NONE', #2060, .T. ) ;
#2847 = ORIENTED_EDGE ( 'NONE', *, *, #1495, .F. ) ;
#2848 = ADVANCED_FACE ( 'NONE', ( #614 ), #2737, .T. ) ;
#2849 = DIRECTION ( 'NONE',  ( -1.000000000000000000, -0.000000000000000000, -0.000000000000000000 ) ) ;
#2850 = ORIENTED_EDGE ( 'NONE', *, *, #852, .T. ) ;
#2851 = DIRECTION ( 'NONE',  ( 0.000000000000000000, -0.3420201433256570556, -0.9396926207859126468 ) ) ;
#2852 = DIRECTION ( 'NONE',  ( 0.000000000000000000, 0.000000000000000000, -1.000000000000000000 ) ) ;
#2853 = AXIS2_PLACEMENT_3D ( 'NONE', #2656, #1273, #1531 ) ;
#2854 = AXIS2_PLACEMENT_3D ( 'NONE', #891, #2706, #1529 ) ;
#2855 = DIRECTION ( 'NONE',  ( -1.000000000000000000, 0.000000000000000000, 0.000000000000000000 ) ) ;
#2856 = ORIENTED_EDGE ( 'NONE', *, *, #1493, .T. ) ;
#2857 = DIRECTION ( 'NONE',  ( -1.000000000000000000, -0.000000000000000000, -0.000000000000000000 ) ) ;
#2858 = DIRECTION ( 'NONE',  ( 0.000000000000000000, 0.000000000000000000, 1.000000000000000000 ) ) ;
#2859 = VERTEX_POINT ( 'NONE', #2688 ) ;
#2860 = CYLINDRICAL_SURFACE ( 'NONE', #688, 0.06750000000000000444 ) ;
#2861 = ORIENTED_EDGE ( 'NONE', *, *, #296, .F. ) ;
#2862 = DIRECTION ( 'NONE',  ( -1.000000000000000000, -0.000000000000000000, -0.000000000000000000 ) ) ;
#2863 = VERTEX_POINT ( 'NONE', #650 ) ;
#2864 = CARTESIAN_POINT ( 'NONE',  ( 0.000000000000000000, -0.2331093264761722184, 0.2235822933727653894 ) ) ;
#2865 = CARTESIAN_POINT ( 'NONE',  ( 0.2500000000000000000, 0.1146552658803093455, 0.3332103989205214001 ) ) ;
#2866 = EDGE_CURVE ( 'NONE', #1537, #2624, #779, .T. ) ;
#2867 = FACE_OUTER_BOUND ( 'NONE', #2765, .T. ) ;
#2868 = CARTESIAN_POINT ( 'NONE',  ( 0.000000000000000000, 0.2600391904849600477, -0.3255621761246809687 ) ) ;
#2869 = CARTESIAN_POINT ( 'NONE',  ( 0.000000000000000000, -0.2955207619504655048, -0.1303705459688510038 ) ) ;
#2870 = ORIENTED_EDGE ( 'NONE', *, *, #444, .F. ) ;
#2871 = CARTESIAN_POINT ( 'NONE',  ( 0.2500000000000000000, -0.3458963032104727664, -0.06731082653025521889 ) ) ;
#2872 = CYLINDRICAL_SURFACE ( 'NONE', #144, 0.08000000000000000167 ) ;
#2873 = ORIENTED_EDGE ( 'NONE', *, *, #1183, .F. ) ;
#2874 = VECTOR ( 'NONE', #2297, 39.37007874015748143 ) ;
#2875 = DIRECTION ( 'NONE',  ( 1.000000000000000000, 0.000000000000000000, 0.000000000000000000 ) ) ;
#2876 = ORIENTED_EDGE ( 'NONE', *, *, #1818, .F. ) ;
#2877 = CARTESIAN_POINT ( 'NONE',  ( 0.2500000000000000000, 0.000000000000000000, 0.000000000000000000 ) ) ;
#2878 = ORIENTED_EDGE ( 'NONE', *, *, #119, .T. ) ;
#2879 = CARTESIAN_POINT ( 'NONE',  ( 0.000000000000000000, -0.4084689098596913093, -0.08224512623339144679 ) ) ;
#2880 = DIRECTION ( 'NONE',  ( 1.000000000000000000, 0.000000000000000000, 0.000000000000000000 ) ) ;
#2881 = AXIS2_PLACEMENT_3D ( 'NONE', #1444, #1217, #1629 ) ;
#2882 = EDGE_CURVE ( 'NONE', #2491, #2517, #1361, .T. ) ;
#2883 = ADVANCED_FACE ( 'NONE', ( #855 ), #1336, .T. ) ;
#2884 = DIRECTION ( 'NONE',  ( 1.000000000000000000, -0.000000000000000000, -0.000000000000000000 ) ) ;
#2885 = ORIENTED_EDGE ( 'NONE', *, *, #739, .F. ) ;
#2886 = EDGE_CURVE ( 'NONE', #2576, #1238, #1075, .T. ) ;
#2887 = DIRECTION ( 'NONE',  ( 0.000000000000000000, 0.000000000000000000, 1.000000000000000000 ) ) ;
#2888 = DIRECTION ( 'NONE',  ( -1.000000000000000000, 0.000000000000000000, 0.000000000000000000 ) ) ;
#2889 = VERTEX_POINT ( 'NONE', #157 ) ;
#2890 = DIRECTION ( 'NONE',  ( -1.000000000000000000, 0.000000000000000000, 0.000000000000000000 ) ) ;
#2891 = ORIENTED_EDGE ( 'NONE', *, *, #2963, .F. ) ;
#2892 = DIRECTION ( 'NONE',  ( 1.000000000000000000, 0.000000000000000000, 0.000000000000000000 ) ) ;
#2893 = ORIENTED_EDGE ( 'NONE', *, *, #859, .F. ) ;
#2894 = CIRCLE ( 'NONE', #872, 0.4166666666666666852 ) ;
#2895 = ORIENTED_EDGE ( 'NONE', *, *, #71, .F. ) ;
#2896 = CARTESIAN_POINT ( 'NONE',  ( -0.3937007874015748254, 0.000000000000000000, 0.000000000000000000 ) ) ;
#2897 = CYLINDRICAL_SURFACE ( 'NONE', #2613, 0.4166666666666666852 ) ;
#2898 = CIRCLE ( 'NONE', #821, 0.4166666666666666852 ) ;
#2899 = CARTESIAN_POINT ( 'NONE',  ( 0.000000000000000000, -0.2600391904849532754, -0.3255621761246864088 ) ) ;
#2900 = EDGE_CURVE ( 'NONE', #1581, #1222, #1168, .T. ) ;
#2901 = EDGE_LOOP ( 'NONE', ( #112, #2472, #2684, #1979 ) ) ;
#2902 = VECTOR ( 'NONE', #118, 39.37007874015748143 ) ;
#2903 = DIRECTION ( 'NONE',  ( 0.000000000000000000, 0.6427876096865354771, 0.7660444431189813441 ) ) ;
#2904 = VECTOR ( 'NONE', #467, 39.37007874015748143 ) ;
#2905 = DIRECTION ( 'NONE',  ( 0.000000000000000000, 0.000000000000000000, 1.000000000000000000 ) ) ;
#2906 = EDGE_CURVE ( 'NONE', #959, #239, #1941, .T. ) ;
#2907 = AXIS2_PLACEMENT_3D ( 'NONE', #585, #83, #2851 ) ;
#2908 = DIRECTION ( 'NONE',  ( -1.000000000000000000, 0.000000000000000000, -0.000000000000000000 ) ) ;
#2909 = ORIENTED_EDGE ( 'NONE', *, *, #284, .T. ) ;
#2910 = CYLINDRICAL_SURFACE ( 'NONE', #1693, 0.3229999999999999538 ) ;
#2911 = ORIENTED_EDGE ( 'NONE', *, *, #361, .T. ) ;
#2912 = ORIENTED_EDGE ( 'NONE', *, *, #2367, .F. ) ;
#2913 = CARTESIAN_POINT ( 'NONE',  ( 0.2500000000000000000, 0.3101826091352877790, -0.09008745190105733880 ) ) ;
#2914 = CYLINDRICAL_SURFACE ( 'NONE', #1205, 0.1499999999999999667 ) ;
#2915 = DIRECTION ( 'NONE',  ( 0.000000000000000000, 0.000000000000000000, 1.000000000000000000 ) ) ;
#2916 = CARTESIAN_POINT ( 'NONE',  ( 0.000000000000000000, -0.05916079783099616185, -0.03250000000000000111 ) ) ;
#2917 = ORIENTED_EDGE ( 'NONE', *, *, #2941, .F. ) ;
#2918 = CARTESIAN_POINT ( 'NONE',  ( 0.000000000000000000, -0.05916079783099616185, -0.03250000000000000111 ) ) ;
#2919 = CARTESIAN_POINT ( 'NONE',  ( 0.2500000000000000000, -0.4119647102777976855, -0.06241945687717365132 ) ) ;
#2920 = EDGE_CURVE ( 'NONE', #862, #959, #2454, .T. ) ;
#2921 = EDGE_CURVE ( 'NONE', #1328, #694, #887, .T. ) ;
#2922 = DIRECTION ( 'NONE',  ( -1.000000000000000000, 0.000000000000000000, -0.000000000000000000 ) ) ;
#2923 = ORIENTED_EDGE ( 'NONE', *, *, #852, .F. ) ;
#2924 = AXIS2_PLACEMENT_3D ( 'NONE', #1176, #2098, #1453 ) ;
#2925 = DIRECTION ( 'NONE',  ( -1.000000000000000000, 0.000000000000000000, 0.000000000000000000 ) ) ;
#2926 = VERTEX_POINT ( 'NONE', #1976 ) ;
#2927 = ORIENTED_EDGE ( 'NONE', *, *, #2180, .T. ) ;
#2928 = VECTOR ( 'NONE', #1138, 39.37007874015748143 ) ;
#2929 = CYLINDRICAL_SURFACE ( 'NONE', #2348, 0.1499999999999999112 ) ;
#2930 = CIRCLE ( 'NONE', #2976, 0.1499999999999999389 ) ;
#2931 = DIRECTION ( 'NONE',  ( -1.000000000000000000, -0.000000000000000000, 0.000000000000000000 ) ) ;
#2932 = DIRECTION ( 'NONE',  ( -1.000000000000000000, 0.000000000000000000, -0.000000000000000000 ) ) ;
#2933 = CIRCLE ( 'NONE', #1284, 0.1499999999999999667 ) ;
#2934 = DIRECTION ( 'NONE',  ( -1.000000000000000000, 0.000000000000000000, 0.000000000000000000 ) ) ;
#2935 = ORIENTED_EDGE ( 'NONE', *, *, #739, .T. ) ;
#2936 = PLANE ( 'NONE',  #4 ) ;
#2937 = CARTESIAN_POINT ( 'NONE',  ( 0.000000000000000000, 0.000000000000000000, 0.000000000000000000 ) ) ;
#2938 = DIRECTION ( 'NONE',  ( 0.000000000000000000, 0.9848077530122086864, -0.1736481776669273058 ) ) ;
#2939 = CIRCLE ( 'NONE', #138, 0.1499999999999999389 ) ;
#2940 = ORIENTED_EDGE ( 'NONE', *, *, #2265, .F. ) ;
#2941 = EDGE_CURVE ( 'NONE', #1345, #1951, #839, .T. ) ;
#2942 = ORIENTED_EDGE ( 'NONE', *, *, #169, .F. ) ;
#2943 = LINE ( 'NONE', #358, #1507 ) ;
#2944 = DIRECTION ( 'NONE',  ( 1.000000000000000000, 0.000000000000000000, -0.000000000000000000 ) ) ;
#2945 = DIRECTION ( 'NONE',  ( -1.000000000000000000, 0.000000000000000000, 0.000000000000000000 ) ) ;
#2946 = EDGE_CURVE ( 'NONE', #2812, #239, #1761, .T. ) ;
#2947 = AXIS2_PLACEMENT_3D ( 'NONE', #1942, #1974, #2858 ) ;
#2948 = LINE ( 'NONE', #896, #1095 ) ;
#2949 = CARTESIAN_POINT ( 'NONE',  ( 0.000000000000000000, 0.3458963032104742097, -0.06731082653024821061 ) ) ;
#2950 = ORIENTED_EDGE ( 'NONE', *, *, #2532, .T. ) ;
#2951 = CARTESIAN_POINT ( 'NONE',  ( 0.2500000000000000000, 0.000000000000000000, 0.000000000000000000 ) ) ;
#2952 = VECTOR ( 'NONE', #1892, 39.37007874015748143 ) ;
#2953 = DIRECTION ( 'NONE',  ( 0.000000000000000000, 0.6427876096865403621, -0.7660444431189771253 ) ) ;
#2954 = VECTOR ( 'NONE', #2170, 39.37007874015748143 ) ;
#2955 = VECTOR ( 'NONE', #2607, 39.37007874015748143 ) ;
#2956 = AXIS2_PLACEMENT_3D ( 'NONE', #1219, #2603, #2165 ) ;
#2957 = DIRECTION ( 'NONE',  ( -1.000000000000000000, -0.000000000000000000, -0.000000000000000000 ) ) ;
#2958 = ORIENTED_EDGE ( 'NONE', *, *, #816, .T. ) ;
#2959 = AXIS2_PLACEMENT_3D ( 'NONE', #546, #1223, #812 ) ;
#2960 = DIRECTION ( 'NONE',  ( -1.000000000000000000, -0.000000000000000000, -0.000000000000000000 ) ) ;
#2961 = FACE_OUTER_BOUND ( 'NONE', #559, .T. ) ;
#2962 = ORIENTED_EDGE ( 'NONE', *, *, #1948, .F. ) ;
#2963 = EDGE_CURVE ( 'NONE', #978, #578, #1303, .T. ) ;
#2964 = CYLINDRICAL_SURFACE ( 'NONE', #218, 0.3229999999999999538 ) ;
#2965 = FACE_OUTER_BOUND ( 'NONE', #160, .T. ) ;
#2966 = EDGE_LOOP ( 'NONE', ( #1173, #680, #2876, #700 ) ) ;
#2967 = CYLINDRICAL_SURFACE ( 'NONE', #381, 0.1499999999999999667 ) ;
#2968 = LINE ( 'NONE', #1363, #2657 ) ;
#2969 = VERTEX_POINT ( 'NONE', #354 ) ;
#2970 = DIRECTION ( 'NONE',  ( -1.000000000000000000, -0.000000000000000000, -0.000000000000000000 ) ) ;
#2971 = ORIENTED_EDGE ( 'NONE', *, *, #223, .T. ) ;
#2972 = CARTESIAN_POINT ( 'NONE',  ( 0.1250000000000000000, -0.2754608235854157372, -0.3126218894779372315 ) ) ;
#2973 = DIRECTION ( 'NONE',  ( 0.000000000000000000, -0.6427876096865459132, 0.7660444431189725734 ) ) ;
#2974 = VERTEX_POINT ( 'NONE', #1286 ) ;
#2975 = AXIS2_PLACEMENT_3D ( 'NONE', #1091, #911, #2062 ) ;
#2976 = AXIS2_PLACEMENT_3D ( 'NONE', #783, #765, #981 ) ;
#2977 = ORIENTED_EDGE ( 'NONE', *, *, #2404, .T. ) ;
#2978 = PLANE ( 'NONE',  #997 ) ;
#2979 = LINE ( 'NONE', #2715, #2444 ) ;
#2980 = ORIENTED_EDGE ( 'NONE', *, *, #134, .F. ) ;
#2981 = EDGE_CURVE ( 'NONE', #116, #2068, #2898, .T. ) ;
#2982 = EDGE_CURVE ( 'NONE', #2618, #1328, #431, .T. ) ;
#2983 = LINE ( 'NONE', #2514, #2319 ) ;
#2984 = DIRECTION ( 'NONE',  ( 0.000000000000000000, 0.000000000000000000, 1.000000000000000000 ) ) ;
#2985 = CIRCLE ( 'NONE', #807, 0.1499999999999999389 ) ;
#2986 = ADVANCED_FACE ( 'NONE', ( #238 ), #1862, .T. ) ;
#2987 = ORIENTED_EDGE ( 'NONE', *, *, #318, .T. ) ;
#2988 = ORIENTED_EDGE ( 'NONE', *, *, #1136, .T. ) ;
#2989 = CIRCLE ( 'NONE', #2841, 0.4166666666666666852 ) ;
#2990 = CARTESIAN_POINT ( 'NONE',  ( 0.2500000000000000000, 0.000000000000000000, 0.000000000000000000 ) ) ;
#2991 = ORIENTED_EDGE ( 'NONE', *, *, #2629, .F. ) ;
#2992 = ORIENTED_EDGE ( 'NONE', *, *, #16, .F. ) ;
#2993 = CARTESIAN_POINT ( 'NONE',  ( -0.3937007874015748254, 0.000000000000000000, 0.000000000000000000 ) ) ;
#2994 = DIRECTION ( 'NONE',  ( 0.000000000000000000, -0.3420201433256757628, 0.9396926207859058744 ) ) ;
ENDSEC;
END-ISO-10303-21;
