ISO-10303-21;
HEADER;
FILE_DESCRIPTION (( 'STEP AP214' ),
    '1' );
FILE_NAME ('Rod attachment.STEP',
    '2026-08-22T01:48:54',
    ( '' ),
    ( '' ),
    'SwSTEP 2.0',
    'SolidWorks 2025',
    '' );
FILE_SCHEMA (( 'AUTOMOTIVE_DESIGN' ));
ENDSEC;

DATA;
#1 = ORIENTED_EDGE ( 'NONE', *, *, #2788, .T. ) ;
#2 = CARTESIAN_POINT ( 'NONE',  ( 0.2500000000000000000, 0.000000000000000000, 0.000000000000000000 ) ) ;
#3 = EDGE_CURVE ( 'NONE', #4483, #581, #5708, .T. ) ;
#4 = CYLINDRICAL_SURFACE ( 'NONE', #2213, 0.2999999999999999334 ) ;
#5 = DIRECTION ( 'NONE',  ( 0.000000000000000000, 0.000000000000000000, 1.000000000000000000 ) ) ;
#6 = ORIENTED_EDGE ( 'NONE', *, *, #376, .F. ) ;
#7 = EDGE_CURVE ( 'NONE', #275, #2044, #1657, .T. ) ;
#8 = CARTESIAN_POINT ( 'NONE',  ( 0.000000000000000000, -0.7226668450422011336, -0.3232471843463793348 ) ) ;
#9 = DIRECTION ( 'NONE',  ( -1.000000000000000000, 0.000000000000000000, -0.000000000000000000 ) ) ;
#10 = ORIENTED_EDGE ( 'NONE', *, *, #791, .T. ) ;
#11 = AXIS2_PLACEMENT_3D ( 'NONE', #3202, #97, #4616 ) ;
#12 = CYLINDRICAL_SURFACE ( 'NONE', #2422, 0.2999999999999998224 ) ;
#13 = ORIENTED_EDGE ( 'NONE', *, *, #5562, .T. ) ;
#14 = CARTESIAN_POINT ( 'NONE',  ( 0.2500000000000000000, -0.5860763647289412015, 0.3914262312077961825 ) ) ;
#15 = AXIS2_PLACEMENT_3D ( 'NONE', #4056, #5804, #808 ) ;
#16 = LINE ( 'NONE', #4128, #2119 ) ;
#17 = PRODUCT ( 'Rod attachment', 'Rod attachment', '', ( #3533 ) ) ;
#18 = ADVANCED_FACE ( 'NONE', ( #5255 ), #3487, .T. ) ;
#19 = ORIENTED_EDGE ( 'NONE', *, *, #5790, .F. ) ;
#20 = CARTESIAN_POINT ( 'NONE',  ( 0.000000000000000000, -0.7874714384524872379, -0.08139314917535600546 ) ) ;
#21 = CIRCLE ( 'NONE', #3323, 0.6979999999999999538 ) ;
#22 = ORIENTED_EDGE ( 'NONE', *, *, #2793, .T. ) ;
#23 = AXIS2_PLACEMENT_3D ( 'NONE', #1783, #2149, #1691 ) ;
#24 = DIRECTION ( 'NONE',  ( 0.000000000000000000, 0.000000000000000000, 1.000000000000000000 ) ) ;
#25 = VERTEX_POINT ( 'NONE', #2200 ) ;
#26 = CARTESIAN_POINT ( 'NONE',  ( 0.2500000000000000000, -0.1399999937462551303, -0.6838157659421493229 ) ) ;
#27 = CARTESIAN_POINT ( 'NONE',  ( 0.2500000000000000000, 0.000000000000000000, 0.000000000000000000 ) ) ;
#28 = CIRCLE ( 'NONE', #613, 0.2999999999999998779 ) ;
#29 = DIRECTION ( 'NONE',  ( -1.000000000000000000, -0.000000000000000000, 0.000000000000000000 ) ) ;
#30 = CIRCLE ( 'NONE', #3058, 0.2999999999999999889 ) ;
#31 = ORIENTED_EDGE ( 'NONE', *, *, #4126, .F. ) ;
#32 = CARTESIAN_POINT ( 'NONE',  ( 0.2500000000000000000, 0.6138235289534245132, -0.3323020844098998894 ) ) ;
#33 = DIRECTION ( 'NONE',  ( 0.000000000000000000, -0.5000000000000071054, 0.8660254037844347108 ) ) ;
#34 = DIRECTION ( 'NONE',  ( 0.000000000000000000, 1.000000000000000000, 3.642463991552352536E-15 ) ) ;
#35 = ORIENTED_EDGE ( 'NONE', *, *, #3601, .F. ) ;
#36 = EDGE_CURVE ( 'NONE', #5140, #3507, #5800, .T. ) ;
#37 = ORIENTED_EDGE ( 'NONE', *, *, #3700, .T. ) ;
#38 = DIRECTION ( 'NONE',  ( 0.000000000000000000, -0.3420201433256755963, 0.9396926207859059854 ) ) ;
#39 = CARTESIAN_POINT ( 'NONE',  ( 0.2500000000000000000, 0.000000000000000000, 0.000000000000000000 ) ) ;
#40 = ORIENTED_EDGE ( 'NONE', *, *, #2001, .T. ) ;
#41 = EDGE_CURVE ( 'NONE', #4949, #5529, #4100, .T. ) ;
#42 = EDGE_CURVE ( 'NONE', #2419, #2609, #1082, .T. ) ;
#43 = DIRECTION ( 'NONE',  ( 0.000000000000000000, 0.000000000000000000, -1.000000000000000000 ) ) ;
#44 = ORIENTED_EDGE ( 'NONE', *, *, #1450, .T. ) ;
#45 = DIRECTION ( 'NONE',  ( -0.000000000000000000, -0.8660254037844382635, -0.5000000000000005551 ) ) ;
#46 = EDGE_CURVE ( 'NONE', #5222, #5738, #530, .T. ) ;
#47 = DIRECTION ( 'NONE',  ( -1.000000000000000000, 0.000000000000000000, 0.000000000000000000 ) ) ;
#48 = EDGE_CURVE ( 'NONE', #2541, #5583, #4543, .T. ) ;
#49 = DIRECTION ( 'NONE',  ( -1.000000000000000000, 0.000000000000000000, 0.000000000000000000 ) ) ;
#50 = ORIENTED_EDGE ( 'NONE', *, *, #5274, .F. ) ;
#51 = ORIENTED_EDGE ( 'NONE', *, *, #3671, .T. ) ;
#52 = CARTESIAN_POINT ( 'NONE',  ( 0.000000000000000000, -0.4168559794536916274, -0.5682702633123901670 ) ) ;
#53 = FACE_OUTER_BOUND ( 'NONE', #5299, .T. ) ;
#54 = DIRECTION ( 'NONE',  ( 0.000000000000000000, 0.000000000000000000, 1.000000000000000000 ) ) ;
#55 = CARTESIAN_POINT ( 'NONE',  ( 0.2500000000000000000, -0.7032701360167952220, 0.3459468775690811015 ) ) ;
#56 = ORIENTED_EDGE ( 'NONE', *, *, #1277, .F. ) ;
#57 = CIRCLE ( 'NONE', #4964, 0.6979999999999998428 ) ;
#58 = ORIENTED_EDGE ( 'NONE', *, *, #5274, .T. ) ;
#59 = CARTESIAN_POINT ( 'NONE',  ( 0.2500000000000000000, -0.5682702633123832836, -0.4168559794537013419 ) ) ;
#60 = AXIS2_PLACEMENT_3D ( 'NONE', #330, #2167, #2606 ) ;
#61 = CARTESIAN_POINT ( 'NONE',  ( 0.000000000000000000, -0.4438261139855672610, 0.6555566273447178682 ) ) ;
#62 = CARTESIAN_POINT ( 'NONE',  ( 0.2500000000000000000, 0.5222018279410887143, -0.4631514340849930411 ) ) ;
#63 = AXIS2_PLACEMENT_3D ( 'NONE', #949, #3162, #4609 ) ;
#64 = ORIENTED_EDGE ( 'NONE', *, *, #531, .F. ) ;
#65 = CIRCLE ( 'NONE', #1291, 0.2999999999999997669 ) ;
#66 = VERTEX_POINT ( 'NONE', #4959 ) ;
#67 = ORIENTED_EDGE ( 'NONE', *, *, #5143, .F. ) ;
#68 = VECTOR ( 'NONE', #2162, 39.37007874015748143 ) ;
#69 = CIRCLE ( 'NONE', #3378, 0.2999999999999999334 ) ;
#70 = DIRECTION ( 'NONE',  ( -1.000000000000000000, 0.000000000000000000, 0.000000000000000000 ) ) ;
#71 = CARTESIAN_POINT ( 'NONE',  ( 0.000000000000000000, 0.6904594471595910665, -0.1023218052424405972 ) ) ;
#72 = EDGE_CURVE ( 'NONE', #235, #5357, #3100, .T. ) ;
#73 = ORIENTED_EDGE ( 'NONE', *, *, #3092, .F. ) ;
#74 = CARTESIAN_POINT ( 'NONE',  ( 0.2500000000000000000, 0.000000000000000000, 0.000000000000000000 ) ) ;
#75 = CIRCLE ( 'NONE', #3383, 0.2999999999999998779 ) ;
#76 = ORIENTED_EDGE ( 'NONE', *, *, #5456, .T. ) ;
#77 = CARTESIAN_POINT ( 'NONE',  ( 0.2500000000000000000, -0.1699999999999999289, -0.09814954576223638982 ) ) ;
#78 = EDGE_CURVE ( 'NONE', #4870, #4681, #2314, .T. ) ;
#79 = DIRECTION ( 'NONE',  ( -0.000000000000000000, -0.000000000000000000, -1.000000000000000000 ) ) ;
#80 = ORIENTED_EDGE ( 'NONE', *, *, #3365, .T. ) ;
#81 = CARTESIAN_POINT ( 'NONE',  ( 0.2500000000000000000, 0.000000000000000000, 0.000000000000000000 ) ) ;
#82 = EDGE_LOOP ( 'NONE', ( #529, #5374, #1980, #188 ) ) ;
#83 = CIRCLE ( 'NONE', #4799, 0.2999999999999999334 ) ;
#84 = CARTESIAN_POINT ( 'NONE',  ( 0.2500000000000000000, -0.07687273627015449307, 0.7005644739706468060 ) ) ;
#85 = LINE ( 'NONE', #5494, #5186 ) ;
#86 = EDGE_CURVE ( 'NONE', #3486, #1019, #1308, .T. ) ;
#87 = CARTESIAN_POINT ( 'NONE',  ( 0.000000000000000000, -0.5946938113062081310, -0.3654357273093258862 ) ) ;
#88 = CARTESIAN_POINT ( 'NONE',  ( 0.2500000000000000000, 0.6765725148856299720, -0.1973566109173034433 ) ) ;
#89 = DIRECTION ( 'NONE',  ( -0.000000000000000000, 0.000000000000000000, 1.000000000000000000 ) ) ;
#90 = ORIENTED_EDGE ( 'NONE', *, *, #4120, .T. ) ;
#91 = CIRCLE ( 'NONE', #4426, 0.2999999999999998779 ) ;
#92 = ORIENTED_EDGE ( 'NONE', *, *, #4225, .T. ) ;
#93 = CARTESIAN_POINT ( 'NONE',  ( 0.2500000000000000000, -0.07687273627015449307, 0.7005644739706468060 ) ) ;
#94 = VECTOR ( 'NONE', #1719, 39.37007874015748143 ) ;
#95 = VECTOR ( 'NONE', #1690, 39.37007874015748143 ) ;
#96 = CARTESIAN_POINT ( 'NONE',  ( 0.2500000000000000000, 0.000000000000000000, 0.000000000000000000 ) ) ;
#97 = DIRECTION ( 'NONE',  ( -1.000000000000000000, -0.000000000000000000, -0.000000000000000000 ) ) ;
#98 = ADVANCED_FACE ( 'NONE', ( #3276 ), #4574, .T. ) ;
#99 = ORIENTED_EDGE ( 'NONE', *, *, #2611, .T. ) ;
#100 = CIRCLE ( 'NONE', #4434, 0.7916666666666666297 ) ;
#101 = EDGE_LOOP ( 'NONE', ( #143, #4622, #4150, #4172 ) ) ;
#102 = ORIENTED_EDGE ( 'NONE', *, *, #2205, .T. ) ;
#103 = AXIS2_PLACEMENT_3D ( 'NONE', #5154, #2490, #2893 ) ;
#104 = CARTESIAN_POINT ( 'NONE',  ( 0.000000000000000000, 0.000000000000000000, 0.000000000000000000 ) ) ;
#105 = DIRECTION ( 'NONE',  ( 0.000000000000000000, 0.000000000000000000, 1.000000000000000000 ) ) ;
#106 = VERTEX_POINT ( 'NONE', #975 ) ;
#107 = FACE_OUTER_BOUND ( 'NONE', #1974, .T. ) ;
#108 = VERTEX_POINT ( 'NONE', #3604 ) ;
#109 = DIRECTION ( 'NONE',  ( 1.000000000000000000, -0.000000000000000000, -0.000000000000000000 ) ) ;
#110 = CARTESIAN_POINT ( 'NONE',  ( 0.000000000000000000, -0.1699999999999999289, -0.09814954576223638982 ) ) ;
#111 = UNCERTAINTY_MEASURE_WITH_UNIT (LENGTH_MEASURE( 1.000000000000000082E-05 ), #3287, 'distance_accuracy_value', 'NONE');
#112 = ORIENTED_EDGE ( 'NONE', *, *, #1062, .T. ) ;
#113 = CARTESIAN_POINT ( 'NONE',  ( 0.2500000000000000000, -0.08139314917534261340, -0.7874714384524884592 ) ) ;
#114 = ORIENTED_EDGE ( 'NONE', *, *, #3516, .T. ) ;
#115 = EDGE_CURVE ( 'NONE', #3149, #5364, #566, .T. ) ;
#116 = DIRECTION ( 'NONE',  ( 0.000000000000000000, 0.000000000000000000, 1.000000000000000000 ) ) ;
#117 = AXIS2_PLACEMENT_3D ( 'NONE', #4999, #2876, #4674 ) ;
#118 = DIRECTION ( 'NONE',  ( 0.000000000000000000, 0.000000000000000000, 1.000000000000000000 ) ) ;
#119 = CARTESIAN_POINT ( 'NONE',  ( 0.000000000000000000, 0.3914262312077981809, 0.5860763647289396472 ) ) ;
#120 = CARTESIAN_POINT ( 'NONE',  ( 0.2500000000000000000, -0.07687273627014502841, -0.7005644739706479163 ) ) ;
#121 = CARTESIAN_POINT ( 'NONE',  ( 0.2500000000000000000, 0.000000000000000000, 0.000000000000000000 ) ) ;
#122 = VECTOR ( 'NONE', #5743, 39.37007874015748854 ) ;
#123 = ORIENTED_EDGE ( 'NONE', *, *, #462, .T. ) ;
#124 = VECTOR ( 'NONE', #435, 39.37007874015748143 ) ;
#125 = EDGE_CURVE ( 'NONE', #3107, #2922, #3858, .T. ) ;
#126 = ORIENTED_EDGE ( 'NONE', *, *, #2492, .T. ) ;
#127 = CYLINDRICAL_SURFACE ( 'NONE', #2179, 0.7916666666666666297 ) ;
#128 = VECTOR ( 'NONE', #1120, 39.37007874015748143 ) ;
#129 = EDGE_CURVE ( 'NONE', #944, #1667, #5359, .T. ) ;
#130 = VECTOR ( 'NONE', #677, 39.37007874015748143 ) ;
#131 = CARTESIAN_POINT ( 'NONE',  ( 0.2500000000000000000, 0.4631514340850053091, -0.5222018279410776120 ) ) ;
#132 = DIRECTION ( 'NONE',  ( -1.000000000000000000, -0.000000000000000000, 0.000000000000000000 ) ) ;
#133 = ORIENTED_EDGE ( 'NONE', *, *, #919, .F. ) ;
#134 = ORIENTED_EDGE ( 'NONE', *, *, #1128, .F. ) ;
#135 = AXIS2_PLACEMENT_3D ( 'NONE', #5334, #856, #1764 ) ;
#136 = LINE ( 'NONE', #1550, #650 ) ;
#137 = DIRECTION ( 'NONE',  ( -1.000000000000000000, 0.000000000000000000, 0.000000000000000000 ) ) ;
#138 = ORIENTED_EDGE ( 'NONE', *, *, #307, .F. ) ;
#139 = CARTESIAN_POINT ( 'NONE',  ( 0.2500000000000000000, 0.000000000000000000, 0.000000000000000000 ) ) ;
#140 = ORIENTED_EDGE ( 'NONE', *, *, #1015, .F. ) ;
#141 = DIRECTION ( 'NONE',  ( -1.000000000000000000, -0.000000000000000000, -0.000000000000000000 ) ) ;
#142 = CARTESIAN_POINT ( 'NONE',  ( 0.2500000000000000000, 0.2566164408787566242, -0.6491163241443859144 ) ) ;
#143 = ORIENTED_EDGE ( 'NONE', *, *, #2296, .F. ) ;
#144 = CARTESIAN_POINT ( 'NONE',  ( 0.000000000000000000, -0.6138235289534175187, -0.3323020844099128790 ) ) ;
#145 = CIRCLE ( 'NONE', #5712, 0.2999999999999998779 ) ;
#146 = EDGE_CURVE ( 'NONE', #348, #66, #2546, .T. ) ;
#147 = CIRCLE ( 'NONE', #1087, 0.6980000000000000648 ) ;
#148 = DIRECTION ( 'NONE',  ( -1.000000000000000000, 0.000000000000000000, 0.000000000000000000 ) ) ;
#149 = LINE ( 'NONE', #1949, #5003 ) ;
#150 = DIRECTION ( 'NONE',  ( 0.000000000000000000, 0.000000000000000000, 1.000000000000000000 ) ) ;
#151 = LINE ( 'NONE', #3607, #4398 ) ;
#152 = EDGE_CURVE ( 'NONE', #2498, #173, #4134, .T. ) ;
#153 = CARTESIAN_POINT ( 'NONE',  ( 0.000000000000000000, -0.1673704187836319857, 0.6846072908519317268 ) ) ;
#154 = ORIENTED_EDGE ( 'NONE', *, *, #5824, .F. ) ;
#155 = CARTESIAN_POINT ( 'NONE',  ( 0.000000000000000000, -0.4631514340850017564, 0.5222018279410807207 ) ) ;
#156 = ORIENTED_EDGE ( 'NONE', *, *, #4207, .F. ) ;
#157 = EDGE_CURVE ( 'NONE', #4297, #2560, #4075, .T. ) ;
#158 = DIRECTION ( 'NONE',  ( 0.000000000000000000, 0.000000000000000000, 1.000000000000000000 ) ) ;
#159 = AXIS2_PLACEMENT_3D ( 'NONE', #2635, #5797, #362 ) ;
#160 = ORIENTED_EDGE ( 'NONE', *, *, #198, .F. ) ;
#161 = AXIS2_PLACEMENT_3D ( 'NONE', #3371, #4787, #1658 ) ;
#162 = ORIENTED_EDGE ( 'NONE', *, *, #3195, .T. ) ;
#163 = ORIENTED_EDGE ( 'NONE', *, *, #1280, .F. ) ;
#164 = AXIS2_PLACEMENT_3D ( 'NONE', #2340, #49, #480 ) ;
#165 = CARTESIAN_POINT ( 'NONE',  ( 0.2500000000000000000, 0.6412736958668590059, -0.4642242541061059047 ) ) ;
#166 = EDGE_CURVE ( 'NONE', #399, #2939, #75, .T. ) ;
#167 = DIRECTION ( 'NONE',  ( -1.000000000000000000, -0.000000000000000000, -0.000000000000000000 ) ) ;
#168 = CIRCLE ( 'NONE', #5735, 0.2999999999999998779 ) ;
#169 = ORIENTED_EDGE ( 'NONE', *, *, #2290, .T. ) ;
#170 = CIRCLE ( 'NONE', #2249, 0.2999999999999998779 ) ;
#171 = AXIS2_PLACEMENT_3D ( 'NONE', #5079, #5407, #4106 ) ;
#172 = DIRECTION ( 'NONE',  ( 1.000000000000000000, -0.000000000000000000, -0.000000000000000000 ) ) ;
#173 = VERTEX_POINT ( 'NONE', #454 ) ;
#174 = DIRECTION ( 'NONE',  ( 0.000000000000000000, -0.9848077530122096857, 0.1736481776669206722 ) ) ;
#175 = DIRECTION ( 'NONE',  ( 0.8660254037844385966, 0.5000000000000001110, 0.000000000000000000 ) ) ;
#176 = LINE ( 'NONE', #1558, #2712 ) ;
#177 = EDGE_CURVE ( 'NONE', #1848, #1655, #3047, .T. ) ;
#178 = CARTESIAN_POINT ( 'NONE',  ( 0.000000000000000000, 0.5092020961020065073, -0.4872506799346232875 ) ) ;
#179 = LINE ( 'NONE', #3333, #1995 ) ;
#180 = CARTESIAN_POINT ( 'NONE',  ( 0.2500000000000000000, -0.1928465525817796289, -0.7678191963401501674 ) ) ;
#181 = CARTESIAN_POINT ( 'NONE',  ( 0.000000000000000000, 0.000000000000000000, 0.000000000000000000 ) ) ;
#182 = FILL_AREA_STYLE_COLOUR ( '', #4776 ) ;
#183 = AXIS2_PLACEMENT_3D ( 'NONE', #1201, #4350, #5814 ) ;
#184 = VERTEX_POINT ( 'NONE', #2724 ) ;
#185 = VERTEX_POINT ( 'NONE', #5403 ) ;
#186 = DIRECTION ( 'NONE',  ( 1.000000000000000000, 0.000000000000000000, 0.000000000000000000 ) ) ;
#187 = ORIENTED_EDGE ( 'NONE', *, *, #5426, .T. ) ;
#188 = ORIENTED_EDGE ( 'NONE', *, *, #2339, .T. ) ;
#189 = LINE ( 'NONE', #3375, #4555 ) ;
#190 = CARTESIAN_POINT ( 'NONE',  ( 0.2500000000000000000, 0.6491163241443920207, -0.2566164408787413032 ) ) ;
#191 = AXIS2_PLACEMENT_3D ( 'NONE', #5225, #754, #2557 ) ;
#192 = EDGE_LOOP ( 'NONE', ( #3008, #645, #2486, #3407 ) ) ;
#193 = ADVANCED_FACE ( 'NONE', ( #4131 ), #1887, .T. ) ;
#194 = PLANE ( 'NONE',  #4243 ) ;
#195 = CARTESIAN_POINT ( 'NONE',  ( 0.2500000000000000000, -0.1699999999999999289, -0.09814954576223638982 ) ) ;
#196 = AXIS2_PLACEMENT_3D ( 'NONE', #3381, #3771, #1046 ) ;
#197 = AXIS2_PLACEMENT_3D ( 'NONE', #4902, #865, #5828 ) ;
#198 = EDGE_CURVE ( 'NONE', #241, #4454, #448, .T. ) ;
#199 = ORIENTED_EDGE ( 'NONE', *, *, #2707, .F. ) ;
#200 = ORIENTED_EDGE ( 'NONE', *, *, #1232, .T. ) ;
#201 = LINE ( 'NONE', #624, #1595 ) ;
#202 = CYLINDRICAL_SURFACE ( 'NONE', #3054, 0.2999999999999998779 ) ;
#203 = ORIENTED_EDGE ( 'NONE', *, *, #5240, .F. ) ;
#204 = DIRECTION ( 'NONE',  ( -1.000000000000000000, -0.000000000000000000, 0.000000000000000000 ) ) ;
#205 = CARTESIAN_POINT ( 'NONE',  ( 0.000000000000000000, 0.000000000000000000, 0.000000000000000000 ) ) ;
#206 = DIRECTION ( 'NONE',  ( -1.000000000000000000, 0.000000000000000000, 0.000000000000000000 ) ) ;
#207 = EDGE_CURVE ( 'NONE', #1019, #5759, #3267, .T. ) ;
#208 = DIRECTION ( 'NONE',  ( -1.000000000000000000, -0.000000000000000000, -0.000000000000000000 ) ) ;
#209 = CARTESIAN_POINT ( 'NONE',  ( 0.2500000000000000000, -0.5222018279410852726, 0.4631514340849964828 ) ) ;
#210 = EDGE_LOOP ( 'NONE', ( #1661, #818, #2230, #2220 ) ) ;
#211 = AXIS2_PLACEMENT_3D ( 'NONE', #1587, #5149, #2918 ) ;
#212 = VERTEX_POINT ( 'NONE', #688 ) ;
#213 = VERTEX_POINT ( 'NONE', #5128 ) ;
#214 = CARTESIAN_POINT ( 'NONE',  ( 0.000000000000000000, -0.5860763647289412015, 0.3914262312077961825 ) ) ;
#215 = CIRCLE ( 'NONE', #1060, 0.2999999999999998779 ) ;
#216 = CIRCLE ( 'NONE', #1721, 0.2999999999999998779 ) ;
#217 = CARTESIAN_POINT ( 'NONE',  ( 0.000000000000000000, 0.000000000000000000, 0.000000000000000000 ) ) ;
#218 = DIRECTION ( 'NONE',  ( -1.000000000000000000, -0.000000000000000000, -0.000000000000000000 ) ) ;
#219 = ORIENTED_EDGE ( 'NONE', *, *, #5562, .F. ) ;
#220 = VECTOR ( 'NONE', #827, 39.37007874015748143 ) ;
#221 = AXIS2_PLACEMENT_3D ( 'NONE', #1837, #3200, #614 ) ;
#222 = CARTESIAN_POINT ( 'NONE',  ( -0.3937007874015748254, 0.000000000000000000, 0.000000000000000000 ) ) ;
#223 = DIRECTION ( 'NONE',  ( 0.000000000000000000, 0.1736481776669304977, -0.9848077530122079093 ) ) ;
#224 = ADVANCED_FACE ( 'NONE', ( #3358 ), #5214, .T. ) ;
#225 = EDGE_LOOP ( 'NONE', ( #3650, #3657, #5251, #3743 ) ) ;
#226 = VECTOR ( 'NONE', #109, 39.37007874015748143 ) ;
#227 = CARTESIAN_POINT ( 'NONE',  ( 0.2500000000000000000, 0.7613742058348164088, -0.2168995846019853568 ) ) ;
#228 = EDGE_CURVE ( 'NONE', #971, #1571, #731, .T. ) ;
#229 = FACE_OUTER_BOUND ( 'NONE', #5561, .T. ) ;
#230 = ORIENTED_EDGE ( 'NONE', *, *, #2555, .F. ) ;
#231 = EDGE_CURVE ( 'NONE', #4907, #2319, #1109, .T. ) ;
#232 = CARTESIAN_POINT ( 'NONE',  ( 0.000000000000000000, 0.000000000000000000, 0.000000000000000000 ) ) ;
#233 = EDGE_CURVE ( 'NONE', #431, #5364, #234, .T. ) ;
#234 = LINE ( 'NONE', #1559, #4127 ) ;
#235 = VERTEX_POINT ( 'NONE', #5551 ) ;
#236 = DIRECTION ( 'NONE',  ( 0.5000000000000003331, -0.8660254037844384856, 0.000000000000000000 ) ) ;
#237 = DIRECTION ( 'NONE',  ( -1.000000000000000000, -0.000000000000000000, -0.000000000000000000 ) ) ;
#238 = EDGE_CURVE ( 'NONE', #1717, #5313, #4600, .T. ) ;
#239 = DIRECTION ( 'NONE',  ( -1.000000000000000000, 0.000000000000000000, 0.000000000000000000 ) ) ;
#240 = DIRECTION ( 'NONE',  ( -1.000000000000000000, -0.000000000000000000, 0.000000000000000000 ) ) ;
#241 = VERTEX_POINT ( 'NONE', #1503 ) ;
#242 = VERTEX_POINT ( 'NONE', #1948 ) ;
#243 = ORIENTED_EDGE ( 'NONE', *, *, #4428, .F. ) ;
#244 = DIRECTION ( 'NONE',  ( 0.000000000000000000, 0.3420201433256629397, 0.9396926207859104263 ) ) ;
#245 = VERTEX_POINT ( 'NONE', #2519 ) ;
#246 = EDGE_LOOP ( 'NONE', ( #5428, #2125, #1518, #3817 ) ) ;
#247 = DIRECTION ( 'NONE',  ( 0.000000000000000000, 0.000000000000000000, 1.000000000000000000 ) ) ;
#248 = DIRECTION ( 'NONE',  ( 0.000000000000000000, 0.000000000000000000, 1.000000000000000000 ) ) ;
#249 = EDGE_CURVE ( 'NONE', #2235, #5012, #4404, .T. ) ;
#250 = ORIENTED_EDGE ( 'NONE', *, *, #641, .T. ) ;
#251 = CARTESIAN_POINT ( 'NONE',  ( 0.1250000000000000278, -0.7678191963401467257, -0.1928465525817924520 ) ) ;
#252 = DIRECTION ( 'NONE',  ( -1.000000000000000000, 0.000000000000000000, -0.000000000000000000 ) ) ;
#253 = EDGE_CURVE ( 'NONE', #3314, #1198, #3305, .T. ) ;
#254 = ORIENTED_EDGE ( 'NONE', *, *, #4701, .T. ) ;
#255 = ORIENTED_EDGE ( 'NONE', *, *, #2667, .F. ) ;
#256 = CIRCLE ( 'NONE', #1760, 0.2999999999999998224 ) ;
#257 = DIRECTION ( 'NONE',  ( -1.000000000000000000, -0.000000000000000000, 0.000000000000000000 ) ) ;
#258 = EDGE_CURVE ( 'NONE', #5556, #1567, #5184, .T. ) ;
#259 = AXIS2_PLACEMENT_3D ( 'NONE', #1767, #5795, #4421 ) ;
#260 = AXIS2_PLACEMENT_3D ( 'NONE', #3751, #2720, #4513 ) ;
#261 = CYLINDRICAL_SURFACE ( 'NONE', #2303, 0.2999999999999998779 ) ;
#262 = ORIENTED_EDGE ( 'NONE', *, *, #595, .F. ) ;
#263 = FACE_OUTER_BOUND ( 'NONE', #5549, .T. ) ;
#264 = CIRCLE ( 'NONE', #4038, 0.7916666666666666297 ) ;
#265 = ADVANCED_FACE ( 'NONE', ( #5578, #2012 ), #5101, .F. ) ;
#266 = VECTOR ( 'NONE', #5513, 39.37007874015748143 ) ;
#267 = DIRECTION ( 'NONE',  ( 0.000000000000000000, 0.000000000000000000, -1.000000000000000000 ) ) ;
#268 = ADVANCED_FACE ( 'NONE', ( #2073 ), #1117, .T. ) ;
#269 = CARTESIAN_POINT ( 'NONE',  ( -0.1962990915244727796, -3.414809992379240130E-17, 0.000000000000000000 ) ) ;
#270 = EDGE_CURVE ( 'NONE', #5575, #66, #3662, .T. ) ;
#271 = CARTESIAN_POINT ( 'NONE',  ( 0.1250000000000000278, 0.2168995846019930451, 0.7613742058348140773 ) ) ;
#272 = LINE ( 'NONE', #5158, #128 ) ;
#273 = VERTEX_POINT ( 'NONE', #2863 ) ;
#274 = ORIENTED_EDGE ( 'NONE', *, *, #4090, .F. ) ;
#275 = VERTEX_POINT ( 'NONE', #4215 ) ;
#276 = EDGE_CURVE ( 'NONE', #781, #335, #5155, .T. ) ;
#277 = VERTEX_POINT ( 'NONE', #2489 ) ;
#278 = CARTESIAN_POINT ( 'NONE',  ( 0.2500000000000000000, -0.6977378117192285512, -0.01912971764721405413 ) ) ;
#279 = VECTOR ( 'NONE', #5075, 39.37007874015748143 ) ;
#280 = CARTESIAN_POINT ( 'NONE',  ( 0.2500000000000000000, 0.6977378117192286622, -0.01912971764720911710 ) ) ;
#281 = DIRECTION ( 'NONE',  ( -1.000000000000000000, 0.000000000000000000, 0.000000000000000000 ) ) ;
#282 = ORIENTED_EDGE ( 'NONE', *, *, #129, .T. ) ;
#283 = DIRECTION ( 'NONE',  ( 0.000000000000000000, 0.3420201433256629953, 0.9396926207859104263 ) ) ;
#284 = CARTESIAN_POINT ( 'NONE',  ( 0.2500000000000000000, -0.7121430032467885862, 0.3458156359069894936 ) ) ;
#285 = CARTESIAN_POINT ( 'NONE',  ( 0.2500000000000000000, 0.000000000000000000, 0.000000000000000000 ) ) ;
#286 = EDGE_CURVE ( 'NONE', #5706, #2778, #366, .T. ) ;
#287 = ORIENTED_EDGE ( 'NONE', *, *, #3546, .T. ) ;
#288 = ORIENTED_EDGE ( 'NONE', *, *, #4944, .F. ) ;
#289 = VERTEX_POINT ( 'NONE', #5667 ) ;
#290 = CARTESIAN_POINT ( 'NONE',  ( 0.2500000000000000000, 0.1399999937462688970, -0.6838157659421464363 ) ) ;
#291 = AXIS2_PLACEMENT_3D ( 'NONE', #705, #2911, #648 ) ;
#292 = DIRECTION ( 'NONE',  ( 1.000000000000000000, -0.000000000000000000, 0.000000000000000000 ) ) ;
#293 = DIRECTION ( 'NONE',  ( 0.000000000000000000, 0.000000000000000000, 1.000000000000000000 ) ) ;
#294 = AXIS2_PLACEMENT_3D ( 'NONE', #4530, #70, #3681 ) ;
#295 = CYLINDRICAL_SURFACE ( 'NONE', #3798, 0.2999999999999999334 ) ;
#296 = DIRECTION ( 'NONE',  ( -1.000000000000000000, -0.000000000000000000, -0.000000000000000000 ) ) ;
#297 = CIRCLE ( 'NONE', #103, 0.6979999999999999538 ) ;
#298 = CARTESIAN_POINT ( 'NONE',  ( 0.000000000000000000, 0.5946938113062106845, 0.3654357273093216674 ) ) ;
#299 = CARTESIAN_POINT ( 'NONE',  ( 0.000000000000000000, 0.5860763647289384259, 0.3914262312078002348 ) ) ;
#300 = DIRECTION ( 'NONE',  ( 0.000000000000000000, 0.000000000000000000, 1.000000000000000000 ) ) ;
#301 = EDGE_LOOP ( 'NONE', ( #3474, #5625, #1758, #4698 ) ) ;
#302 = EDGE_CURVE ( 'NONE', #883, #4323, #2950, .T. ) ;
#303 = VERTEX_POINT ( 'NONE', #4633 ) ;
#304 = ORIENTED_EDGE ( 'NONE', *, *, #2267, .F. ) ;
#305 = CARTESIAN_POINT ( 'NONE',  ( 0.2500000000000000000, 0.000000000000000000, 0.000000000000000000 ) ) ;
#306 = CARTESIAN_POINT ( 'NONE',  ( 0.2500000000000000000, 0.7032701360167955551, -0.04594687756907635950 ) ) ;
#307 = EDGE_CURVE ( 'NONE', #764, #2661, #599, .T. ) ;
#308 = CARTESIAN_POINT ( 'NONE',  ( 0.2500000000000000000, 0.01912971764721648968, -0.6977378117192285512 ) ) ;
#309 = CIRCLE ( 'NONE', #4261, 0.6979999999999999538 ) ;
#310 = ORIENTED_EDGE ( 'NONE', *, *, #5019, .F. ) ;
#311 = DIRECTION ( 'NONE',  ( -1.000000000000000000, -0.000000000000000000, -0.000000000000000000 ) ) ;
#312 = CIRCLE ( 'NONE', #5021, 0.7916666666666666297 ) ;
#313 = CARTESIAN_POINT ( 'NONE',  ( 0.000000000000000000, -0.08139314917535329930, 0.7874714384524873489 ) ) ;
#314 = CARTESIAN_POINT ( 'NONE',  ( 0.000000000000000000, -0.7121430032467885862, 0.3458156359069894936 ) ) ;
#315 = AXIS2_PLACEMENT_3D ( 'NONE', #4557, #2322, #700 ) ;
#316 = ORIENTED_EDGE ( 'NONE', *, *, #1931, .T. ) ;
#317 = VECTOR ( 'NONE', #1900, 39.37007874015748143 ) ;
#318 = ORIENTED_EDGE ( 'NONE', *, *, #4701, .F. ) ;
#319 = ORIENTED_EDGE ( 'NONE', *, *, #1379, .T. ) ;
#320 = DIRECTION ( 'NONE',  ( -1.000000000000000000, 0.000000000000000000, 0.000000000000000000 ) ) ;
#321 = AXIS2_PLACEMENT_3D ( 'NONE', #1794, #1853, #2337 ) ;
#322 = VECTOR ( 'NONE', #3888, 39.37007874015748143 ) ;
#323 = DIRECTION ( 'NONE',  ( 1.000000000000000000, 0.000000000000000000, 0.000000000000000000 ) ) ;
#324 = CIRCLE ( 'NONE', #1169, 0.2999999999999999334 ) ;
#325 = DIRECTION ( 'NONE',  ( -1.000000000000000000, 0.000000000000000000, 0.000000000000000000 ) ) ;
#326 = DIRECTION ( 'NONE',  ( 1.000000000000000000, 0.000000000000000000, 0.000000000000000000 ) ) ;
#327 = ORIENTED_EDGE ( 'NONE', *, *, #2057, .T. ) ;
#328 = CARTESIAN_POINT ( 'NONE',  ( 0.000000000000000000, 0.6838157659421478796, 0.1399999937462621247 ) ) ;
#329 = LINE ( 'NONE', #3572, #3238 ) ;
#330 = CARTESIAN_POINT ( 'NONE',  ( 0.000000000000000000, 0.000000000000000000, 0.000000000000000000 ) ) ;
#331 = ADVANCED_FACE ( 'NONE', ( #4892 ), #5787, .T. ) ;
#332 = ORIENTED_EDGE ( 'NONE', *, *, #3405, .T. ) ;
#333 = VECTOR ( 'NONE', #3543, 39.37007874015748143 ) ;
#334 = VERTEX_POINT ( 'NONE', #3922 ) ;
#335 = VERTEX_POINT ( 'NONE', #4384 ) ;
#336 = CARTESIAN_POINT ( 'NONE',  ( 0.000000000000000000, 0.6846072908519347244, -0.1673704187836203838 ) ) ;
#337 = EDGE_CURVE ( 'NONE', #4509, #3564, #2547, .T. ) ;
#338 = CYLINDRICAL_SURFACE ( 'NONE', #2155, 0.2999999999999998224 ) ;
#339 = FACE_OUTER_BOUND ( 'NONE', #3500, .T. ) ;
#340 = AXIS2_PLACEMENT_3D ( 'NONE', #5421, #5008, #43 ) ;
#341 = ORIENTED_EDGE ( 'NONE', *, *, #4570, .T. ) ;
#342 = CYLINDRICAL_SURFACE ( 'NONE', #4903, 0.7916666666666666297 ) ;
#343 = VECTOR ( 'NONE', #396, 39.37007874015748143 ) ;
#344 = CARTESIAN_POINT ( 'NONE',  ( 0.2500000000000000000, 0.4168559794536954577, 0.5682702633123873914 ) ) ;
#345 = EDGE_CURVE ( 'NONE', #1773, #4973, #854, .T. ) ;
#346 = DIRECTION ( 'NONE',  ( 0.000000000000000000, 1.000000000000000000, 3.491481338843133355E-15 ) ) ;
#347 = AXIS2_PLACEMENT_3D ( 'NONE', #466, #5746, #5350 ) ;
#348 = VERTEX_POINT ( 'NONE', #4416 ) ;
#349 = EDGE_LOOP ( 'NONE', ( #1754, #1315, #1736, #1988 ) ) ;
#350 = ORIENTED_EDGE ( 'NONE', *, *, #231, .F. ) ;
#351 = ADVANCED_FACE ( 'NONE', ( #1733 ), #413, .T. ) ;
#352 = LINE ( 'NONE', #5269, #1123 ) ;
#353 = DIRECTION ( 'NONE',  ( 0.000000000000000000, 0.000000000000000000, 1.000000000000000000 ) ) ;
#354 = CIRCLE ( 'NONE', #3651, 0.2999999999999998779 ) ;
#355 = CYLINDRICAL_SURFACE ( 'NONE', #2764, 0.6979999999999999538 ) ;
#356 = ORIENTED_EDGE ( 'NONE', *, *, #42, .T. ) ;
#357 = CYLINDRICAL_SURFACE ( 'NONE', #3246, 0.2999999999999998779 ) ;
#358 = AXIS2_PLACEMENT_3D ( 'NONE', #5577, #2039, #1529 ) ;
#359 = DIRECTION ( 'NONE',  ( -1.000000000000000000, 0.000000000000000000, 0.000000000000000000 ) ) ;
#360 = CARTESIAN_POINT ( 'NONE',  ( 0.2500000000000000000, -0.6765725148856315263, 0.1973566109172988359 ) ) ;
#361 = EDGE_CURVE ( 'NONE', #2206, #2582, #216, .T. ) ;
#362 = DIRECTION ( 'NONE',  ( 0.000000000000000000, 0.000000000000000000, 1.000000000000000000 ) ) ;
#363 = VERTEX_POINT ( 'NONE', #3093 ) ;
#364 = VERTEX_POINT ( 'NONE', #1645 ) ;
#365 = DIRECTION ( 'NONE',  ( -1.000000000000000000, -0.000000000000000000, 0.000000000000000000 ) ) ;
#366 = CIRCLE ( 'NONE', #2627, 0.2999999999999998779 ) ;
#367 = AXIS2_PLACEMENT_3D ( 'NONE', #635, #3869, #1147 ) ;
#368 = DIRECTION ( 'NONE',  ( -1.000000000000000000, -0.000000000000000000, 0.000000000000000000 ) ) ;
#369 = DIRECTION ( 'NONE',  ( 0.000000000000000000, 0.000000000000000000, -1.000000000000000000 ) ) ;
#370 = CARTESIAN_POINT ( 'NONE',  ( 0.2500000000000000000, -0.7005644739706475832, 0.07687273627014748478 ) ) ;
#371 = EDGE_LOOP ( 'NONE', ( #5379, #3842, #1969, #1502 ) ) ;
#372 = CARTESIAN_POINT ( 'NONE',  ( -0.3937007874015748254, 0.000000000000000000, 0.000000000000000000 ) ) ;
#373 = LINE ( 'NONE', #3496, #2089 ) ;
#374 = DIRECTION ( 'NONE',  ( -1.000000000000000000, 0.000000000000000000, 0.000000000000000000 ) ) ;
#375 = ADVANCED_FACE ( 'NONE', ( #5332 ), #295, .T. ) ;
#376 = EDGE_CURVE ( 'NONE', #2970, #4195, #784, .T. ) ;
#377 = VECTOR ( 'NONE', #3299, 39.37007874015748143 ) ;
#378 = ORIENTED_EDGE ( 'NONE', *, *, #3374, .T. ) ;
#379 = LINE ( 'NONE', #792, #1420 ) ;
#380 = CYLINDRICAL_SURFACE ( 'NONE', #4789, 0.2999999999999998224 ) ;
#381 = ORIENTED_EDGE ( 'NONE', *, *, #4409, .T. ) ;
#382 = ADVANCED_FACE ( 'NONE', ( #3567 ), #5700, .F. ) ;
#383 = CIRCLE ( 'NONE', #2462, 0.7916666666666666297 ) ;
#384 = DIRECTION ( 'NONE',  ( -1.000000000000000000, 0.000000000000000000, -0.000000000000000000 ) ) ;
#385 = ORIENTED_EDGE ( 'NONE', *, *, #5167, .T. ) ;
#387 = DIRECTION ( 'NONE',  ( -1.000000000000000000, -0.000000000000000000, 0.000000000000000000 ) ) ;
#386 = VECTOR ( 'NONE', #840, 39.37007874015748143 ) ;
#388 = LINE ( 'NONE', #1737, #2996 ) ;
#389 = CYLINDRICAL_SURFACE ( 'NONE', #2404, 0.2999999999999998779 ) ;
#390 = FACE_OUTER_BOUND ( 'NONE', #1265, .T. ) ;
#391 = AXIS2_PLACEMENT_3D ( 'NONE', #4008, #1756, #1317 ) ;
#392 = ORIENTED_EDGE ( 'NONE', *, *, #4283, .T. ) ;
#393 = CIRCLE ( 'NONE', #3689, 0.7916666666666666297 ) ;
#394 = ORIENTED_EDGE ( 'NONE', *, *, #4407, .F. ) ;
#395 = ADVANCED_FACE ( 'NONE', ( #1229 ), #2129, .T. ) ;
#396 = DIRECTION ( 'NONE',  ( -0.000000000000000000, -0.000000000000000000, 1.000000000000000000 ) ) ;
#397 = DIRECTION ( 'NONE',  ( 0.000000000000000000, 0.000000000000000000, 1.000000000000000000 ) ) ;
#398 = DIRECTION ( 'NONE',  ( 0.000000000000000000, 0.000000000000000000, 1.000000000000000000 ) ) ;
#399 = VERTEX_POINT ( 'NONE', #1207 ) ;
#400 = CARTESIAN_POINT ( 'NONE',  ( 0.2500000000000000000, -0.1928465525817898152, 0.7678191963401475029 ) ) ;
#401 = DIRECTION ( 'NONE',  ( -1.000000000000000000, -0.000000000000000000, 0.000000000000000000 ) ) ;
#402 = CARTESIAN_POINT ( 'NONE',  ( 0.2500000000000000000, -0.6138235289534175187, -0.3323020844099128790 ) ) ;
#403 = DIRECTION ( 'NONE',  ( -1.000000000000000000, 0.000000000000000000, 0.000000000000000000 ) ) ;
#404 = ORIENTED_EDGE ( 'NONE', *, *, #1748, .T. ) ;
#405 = ORIENTED_EDGE ( 'NONE', *, *, #4324, .T. ) ;
#406 = AXIS2_PLACEMENT_3D ( 'NONE', #2358, #132, #1932 ) ;
#407 = DIRECTION ( 'NONE',  ( 0.000000000000000000, 0.000000000000000000, 1.000000000000000000 ) ) ;
#408 = DIRECTION ( 'NONE',  ( 0.000000000000000000, 0.000000000000000000, 1.000000000000000000 ) ) ;
#409 = EDGE_CURVE ( 'NONE', #2890, #2877, #3036, .T. ) ;
#410 = VERTEX_POINT ( 'NONE', #767 ) ;
#411 = AXIS2_PLACEMENT_3D ( 'NONE', #3260, #584, #4170 ) ;
#412 = ORIENTED_EDGE ( 'NONE', *, *, #4376, .F. ) ;
#413 = CYLINDRICAL_SURFACE ( 'NONE', #698, 0.2999999999999998779 ) ;
#414 = CIRCLE ( 'NONE', #4936, 0.6979999999999999538 ) ;
#415 = ORIENTED_EDGE ( 'NONE', *, *, #5462, .F. ) ;
#416 = CARTESIAN_POINT ( 'NONE',  ( 0.000000000000000000, 0.3654357273093279401, -0.5946938113062067988 ) ) ;
#417 = CIRCLE ( 'NONE', #2676, 0.2999999999999998779 ) ;
#418 = ORIENTED_EDGE ( 'NONE', *, *, #4194, .T. ) ;
#419 = CARTESIAN_POINT ( 'NONE',  ( 0.2500000000000000000, 0.000000000000000000, 0.000000000000000000 ) ) ;
#420 = ADVANCED_FACE ( 'NONE', ( #2601 ), #355, .T. ) ;
#421 = CYLINDRICAL_SURFACE ( 'NONE', #973, 0.2999999999999998779 ) ;
#422 = DIRECTION ( 'NONE',  ( -1.000000000000000000, 0.000000000000000000, -0.000000000000000000 ) ) ;
#423 = ORIENTED_EDGE ( 'NONE', *, *, #1489, .F. ) ;
#424 = ORIENTED_EDGE ( 'NONE', *, *, #2865, .T. ) ;
#425 = ORIENTED_EDGE ( 'NONE', *, *, #3325, .F. ) ;
#426 = VECTOR ( 'NONE', #5761, 39.37007874015748143 ) ;
#427 = DIRECTION ( 'NONE',  ( 0.000000000000000000, 0.000000000000000000, 1.000000000000000000 ) ) ;
#428 = EDGE_CURVE ( 'NONE', #432, #4454, #4265, .T. ) ;
#429 = DIRECTION ( 'NONE',  ( 0.000000000000000000, -0.9396926207859045421, -0.3420201433256791490 ) ) ;
#430 = DIRECTION ( 'NONE',  ( -1.000000000000000000, -0.000000000000000000, 0.000000000000000000 ) ) ;
#431 = VERTEX_POINT ( 'NONE', #3950 ) ;
#432 = VERTEX_POINT ( 'NONE', #3506 ) ;
#433 = CYLINDRICAL_SURFACE ( 'NONE', #4957, 0.2999999999999999334 ) ;
#434 = DIRECTION ( 'NONE',  ( -1.000000000000000000, -0.000000000000000000, -0.000000000000000000 ) ) ;
#435 = DIRECTION ( 'NONE',  ( -1.000000000000000000, 0.000000000000000000, 0.000000000000000000 ) ) ;
#436 = DIRECTION ( 'NONE',  ( 0.000000000000000000, -0.1736481776669374366, 0.9848077530122067991 ) ) ;
#437 = ADVANCED_FACE ( 'NONE', ( #3065 ), #4863, .T. ) ;
#438 = AXIS2_PLACEMENT_3D ( 'NONE', #1684, #5404, #2171 ) ;
#439 = ORIENTED_EDGE ( 'NONE', *, *, #2882, .T. ) ;
#440 = CARTESIAN_POINT ( 'NONE',  ( 0.1250000000000000278, 0.7613742058348135222, 0.2168995846019955431 ) ) ;
#441 = EDGE_CURVE ( 'NONE', #3237, #692, #2295, .T. ) ;
#442 = CARTESIAN_POINT ( 'NONE',  ( -0.09814954576223641758, 0.1699999999999999567, 0.5000000000000000000 ) ) ;
#443 = ORIENTED_EDGE ( 'NONE', *, *, #5004, .F. ) ;
#444 = FACE_OUTER_BOUND ( 'NONE', #4934, .T. ) ;
#445 = ORIENTED_EDGE ( 'NONE', *, *, #5303, .F. ) ;
#446 = DIRECTION ( 'NONE',  ( -1.000000000000000000, 0.000000000000000000, 0.000000000000000000 ) ) ;
#447 = ORIENTED_EDGE ( 'NONE', *, *, #580, .F. ) ;
#448 = CIRCLE ( 'NONE', #2242, 0.7916666666666666297 ) ;
#449 = CARTESIAN_POINT ( 'NONE',  ( 0.000000000000000000, -0.6904594471595888461, -0.1023218052424547941 ) ) ;
#450 = ADVANCED_FACE ( 'NONE', ( #107 ), #5484, .T. ) ;
#451 = FACE_OUTER_BOUND ( 'NONE', #5458, .T. ) ;
#452 = ORIENTED_EDGE ( 'NONE', *, *, #2478, .T. ) ;
#453 = EDGE_CURVE ( 'NONE', #303, #5583, #508, .T. ) ;
#454 = CARTESIAN_POINT ( 'NONE',  ( 0.2500000000000000000, 0.5467945189019443042, -0.4338430062808334986 ) ) ;
#455 = VECTOR ( 'NONE', #4696, 39.37007874015748143 ) ;
#456 = CYLINDRICAL_SURFACE ( 'NONE', #3919, 0.2999999999999998779 ) ;
#457 = CIRCLE ( 'NONE', #4971, 0.7916666666666666297 ) ;
#458 = CARTESIAN_POINT ( 'NONE',  ( 0.000000000000000000, -0.07687273627014502841, -0.7005644739706479163 ) ) ;
#459 = VECTOR ( 'NONE', #5836, 39.37007874015748143 ) ;
#460 = CARTESIAN_POINT ( 'NONE',  ( 0.2500000000000000000, 0.1399999937462688970, -0.6838157659421464363 ) ) ;
#461 = CIRCLE ( 'NONE', #1576, 0.2999999999999998779 ) ;
#462 = EDGE_CURVE ( 'NONE', #1796, #2058, #5040, .T. ) ;
#463 = AXIS2_PLACEMENT_3D ( 'NONE', #4227, #5619, #2529 ) ;
#464 = EDGE_LOOP ( 'NONE', ( #1301, #2354, #2009, #162 ) ) ;
#465 = AXIS2_PLACEMENT_3D ( 'NONE', #39, #877, #4066 ) ;
#466 = CARTESIAN_POINT ( 'NONE',  ( -0.3937007874015748254, 0.000000000000000000, 0.000000000000000000 ) ) ;
#467 = DIRECTION ( 'NONE',  ( 0.000000000000000000, -0.9848077530122062440, -0.1736481776669402677 ) ) ;
#468 = DIRECTION ( 'NONE',  ( -1.000000000000000000, 0.000000000000000000, 0.000000000000000000 ) ) ;
#469 = VERTEX_POINT ( 'NONE', #2771 ) ;
#470 = EDGE_CURVE ( 'NONE', #1184, #5330, #3629, .T. ) ;
#471 = DIRECTION ( 'NONE',  ( -1.000000000000000000, 0.000000000000000000, 0.000000000000000000 ) ) ;
#472 = DIRECTION ( 'NONE',  ( -1.000000000000000000, 0.000000000000000000, 0.000000000000000000 ) ) ;
#473 = ORIENTED_EDGE ( 'NONE', *, *, #1178, .T. ) ;
#474 = CIRCLE ( 'NONE', #5657, 0.2999999999999999334 ) ;
#475 = CYLINDRICAL_SURFACE ( 'NONE', #3443, 0.7916666666666666297 ) ;
#476 = ORIENTED_EDGE ( 'NONE', *, *, #766, .T. ) ;
#477 = CARTESIAN_POINT ( 'NONE',  ( 0.000000000000000000, 0.7005644739706462509, 0.07687273627016155686 ) ) ;
#478 = VERTEX_POINT ( 'NONE', #2739 ) ;
#479 = CARTESIAN_POINT ( 'NONE',  ( 0.000000000000000000, 0.1973566109173102989, -0.6765725148856279736 ) ) ;
#480 = DIRECTION ( 'NONE',  ( 0.000000000000000000, 0.000000000000000000, 1.000000000000000000 ) ) ;
#481 = VERTEX_POINT ( 'NONE', #4566 ) ;
#482 = ORIENTED_EDGE ( 'NONE', *, *, #3201, .F. ) ;
#483 = CARTESIAN_POINT ( 'NONE',  ( 0.2500000000000000000, 0.7032701360167948890, 0.04594687756908619192 ) ) ;
#484 = DIRECTION ( 'NONE',  ( -1.000000000000000000, 0.000000000000000000, -0.000000000000000000 ) ) ;
#485 = DIRECTION ( 'NONE',  ( -1.000000000000000000, -0.000000000000000000, 0.000000000000000000 ) ) ;
#486 = ADVANCED_FACE ( 'NONE', ( #4978 ), #12, .T. ) ;
#487 = AXIS2_PLACEMENT_3D ( 'NONE', #4403, #3028, #3941 ) ;
#488 = EDGE_CURVE ( 'NONE', #4838, #2362, #5420, .T. ) ;
#489 = DIRECTION ( 'NONE',  ( 0.000000000000000000, 0.000000000000000000, 1.000000000000000000 ) ) ;
#490 = ORIENTED_EDGE ( 'NONE', *, *, #1094, .T. ) ;
#491 = CARTESIAN_POINT ( 'NONE',  ( 0.000000000000000000, 0.2168995846020032869, -0.7613742058348113018 ) ) ;
#492 = EDGE_CURVE ( 'NONE', #4297, #2792, #2698, .T. ) ;
#493 = DIRECTION ( 'NONE',  ( -1.000000000000000000, 0.000000000000000000, -0.000000000000000000 ) ) ;
#494 = EDGE_CURVE ( 'NONE', #4522, #610, #145, .T. ) ;
#495 = CARTESIAN_POINT ( 'NONE',  ( -0.3937007874015748254, 0.000000000000000000, 0.000000000000000000 ) ) ;
#496 = EDGE_CURVE ( 'NONE', #2527, #4201, #4045, .T. ) ;
#497 = VERTEX_POINT ( 'NONE', #1376 ) ;
#498 = LINE ( 'NONE', #1432, #3687 ) ;
#499 = LINE ( 'NONE', #1256, #4598 ) ;
#500 = ORIENTED_EDGE ( 'NONE', *, *, #5256, .T. ) ;
#501 = CIRCLE ( 'NONE', #1244, 0.7916666666666666297 ) ;
#502 = EDGE_CURVE ( 'NONE', #1667, #5454, #4122, .T. ) ;
#503 = CARTESIAN_POINT ( 'NONE',  ( 0.1962990915244727796, -3.414809992080329023E-17, 0.000000000000000000 ) ) ;
#504 = ORIENTED_EDGE ( 'NONE', *, *, #5456, .F. ) ;
#505 = DIRECTION ( 'NONE',  ( -1.000000000000000000, 0.000000000000000000, 0.000000000000000000 ) ) ;
#506 = EDGE_LOOP ( 'NONE', ( #200, #1356, #1850, #473 ) ) ;
#507 = CIRCLE ( 'NONE', #1532, 0.2999999999999998779 ) ;
#508 = CIRCLE ( 'NONE', #4549, 0.7916666666666666297 ) ;
#509 = CARTESIAN_POINT ( 'NONE',  ( 0.1250000000000000278, -0.1928465525817794901, -0.7678191963401500564 ) ) ;
#510 = EDGE_LOOP ( 'NONE', ( #73, #114, #3043, #1044 ) ) ;
#511 = CARTESIAN_POINT ( 'NONE',  ( 0.2500000000000000000, 0.5092020961020065073, -0.4872506799346232875 ) ) ;
#512 = DIMENSIONAL_EXPONENTS ( 1.000000000000000000, 0.000000000000000000, 0.000000000000000000, 0.000000000000000000, 0.000000000000000000, 0.000000000000000000, 0.000000000000000000 ) ;
#513 = AXIS2_PLACEMENT_3D ( 'NONE', #3069, #4897, #3453 ) ;
#514 = AXIS2_PLACEMENT_3D ( 'NONE', #1073, #5137, #3791 ) ;
#515 = DIRECTION ( 'NONE',  ( 0.000000000000000000, 0.000000000000000000, 1.000000000000000000 ) ) ;
#516 = LINE ( 'NONE', #2315, #2094 ) ;
#517 = ADVANCED_FACE ( 'NONE', ( #881 ), #475, .T. ) ;
#518 = LINE ( 'NONE', #577, #1585 ) ;
#519 = CIRCLE ( 'NONE', #1634, 0.7916666666666666297 ) ;
#520 = DIRECTION ( 'NONE',  ( 1.000000000000000000, 0.000000000000000000, 0.000000000000000000 ) ) ;
#521 = VECTOR ( 'NONE', #45, 39.37007874015748854 ) ;
#522 = ORIENTED_EDGE ( 'NONE', *, *, #492, .F. ) ;
#523 = FACE_OUTER_BOUND ( 'NONE', #4677, .T. ) ;
#524 = EDGE_CURVE ( 'NONE', #4675, #4870, #5365, .T. ) ;
#525 = CARTESIAN_POINT ( 'NONE',  ( 0.1250000000000000278, 0.7678191963401481690, 0.1928465525817873449 ) ) ;
#526 = DIRECTION ( 'NONE',  ( -1.000000000000000000, 0.000000000000000000, 0.000000000000000000 ) ) ;
#527 = ORIENTED_EDGE ( 'NONE', *, *, #4383, .T. ) ;
#528 = EDGE_LOOP ( 'NONE', ( #5306, #5122, #4221, #4334 ) ) ;
#529 = ORIENTED_EDGE ( 'NONE', *, *, #4315, .T. ) ;
#530 = CIRCLE ( 'NONE', #2032, 0.2999999999999998779 ) ;
#531 = EDGE_CURVE ( 'NONE', #2877, #1934, #1839, .T. ) ;
#532 = FACE_OUTER_BOUND ( 'NONE', #4784, .T. ) ;
#533 = DIRECTION ( 'NONE',  ( -1.000000000000000000, -0.000000000000000000, 0.000000000000000000 ) ) ;
#534 = ORIENTED_EDGE ( 'NONE', *, *, #1398, .F. ) ;
#535 = EDGE_CURVE ( 'NONE', #2922, #5570, #965, .T. ) ;
#536 = CARTESIAN_POINT ( 'NONE',  ( 0.1250000000000000000, -0.5685276532530293414, 0.5509196117381501834 ) ) ;
#537 = VERTEX_POINT ( 'NONE', #2302 ) ;
#538 = DIRECTION ( 'NONE',  ( -1.000000000000000000, 0.000000000000000000, 0.000000000000000000 ) ) ;
#539 = DIRECTION ( 'NONE',  ( -1.000000000000000000, 0.000000000000000000, -0.000000000000000000 ) ) ;
#540 = UNCERTAINTY_MEASURE_WITH_UNIT (LENGTH_MEASURE( 1.000000000000000082E-05 ), #2976, 'distance_accuracy_value', 'NONE');
#541 = ORIENTED_EDGE ( 'NONE', *, *, #2656, .T. ) ;
#542 = CYLINDRICAL_SURFACE ( 'NONE', #2901, 0.2999999999999998224 ) ;
#543 = CARTESIAN_POINT ( 'NONE',  ( 0.2500000000000000000, -0.6451429995825364028, -0.2837084945169554007 ) ) ;
#544 = CARTESIAN_POINT ( 'NONE',  ( 0.1250000000000000000, 0.3458156359070020391, -0.7121430032467823690 ) ) ;
#545 = DIRECTION ( 'NONE',  ( 0.000000000000000000, 0.000000000000000000, 1.000000000000000000 ) ) ;
#546 = DIRECTION ( 'NONE',  ( 0.000000000000000000, 0.000000000000000000, 1.000000000000000000 ) ) ;
#547 = DIRECTION ( 'NONE',  ( 0.000000000000000000, 0.000000000000000000, -1.000000000000000000 ) ) ;
#548 = ORIENTED_EDGE ( 'NONE', *, *, #4021, .T. ) ;
#549 = VECTOR ( 'NONE', #4192, 39.37007874015748143 ) ;
#550 = EDGE_LOOP ( 'NONE', ( #3130, #2965, #3773, #2175, #2333, #112 ) ) ;
#551 = CARTESIAN_POINT ( 'NONE',  ( 0.2500000000000000000, 0.000000000000000000, 0.000000000000000000 ) ) ;
#552 = AXIS2_PLACEMENT_3D ( 'NONE', #4686, #5665, #293 ) ;
#553 = CARTESIAN_POINT ( 'NONE',  ( 0.2500000000000000000, 0.4168559794537029517, -0.5682702633123818403 ) ) ;
#554 = LINE ( 'NONE', #62, #5780 ) ;
#555 = AXIS2_PLACEMENT_3D ( 'NONE', #3134, #3545, #1685 ) ;
#556 = ORIENTED_EDGE ( 'NONE', *, *, #1304, .T. ) ;
#557 = CIRCLE ( 'NONE', #3850, 0.7916666666666666297 ) ;
#558 = ORIENTED_EDGE ( 'NONE', *, *, #286, .F. ) ;
#559 = AXIS2_PLACEMENT_3D ( 'NONE', #1983, #204, #3332 ) ;
#560 = DIRECTION ( 'NONE',  ( 0.000000000000000000, 0.000000000000000000, 1.000000000000000000 ) ) ;
#561 = LINE ( 'NONE', #1517, #5546 ) ;
#562 = ORIENTED_EDGE ( 'NONE', *, *, #286, .T. ) ;
#563 = EDGE_CURVE ( 'NONE', #4071, #3107, #902, .T. ) ;
#564 = EDGE_CURVE ( 'NONE', #3214, #5173, #1321, .T. ) ;
#565 = DIRECTION ( 'NONE',  ( 0.000000000000000000, 0.000000000000000000, 1.000000000000000000 ) ) ;
#566 = CIRCLE ( 'NONE', #1779, 0.2999999999999998224 ) ;
#567 = EDGE_LOOP ( 'NONE', ( #3146, #911, #138, #5023 ) ) ;
#568 = CARTESIAN_POINT ( 'NONE',  ( 0.2500000000000000000, -0.5946938113062081310, -0.3654357273093258862 ) ) ;
#569 = ADVANCED_FACE ( 'NONE', ( #444 ), #1790, .T. ) ;
#570 = CARTESIAN_POINT ( 'NONE',  ( 0.000000000000000000, 0.000000000000000000, 0.000000000000000000 ) ) ;
#571 = EDGE_LOOP ( 'NONE', ( #3776, #5608, #230, #1469 ) ) ;
#572 = DIRECTION ( 'NONE',  ( -1.000000000000000000, -0.000000000000000000, -0.000000000000000000 ) ) ;
#573 = AXIS2_PLACEMENT_3D ( 'NONE', #4657, #1977, #1944 ) ;
#574 = DIRECTION ( 'NONE',  ( -1.000000000000000000, 0.000000000000000000, 0.000000000000000000 ) ) ;
#575 = DIRECTION ( 'NONE',  ( 0.000000000000000000, -0.3420201433256568335, -0.9396926207859126468 ) ) ;
#576 = CARTESIAN_POINT ( 'NONE',  ( 0.2500000000000000000, 0.000000000000000000, 0.000000000000000000 ) ) ;
#577 = CARTESIAN_POINT ( 'NONE',  ( 0.2500000000000000000, 0.3323020844099063287, 0.6138235289534209604 ) ) ;
#578 = DIRECTION ( 'NONE',  ( 0.000000000000000000, 0.000000000000000000, -1.000000000000000000 ) ) ;
#579 = ORIENTED_EDGE ( 'NONE', *, *, #72, .T. ) ;
#580 = EDGE_CURVE ( 'NONE', #3665, #2792, #2562, .T. ) ;
#581 = VERTEX_POINT ( 'NONE', #4795 ) ;
#582 = DIRECTION ( 'NONE',  ( -1.000000000000000000, 0.000000000000000000, -0.000000000000000000 ) ) ;
#583 = CIRCLE ( 'NONE', #1692, 0.7916666666666666297 ) ;
#584 = DIRECTION ( 'NONE',  ( -1.000000000000000000, -0.000000000000000000, 0.000000000000000000 ) ) ;
#585 = ORIENTED_EDGE ( 'NONE', *, *, #5754, .F. ) ;
#586 = AXIS2_PLACEMENT_3D ( 'NONE', #4917, #934, #38 ) ;
#587 = ORIENTED_EDGE ( 'NONE', *, *, #4225, .F. ) ;
#588 = AXIS2_PLACEMENT_3D ( 'NONE', #2520, #3420, #5216 ) ;
#589 = DIRECTION ( 'NONE',  ( -1.000000000000000000, -0.000000000000000000, -0.000000000000000000 ) ) ;
#590 = DIRECTION ( 'NONE',  ( -1.000000000000000000, 0.000000000000000000, 0.000000000000000000 ) ) ;
#591 = ORIENTED_EDGE ( 'NONE', *, *, #636, .F. ) ;
#592 = DIRECTION ( 'NONE',  ( -1.000000000000000000, 0.000000000000000000, 0.000000000000000000 ) ) ;
#593 = ORIENTED_EDGE ( 'NONE', *, *, #5160, .T. ) ;
#594 = CARTESIAN_POINT ( 'NONE',  ( 0.000000000000000000, 0.000000000000000000, 0.000000000000000000 ) ) ;
#595 = EDGE_CURVE ( 'NONE', #3810, #363, #1650, .T. ) ;
#596 = FACE_OUTER_BOUND ( 'NONE', #349, .T. ) ;
#597 = VERTEX_POINT ( 'NONE', #4317 ) ;
#598 = DIRECTION ( 'NONE',  ( -1.000000000000000000, 0.000000000000000000, 0.000000000000000000 ) ) ;
#599 = LINE ( 'NONE', #2408, #68 ) ;
#600 = AXIS2_PLACEMENT_3D ( 'NONE', #4630, #175, #4295 ) ;
#601 = CARTESIAN_POINT ( 'NONE',  ( 0.2500000000000000000, 0.6846072908519325040, 0.1673704187836297652 ) ) ;
#602 = ADVANCED_FACE ( 'NONE', ( #2120 ), #3745, .F. ) ;
#603 = DIRECTION ( 'NONE',  ( -0.000000000000000000, -0.000000000000000000, 1.000000000000000000 ) ) ;
#604 = CARTESIAN_POINT ( 'NONE',  ( 0.2500000000000000000, 0.6765725148856274185, 0.1973566109173126859 ) ) ;
#605 = FACE_OUTER_BOUND ( 'NONE', #4560, .T. ) ;
#606 = VECTOR ( 'NONE', #4286, 39.37007874015748143 ) ;
#607 = AXIS2_PLACEMENT_3D ( 'NONE', #5292, #2677, #4468 ) ;
#608 = PRODUCT_DEFINITION_SHAPE ( 'NONE', 'NONE',  #4508 ) ;
#609 = ADVANCED_FACE ( 'NONE', ( #4181 ), #342, .T. ) ;
#610 = VERTEX_POINT ( 'NONE', #5544 ) ;
#611 = PLANE ( 'NONE',  #3959 ) ;
#612 = CIRCLE ( 'NONE', #3995, 0.6979999999999999538 ) ;
#613 = AXIS2_PLACEMENT_3D ( 'NONE', #5718, #2000, #223 ) ;
#614 = DIRECTION ( 'NONE',  ( 0.000000000000000000, 0.6427876096865403621, -0.7660444431189771253 ) ) ;
#615 = DIRECTION ( 'NONE',  ( -1.000000000000000000, 0.000000000000000000, -0.000000000000000000 ) ) ;
#616 = ORIENTED_EDGE ( 'NONE', *, *, #376, .T. ) ;
#617 = ORIENTED_EDGE ( 'NONE', *, *, #5220, .F. ) ;
#618 = DIRECTION ( 'NONE',  ( 0.000000000000000000, 0.000000000000000000, 1.000000000000000000 ) ) ;
#619 = DIRECTION ( 'NONE',  ( 0.000000000000000000, 0.000000000000000000, -1.000000000000000000 ) ) ;
#620 = EDGE_CURVE ( 'NONE', #2299, #5410, #4655, .T. ) ;
#621 = EDGE_LOOP ( 'NONE', ( #318, #2502, #757, #2760 ) ) ;
#622 = DIRECTION ( 'NONE',  ( 0.000000000000000000, 0.000000000000000000, -1.000000000000000000 ) ) ;
#623 = ORIENTED_EDGE ( 'NONE', *, *, #3948, .T. ) ;
#624 = CARTESIAN_POINT ( 'NONE',  ( 0.2500000000000000000, -0.5946938113062081310, -0.3654357273093258862 ) ) ;
#625 = CARTESIAN_POINT ( 'NONE',  ( 0.2500000000000000000, -0.5092020961020032876, 0.4872506799346267847 ) ) ;
#626 = ORIENTED_EDGE ( 'NONE', *, *, #2946, .T. ) ;
#627 = ORIENTED_EDGE ( 'NONE', *, *, #5303, .T. ) ;
#628 = DIRECTION ( 'NONE',  ( -1.000000000000000000, 0.000000000000000000, -0.000000000000000000 ) ) ;
#629 = VECTOR ( 'NONE', #4149, 39.37007874015748143 ) ;
#630 = AXIS2_PLACEMENT_3D ( 'NONE', #2112, #3905, #244 ) ;
#631 = CARTESIAN_POINT ( 'NONE',  ( 0.2500000000000000000, 0.000000000000000000, 0.000000000000000000 ) ) ;
#632 = DIRECTION ( 'NONE',  ( -1.000000000000000000, 0.000000000000000000, 0.000000000000000000 ) ) ;
#633 = DIRECTION ( 'NONE',  ( 0.000000000000000000, 0.000000000000000000, 1.000000000000000000 ) ) ;
#634 = AXIS2_PLACEMENT_3D ( 'NONE', #5531, #1836, #1395 ) ;
#635 = CARTESIAN_POINT ( 'NONE',  ( 0.2500000000000000000, 0.000000000000000000, 0.000000000000000000 ) ) ;
#636 = EDGE_CURVE ( 'NONE', #1466, #3787, #4429, .T. ) ;
#637 = ORIENTED_EDGE ( 'NONE', *, *, #3838, .F. ) ;
#638 = EDGE_LOOP ( 'NONE', ( #2733, #5422, #1797, #2729 ) ) ;
#639 = DIRECTION ( 'NONE',  ( 0.000000000000000000, -0.6427876096865300370, -0.7660444431189857850 ) ) ;
#640 = DIRECTION ( 'NONE',  ( -1.000000000000000000, 0.000000000000000000, -0.000000000000000000 ) ) ;
#641 = EDGE_CURVE ( 'NONE', #245, #2533, #1884, .T. ) ;
#642 = DIRECTION ( 'NONE',  ( 0.000000000000000000, 0.000000000000000000, 1.000000000000000000 ) ) ;
#643 = VECTOR ( 'NONE', #5613, 39.37007874015748143 ) ;
#644 = ORIENTED_EDGE ( 'NONE', *, *, #5327, .T. ) ;
#645 = ORIENTED_EDGE ( 'NONE', *, *, #676, .T. ) ;
#646 = VERTEX_POINT ( 'NONE', #1662 ) ;
#647 = AXIS2_PLACEMENT_3D ( 'NONE', #81, #2804, #4604 ) ;
#648 = DIRECTION ( 'NONE',  ( 0.000000000000000000, 0.000000000000000000, 1.000000000000000000 ) ) ;
#649 = LINE ( 'NONE', #2393, #5694 ) ;
#650 = VECTOR ( 'NONE', #1971, 39.37007874015748143 ) ;
#651 = EDGE_CURVE ( 'NONE', #364, #4478, #5263, .T. ) ;
#652 = AXIS2_PLACEMENT_3D ( 'NONE', #1536, #3308, #717 ) ;
#653 = ORIENTED_EDGE ( 'NONE', *, *, #1705, .F. ) ;
#654 = CARTESIAN_POINT ( 'NONE',  ( 0.2500000000000000000, 0.4631514340850053091, -0.5222018279410776120 ) ) ;
#655 = DIRECTION ( 'NONE',  ( -1.000000000000000000, 0.000000000000000000, -0.000000000000000000 ) ) ;
#656 = ORIENTED_EDGE ( 'NONE', *, *, #1094, .F. ) ;
#657 = CYLINDRICAL_SURFACE ( 'NONE', #3755, 0.2999999999999998779 ) ;
#658 = DIRECTION ( 'NONE',  ( 1.000000000000000000, 0.000000000000000000, 0.000000000000000000 ) ) ;
#659 = DIRECTION ( 'NONE',  ( 0.000000000000000000, -6.982962677686266711E-15, 1.000000000000000000 ) ) ;
#660 = DIRECTION ( 'NONE',  ( -1.000000000000000000, 0.000000000000000000, 0.000000000000000000 ) ) ;
#661 = CARTESIAN_POINT ( 'NONE',  ( 0.000000000000000000, 0.4872506799346285056, 0.5092020961020015113 ) ) ;
#662 = DIRECTION ( 'NONE',  ( -1.000000000000000000, 0.000000000000000000, 0.000000000000000000 ) ) ;
#663 = VECTOR ( 'NONE', #1140, 39.37007874015748143 ) ;
#664 = ORIENTED_EDGE ( 'NONE', *, *, #2330, .T. ) ;
#665 = ORIENTED_EDGE ( 'NONE', *, *, #1972, .F. ) ;
#666 = DIRECTION ( 'NONE',  ( -0.000000000000000000, -0.8660254037844382635, -0.5000000000000005551 ) ) ;
#667 = ADVANCED_FACE ( 'NONE', ( #3468 ), #2396, .T. ) ;
#668 = DIRECTION ( 'NONE',  ( -1.000000000000000000, -0.000000000000000000, 0.000000000000000000 ) ) ;
#669 = FACE_OUTER_BOUND ( 'NONE', #4619, .T. ) ;
#670 = CIRCLE ( 'NONE', #3488, 0.7916666666666666297 ) ;
#671 = AXIS2_PLACEMENT_3D ( 'NONE', #4342, #1022, #283 ) ;
#672 = ORIENTED_EDGE ( 'NONE', *, *, #707, .T. ) ;
#673 = CIRCLE ( 'NONE', #3588, 0.7916666666666666297 ) ;
#674 = EDGE_CURVE ( 'NONE', #3179, #5701, #1975, .T. ) ;
#675 = DIRECTION ( 'NONE',  ( 0.000000000000000000, -0.8660254037844384856, 0.5000000000000002220 ) ) ;
#676 = EDGE_CURVE ( 'NONE', #2299, #235, #5757, .T. ) ;
#677 = DIRECTION ( 'NONE',  ( -1.000000000000000000, 0.000000000000000000, 0.000000000000000000 ) ) ;
#678 = CIRCLE ( 'NONE', #1892, 0.6979999999999998428 ) ;
#679 = EDGE_CURVE ( 'NONE', #1609, #5173, #1602, .T. ) ;
#680 = CIRCLE ( 'NONE', #4628, 0.2999999999999999334 ) ;
#681 = ORIENTED_EDGE ( 'NONE', *, *, #1098, .F. ) ;
#682 = EDGE_CURVE ( 'NONE', #686, #3846, #3962, .T. ) ;
#683 = DIRECTION ( 'NONE',  ( -1.000000000000000000, 0.000000000000000000, 0.000000000000000000 ) ) ;
#684 = DIRECTION ( 'NONE',  ( -1.000000000000000000, -0.000000000000000000, 0.000000000000000000 ) ) ;
#685 = ORIENTED_EDGE ( 'NONE', *, *, #4027, .T. ) ;
#686 = VERTEX_POINT ( 'NONE', #3910 ) ;
#687 =( NAMED_UNIT ( * ) SI_UNIT ( $, .STERADIAN. ) SOLID_ANGLE_UNIT ( ) );
#688 = CARTESIAN_POINT ( 'NONE',  ( 0.000000000000000000, -0.7613742058348149655, 0.2168995846019903528 ) ) ;
#689 = FACE_OUTER_BOUND ( 'NONE', #1583, .T. ) ;
#690 = CARTESIAN_POINT ( 'NONE',  ( 0.2500000000000000000, -0.01912971764721161858, 0.6977378117192286622 ) ) ;
#691 = DIRECTION ( 'NONE',  ( -1.000000000000000000, -0.000000000000000000, -0.000000000000000000 ) ) ;
#692 = VERTEX_POINT ( 'NONE', #2090 ) ;
#693 = CIRCLE ( 'NONE', #3136, 0.7916666666666666297 ) ;
#694 = ORIENTED_EDGE ( 'NONE', *, *, #4464, .F. ) ;
#695 = VERTEX_POINT ( 'NONE', #1633 ) ;
#696 = DIRECTION ( 'NONE',  ( -1.000000000000000000, -0.000000000000000000, -0.000000000000000000 ) ) ;
#697 = AXIS2_PLACEMENT_3D ( 'NONE', #3433, #1573, #1129 ) ;
#698 = AXIS2_PLACEMENT_3D ( 'NONE', #2219, #325, #3534 ) ;
#699 = CYLINDRICAL_SURFACE ( 'NONE', #463, 0.6979999999999999538 ) ;
#700 = DIRECTION ( 'NONE',  ( 0.000000000000000000, -0.7660444431189836756, 0.6427876096865328126 ) ) ;
#701 = ADVANCED_FACE ( 'NONE', ( #5231 ), #3436, .F. ) ;
#702 = ORIENTED_EDGE ( 'NONE', *, *, #1098, .T. ) ;
#703 = VECTOR ( 'NONE', #3663, 39.37007874015748143 ) ;
#704 = CIRCLE ( 'NONE', #607, 0.2999999999999998224 ) ;
#705 = CARTESIAN_POINT ( 'NONE',  ( -0.3937007874015748254, 0.000000000000000000, 0.000000000000000000 ) ) ;
#706 = LINE ( 'NONE', #732, #130 ) ;
#707 = EDGE_CURVE ( 'NONE', #2818, #3644, #4712, .T. ) ;
#708 = ORIENTED_EDGE ( 'NONE', *, *, #2942, .F. ) ;
#709 = AXIS2_PLACEMENT_3D ( 'NONE', #2631, #446, #1261 ) ;
#710 = DIRECTION ( 'NONE',  ( 1.000000000000000000, 0.000000000000000000, 0.000000000000000000 ) ) ;
#711 = ORIENTED_EDGE ( 'NONE', *, *, #1805, .T. ) ;
#712 = DIRECTION ( 'NONE',  ( -1.000000000000000000, 0.000000000000000000, 0.000000000000000000 ) ) ;
#713 = ADVANCED_FACE ( 'NONE', ( #3715 ), #5517, .T. ) ;
#714 = CARTESIAN_POINT ( 'NONE',  ( 0.000000000000000000, -0.4872506799346251749, -0.5092020961020048420 ) ) ;
#715 = LINE ( 'NONE', #4663, #2473 ) ;
#716 = CARTESIAN_POINT ( 'NONE',  ( 0.000000000000000000, -0.01912971764721161858, 0.6977378117192286622 ) ) ;
#717 = DIRECTION ( 'NONE',  ( 0.000000000000000000, 0.000000000000000000, -1.000000000000000000 ) ) ;
#718 = CARTESIAN_POINT ( 'NONE',  ( 0.000000000000000000, 0.7005644739706470281, 0.2231272637298477024 ) ) ;
#719 = ORIENTED_EDGE ( 'NONE', *, *, #4733, .T. ) ;
#720 = CIRCLE ( 'NONE', #4497, 0.6979999999999998428 ) ;
#721 = VERTEX_POINT ( 'NONE', #1309 ) ;
#722 = VERTEX_POINT ( 'NONE', #3524 ) ;
#723 = VERTEX_POINT ( 'NONE', #1780 ) ;
#724 = EDGE_CURVE ( 'NONE', #3219, #1096, #3683, .T. ) ;
#725 = DIRECTION ( 'NONE',  ( -1.000000000000000000, -0.000000000000000000, 0.000000000000000000 ) ) ;
#726 = LINE ( 'NONE', #3822, #3464 ) ;
#727 = CARTESIAN_POINT ( 'NONE',  ( 0.2500000000000000000, 0.4168559794537029517, -0.5682702633123818403 ) ) ;
#728 = ORIENTED_EDGE ( 'NONE', *, *, #4771, .T. ) ;
#729 = DIRECTION ( 'NONE',  ( -1.000000000000000000, 0.000000000000000000, -0.000000000000000000 ) ) ;
#730 = CARTESIAN_POINT ( 'NONE',  ( 0.2500000000000000000, -0.1023218052424429980, -0.6904594471595905114 ) ) ;
#731 = CIRCLE ( 'NONE', #1159, 0.6979999999999999538 ) ;
#732 = CARTESIAN_POINT ( 'NONE',  ( 0.09814954576223638982, 0.1699999999999999567, 0.5000000000000000000 ) ) ;
#733 = VERTEX_POINT ( 'NONE', #5807 ) ;
#734 = CIRCLE ( 'NONE', #3361, 0.2999999999999998224 ) ;
#735 = CARTESIAN_POINT ( 'NONE',  ( 0.2500000000000000000, 0.5092020961019999570, 0.4872506799346302264 ) ) ;
#736 = AXIS2_PLACEMENT_3D ( 'NONE', #887, #2690, #3510 ) ;
#737 = EDGE_CURVE ( 'NONE', #1153, #4541, #5775, .T. ) ;
#738 = VECTOR ( 'NONE', #1442, 39.37007874015748143 ) ;
#739 = DIRECTION ( 'NONE',  ( -1.000000000000000000, -0.000000000000000000, -0.000000000000000000 ) ) ;
#740 = ORIENTED_EDGE ( 'NONE', *, *, #4226, .F. ) ;
#741 = AXIS2_PLACEMENT_3D ( 'NONE', #306, #640, #5653 ) ;
#742 = AXIS2_PLACEMENT_3D ( 'NONE', #3623, #4093, #408 ) ;
#743 = DIRECTION ( 'NONE',  ( -1.000000000000000000, 0.000000000000000000, 0.000000000000000000 ) ) ;
#744 = ORIENTED_EDGE ( 'NONE', *, *, #4479, .T. ) ;
#745 = CARTESIAN_POINT ( 'NONE',  ( 0.000000000000000000, 0.6977378117192286622, -0.01912971764720911710 ) ) ;
#746 = ADVANCED_FACE ( 'NONE', ( #2236 ), #433, .T. ) ;
#747 = ORIENTED_EDGE ( 'NONE', *, *, #1552, .T. ) ;
#748 = DIRECTION ( 'NONE',  ( -1.000000000000000000, -0.000000000000000000, -0.000000000000000000 ) ) ;
#749 = CARTESIAN_POINT ( 'NONE',  ( 0.2500000000000000000, 0.000000000000000000, 0.000000000000000000 ) ) ;
#750 = DIRECTION ( 'NONE',  ( 0.000000000000000000, -0.9848077530122062440, -0.1736481776669402677 ) ) ;
#751 = EDGE_LOOP ( 'NONE', ( #4710, #2898, #3730, #753 ) ) ;
#752 = ORIENTED_EDGE ( 'NONE', *, *, #1475, .F. ) ;
#753 = ORIENTED_EDGE ( 'NONE', *, *, #3838, .T. ) ;
#754 = DIRECTION ( 'NONE',  ( -1.000000000000000000, 0.000000000000000000, 0.000000000000000000 ) ) ;
#755 = CARTESIAN_POINT ( 'NONE',  ( 0.000000000000000000, 0.000000000000000000, 0.000000000000000000 ) ) ;
#756 = DIRECTION ( 'NONE',  ( -1.000000000000000000, 0.000000000000000000, 0.000000000000000000 ) ) ;
#757 = ORIENTED_EDGE ( 'NONE', *, *, #3944, .T. ) ;
#758 = DIRECTION ( 'NONE',  ( 0.000000000000000000, -0.8660254037844431485, 0.4999999999999919509 ) ) ;
#759 = APPLICATION_CONTEXT ( 'automotive_design' ) ;
#760 = CYLINDRICAL_SURFACE ( 'NONE', #1415, 0.2999999999999998779 ) ;
#761 = DIRECTION ( 'NONE',  ( -1.000000000000000000, 0.000000000000000000, 0.000000000000000000 ) ) ;
#762 = ORIENTED_EDGE ( 'NONE', *, *, #4126, .T. ) ;
#763 = ORIENTED_EDGE ( 'NONE', *, *, #5078, .F. ) ;
#764 = VERTEX_POINT ( 'NONE', #2264 ) ;
#765 = DIRECTION ( 'NONE',  ( -1.000000000000000000, 0.000000000000000000, -0.000000000000000000 ) ) ;
#766 = EDGE_CURVE ( 'NONE', #3303, #2609, #4941, .T. ) ;
#767 = CARTESIAN_POINT ( 'NONE',  ( 0.000000000000000000, 0.2206643318571559764, -0.6622018216873424290 ) ) ;
#768 = CARTESIAN_POINT ( 'NONE',  ( 0.000000000000000000, 0.5946938113062157916, -0.3654357273093133407 ) ) ;
#769 = DIRECTION ( 'NONE',  ( 1.000000000000000000, 0.000000000000000000, 0.000000000000000000 ) ) ;
#770 = CARTESIAN_POINT ( 'NONE',  ( 0.2500000000000000000, -0.3914262312077940731, -0.5860763647289425338 ) ) ;
#771 = CARTESIAN_POINT ( 'NONE',  ( -0.3937007874015748254, 0.000000000000000000, 0.000000000000000000 ) ) ;
#772 = ORIENTED_EDGE ( 'NONE', *, *, #5603, .F. ) ;
#773 = ORIENTED_EDGE ( 'NONE', *, *, #2082, .F. ) ;
#774 = ADVANCED_FACE ( 'NONE', ( #4498 ), #1338, .T. ) ;
#775 = EDGE_LOOP ( 'NONE', ( #2495, #1057, #4814, #4580 ) ) ;
#776 = CARTESIAN_POINT ( 'NONE',  ( 0.2500000000000000000, -0.4168559794536916274, -0.5682702633123901670 ) ) ;
#777 = DIRECTION ( 'NONE',  ( 0.000000000000000000, 1.000000000000000000, 3.642463991552352536E-15 ) ) ;
#778 = DIRECTION ( 'NONE',  ( 0.000000000000000000, -0.9396926207859115365, 0.3420201433256601642 ) ) ;
#779 = CIRCLE ( 'NONE', #3983, 0.2999999999999998224 ) ;
#780 = ADVANCED_FACE ( 'NONE', ( #3108 ), #930, .T. ) ;
#781 = VERTEX_POINT ( 'NONE', #5290 ) ;
#782 = DIRECTION ( 'NONE',  ( -1.000000000000000000, 0.000000000000000000, 0.000000000000000000 ) ) ;
#783 = AXIS2_PLACEMENT_3D ( 'NONE', #4258, #3406, #3024 ) ;
#784 = CIRCLE ( 'NONE', #5022, 0.7916666666666666297 ) ;
#785 = CARTESIAN_POINT ( 'NONE',  ( 0.2500000000000000000, 0.000000000000000000, 0.000000000000000000 ) ) ;
#786 = FACE_OUTER_BOUND ( 'NONE', #3447, .T. ) ;
#787 = CIRCLE ( 'NONE', #882, 0.6979999999999999538 ) ;
#788 = ORIENTED_EDGE ( 'NONE', *, *, #5314, .T. ) ;
#789 = AXIS2_PLACEMENT_3D ( 'NONE', #3169, #871, #346 ) ;
#790 = ORIENTED_EDGE ( 'NONE', *, *, #1672, .F. ) ;
#791 = EDGE_CURVE ( 'NONE', #2661, #1322, #1372, .T. ) ;
#792 = CARTESIAN_POINT ( 'NONE',  ( 0.2500000000000000000, 0.6622018216873445384, 0.2206643318571492041 ) ) ;
#793 = CIRCLE ( 'NONE', #3618, 0.6980000000000000648 ) ;
#794 = CIRCLE ( 'NONE', #4091, 0.2999999999999998779 ) ;
#795 = CARTESIAN_POINT ( 'NONE',  ( 0.2500000000000000000, -0.01912971764721161858, 0.6977378117192286622 ) ) ;
#796 = ORIENTED_EDGE ( 'NONE', *, *, #4407, .T. ) ;
#797 = CARTESIAN_POINT ( 'NONE',  ( 0.1250000000000000278, -0.7613742058348119679, -0.2168995846020006224 ) ) ;
#798 = CARTESIAN_POINT ( 'NONE',  ( 0.2500000000000000000, -0.2837084945169445205, -0.6451429995825411767 ) ) ;
#799 = DIRECTION ( 'NONE',  ( 0.000000000000000000, 0.000000000000000000, 1.000000000000000000 ) ) ;
#800 = DIRECTION ( 'NONE',  ( 1.000000000000000000, 0.000000000000000000, -0.000000000000000000 ) ) ;
#801 = VERTEX_POINT ( 'NONE', #1246 ) ;
#802 = VECTOR ( 'NONE', #2170, 39.37007874015748143 ) ;
#803 = ORIENTED_EDGE ( 'NONE', *, *, #923, .F. ) ;
#804 = ORIENTED_EDGE ( 'NONE', *, *, #2331, .T. ) ;
#805 = CARTESIAN_POINT ( 'NONE',  ( 0.2500000000000000000, 0.000000000000000000, 0.000000000000000000 ) ) ;
#806 = DIRECTION ( 'NONE',  ( -1.000000000000000000, 0.000000000000000000, 0.000000000000000000 ) ) ;
#807 = ADVANCED_FACE ( 'NONE', ( #4523 ), #4466, .T. ) ;
#808 = DIRECTION ( 'NONE',  ( 0.000000000000000000, 0.000000000000000000, 1.000000000000000000 ) ) ;
#809 = ORIENTED_EDGE ( 'NONE', *, *, #2475, .F. ) ;
#810 = FACE_OUTER_BOUND ( 'NONE', #5545, .T. ) ;
#811 = CARTESIAN_POINT ( 'NONE',  ( 0.000000000000000000, -0.4642242541061167849, 0.6412736958668509013 ) ) ;
#812 = ADVANCED_FACE ( 'NONE', ( #2730 ), #1366, .T. ) ;
#813 = CARTESIAN_POINT ( 'NONE',  ( 0.000000000000000000, 0.000000000000000000, 0.000000000000000000 ) ) ;
#814 = ADVANCED_FACE ( 'NONE', ( #4851 ), #3079, .T. ) ;
#815 = VERTEX_POINT ( 'NONE', #3055 ) ;
#816 = CYLINDRICAL_SURFACE ( 'NONE', #2093, 0.2999999999999998779 ) ;
#817 = DIRECTION ( 'NONE',  ( 0.000000000000000000, 0.000000000000000000, 1.000000000000000000 ) ) ;
#818 = ORIENTED_EDGE ( 'NONE', *, *, #3886, .F. ) ;
#819 = APPLICATION_PROTOCOL_DEFINITION ( 'draft international standard', 'automotive_design', 1998, #4256 ) ;
#820 = VECTOR ( 'NONE', #2552, 39.37007874015748143 ) ;
#821 = ADVANCED_FACE ( 'NONE', ( #810 ), #2615, .T. ) ;
#822 = CARTESIAN_POINT ( 'NONE',  ( 0.000000000000000000, 0.000000000000000000, 0.000000000000000000 ) ) ;
#823 = EDGE_LOOP ( 'NONE', ( #2851, #4703, #5039, #4842 ) ) ;
#824 = CARTESIAN_POINT ( 'NONE',  ( 0.000000000000000000, -0.1673704187836227986, -0.6846072908519339473 ) ) ;
#825 = CIRCLE ( 'NONE', #60, 0.6979999999999998428 ) ;
#826 = CYLINDRICAL_SURFACE ( 'NONE', #3843, 0.6979999999999999538 ) ;
#827 = DIRECTION ( 'NONE',  ( -1.000000000000000000, 0.000000000000000000, 0.000000000000000000 ) ) ;
#828 = ORIENTED_EDGE ( 'NONE', *, *, #5754, .T. ) ;
#829 = DIRECTION ( 'NONE',  ( -1.000000000000000000, -0.000000000000000000, -0.000000000000000000 ) ) ;
#830 = AXIS2_PLACEMENT_3D ( 'NONE', #1505, #434, #545 ) ;
#831 = VERTEX_POINT ( 'NONE', #838 ) ;
#832 = ORIENTED_EDGE ( 'NONE', *, *, #2975, .T. ) ;
#833 = AXIS2_PLACEMENT_3D ( 'NONE', #4219, #2076, #3815 ) ;
#834 = DIRECTION ( 'NONE',  ( -1.000000000000000000, 0.000000000000000000, 0.000000000000000000 ) ) ;
#835 = CYLINDRICAL_SURFACE ( 'NONE', #5543, 0.2999999999999999334 ) ;
#836 = CARTESIAN_POINT ( 'NONE',  ( 0.000000000000000000, 0.5685276532530256777, 0.5509196117381540692 ) ) ;
#837 = EDGE_LOOP ( 'NONE', ( #1730, #617, #988, #1406 ) ) ;
#838 = CARTESIAN_POINT ( 'NONE',  ( 0.000000000000000000, 0.7896417498925578649, -0.05658637590206649914 ) ) ;
#839 = EDGE_CURVE ( 'NONE', #3314, #2990, #1942, .T. ) ;
#840 = DIRECTION ( 'NONE',  ( -1.000000000000000000, -0.000000000000000000, 0.000000000000000000 ) ) ;
#841 = LINE ( 'NONE', #3057, #3141 ) ;
#842 = CARTESIAN_POINT ( 'NONE',  ( 0.2500000000000000000, -0.5860763647289412015, 0.3914262312077961825 ) ) ;
#843 = VERTEX_POINT ( 'NONE', #400 ) ;
#844 = ADVANCED_FACE ( 'NONE', ( #869 ), #5558, .T. ) ;
#845 = CIRCLE ( 'NONE', #3862, 0.6979999999999999538 ) ;
#846 = EDGE_LOOP ( 'NONE', ( #3031, #3071, #3821, #4385 ) ) ;
#847 = ADVANCED_FACE ( 'NONE', ( #4613 ), #3256, .T. ) ;
#848 = LINE ( 'NONE', #2623, #4419 ) ;
#849 = FACE_OUTER_BOUND ( 'NONE', #3914, .T. ) ;
#850 = EDGE_CURVE ( 'NONE', #4064, #2206, #906, .T. ) ;
#851 = ORIENTED_EDGE ( 'NONE', *, *, #2196, .T. ) ;
#852 = EDGE_CURVE ( 'NONE', #2447, #4872, #3285, .T. ) ;
#853 = VECTOR ( 'NONE', #4624, 39.37007874015748143 ) ;
#854 = LINE ( 'NONE', #5271, #5638 ) ;
#855 = VERTEX_POINT ( 'NONE', #32 ) ;
#856 = DIRECTION ( 'NONE',  ( -1.000000000000000000, -0.000000000000000000, -0.000000000000000000 ) ) ;
#857 = ORIENTED_EDGE ( 'NONE', *, *, #1038, .T. ) ;
#858 = DIRECTION ( 'NONE',  ( 0.000000000000000000, 0.000000000000000000, 1.000000000000000000 ) ) ;
#859 = DIRECTION ( 'NONE',  ( 0.000000000000000000, 0.8660254037844398178, -0.4999999999999980571 ) ) ;
#860 = DIRECTION ( 'NONE',  ( -1.000000000000000000, -0.000000000000000000, 0.000000000000000000 ) ) ;
#861 = AXIS2_PLACEMENT_3D ( 'NONE', #4768, #2542, #560 ) ;
#862 = ORIENTED_EDGE ( 'NONE', *, *, #3814, .F. ) ;
#863 = AXIS2_PLACEMENT_3D ( 'NONE', #4775, #1590, #3393 ) ;
#864 = VERTEX_POINT ( 'NONE', #3312 ) ;
#865 = DIRECTION ( 'NONE',  ( -1.000000000000000000, -0.000000000000000000, 0.000000000000000000 ) ) ;
#866 = CARTESIAN_POINT ( 'NONE',  ( 0.2500000000000000000, -0.6838157659421487677, 0.1399999937462575172 ) ) ;
#867 = CARTESIAN_POINT ( 'NONE',  ( 0.000000000000000000, 0.1399999937462597377, 0.6838157659421484347 ) ) ;
#868 = ORIENTED_EDGE ( 'NONE', *, *, #2684, .F. ) ;
#869 = FACE_OUTER_BOUND ( 'NONE', #1185, .T. ) ;
#870 = CARTESIAN_POINT ( 'NONE',  ( 0.2500000000000000000, 0.4872506799346285056, 0.5092020961020015113 ) ) ;
#871 = DIRECTION ( 'NONE',  ( -1.000000000000000000, 0.000000000000000000, 0.000000000000000000 ) ) ;
#872 = DIRECTION ( 'NONE',  ( 0.000000000000000000, 0.8660254037844384856, 0.5000000000000002220 ) ) ;
#873 = ORIENTED_EDGE ( 'NONE', *, *, #3927, .F. ) ;
#874 = CIRCLE ( 'NONE', #5106, 0.6980000000000000648 ) ;
#875 = DIRECTION ( 'NONE',  ( 0.000000000000000000, 0.9848077530122073542, 0.1736481776669339949 ) ) ;
#876 = EDGE_CURVE ( 'NONE', #2711, #4465, #4081, .T. ) ;
#877 = DIRECTION ( 'NONE',  ( -1.000000000000000000, 0.000000000000000000, 0.000000000000000000 ) ) ;
#878 = CIRCLE ( 'NONE', #3613, 0.7916666666666666297 ) ;
#879 = CIRCLE ( 'NONE', #3050, 0.2999999999999998779 ) ;
#880 = EDGE_CURVE ( 'NONE', #1006, #4316, #91, .T. ) ;
#881 = FACE_OUTER_BOUND ( 'NONE', #1902, .T. ) ;
#882 = AXIS2_PLACEMENT_3D ( 'NONE', #570, #1381, #4982 ) ;
#883 = VERTEX_POINT ( 'NONE', #3763 ) ;
#884 = CARTESIAN_POINT ( 'NONE',  ( 0.2500000000000000000, -0.4631514340849947065, -0.5222018279410869379 ) ) ;
#885 = AXIS2_PLACEMENT_3D ( 'NONE', #2480, #1105, #5203 ) ;
#886 = ORIENTED_EDGE ( 'NONE', *, *, #1398, .T. ) ;
#887 = CARTESIAN_POINT ( 'NONE',  ( 0.000000000000000000, 0.000000000000000000, 0.000000000000000000 ) ) ;
#888 = ADVANCED_FACE ( 'NONE', ( #2754 ), #5108, .T. ) ;
#889 = CARTESIAN_POINT ( 'NONE',  ( 0.000000000000000000, 0.01912971764720668502, 0.6977378117192288842 ) ) ;
#890 = CARTESIAN_POINT ( 'NONE',  ( 0.2500000000000000000, -0.6838157659421469914, -0.1399999937462668431 ) ) ;
#891 = EDGE_LOOP ( 'NONE', ( #4977, #5312, #3226, #5181 ) ) ;
#892 = ORIENTED_EDGE ( 'NONE', *, *, #276, .F. ) ;
#893 = AXIS2_PLACEMENT_3D ( 'NONE', #5609, #1560, #3360 ) ;
#894 = DIRECTION ( 'NONE',  ( -1.000000000000000000, 0.000000000000000000, 0.000000000000000000 ) ) ;
#895 = DIRECTION ( 'NONE',  ( 0.000000000000000000, 0.000000000000000000, -1.000000000000000000 ) ) ;
#896 = CARTESIAN_POINT ( 'NONE',  ( 0.000000000000000000, -0.3458156359069871066, -0.7121430032467896964 ) ) ;
#897 = EDGE_CURVE ( 'NONE', #2974, #4509, #5756, .T. ) ;
#898 = ORIENTED_EDGE ( 'NONE', *, *, #4869, .F. ) ;
#899 = DIRECTION ( 'NONE',  ( -1.000000000000000000, -0.000000000000000000, -0.000000000000000000 ) ) ;
#900 = DIRECTION ( 'NONE',  ( 0.000000000000000000, 1.000000000000000000, 3.642463991552352536E-15 ) ) ;
#901 = DIRECTION ( 'NONE',  ( 0.000000000000000000, 0.000000000000000000, 1.000000000000000000 ) ) ;
#902 = CIRCLE ( 'NONE', #2880, 0.2999999999999998779 ) ;
#903 = CIRCLE ( 'NONE', #4381, 0.6979999999999999538 ) ;
#904 = ORIENTED_EDGE ( 'NONE', *, *, #2437, .T. ) ;
#905 = CARTESIAN_POINT ( 'NONE',  ( 0.000000000000000000, 0.000000000000000000, 0.000000000000000000 ) ) ;
#906 = CIRCLE ( 'NONE', #3921, 0.7916666666666666297 ) ;
#907 = CARTESIAN_POINT ( 'NONE',  ( 0.000000000000000000, 0.7874714384524875710, 0.08139314917535070415 ) ) ;
#908 = ORIENTED_EDGE ( 'NONE', *, *, #3476, .F. ) ;
#909 = VERTEX_POINT ( 'NONE', #4196 ) ;
#910 = DIRECTION ( 'NONE',  ( -1.000000000000000000, -0.000000000000000000, 0.000000000000000000 ) ) ;
#911 = ORIENTED_EDGE ( 'NONE', *, *, #791, .F. ) ;
#912 = CARTESIAN_POINT ( 'NONE',  ( 0.2500000000000000000, -0.08139314917535322991, 0.7874714384524873489 ) ) ;
#913 = EDGE_CURVE ( 'NONE', #3020, #5254, #3198, .T. ) ;
#914 = AXIS2_PLACEMENT_3D ( 'NONE', #1925, #5528, #5497 ) ;
#915 = DIRECTION ( 'NONE',  ( -1.000000000000000000, -0.000000000000000000, -0.000000000000000000 ) ) ;
#916 = CARTESIAN_POINT ( 'NONE',  ( 0.2500000000000000000, 0.000000000000000000, 0.000000000000000000 ) ) ;
#917 = CIRCLE ( 'NONE', #5715, 0.7916666666666666297 ) ;
#918 = ORIENTED_EDGE ( 'NONE', *, *, #1121, .T. ) ;
#919 = EDGE_CURVE ( 'NONE', #2791, #3871, #955, .T. ) ;
#920 = CARTESIAN_POINT ( 'NONE',  ( 0.1250000000000000000, 0.7226668450422033541, 0.3232471843463745609 ) ) ;
#921 = VECTOR ( 'NONE', #5151, 39.37007874015748143 ) ;
#922 = CARTESIAN_POINT ( 'NONE',  ( 0.000000000000000000, 0.3914262312078063411, -0.5860763647289342071 ) ) ;
#923 = EDGE_CURVE ( 'NONE', #5738, #3347, #670, .T. ) ;
#924 = DIRECTION ( 'NONE',  ( -1.000000000000000000, -0.000000000000000000, 0.000000000000000000 ) ) ;
#925 = VECTOR ( 'NONE', #4009, 39.37007874015748143 ) ;
#926 = FACE_OUTER_BOUND ( 'NONE', #1238, .T. ) ;
#927 = CIRCLE ( 'NONE', #2445, 0.6979999999999999538 ) ;
#928 = ORIENTED_EDGE ( 'NONE', *, *, #4492, .T. ) ;
#929 = AXIS2_PLACEMENT_3D ( 'NONE', #4890, #472, #5815 ) ;
#930 = CYLINDRICAL_SURFACE ( 'NONE', #2885, 0.6979999999999999538 ) ;
#931 = CARTESIAN_POINT ( 'NONE',  ( 0.2500000000000000000, 0.4168559794536954577, 0.5682702633123873914 ) ) ;
#932 = DIRECTION ( 'NONE',  ( 0.000000000000000000, 0.9396926207859068736, 0.3420201433256725987 ) ) ;
#933 = ORIENTED_EDGE ( 'NONE', *, *, #1232, .F. ) ;
#934 = DIRECTION ( 'NONE',  ( -1.000000000000000000, 0.000000000000000000, 0.000000000000000000 ) ) ;
#935 = DIRECTION ( 'NONE',  ( -1.000000000000000000, 0.000000000000000000, 0.000000000000000000 ) ) ;
#936 = VERTEX_POINT ( 'NONE', #491 ) ;
#937 = AXIS2_PLACEMENT_3D ( 'NONE', #3918, #3891, #1641 ) ;
#938 = DIRECTION ( 'NONE',  ( -1.000000000000000000, 0.000000000000000000, 0.000000000000000000 ) ) ;
#939 = PRODUCT_DEFINITION ( 'UNKNOWN', '', #1582, #1409 ) ;
#940 = VERTEX_POINT ( 'NONE', #155 ) ;
#941 = CARTESIAN_POINT ( 'NONE',  ( 0.1250000000000000000, -0.7226668450422054635, 0.3232471843463695649 ) ) ;
#942 = CARTESIAN_POINT ( 'NONE',  ( 0.2500000000000000000, -0.6138235289534222927, 0.3323020844099041082 ) ) ;
#943 = CIRCLE ( 'NONE', #1410, 0.2999999999999999334 ) ;
#944 = VERTEX_POINT ( 'NONE', #982 ) ;
#945 = DIRECTION ( 'NONE',  ( 0.000000000000000000, 0.000000000000000000, 1.000000000000000000 ) ) ;
#946 = ADVANCED_FACE ( 'NONE', ( #523 ), #127, .T. ) ;
#947 = CARTESIAN_POINT ( 'NONE',  ( 0.000000000000000000, 0.000000000000000000, 0.000000000000000000 ) ) ;
#948 = LINE ( 'NONE', #2378, #3595 ) ;
#949 = CARTESIAN_POINT ( 'NONE',  ( 0.2500000000000000000, -0.4872506799346251749, -0.5092020961020048420 ) ) ;
#950 = AXIS2_PLACEMENT_3D ( 'NONE', #222, #5088, #618 ) ;
#951 = CARTESIAN_POINT ( 'NONE',  ( 0.2500000000000000000, 0.5860763647289384259, 0.3914262312078002348 ) ) ;
#952 = CIRCLE ( 'NONE', #2655, 0.2999999999999998779 ) ;
#953 = ADVANCED_FACE ( 'NONE', ( #4641 ), #611, .F. ) ;
#954 = ORIENTED_EDGE ( 'NONE', *, *, #4235, .F. ) ;
#955 = LINE ( 'NONE', #1453, #3205 ) ;
#956 =( NAMED_UNIT ( * ) PLANE_ANGLE_UNIT ( ) SI_UNIT ( $, .RADIAN. ) );
#957 = EDGE_CURVE ( 'NONE', #5530, #5007, #383, .T. ) ;
#958 = DIRECTION ( 'NONE',  ( -1.000000000000000000, -0.000000000000000000, -0.000000000000000000 ) ) ;
#959 = VERTEX_POINT ( 'NONE', #4139 ) ;
#960 = ORIENTED_EDGE ( 'NONE', *, *, #5846, .T. ) ;
#961 = CARTESIAN_POINT ( 'NONE',  ( 0.000000000000000000, 0.1673704187836274060, 0.6846072908519328371 ) ) ;
#962 = CARTESIAN_POINT ( 'NONE',  ( 0.2500000000000000000, 0.000000000000000000, 0.000000000000000000 ) ) ;
#963 = ORIENTED_EDGE ( 'NONE', *, *, #1528, .F. ) ;
#964 = AXIS2_PLACEMENT_3D ( 'NONE', #495, #739, #2543 ) ;
#965 = LINE ( 'NONE', #2368, #629 ) ;
#966 = ORIENTED_EDGE ( 'NONE', *, *, #1666, .F. ) ;
#967 = CARTESIAN_POINT ( 'NONE',  ( 0.000000000000000000, -0.6412736958668555642, 0.4642242541061102901 ) ) ;
#968 = CIRCLE ( 'NONE', #1720, 0.2999999999999998779 ) ;
#969 = VECTOR ( 'NONE', #4325, 39.37007874015748143 ) ;
#970 = DIRECTION ( 'NONE',  ( -1.000000000000000000, 0.000000000000000000, -0.000000000000000000 ) ) ;
#971 = VERTEX_POINT ( 'NONE', #2815 ) ;
#972 = CARTESIAN_POINT ( 'NONE',  ( 0.2500000000000000000, -0.6846072908519311717, -0.1673704187836344559 ) ) ;
#973 = AXIS2_PLACEMENT_3D ( 'NONE', #770, #1263, #3098 ) ;
#974 = VECTOR ( 'NONE', #2905, 39.37007874015748143 ) ;
#975 = CARTESIAN_POINT ( 'NONE',  ( 0.2500000000000000000, 0.08139314917535835081, -0.7874714384524870159 ) ) ;
#976 = CARTESIAN_POINT ( 'NONE',  ( 0.000000000000000000, -0.1023218052424429980, -0.6904594471595905114 ) ) ;
#977 = FACE_OUTER_BOUND ( 'NONE', #621, .T. ) ;
#978 = CARTESIAN_POINT ( 'NONE',  ( 0.2500000000000000000, 0.6977378117192286622, 0.01912971764720918302 ) ) ;
#979 = DIRECTION ( 'NONE',  ( 0.000000000000000000, 0.000000000000000000, 1.000000000000000000 ) ) ;
#980 = ORIENTED_EDGE ( 'NONE', *, *, #2229, .T. ) ;
#981 = EDGE_LOOP ( 'NONE', ( #1916, #1245, #5508, #2088 ) ) ;
#982 = CARTESIAN_POINT ( 'NONE',  ( 0.2500000000000000000, -0.5222018279410852726, 0.4631514340849964828 ) ) ;
#983 = EDGE_CURVE ( 'NONE', #3203, #4046, #1130, .T. ) ;
#984 = ADVANCED_FACE ( 'NONE', ( #5502 ), #2904, .T. ) ;
#985 = CARTESIAN_POINT ( 'NONE',  ( 0.000000000000000000, 0.7005644739706470281, -0.07687273627015216160 ) ) ;
#986 = LINE ( 'NONE', #5476, #5493 ) ;
#987 = ORIENTED_EDGE ( 'NONE', *, *, #1102, .T. ) ;
#988 = ORIENTED_EDGE ( 'NONE', *, *, #4254, .F. ) ;
#989 = EDGE_CURVE ( 'NONE', #1198, #3665, #2734, .T. ) ;
#990 = DIRECTION ( 'NONE',  ( -1.000000000000000000, 0.000000000000000000, -0.000000000000000000 ) ) ;
#991 = DIRECTION ( 'NONE',  ( -1.000000000000000000, -0.000000000000000000, 0.000000000000000000 ) ) ;
#992 = ORIENTED_EDGE ( 'NONE', *, *, #5097, .T. ) ;
#993 = CARTESIAN_POINT ( 'NONE',  ( 0.2500000000000000000, 0.000000000000000000, 0.000000000000000000 ) ) ;
#994 = EDGE_LOOP ( 'NONE', ( #134, #5691, #1359, #627 ) ) ;
#995 = CARTESIAN_POINT ( 'NONE',  ( 0.2500000000000000000, 0.000000000000000000, 0.000000000000000000 ) ) ;
#996 = DIRECTION ( 'NONE',  ( 0.000000000000000000, 0.000000000000000000, -1.000000000000000000 ) ) ;
#997 = UNCERTAINTY_MEASURE_WITH_UNIT (LENGTH_MEASURE( 1.000000000000000082E-05 ), #5302, 'distance_accuracy_value', 'NONE');
#998 = EDGE_CURVE ( 'NONE', #275, #481, #943, .T. ) ;
#999 = ORIENTED_EDGE ( 'NONE', *, *, #5468, .F. ) ;
#1000 = DIRECTION ( 'NONE',  ( 0.000000000000000000, 0.000000000000000000, 1.000000000000000000 ) ) ;
#1001 = CARTESIAN_POINT ( 'NONE',  ( 0.1250000000000000000, -0.4642242541061167849, 0.6412736958668509013 ) ) ;
#1002 = DIRECTION ( 'NONE',  ( 1.000000000000000000, 0.000000000000000000, 0.000000000000000000 ) ) ;
#1003 = FACE_OUTER_BOUND ( 'NONE', #1829, .T. ) ;
#1004 = CARTESIAN_POINT ( 'NONE',  ( 0.2500000000000000000, 0.5222018279410822750, 0.4631514340850001465 ) ) ;
#1005 = DIRECTION ( 'NONE',  ( -1.000000000000000000, 0.000000000000000000, 0.000000000000000000 ) ) ;
#1006 = VERTEX_POINT ( 'NONE', #2934 ) ;
#1007 = EDGE_LOOP ( 'NONE', ( #1493, #3684 ) ) ;
#1008 = CARTESIAN_POINT ( 'NONE',  ( 0.2500000000000000000, -0.5467945189019411956, 0.4338430062808371623 ) ) ;
#1009 = AXIS2_PLACEMENT_3D ( 'NONE', #576, #1339, #3140 ) ;
#1010 = FACE_OUTER_BOUND ( 'NONE', #2516, .T. ) ;
#1011 = DIRECTION ( 'NONE',  ( -1.000000000000000000, 0.000000000000000000, -0.000000000000000000 ) ) ;
#1012 = AXIS2_PLACEMENT_3D ( 'NONE', #3104, #4904, #895 ) ;
#1013 = VERTEX_POINT ( 'NONE', #4699 ) ;
#1014 = AXIS2_PLACEMENT_3D ( 'NONE', #5843, #817, #2624 ) ;
#1015 = EDGE_CURVE ( 'NONE', #4201, #1773, #4253, .T. ) ;
#1016 = ORIENTED_EDGE ( 'NONE', *, *, #1076, .F. ) ;
#1017 = DIRECTION ( 'NONE',  ( -1.000000000000000000, 0.000000000000000000, 0.000000000000000000 ) ) ;
#1018 = CARTESIAN_POINT ( 'NONE',  ( 0.000000000000000000, 0.000000000000000000, 0.000000000000000000 ) ) ;
#1019 = VERTEX_POINT ( 'NONE', #2962 ) ;
#1020 = ITEM_DEFINED_TRANSFORMATION ( 'NONE', 'NONE', #4042,  #3940 ) ;
#1021 = EDGE_CURVE ( 'NONE', #4282, #1966, #3642, .T. ) ;
#1022 = DIRECTION ( 'NONE',  ( -1.000000000000000000, 0.000000000000000000, 0.000000000000000000 ) ) ;
#1023 = AXIS2_PLACEMENT_3D ( 'NONE', #2377, #4159, #5014 ) ;
#1024 = ORIENTED_EDGE ( 'NONE', *, *, #4898, .F. ) ;
#1025 = SHAPE_REPRESENTATION ( 'Rod attachment', ( #4690, #4042, #2064 ), #5351 ) ;
#1026 = DIRECTION ( 'NONE',  ( -1.000000000000000000, 0.000000000000000000, 0.000000000000000000 ) ) ;
#1027 = DIRECTION ( 'NONE',  ( 0.000000000000000000, -0.6427876096865300370, -0.7660444431189857850 ) ) ;
#1028 = ORIENTED_EDGE ( 'NONE', *, *, #5393, .F. ) ;
#1029 = EDGE_LOOP ( 'NONE', ( #4365, #2228, #445, #4362 ) ) ;
#1030 = EDGE_CURVE ( 'NONE', #4346, #277, #5523, .T. ) ;
#1031 = DIRECTION ( 'NONE',  ( -1.000000000000000000, -0.000000000000000000, 0.000000000000000000 ) ) ;
#1032 = DIRECTION ( 'NONE',  ( -1.000000000000000000, -0.000000000000000000, 0.000000000000000000 ) ) ;
#1033 = DIRECTION ( 'NONE',  ( 0.000000000000000000, 0.000000000000000000, -1.000000000000000000 ) ) ;
#1034 = DIRECTION ( 'NONE',  ( -1.000000000000000000, -0.000000000000000000, -0.000000000000000000 ) ) ;
#1035 = CYLINDRICAL_SURFACE ( 'NONE', #2628, 0.7916666666666666297 ) ;
#1036 = DIRECTION ( 'NONE',  ( -1.000000000000000000, -0.000000000000000000, -0.000000000000000000 ) ) ;
#1037 = ORIENTED_EDGE ( 'NONE', *, *, #4823, .F. ) ;
#1038 = EDGE_CURVE ( 'NONE', #3931, #3810, #4670, .T. ) ;
#1039 = DIRECTION ( 'NONE',  ( 0.000000000000000000, -0.1736481776669172583, -0.9848077530122104628 ) ) ;
#1040 = CIRCLE ( 'NONE', #196, 0.2999999999999998224 ) ;
#1041 = DIRECTION ( 'NONE',  ( 1.000000000000000000, 0.000000000000000000, 0.000000000000000000 ) ) ;
#1042 = VERTEX_POINT ( 'NONE', #2053 ) ;
#1043 = CIRCLE ( 'NONE', #2471, 0.6979999999999999538 ) ;
#1044 = ORIENTED_EDGE ( 'NONE', *, *, #2882, .F. ) ;
#1045 = VECTOR ( 'NONE', #3670, 39.37007874015748143 ) ;
#1046 = DIRECTION ( 'NONE',  ( 0.000000000000000000, -0.9848077530122097967, 0.1736481776669207278 ) ) ;
#1047 = FACE_OUTER_BOUND ( 'NONE', #3890, .T. ) ;
#1048 = ORIENTED_EDGE ( 'NONE', *, *, #595, .T. ) ;
#1049 = APPLICATION_CONTEXT ( 'automotive_design' ) ;
#1050 = DIRECTION ( 'NONE',  ( 0.000000000000000000, 0.000000000000000000, 1.000000000000000000 ) ) ;
#1051 = ORIENTED_EDGE ( 'NONE', *, *, #2010, .T. ) ;
#1052 = DIRECTION ( 'NONE',  ( -1.000000000000000000, -0.000000000000000000, -0.000000000000000000 ) ) ;
#1053 = ADVANCED_FACE ( 'NONE', ( #4728 ), #1216, .T. ) ;
#1054 = AXIS2_PLACEMENT_3D ( 'NONE', #842, #403, #4062 ) ;
#1055 = CARTESIAN_POINT ( 'NONE',  ( 0.2500000000000000000, -0.3323020844099020543, -0.6138235289534234029 ) ) ;
#1056 = ORIENTED_EDGE ( 'NONE', *, *, #2475, .T. ) ;
#1057 = ORIENTED_EDGE ( 'NONE', *, *, #2049, .F. ) ;
#1058 = CARTESIAN_POINT ( 'NONE',  ( 0.2500000000000000000, -0.6622018216873463148, 0.2206643318571446799 ) ) ;
#1059 = DIRECTION ( 'NONE',  ( 0.000000000000000000, 0.000000000000000000, 1.000000000000000000 ) ) ;
#1060 = AXIS2_PLACEMENT_3D ( 'NONE', #1273, #2727, #3051 ) ;
#1061 = DIRECTION ( 'NONE',  ( -1.000000000000000000, 0.000000000000000000, 0.000000000000000000 ) ) ;
#1062 = EDGE_CURVE ( 'NONE', #5798, #25, #5136, .T. ) ;
#1063 = CARTESIAN_POINT ( 'NONE',  ( 0.2500000000000000000, 0.000000000000000000, 0.000000000000000000 ) ) ;
#1064 = CYLINDRICAL_SURFACE ( 'NONE', #367, 0.6979999999999999538 ) ;
#1065 = CARTESIAN_POINT ( 'NONE',  ( 0.2500000000000000000, 0.000000000000000000, 0.000000000000000000 ) ) ;
#1066 = CIRCLE ( 'NONE', #1724, 0.2999999999999998779 ) ;
#1067 = AXIS2_PLACEMENT_3D ( 'NONE', #5325, #3111, #4060 ) ;
#1068 = EDGE_LOOP ( 'NONE', ( #3854, #5236, #3137, #3894 ) ) ;
#1069 = CARTESIAN_POINT ( 'NONE',  ( 0.2500000000000000000, 0.3914262312078063411, -0.5860763647289342071 ) ) ;
#1070 = AXIS2_PLACEMENT_3D ( 'NONE', #3416, #3750, #5604 ) ;
#1071 = ORIENTED_EDGE ( 'NONE', *, *, #1627, .F. ) ;
#1072 = CIRCLE ( 'NONE', #4088, 0.7916666666666666297 ) ;
#1073 = CARTESIAN_POINT ( 'NONE',  ( 0.2500000000000000000, 0.000000000000000000, 0.000000000000000000 ) ) ;
#1074 = DIRECTION ( 'NONE',  ( -1.000000000000000000, 0.000000000000000000, -0.000000000000000000 ) ) ;
#1075 = CIRCLE ( 'NONE', #1731, 0.2999999999999998224 ) ;
#1076 = EDGE_CURVE ( 'NONE', #1711, #3114, #3257, .T. ) ;
#1077 = ORIENTED_EDGE ( 'NONE', *, *, #2942, .T. ) ;
#1078 = ORIENTED_EDGE ( 'NONE', *, *, #5078, .T. ) ;
#1079 = DIRECTION ( 'NONE',  ( 0.000000000000000000, -0.4999999999999890088, -0.8660254037844450359 ) ) ;
#1080 = DIRECTION ( 'NONE',  ( 0.000000000000000000, 0.000000000000000000, 1.000000000000000000 ) ) ;
#1081 = ORIENTED_EDGE ( 'NONE', *, *, #4984, .T. ) ;
#1082 = CIRCLE ( 'NONE', #3063, 0.7916666666666666297 ) ;
#1083 = ORIENTED_EDGE ( 'NONE', *, *, #5634, .F. ) ;
#1084 = DIRECTION ( 'NONE',  ( -1.000000000000000000, -0.000000000000000000, 0.000000000000000000 ) ) ;
#1085 = CYLINDRICAL_SURFACE ( 'NONE', #211, 0.6979999999999999538 ) ;
#1086 = VECTOR ( 'NONE', #172, 39.37007874015748143 ) ;
#1087 = AXIS2_PLACEMENT_3D ( 'NONE', #2989, #5258, #639 ) ;
#1088 = EDGE_CURVE ( 'NONE', #1042, #2235, #5650, .T. ) ;
#1089 = DIRECTION ( 'NONE',  ( 0.000000000000000000, 0.000000000000000000, 1.000000000000000000 ) ) ;
#1090 = DIRECTION ( 'NONE',  ( 0.000000000000000000, 0.000000000000000000, 1.000000000000000000 ) ) ;
#1091 = CARTESIAN_POINT ( 'NONE',  ( 0.000000000000000000, -0.3323020844099020543, -0.6138235289534234029 ) ) ;
#1092 = AXIS2_PLACEMENT_3D ( 'NONE', #3939, #1689, #3495 ) ;
#1093 = CARTESIAN_POINT ( 'NONE',  ( 0.2500000000000000000, -0.4168559794536992880, 0.5682702633123846159 ) ) ;
#1094 = EDGE_CURVE ( 'NONE', #478, #3399, #147, .T. ) ;
#1095 = EDGE_CURVE ( 'NONE', #1515, #3412, #1463, .T. ) ;
#1096 = VERTEX_POINT ( 'NONE', #1991 ) ;
#1097 = DIRECTION ( 'NONE',  ( -1.000000000000000000, -0.000000000000000000, 0.000000000000000000 ) ) ;
#1098 = EDGE_CURVE ( 'NONE', #3810, #4465, #903, .T. ) ;
#1099 = DIRECTION ( 'NONE',  ( -1.000000000000000000, 0.000000000000000000, -0.000000000000000000 ) ) ;
#1100 = CARTESIAN_POINT ( 'NONE',  ( 0.2500000000000000000, -0.4872506799346251749, -0.5092020961020048420 ) ) ;
#1101 = AXIS2_PLACEMENT_3D ( 'NONE', #3454, #5250, #5278 ) ;
#1102 = EDGE_CURVE ( 'NONE', #2466, #4540, #5586, .T. ) ;
#1103 = ORIENTED_EDGE ( 'NONE', *, *, #5482, .T. ) ;
#1104 = DIRECTION ( 'NONE',  ( 0.000000000000000000, -0.9848077530122097967, 0.1736481776669207000 ) ) ;
#1105 = DIRECTION ( 'NONE',  ( -1.000000000000000000, 0.000000000000000000, 0.000000000000000000 ) ) ;
#1106 = AXIS2_PLACEMENT_3D ( 'NONE', #27, #3641, #4077 ) ;
#1107 = AXIS2_PLACEMENT_3D ( 'NONE', #1751, #3584, #4162 ) ;
#1108 = ORIENTED_EDGE ( 'NONE', *, *, #1742, .F. ) ;
#1109 = CIRCLE ( 'NONE', #3853, 0.2999999999999998779 ) ;
#1110 = AXIS2_PLACEMENT_3D ( 'NONE', #88, #4191, #1891 ) ;
#1111 = VERTEX_POINT ( 'NONE', #3820 ) ;
#1112 = CARTESIAN_POINT ( 'NONE',  ( 0.000000000000000000, -0.5682702633123832836, -0.4168559794537013419 ) ) ;
#1113 = FACE_OUTER_BOUND ( 'NONE', #4390, .T. ) ;
#1114 = VERTEX_POINT ( 'NONE', #3878 ) ;
#1115 = DIRECTION ( 'NONE',  ( 0.000000000000000000, 0.000000000000000000, 1.000000000000000000 ) ) ;
#1116 = EDGE_CURVE ( 'NONE', #242, #4825, #4762, .T. ) ;
#1117 = CYLINDRICAL_SURFACE ( 'NONE', #2908, 0.6979999999999999538 ) ;
#1118 = LINE ( 'NONE', #4245, #5283 ) ;
#1119 = CARTESIAN_POINT ( 'NONE',  ( 0.000000000000000000, 0.000000000000000000, 0.000000000000000000 ) ) ;
#1120 = DIRECTION ( 'NONE',  ( -1.000000000000000000, 0.000000000000000000, 0.000000000000000000 ) ) ;
#1121 = EDGE_CURVE ( 'NONE', #212, #3400, #3401, .T. ) ;
#1122 = CARTESIAN_POINT ( 'NONE',  ( 0.2500000000000000000, -0.1673704187836319857, 0.6846072908519317268 ) ) ;
#1123 = VECTOR ( 'NONE', #320, 39.37007874015748143 ) ;
#1124 = ORIENTED_EDGE ( 'NONE', *, *, #4618, .F. ) ;
#1125 = EDGE_LOOP ( 'NONE', ( #3261, #4660, #19, #928 ) ) ;
#1126 = CARTESIAN_POINT ( 'NONE',  ( 0.1250000000000000278, -0.7613742058348149655, 0.2168995846019903528 ) ) ;
#1127 = CARTESIAN_POINT ( 'NONE',  ( -0.3937007874015748254, 0.000000000000000000, 0.000000000000000000 ) ) ;
#1128 = EDGE_CURVE ( 'NONE', #334, #4880, #720, .T. ) ;
#1129 = DIRECTION ( 'NONE',  ( 0.000000000000000000, 0.4999999999999948930, 0.8660254037844414832 ) ) ;
#1130 = CIRCLE ( 'NONE', #5174, 0.2999999999999998779 ) ;
#1131 = AXIS2_PLACEMENT_3D ( 'NONE', #1276, #899, #4000 ) ;
#1132 = ORIENTED_EDGE ( 'NONE', *, *, #453, .T. ) ;
#1133 = AXIS2_PLACEMENT_3D ( 'NONE', #1448, #3307, #150 ) ;
#1134 = DIRECTION ( 'NONE',  ( 1.000000000000000000, 0.000000000000000000, 0.000000000000000000 ) ) ;
#1135 = EDGE_CURVE ( 'NONE', #5361, #1626, #4481, .T. ) ;
#1136 = DIRECTION ( 'NONE',  ( -1.000000000000000000, -0.000000000000000000, -0.000000000000000000 ) ) ;
#1137 = AXIS2_PLACEMENT_3D ( 'NONE', #5036, #990, #3622 ) ;
#1138 = AXIS2_PLACEMENT_3D ( 'NONE', #4076, #1002, #1033 ) ;
#1139 = VERTEX_POINT ( 'NONE', #1241 ) ;
#1140 = DIRECTION ( 'NONE',  ( -1.000000000000000000, 0.000000000000000000, 0.000000000000000000 ) ) ;
#1141 = ORIENTED_EDGE ( 'NONE', *, *, #1197, .T. ) ;
#1142 = PLANE ( 'NONE',  #1524 ) ;
#1143 = DIRECTION ( 'NONE',  ( 1.000000000000000000, 0.000000000000000000, 0.000000000000000000 ) ) ;
#1144 = DIRECTION ( 'NONE',  ( 0.000000000000000000, -0.5000000000000071054, 0.8660254037844347108 ) ) ;
#1145 = DIRECTION ( 'NONE',  ( -0.5000000000000000000, -0.8660254037844385966, 0.000000000000000000 ) ) ;
#1146 = DIRECTION ( 'NONE',  ( 0.000000000000000000, 0.9848077530122084644, -0.1736481776669275279 ) ) ;
#1147 = DIRECTION ( 'NONE',  ( 0.000000000000000000, 0.000000000000000000, 1.000000000000000000 ) ) ;
#1148 = CARTESIAN_POINT ( 'NONE',  ( 0.000000000000000000, 0.000000000000000000, 0.000000000000000000 ) ) ;
#1149 = VERTEX_POINT ( 'NONE', #2231 ) ;
#1150 = ORIENTED_EDGE ( 'NONE', *, *, #3396, .T. ) ;
#1151 = AXIS2_PLACEMENT_3D ( 'NONE', #4200, #4142, #3765 ) ;
#1152 = ORIENTED_EDGE ( 'NONE', *, *, #4765, .T. ) ;
#1153 = VERTEX_POINT ( 'NONE', #2259 ) ;
#1154 = DIRECTION ( 'NONE',  ( 1.000000000000000000, -0.000000000000000000, 0.000000000000000000 ) ) ;
#1155 = VECTOR ( 'NONE', #1189, 39.37007874015748143 ) ;
#1156 = CARTESIAN_POINT ( 'NONE',  ( 0.2500000000000000000, -0.1399999937462644284, 0.6838157659421474355 ) ) ;
#1157 = CIRCLE ( 'NONE', #4356, 0.2999999999999998779 ) ;
#1158 = CARTESIAN_POINT ( 'NONE',  ( 0.000000000000000000, 0.5682702633123859481, 0.4168559794536973451 ) ) ;
#1159 = AXIS2_PLACEMENT_3D ( 'NONE', #631, #148, #2432 ) ;
#1160 = ORIENTED_EDGE ( 'NONE', *, *, #5537, .T. ) ;
#1161 = DIRECTION ( 'NONE',  ( 0.000000000000000000, 0.000000000000000000, -1.000000000000000000 ) ) ;
#1162 = CIRCLE ( 'NONE', #5114, 0.2999999999999998779 ) ;
#1163 = EDGE_CURVE ( 'NONE', #733, #5192, #917, .T. ) ;
#1164 = LINE ( 'NONE', #2563, #386 ) ;
#1165 = DIRECTION ( 'NONE',  ( -1.000000000000000000, -0.000000000000000000, -0.000000000000000000 ) ) ;
#1166 = EDGE_CURVE ( 'NONE', #2985, #4071, #3445, .T. ) ;
#1167 = ORIENTED_EDGE ( 'NONE', *, *, #3076, .T. ) ;
#1168 = ORIENTED_EDGE ( 'NONE', *, *, #2024, .T. ) ;
#1169 = AXIS2_PLACEMENT_3D ( 'NONE', #5367, #538, #4568 ) ;
#1170 = DIRECTION ( 'NONE',  ( 0.000000000000000000, 0.000000000000000000, 1.000000000000000000 ) ) ;
#1171 = CARTESIAN_POINT ( 'NONE',  ( 0.000000000000000000, 0.000000000000000000, 0.5000000000000000000 ) ) ;
#1172 = DIRECTION ( 'NONE',  ( -1.000000000000000000, -0.000000000000000000, 0.000000000000000000 ) ) ;
#1173 = DIRECTION ( 'NONE',  ( 0.000000000000000000, -0.000000000000000000, 1.000000000000000000 ) ) ;
#1174 = ORIENTED_EDGE ( 'NONE', *, *, #3960, .T. ) ;
#1175 = DIRECTION ( 'NONE',  ( -1.000000000000000000, 0.000000000000000000, 0.000000000000000000 ) ) ;
#1176 = ORIENTED_EDGE ( 'NONE', *, *, #4194, .F. ) ;
#1177 = FACE_OUTER_BOUND ( 'NONE', #751, .T. ) ;
#1178 = EDGE_CURVE ( 'NONE', #5266, #5254, #3489, .T. ) ;
#1179 = DIRECTION ( 'NONE',  ( 0.000000000000000000, 0.000000000000000000, 1.000000000000000000 ) ) ;
#1180 = LENGTH_MEASURE_WITH_UNIT ( LENGTH_MEASURE( 0.02539999999999999897 ), #3816 );
#1181 = ORIENTED_EDGE ( 'NONE', *, *, #3948, .F. ) ;
#1182 = AXIS2_PLACEMENT_3D ( 'NONE', #4490, #5855, #1774 ) ;
#1183 = ORIENTED_EDGE ( 'NONE', *, *, #1494, .T. ) ;
#1184 = VERTEX_POINT ( 'NONE', #3606 ) ;
#1185 = EDGE_LOOP ( 'NONE', ( #5850, #1789, #2768, #316 ) ) ;
#1186 = CARTESIAN_POINT ( 'NONE',  ( 0.000000000000000000, 0.1700000000000000955, -0.09814954576223638982 ) ) ;
#1187 = VERTEX_POINT ( 'NONE', #3518 ) ;
#1188 = DIRECTION ( 'NONE',  ( -1.000000000000000000, -0.000000000000000000, -0.000000000000000000 ) ) ;
#1189 = DIRECTION ( 'NONE',  ( 1.000000000000000000, 0.000000000000000000, 0.000000000000000000 ) ) ;
#1190 = ORIENTED_EDGE ( 'NONE', *, *, #3509, .F. ) ;
#1191 = ADVANCED_FACE ( 'NONE', ( #3933 ), #1333, .T. ) ;
#1192 = DIRECTION ( 'NONE',  ( 0.000000000000000000, -1.000000000000000000, 0.000000000000000000 ) ) ;
#1193 = FACE_OUTER_BOUND ( 'NONE', #3429, .T. ) ;
#1194 = VECTOR ( 'NONE', #2226, 39.37007874015748143 ) ;
#1195 = DIRECTION ( 'NONE',  ( -1.000000000000000000, -0.000000000000000000, 0.000000000000000000 ) ) ;
#1196 = VECTOR ( 'NONE', #5677, 39.37007874015748143 ) ;
#1197 = EDGE_CURVE ( 'NONE', #2694, #3762, #5285, .T. ) ;
#1198 = VERTEX_POINT ( 'NONE', #2668 ) ;
#1199 = ORIENTED_EDGE ( 'NONE', *, *, #2797, .F. ) ;
#1200 = AXIS2_PLACEMENT_3D ( 'NONE', #5742, #3049, #4937 ) ;
#1201 = CARTESIAN_POINT ( 'NONE',  ( 0.000000000000000000, 0.3118439048090027588, -0.6320232422980214260 ) ) ;
#1202 = AXIS2_PLACEMENT_3D ( 'NONE', #1262, #1677, #3068 ) ;
#1203 = DIRECTION ( 'NONE',  ( -1.000000000000000000, 0.000000000000000000, -0.000000000000000000 ) ) ;
#1204 = ORIENTED_EDGE ( 'NONE', *, *, #5065, .T. ) ;
#1205 = ADVANCED_FACE ( 'NONE', ( #2140 ), #456, .T. ) ;
#1206 = CIRCLE ( 'NONE', #5834, 0.6979999999999999538 ) ;
#1207 = CARTESIAN_POINT ( 'NONE',  ( 0.2500000000000000000, -0.4631514340849947065, -0.5222018279410869379 ) ) ;
#1208 = CYLINDRICAL_SURFACE ( 'NONE', #3434, 0.7916666666666666297 ) ;
#1209 = DIRECTION ( 'NONE',  ( 0.000000000000000000, -0.9396926207859045421, -0.3420201433256791490 ) ) ;
#1210 = EDGE_CURVE ( 'NONE', #5570, #1466, #3163, .T. ) ;
#1211 = CARTESIAN_POINT ( 'NONE',  ( 0.000000000000000000, 0.000000000000000000, 0.000000000000000000 ) ) ;
#1212 = DIRECTION ( 'NONE',  ( 0.000000000000000000, -0.9848077530122062440, -0.1736481776669404897 ) ) ;
#1213 = ORIENTED_EDGE ( 'NONE', *, *, #233, .T. ) ;
#1214 = ORIENTED_EDGE ( 'NONE', *, *, #1455, .T. ) ;
#1215 = CARTESIAN_POINT ( 'NONE',  ( 0.2500000000000000000, 0.7005644739706470281, -0.07687273627015216160 ) ) ;
#1216 = CYLINDRICAL_SURFACE ( 'NONE', #161, 0.6979999999999999538 ) ;
#1217 = CARTESIAN_POINT ( 'NONE',  ( -0.3937007874015748254, 0.000000000000000000, 0.000000000000000000 ) ) ;
#1218 = AXIS2_PLACEMENT_3D ( 'NONE', #594, #141, #5147 ) ;
#1219 = CARTESIAN_POINT ( 'NONE',  ( 0.000000000000000000, 0.000000000000000000, 0.000000000000000000 ) ) ;
#1220 = EDGE_LOOP ( 'NONE', ( #5614, #2251, #2007, #282 ) ) ;
#1221 = CARTESIAN_POINT ( 'NONE',  ( 0.2500000000000000000, 0.000000000000000000, 0.000000000000000000 ) ) ;
#1222 = DIRECTION ( 'NONE',  ( -1.000000000000000000, 0.000000000000000000, -0.000000000000000000 ) ) ;
#1223 = CARTESIAN_POINT ( 'NONE',  ( 0.000000000000000000, 0.1700000000000000955, 0.09814954576223637595 ) ) ;
#1224 = ORIENTED_EDGE ( 'NONE', *, *, #238, .F. ) ;
#1225 = DIRECTION ( 'NONE',  ( -1.000000000000000000, -0.000000000000000000, -0.000000000000000000 ) ) ;
#1226 = AXIS2_PLACEMENT_3D ( 'NONE', #4678, #4620, #4735 ) ;
#1227 =( LENGTH_UNIT ( ) NAMED_UNIT ( * ) SI_UNIT ( $, .METRE. ) );
#1228 = EDGE_CURVE ( 'NONE', #1708, #1187, #1952, .T. ) ;
#1229 = FACE_OUTER_BOUND ( 'NONE', #1269, .T. ) ;
#1230 = VERTEX_POINT ( 'NONE', #4815 ) ;
#1231 = DIRECTION ( 'NONE',  ( 0.000000000000000000, 0.000000000000000000, 1.000000000000000000 ) ) ;
#1232 = EDGE_CURVE ( 'NONE', #5254, #1962, #5317, .T. ) ;
#1233 = ORIENTED_EDGE ( 'NONE', *, *, #4612, .F. ) ;
#1234 = LINE ( 'NONE', #3040, #5541 ) ;
#1235 = CARTESIAN_POINT ( 'NONE',  ( 0.2500000000000000000, -0.7005644739706468060, -0.07687273627015694943 ) ) ;
#1236 = CARTESIAN_POINT ( 'NONE',  ( -0.3937007874015748254, 0.000000000000000000, 0.000000000000000000 ) ) ;
#1237 = ORIENTED_EDGE ( 'NONE', *, *, #4954, .T. ) ;
#1238 = EDGE_LOOP ( 'NONE', ( #4223, #1307, #3372, #1152 ) ) ;
#1239 = ADVANCED_FACE ( 'NONE', ( #2696 ), #3103, .T. ) ;
#1240 = ORIENTED_EDGE ( 'NONE', *, *, #2389, .F. ) ;
#1241 = CARTESIAN_POINT ( 'NONE',  ( 0.2500000000000000000, 0.2566164408787477980, 0.6491163241443893561 ) ) ;
#1242 = FACE_OUTER_BOUND ( 'NONE', #3966, .T. ) ;
#1243 = DIRECTION ( 'NONE',  ( 0.000000000000000000, 0.000000000000000000, 1.000000000000000000 ) ) ;
#1244 = AXIS2_PLACEMENT_3D ( 'NONE', #4004, #5811, #1753 ) ;
#1245 = ORIENTED_EDGE ( 'NONE', *, *, #2593, .F. ) ;
#1246 = CARTESIAN_POINT ( 'NONE',  ( 0.000000000000000000, -0.2566164408787435236, -0.6491163241443911325 ) ) ;
#1247 = AXIS2_PLACEMENT_3D ( 'NONE', #5681, #3345, #5654 ) ;
#1248 = AXIS2_PLACEMENT_3D ( 'NONE', #993, #910, #2332 ) ;
#1249 = CYLINDRICAL_SURFACE ( 'NONE', #3026, 0.2999999999999998779 ) ;
#1250 = CARTESIAN_POINT ( 'NONE',  ( 0.1250000000000000000, -0.7226668450422011336, -0.3232471843463793348 ) ) ;
#1251 = EDGE_CURVE ( 'NONE', #4089, #469, #4023, .T. ) ;
#1252 = VECTOR ( 'NONE', #4101, 39.37007874015748143 ) ;
#1253 = ORIENTED_EDGE ( 'NONE', *, *, #129, .F. ) ;
#1254 = VERTEX_POINT ( 'NONE', #2638 ) ;
#1255 = CARTESIAN_POINT ( 'NONE',  ( 0.000000000000000000, 0.6412736958668587839, -0.4642242541061059047 ) ) ;
#1256 = CARTESIAN_POINT ( 'NONE',  ( 0.1250000000000000000, 0.3232471843463820549, -0.7226668450422000234 ) ) ;
#1257 = ORIENTED_EDGE ( 'NONE', *, *, #3473, .T. ) ;
#1258 = AXIS2_PLACEMENT_3D ( 'NONE', #1849, #505, #3717 ) ;
#1259 = DIRECTION ( 'NONE',  ( 1.000000000000000000, -0.000000000000000000, -0.000000000000000000 ) ) ;
#1260 = ORIENTED_EDGE ( 'NONE', *, *, #4444, .F. ) ;
#1261 = DIRECTION ( 'NONE',  ( 0.000000000000000000, -0.1736481776669375199, 0.9848077530122067991 ) ) ;
#1262 = CARTESIAN_POINT ( 'NONE',  ( 0.000000000000000000, -3.139359251832543666E-21, -0.1962990915244728907 ) ) ;
#1263 = DIRECTION ( 'NONE',  ( -1.000000000000000000, -0.000000000000000000, 0.000000000000000000 ) ) ;
#1264 = DIRECTION ( 'NONE',  ( 0.000000000000000000, 0.000000000000000000, 1.000000000000000000 ) ) ;
#1265 = EDGE_LOOP ( 'NONE', ( #5750, #4123, #2578, #3189 ) ) ;
#1266 = ADVANCED_FACE ( 'NONE', ( #3993 ), #4053, .T. ) ;
#1267 = VECTOR ( 'NONE', #5524, 39.37007874015748143 ) ;
#1268 = EDGE_LOOP ( 'NONE', ( #3295, #579, #4788, #304 ) ) ;
#1269 = EDGE_LOOP ( 'NONE', ( #711, #4527, #4287, #918 ) ) ;
#1270 = DIRECTION ( 'NONE',  ( -1.000000000000000000, 0.000000000000000000, 0.000000000000000000 ) ) ;
#1271 = DIRECTION ( 'NONE',  ( -1.000000000000000000, -0.000000000000000000, -0.000000000000000000 ) ) ;
#1272 = EDGE_CURVE ( 'NONE', #4838, #245, #4368, .T. ) ;
#1273 = CARTESIAN_POINT ( 'NONE',  ( 0.2500000000000000000, 0.04594687756909353327, -0.7032701360167944449 ) ) ;
#1274 = EDGE_CURVE ( 'NONE', #478, #2080, #4672, .T. ) ;
#1275 = ORIENTED_EDGE ( 'NONE', *, *, #2437, .F. ) ;
#1276 = CARTESIAN_POINT ( 'NONE',  ( -0.3937007874015748254, 0.000000000000000000, 0.000000000000000000 ) ) ;
#1277 = EDGE_CURVE ( 'NONE', #5563, #3219, #2700, .T. ) ;
#1278 = CYLINDRICAL_SURFACE ( 'NONE', #4431, 0.2999999999999999334 ) ;
#1279 = FACE_OUTER_BOUND ( 'NONE', #638, .T. ) ;
#1280 = EDGE_CURVE ( 'NONE', #245, #4195, #5479, .T. ) ;
#1281 = ORIENTED_EDGE ( 'NONE', *, *, #5175, .F. ) ;
#1282 = FACE_OUTER_BOUND ( 'NONE', #4986, .T. ) ;
#1283 = DIRECTION ( 'NONE',  ( -1.000000000000000000, 0.000000000000000000, 0.000000000000000000 ) ) ;
#1284 = EDGE_LOOP ( 'NONE', ( #2525, #1955, #1424, #5789 ) ) ;
#1285 = CARTESIAN_POINT ( 'NONE',  ( 0.7499999999999998890, 1.024442997624098584E-16, 6.829619984160658046E-17 ) ) ;
#1286 = VECTOR ( 'NONE', #4752, 39.37007874015748143 ) ;
#1287 = ORIENTED_EDGE ( 'NONE', *, *, #3988, .F. ) ;
#1288 = EDGE_CURVE ( 'NONE', #5447, #3644, #4189, .T. ) ;
#1289 = DIRECTION ( 'NONE',  ( -1.000000000000000000, 0.000000000000000000, 0.000000000000000000 ) ) ;
#1290 = ORIENTED_EDGE ( 'NONE', *, *, #1506, .T. ) ;
#1291 = AXIS2_PLACEMENT_3D ( 'NONE', #2345, #660, #5131 ) ;
#1292 = FACE_OUTER_BOUND ( 'NONE', #1268, .T. ) ;
#1293 = CIRCLE ( 'NONE', #1961, 0.7916666666666666297 ) ;
#1294 = ORIENTED_EDGE ( 'NONE', *, *, #5723, .T. ) ;
#1295 = DIRECTION ( 'NONE',  ( -1.000000000000000000, 0.000000000000000000, 0.000000000000000000 ) ) ;
#1296 = DIRECTION ( 'NONE',  ( 0.000000000000000000, 0.000000000000000000, 1.000000000000000000 ) ) ;
#1297 = CIRCLE ( 'NONE', #2713, 0.2999999999999998779 ) ;
#1298 = LINE ( 'NONE', #4899, #2621 ) ;
#1299 = ORIENTED_EDGE ( 'NONE', *, *, #2339, .F. ) ;
#1300 = ORIENTED_EDGE ( 'NONE', *, *, #3857, .T. ) ;
#1301 = ORIENTED_EDGE ( 'NONE', *, *, #36, .T. ) ;
#1302 = AXIS2_PLACEMENT_3D ( 'NONE', #3836, #1589, #3392 ) ;
#1303 = CARTESIAN_POINT ( 'NONE',  ( 0.2500000000000000000, 0.4631514340849982592, 0.5222018279410838293 ) ) ;
#1304 = EDGE_CURVE ( 'NONE', #610, #2206, #4634, .T. ) ;
#1305 = CYLINDRICAL_SURFACE ( 'NONE', #555, 0.2999999999999998779 ) ;
#1306 = LINE ( 'NONE', #5319, #5587 ) ;
#1307 = ORIENTED_EDGE ( 'NONE', *, *, #3473, .F. ) ;
#1308 = CIRCLE ( 'NONE', #2071, 0.2999999999999998224 ) ;
#1309 = CARTESIAN_POINT ( 'NONE',  ( 0.2500000000000000000, -0.7226668450422011336, -0.3232471843463795014 ) ) ;
#1310 = LINE ( 'NONE', #1890, #4972 ) ;
#1311 = EDGE_CURVE ( 'NONE', #4511, #5556, #952, .T. ) ;
#1312 = DIRECTION ( 'NONE',  ( 1.000000000000000000, 0.000000000000000000, -0.000000000000000000 ) ) ;
#1313 = DIRECTION ( 'NONE',  ( 0.000000000000000000, 0.000000000000000000, 1.000000000000000000 ) ) ;
#1314 = CIRCLE ( 'NONE', #183, 0.2999999999999998224 ) ;
#1315 = ORIENTED_EDGE ( 'NONE', *, *, #1579, .F. ) ;
#1316 = EDGE_CURVE ( 'NONE', #1966, #5563, #680, .T. ) ;
#1317 = DIRECTION ( 'NONE',  ( 0.000000000000000000, 0.000000000000000000, 1.000000000000000000 ) ) ;
#1318 = DIRECTION ( 'NONE',  ( -1.000000000000000000, 0.000000000000000000, 0.000000000000000000 ) ) ;
#1319 = ORIENTED_EDGE ( 'NONE', *, *, #3180, .T. ) ;
#1320 = DIRECTION ( 'NONE',  ( 0.000000000000000000, 0.000000000000000000, 1.000000000000000000 ) ) ;
#1321 = LINE ( 'NONE', #1876, #3640 ) ;
#1322 = VERTEX_POINT ( 'NONE', #5047 ) ;
#1324 = CARTESIAN_POINT ( 'NONE',  ( 0.2500000000000000000, -0.6491163241443869136, -0.2566164408787544038 ) ) ;
#1323 = AXIS2_PLACEMENT_3D ( 'NONE', #1063, #5352, #5048 ) ;
#1325 = CYLINDRICAL_SURFACE ( 'NONE', #4782, 0.2999999999999998779 ) ;
#1326 = DIRECTION ( 'NONE',  ( -1.000000000000000000, -0.000000000000000000, -0.000000000000000000 ) ) ;
#1327 = EDGE_CURVE ( 'NONE', #4067, #2150, #149, .T. ) ;
#1328 = CYLINDRICAL_SURFACE ( 'NONE', #159, 0.2999999999999998779 ) ;
#1329 = VECTOR ( 'NONE', #3973, 39.37007874015748143 ) ;
#1330 = ORIENTED_EDGE ( 'NONE', *, *, #5240, .T. ) ;
#1331 = AXIS2_PLACEMENT_3D ( 'NONE', #3192, #1831, #3221 ) ;
#1332 = ORIENTED_EDGE ( 'NONE', *, *, #897, .T. ) ;
#1333 = CYLINDRICAL_SURFACE ( 'NONE', #4288, 0.2999999999999998779 ) ;
#1334 = CARTESIAN_POINT ( 'NONE',  ( 0.000000000000000000, -0.3232471843463674555, -0.7226668450422065737 ) ) ;
#1335 = CARTESIAN_POINT ( 'NONE',  ( 0.000000000000000000, 0.000000000000000000, 0.000000000000000000 ) ) ;
#1336 = VERTEX_POINT ( 'NONE', #26 ) ;
#1337 = ORIENTED_EDGE ( 'NONE', *, *, #2611, .F. ) ;
#1338 = CYLINDRICAL_SURFACE ( 'NONE', #347, 0.7916666666666666297 ) ;
#1339 = DIRECTION ( 'NONE',  ( -1.000000000000000000, 0.000000000000000000, -0.000000000000000000 ) ) ;
#1340 = CARTESIAN_POINT ( 'NONE',  ( 0.1962990915244727796, -3.414809992080329023E-17, 0.000000000000000000 ) ) ;
#1341 = CYLINDRICAL_SURFACE ( 'NONE', #5684, 0.6979999999999999538 ) ;
#1342 = EDGE_CURVE ( 'NONE', #5540, #1254, #948, .T. ) ;
#1343 = ORIENTED_EDGE ( 'NONE', *, *, #1594, .F. ) ;
#1344 = CIRCLE ( 'NONE', #5200, 0.7916666666666666297 ) ;
#1345 = CARTESIAN_POINT ( 'NONE',  ( 0.2500000000000000000, 0.1700000000000000955, -0.09814954576223638982 ) ) ;
#1346 = DIRECTION ( 'NONE',  ( -0.000000000000000000, -0.000000000000000000, -1.000000000000000000 ) ) ;
#1347 = ORIENTED_EDGE ( 'NONE', *, *, #880, .T. ) ;
#1348 = AXIS2_PLACEMENT_3D ( 'NONE', #3288, #5085, #642 ) ;
#1349 = CIRCLE ( 'NONE', #4457, 0.6979999999999998428 ) ;
#1350 = ADVANCED_FACE ( 'NONE', ( #1473 ), #2807, .T. ) ;
#1351 = CARTESIAN_POINT ( 'NONE',  ( 0.000000000000000000, -3.139359258709781453E-21, 0.1962990915244728907 ) ) ;
#1352 = CIRCLE ( 'NONE', #4653, 0.2999999999999999334 ) ;
#1353 = ORIENTED_EDGE ( 'NONE', *, *, #3239, .T. ) ;
#1354 = DIRECTION ( 'NONE',  ( -1.000000000000000000, 0.000000000000000000, 0.000000000000000000 ) ) ;
#1355 = AXIS2_PLACEMENT_3D ( 'NONE', #1665, #3000, #2031 ) ;
#1356 = ORIENTED_EDGE ( 'NONE', *, *, #1600, .F. ) ;
#1357 = DIRECTION ( 'NONE',  ( 0.000000000000000000, 0.5000000000000008882, -0.8660254037844381525 ) ) ;
#1358 = CARTESIAN_POINT ( 'NONE',  ( 0.000000000000000000, 0.000000000000000000, 0.5000000000000000000 ) ) ;
#1359 = ORIENTED_EDGE ( 'NONE', *, *, #5393, .T. ) ;
#1360 = CARTESIAN_POINT ( 'NONE',  ( 0.000000000000000000, 0.4168559794536954577, 0.5682702633123873914 ) ) ;
#1361 = CARTESIAN_POINT ( 'NONE',  ( 0.000000000000000000, 0.6320232422980246456, 0.3118439048089961529 ) ) ;
#1362 = DIRECTION ( 'NONE',  ( 0.000000000000000000, 0.000000000000000000, 1.000000000000000000 ) ) ;
#1363 = CARTESIAN_POINT ( 'NONE',  ( 0.2500000000000000000, -3.139359251832543666E-21, -0.1962990915244728907 ) ) ;
#1364 = EDGE_LOOP ( 'NONE', ( #4048, #4843, #3645, #1675, #3729, #3266 ) ) ;
#1365 = DIMENSIONAL_EXPONENTS ( 1.000000000000000000, 0.000000000000000000, 0.000000000000000000, 0.000000000000000000, 0.000000000000000000, 0.000000000000000000, 0.000000000000000000 ) ;
#1366 = CYLINDRICAL_SURFACE ( 'NONE', #3738, 0.6979999999999999538 ) ;
#1367 = CARTESIAN_POINT ( 'NONE',  ( 0.2500000000000000000, 0.6765725148856299720, -0.1973566109173034433 ) ) ;
#1368 = DIRECTION ( 'NONE',  ( 0.000000000000000000, 0.000000000000000000, 1.000000000000000000 ) ) ;
#1369 = AXIS2_PLACEMENT_3D ( 'NONE', #4921, #2247, #4068 ) ;
#1370 = ORIENTED_EDGE ( 'NONE', *, *, #3872, .T. ) ;
#1371 = DIRECTION ( 'NONE',  ( 0.000000000000000000, 0.000000000000000000, 1.000000000000000000 ) ) ;
#1372 = CIRCLE ( 'NONE', #2426, 0.2999999999999999334 ) ;
#1373 = CARTESIAN_POINT ( 'NONE',  ( 0.2500000000000000000, 0.000000000000000000, 0.6979999999999999538 ) ) ;
#1374 = ADVANCED_FACE ( 'NONE', ( #1447 ), #5433, .T. ) ;
#1375 = ORIENTED_EDGE ( 'NONE', *, *, #3627, .F. ) ;
#1376 = CARTESIAN_POINT ( 'NONE',  ( 0.000000000000000000, -0.1699999999999999289, -0.09814954576223638982 ) ) ;
#1377 = ORIENTED_EDGE ( 'NONE', *, *, #3369, .F. ) ;
#1378 = DIRECTION ( 'NONE',  ( -1.000000000000000000, 0.000000000000000000, 0.000000000000000000 ) ) ;
#1379 = EDGE_CURVE ( 'NONE', #4522, #3152, #5384, .T. ) ;
#1380 = CIRCLE ( 'NONE', #1478, 0.2999999999999998779 ) ;
#1381 = DIRECTION ( 'NONE',  ( -1.000000000000000000, 0.000000000000000000, 0.000000000000000000 ) ) ;
#1382 = ORIENTED_EDGE ( 'NONE', *, *, #4105, .F. ) ;
#1383 = CYLINDRICAL_SURFACE ( 'NONE', #2153, 0.2999999999999998779 ) ;
#1384 = VERTEX_POINT ( 'NONE', #2344 ) ;
#1385 = CARTESIAN_POINT ( 'NONE',  ( 0.2500000000000000000, 0.1673704187836274060, 0.6846072908519328371 ) ) ;
#1386 = AXIS2_PLACEMENT_3D ( 'NONE', #2664, #422, #4019 ) ;
#1387 = DIRECTION ( 'NONE',  ( -1.000000000000000000, -0.000000000000000000, 0.000000000000000000 ) ) ;
#1388 = EDGE_CURVE ( 'NONE', #1621, #2150, #1798, .T. ) ;
#1389 = CARTESIAN_POINT ( 'NONE',  ( 0.2500000000000000000, -0.4631514340850017564, 0.5222018279410807207 ) ) ;
#1390 = AXIS2_PLACEMENT_3D ( 'NONE', #2435, #5703, #1648 ) ;
#1391 = LINE ( 'NONE', #2317, #549 ) ;
#1392 =( GEOMETRIC_REPRESENTATION_CONTEXT ( 3 ) GLOBAL_UNCERTAINTY_ASSIGNED_CONTEXT ( ( #3245 ) ) GLOBAL_UNIT_ASSIGNED_CONTEXT ( ( #2190, #1759, #3977 ) ) REPRESENTATION_CONTEXT ( 'NONE', 'WORKASPACE' ) );
#1393 = VECTOR ( 'NONE', #239, 39.37007874015748143 ) ;
#1394 = VERTEX_POINT ( 'NONE', #3724 ) ;
#1395 = DIRECTION ( 'NONE',  ( 0.000000000000000000, 0.000000000000000000, 1.000000000000000000 ) ) ;
#1396 = CARTESIAN_POINT ( 'NONE',  ( 0.2500000000000000000, 0.4438261139855628201, 0.6555566273447209769 ) ) ;
#1397 = CARTESIAN_POINT ( 'NONE',  ( 0.000000000000000000, 0.000000000000000000, 0.000000000000000000 ) ) ;
#1398 = EDGE_CURVE ( 'NONE', #1013, #2922, #5096, .T. ) ;
#1399 = EDGE_LOOP ( 'NONE', ( #5024, #356, #4165, #963 ) ) ;
#1400 = VERTEX_POINT ( 'NONE', #5525 ) ;
#1401 = DIRECTION ( 'NONE',  ( -1.000000000000000000, 0.000000000000000000, 0.000000000000000000 ) ) ;
#1402 = DIRECTION ( 'NONE',  ( 0.000000000000000000, 0.8660254037844363761, 0.5000000000000038858 ) ) ;
#1403 = DIMENSIONAL_EXPONENTS ( 1.000000000000000000, 0.000000000000000000, 0.000000000000000000, 0.000000000000000000, 0.000000000000000000, 0.000000000000000000, 0.000000000000000000 ) ;
#1404 = ORIENTED_EDGE ( 'NONE', *, *, #3218, .F. ) ;
#1405 = DIRECTION ( 'NONE',  ( -1.000000000000000000, 0.000000000000000000, 0.000000000000000000 ) ) ;
#1406 = ORIENTED_EDGE ( 'NONE', *, *, #4898, .T. ) ;
#1407 = CARTESIAN_POINT ( 'NONE',  ( 0.2500000000000000000, 0.1928465525817847359, 0.7678191963401488351 ) ) ;
#1408 = CARTESIAN_POINT ( 'NONE',  ( 0.000000000000000000, 0.000000000000000000, 0.000000000000000000 ) ) ;
#1409 = PRODUCT_DEFINITION_CONTEXT ( 'detailed design', #4256, 'design' ) ;
#1410 = AXIS2_PLACEMENT_3D ( 'NONE', #3430, #5165, #2500 ) ;
#1411 = VERTEX_POINT ( 'NONE', #4545 ) ;
#1412 = FACE_OUTER_BOUND ( 'NONE', #3366, .T. ) ;
#1413 = ORIENTED_EDGE ( 'NONE', *, *, #1776, .T. ) ;
#1414 = AXIS2_PLACEMENT_3D ( 'NONE', #2592, #1192, #5714 ) ;
#1415 = AXIS2_PLACEMENT_3D ( 'NONE', #1635, #4343, #4796 ) ;
#1416 = EDGE_CURVE ( 'NONE', #3014, #3577, #516, .T. ) ;
#1417 = DIRECTION ( 'NONE',  ( 0.000000000000000000, -0.6427876096865300370, -0.7660444431189860071 ) ) ;
#1418 = CARTESIAN_POINT ( 'NONE',  ( 0.1250000000000000278, 0.3458156359069921582, 0.7121430032467871429 ) ) ;
#1419 = FACE_OUTER_BOUND ( 'NONE', #4529, .T. ) ;
#1420 = VECTOR ( 'NONE', #3061, 39.37007874015748143 ) ;
#1421 = CYLINDRICAL_SURFACE ( 'NONE', #3172, 0.2999999999999998224 ) ;
#1422 = VECTOR ( 'NONE', #236, 39.37007874015748854 ) ;
#1423 = EDGE_CURVE ( 'NONE', #864, #5675, #4518, .T. ) ;
#1424 = ORIENTED_EDGE ( 'NONE', *, *, #3671, .F. ) ;
#1425 = DIRECTION ( 'NONE',  ( 0.000000000000000000, 1.000000000000000000, 0.000000000000000000 ) ) ;
#1426 = CYLINDRICAL_SURFACE ( 'NONE', #3714, 0.2999999999999998779 ) ;
#1427 = FACE_OUTER_BOUND ( 'NONE', #2279, .T. ) ;
#1428 = VERTEX_POINT ( 'NONE', #976 ) ;
#1429 = EDGE_LOOP ( 'NONE', ( #5107, #980, #4348, #3340 ) ) ;
#1430 = VERTEX_POINT ( 'NONE', #5076 ) ;
#1431 = ADVANCED_FACE ( 'NONE', ( #53 ), #3695, .T. ) ;
#1432 = CARTESIAN_POINT ( 'NONE',  ( 0.2500000000000000000, 0.6904594471595895122, 0.1023218052424500896 ) ) ;
#1433 = LINE ( 'NONE', #4564, #3090 ) ;
#1434 = EDGE_LOOP ( 'NONE', ( #76, #2803, #2329, #3844 ) ) ;
#1435 = CONTEXT_DEPENDENT_SHAPE_REPRESENTATION ( #1545, #5593 ) ;
#1436 = AXIS2_PLACEMENT_3D ( 'NONE', #3446, #3892, #1368 ) ;
#1437 = DIRECTION ( 'NONE',  ( -0.000000000000000000, -0.8660254037844384856, 0.5000000000000002220 ) ) ;
#1438 = ORIENTED_EDGE ( 'NONE', *, *, #5603, .T. ) ;
#1439 = ADVANCED_BREP_SHAPE_REPRESENTATION ( '', ( #5417, #3940 ), #1392 ) ;
#1440 = DIRECTION ( 'NONE',  ( -1.000000000000000000, 0.000000000000000000, 0.000000000000000000 ) ) ;
#1441 = CARTESIAN_POINT ( 'NONE',  ( 0.2500000000000000000, 0.7032701360167948890, 0.04594687756908619192 ) ) ;
#1442 = DIRECTION ( 'NONE',  ( -1.000000000000000000, 0.000000000000000000, 0.000000000000000000 ) ) ;
#1443 = AXIS2_PLACEMENT_3D ( 'NONE', #2774, #3718, #1027 ) ;
#1444 = ORIENTED_EDGE ( 'NONE', *, *, #2010, .F. ) ;
#1445 = STYLED_ITEM ( 'NONE', ( #1963 ), #3628 ) ;
#1446 = DIRECTION ( 'NONE',  ( -1.000000000000000000, -0.000000000000000000, -0.000000000000000000 ) ) ;
#1447 = FACE_OUTER_BOUND ( 'NONE', #3485, .T. ) ;
#1448 = CARTESIAN_POINT ( 'NONE',  ( 0.2500000000000000000, 0.2837084945169489614, 0.6451429995825394004 ) ) ;
#1449 = DIRECTION ( 'NONE',  ( -1.000000000000000000, -0.000000000000000000, -0.000000000000000000 ) ) ;
#1450 = EDGE_CURVE ( 'NONE', #4026, #2833, #4575, .T. ) ;
#1451 = CARTESIAN_POINT ( 'NONE',  ( 0.000000000000000000, 0.000000000000000000, 0.000000000000000000 ) ) ;
#1452 = EDGE_LOOP ( 'NONE', ( #1835, #2702, #4861, #160 ) ) ;
#1453 = CARTESIAN_POINT ( 'NONE',  ( 0.1250000000000000000, 0.4438261139855717574, -0.6555566273447147596 ) ) ;
#1454 = EDGE_CURVE ( 'NONE', #5501, #348, #85, .T. ) ;
#1455 = EDGE_CURVE ( 'NONE', #4046, #2995, #2923, .T. ) ;
#1456 = FACE_OUTER_BOUND ( 'NONE', #5126, .T. ) ;
#1457 = ORIENTED_EDGE ( 'NONE', *, *, #249, .F. ) ;
#1458 = ORIENTED_EDGE ( 'NONE', *, *, #5500, .F. ) ;
#1459 = CYLINDRICAL_SURFACE ( 'NONE', #291, 0.7916666666666666297 ) ;
#1460 = EDGE_CURVE ( 'NONE', #4316, #2823, #715, .T. ) ;
#1461 = CARTESIAN_POINT ( 'NONE',  ( 0.2500000000000000000, -0.6555566273447225312, 0.4438261139855604331 ) ) ;
#1462 = ORIENTED_EDGE ( 'NONE', *, *, #488, .T. ) ;
#1463 = CIRCLE ( 'NONE', #2972, 0.5000000000000000000 ) ;
#1464 = CONTEXT_DEPENDENT_SHAPE_REPRESENTATION ( #3581, #3234 ) ;
#1465 = DIRECTION ( 'NONE',  ( -1.000000000000000000, -0.000000000000000000, -0.000000000000000000 ) ) ;
#1466 = VERTEX_POINT ( 'NONE', #2433 ) ;
#1467 = DIRECTION ( 'NONE',  ( -1.000000000000000000, 0.000000000000000000, 0.000000000000000000 ) ) ;
#1468 = LINE ( 'NONE', #5851, #703 ) ;
#1469 = ORIENTED_EDGE ( 'NONE', *, *, #3476, .T. ) ;
#1470 = CYLINDRICAL_SURFACE ( 'NONE', #647, 0.6979999999999999538 ) ;
#1471 = EDGE_CURVE ( 'NONE', #3620, #3119, #5129, .T. ) ;
#1472 = DIRECTION ( 'NONE',  ( 0.000000000000000000, 0.000000000000000000, 1.000000000000000000 ) ) ;
#1473 = FACE_OUTER_BOUND ( 'NONE', #2568, .T. ) ;
#1474 = CYLINDRICAL_SURFACE ( 'NONE', #1323, 0.6979999999999999538 ) ;
#1475 = EDGE_CURVE ( 'NONE', #1198, #2312, #297, .T. ) ;
#1476 = LINE ( 'NONE', #5018, #3560 ) ;
#1477 = CARTESIAN_POINT ( 'NONE',  ( 0.000000000000000000, -0.4338430062808426579, 0.5467945189019367547 ) ) ;
#1478 = AXIS2_PLACEMENT_3D ( 'NONE', #951, #2752, #4547 ) ;
#1479 = ORIENTED_EDGE ( 'NONE', *, *, #5033, .F. ) ;
#1480 = DIRECTION ( 'NONE',  ( -0.5000000000000000000, -0.8660254037844385966, 0.000000000000000000 ) ) ;
#1481 = CIRCLE ( 'NONE', #1763, 0.2999999999999998779 ) ;
#1482 = AXIS2_PLACEMENT_3D ( 'NONE', #916, #4985, #2280 ) ;
#1483 = LINE ( 'NONE', #525, #4933 ) ;
#1484 = CARTESIAN_POINT ( 'NONE',  ( 0.2500000000000000000, 0.5860763647289438660, -0.3914262312077920192 ) ) ;
#1485 = CIRCLE ( 'NONE', #4311, 0.2999999999999999334 ) ;
#1486 = ORIENTED_EDGE ( 'NONE', *, *, #1972, .T. ) ;
#1487 = CIRCLE ( 'NONE', #2063, 0.2999999999999998224 ) ;
#1488 = EDGE_LOOP ( 'NONE', ( #2814, #4306, #1815, #1486 ) ) ;
#1489 = EDGE_CURVE ( 'NONE', #1230, #5601, #179, .T. ) ;
#1490 = PRODUCT_DEFINITION_SHAPE ( 'NONE', 'NONE',  #939 ) ;
#1491 = CYLINDRICAL_SURFACE ( 'NONE', #950, 0.7916666666666666297 ) ;
#1492 = DIRECTION ( 'NONE',  ( 0.000000000000000000, 0.000000000000000000, -1.000000000000000000 ) ) ;
#1493 = ORIENTED_EDGE ( 'NONE', *, *, #3115, .F. ) ;
#1494 = EDGE_CURVE ( 'NONE', #5536, #3370, #5769, .T. ) ;
#1495 = DIRECTION ( 'NONE',  ( 0.000000000000000000, 0.1736481776669241139, 0.9848077530122091305 ) ) ;
#1496 = ORIENTED_EDGE ( 'NONE', *, *, #1316, .T. ) ;
#1497 = DIRECTION ( 'NONE',  ( -1.000000000000000000, 0.000000000000000000, -0.000000000000000000 ) ) ;
#1498 = EDGE_CURVE ( 'NONE', #5266, #3348, #2548, .T. ) ;
#1499 = DIRECTION ( 'NONE',  ( 0.000000000000000000, -0.3420201433256568335, -0.9396926207859126468 ) ) ;
#1500 = ORIENTED_EDGE ( 'NONE', *, *, #5202, .T. ) ;
#1501 = CARTESIAN_POINT ( 'NONE',  ( 0.2500000000000000000, 0.2566164408787477980, 0.6491163241443893561 ) ) ;
#1502 = ORIENTED_EDGE ( 'NONE', *, *, #7, .T. ) ;
#1503 = CARTESIAN_POINT ( 'NONE',  ( 0.000000000000000000, 0.05658637590206386930, 0.7896417498925580869 ) ) ;
#1504 = CARTESIAN_POINT ( 'NONE',  ( 0.2500000000000000000, 0.2206643318571469281, 0.6622018216873453156 ) ) ;
#1505 = CARTESIAN_POINT ( 'NONE',  ( -0.3937007874015748254, 0.000000000000000000, 0.000000000000000000 ) ) ;
#1506 = EDGE_CURVE ( 'NONE', #733, #831, #1118, .T. ) ;
#1507 = DIRECTION ( 'NONE',  ( -1.000000000000000000, 0.000000000000000000, -0.000000000000000000 ) ) ;
#1508 = CARTESIAN_POINT ( 'NONE',  ( 0.000000000000000000, -0.1399999937462644284, 0.6838157659421474355 ) ) ;
#1509 = ORIENTED_EDGE ( 'NONE', *, *, #707, .F. ) ;
#1510 = DIRECTION ( 'NONE',  ( 0.000000000000000000, 0.000000000000000000, 1.000000000000000000 ) ) ;
#1511 = AXIS2_PLACEMENT_3D ( 'NONE', #4116, #1872, #3740 ) ;
#1512 = DIRECTION ( 'NONE',  ( 0.5000000000000003331, 0.8660254037844384856, 0.000000000000000000 ) ) ;
#1513 = DIRECTION ( 'NONE',  ( -1.000000000000000000, -0.000000000000000000, 0.000000000000000000 ) ) ;
#1514 = ORIENTED_EDGE ( 'NONE', *, *, #3325, .T. ) ;
#1515 = VERTEX_POINT ( 'NONE', #2074 ) ;
#1516 = CARTESIAN_POINT ( 'NONE',  ( 0.2500000000000000000, -0.7226668450422056855, 0.3232471843463697869 ) ) ;
#1517 = CARTESIAN_POINT ( 'NONE',  ( 0.09814954576223630656, -0.1700000000000000400, 0.5000000000000000000 ) ) ;
#1518 = ORIENTED_EDGE ( 'NONE', *, *, #3357, .F. ) ;
#1519 = ADVANCED_FACE ( 'NONE', ( #689 ), #5185, .T. ) ;
#1520 = DIRECTION ( 'NONE',  ( 0.000000000000000000, 0.3420201433256692125, -0.9396926207859082059 ) ) ;
#1521 = ORIENTED_EDGE ( 'NONE', *, *, #1997, .T. ) ;
#1522 = DIRECTION ( 'NONE',  ( 0.000000000000000000, 0.000000000000000000, 1.000000000000000000 ) ) ;
#1523 = EDGE_CURVE ( 'NONE', #4745, #721, #4721, .T. ) ;
#1524 = AXIS2_PLACEMENT_3D ( 'NONE', #2211, #5413, #872 ) ;
#1525 = CARTESIAN_POINT ( 'NONE',  ( 0.2500000000000000000, -0.01912971764720180698, -0.6977378117192288842 ) ) ;
#1526 = ORIENTED_EDGE ( 'NONE', *, *, #2782, .T. ) ;
#1527 = ORIENTED_EDGE ( 'NONE', *, *, #3912, .T. ) ;
#1528 = EDGE_CURVE ( 'NONE', #2451, #3303, #393, .T. ) ;
#1529 = DIRECTION ( 'NONE',  ( 0.000000000000000000, 0.4999999999999948930, 0.8660254037844414832 ) ) ;
#1530 = EDGE_CURVE ( 'NONE', #5173, #2451, #3404, .T. ) ;
#1531 = DIRECTION ( 'NONE',  ( -1.000000000000000000, 0.000000000000000000, 0.000000000000000000 ) ) ;
#1532 = AXIS2_PLACEMENT_3D ( 'NONE', #5168, #3883, #4792 ) ;
#1533 = AXIS2_PLACEMENT_3D ( 'NONE', #4773, #743, #5243 ) ;
#1534 = DIRECTION ( 'NONE',  ( -1.000000000000000000, 0.000000000000000000, 0.000000000000000000 ) ) ;
#1535 = CARTESIAN_POINT ( 'NONE',  ( 0.000000000000000000, 0.01912971764721648968, -0.6977378117192285512 ) ) ;
#1536 = CARTESIAN_POINT ( 'NONE',  ( 0.000000000000000000, -0.7005644739706468060, -0.07687273627015694943 ) ) ;
#1537 = DIRECTION ( 'NONE',  ( 0.000000000000000000, -0.1736481776669374921, 0.9848077530122067991 ) ) ;
#1538 = AXIS2_PLACEMENT_3D ( 'NONE', #360, #2166, #3511 ) ;
#1539 = AXIS2_PLACEMENT_3D ( 'NONE', #96, #2789, #2844 ) ;
#1540 = VERTEX_POINT ( 'NONE', #745 ) ;
#1541 = ORIENTED_EDGE ( 'NONE', *, *, #5030, .T. ) ;
#1542 = CARTESIAN_POINT ( 'NONE',  ( 0.1250000000000000000, -0.5685276532530219029, -0.5509196117381578439 ) ) ;
#1543 = AXIS2_PLACEMENT_3D ( 'NONE', #5212, #4239, #5548 ) ;
#1544 = AXIS2_PLACEMENT_3D ( 'NONE', #2450, #1844, #4234 ) ;
#1545 =( REPRESENTATION_RELATIONSHIP ('NONE','NONE', #1025, #3286 ) REPRESENTATION_RELATIONSHIP_WITH_TRANSFORMATION ( #1020 )SHAPE_REPRESENTATION_RELATIONSHIP( ) );
#1546 = CYLINDRICAL_SURFACE ( 'NONE', #741, 0.2999999999999998779 ) ;
#1547 = CARTESIAN_POINT ( 'NONE',  ( 0.1250000000000000278, 0.2168995846020032869, -0.7613742058348113018 ) ) ;
#1548 = VECTOR ( 'NONE', #4834, 39.37007874015748143 ) ;
#1549 = ORIENTED_EDGE ( 'NONE', *, *, #3150, .T. ) ;
#1550 = CARTESIAN_POINT ( 'NONE',  ( 0.1250000000000000000, -0.5509196117381482960, -0.5685276532530312288 ) ) ;
#1551 = DIRECTION ( 'NONE',  ( 0.000000000000000000, 0.000000000000000000, 1.000000000000000000 ) ) ;
#1552 = EDGE_CURVE ( 'NONE', #2889, #5266, #5552, .T. ) ;
#1553 = ORIENTED_EDGE ( 'NONE', *, *, #157, .F. ) ;
#1554 = ORIENTED_EDGE ( 'NONE', *, *, #2180, .T. ) ;
#1555 = DIRECTION ( 'NONE',  ( 1.000000000000000000, -0.000000000000000000, -0.000000000000000000 ) ) ;
#1556 = EDGE_CURVE ( 'NONE', #1609, #2636, #1608, .T. ) ;
#1557 = FACE_OUTER_BOUND ( 'NONE', #4812, .T. ) ;
#1558 = CARTESIAN_POINT ( 'NONE',  ( 0.1250000000000000000, -0.5509196117381560676, 0.5685276532530239013 ) ) ;
#1559 = CARTESIAN_POINT ( 'NONE',  ( 0.2500000000000000000, 0.7032701360167948890, 0.3459468775690860420 ) ) ;
#1560 = DIRECTION ( 'NONE',  ( -1.000000000000000000, -0.000000000000000000, 0.000000000000000000 ) ) ;
#1561 = EDGE_CURVE ( 'NONE', #2823, #3149, #5670, .T. ) ;
#1562 = CYLINDRICAL_SURFACE ( 'NONE', #3181, 0.2999999999999998779 ) ;
#1563 = CARTESIAN_POINT ( 'NONE',  ( 0.1250000000000000000, 0.7226668450422076839, -0.3232471843463649019 ) ) ;
#1564 = CARTESIAN_POINT ( 'NONE',  ( 0.2500000000000000000, -0.3654357273093154501, -0.5946938113062145703 ) ) ;
#1565 = VERTEX_POINT ( 'NONE', #1617 ) ;
#1566 = VERTEX_POINT ( 'NONE', #5102 ) ;
#1567 = VERTEX_POINT ( 'NONE', #2864 ) ;
#1568 = EDGE_CURVE ( 'NONE', #3931, #2711, #1826, .T. ) ;
#1569 = ORIENTED_EDGE ( 'NONE', *, *, #1277, .T. ) ;
#1570 = DIRECTION ( 'NONE',  ( 0.000000000000000000, 0.000000000000000000, 1.000000000000000000 ) ) ;
#1571 = VERTEX_POINT ( 'NONE', #2460 ) ;
#1572 = DIRECTION ( 'NONE',  ( 0.000000000000000000, -0.9396926207859046531, -0.3420201433256790935 ) ) ;
#1573 = DIRECTION ( 'NONE',  ( -1.000000000000000000, 0.000000000000000000, 0.000000000000000000 ) ) ;
#1574 = AXIS2_PLACEMENT_3D ( 'NONE', #1065, #4164, #4078 ) ;
#1575 = ORIENTED_EDGE ( 'NONE', *, *, #2097, .F. ) ;
#1576 = AXIS2_PLACEMENT_3D ( 'NONE', #511, #3667, #5213 ) ;
#1577 = DIRECTION ( 'NONE',  ( 0.000000000000000000, 0.000000000000000000, 1.000000000000000000 ) ) ;
#1578 = CARTESIAN_POINT ( 'NONE',  ( 0.2500000000000000000, 0.000000000000000000, 0.000000000000000000 ) ) ;
#1579 = EDGE_CURVE ( 'NONE', #2630, #1934, #5121, .T. ) ;
#1580 = CIRCLE ( 'NONE', #2810, 0.6979999999999999538 ) ;
#1581 = CIRCLE ( 'NONE', #3938, 0.7916666666666666297 ) ;
#1582 = PRODUCT_DEFINITION_FORMATION_WITH_SPECIFIED_SOURCE ( 'ANY', '', #2402, .NOT_KNOWN. ) ;
#1583 = EDGE_LOOP ( 'NONE', ( #527, #4448, #327, #2929 ) ) ;
#1584 = VECTOR ( 'NONE', #2836, 39.37007874015748143 ) ;
#1585 = VECTOR ( 'NONE', #2381, 39.37007874015748143 ) ;
#1586 = DIRECTION ( 'NONE',  ( -1.000000000000000000, -0.000000000000000000, 0.000000000000000000 ) ) ;
#1587 = CARTESIAN_POINT ( 'NONE',  ( 0.2500000000000000000, 0.000000000000000000, 0.000000000000000000 ) ) ;
#1588 = DIRECTION ( 'NONE',  ( -1.000000000000000000, 0.000000000000000000, 0.000000000000000000 ) ) ;
#1589 = DIRECTION ( 'NONE',  ( -1.000000000000000000, 0.000000000000000000, 0.000000000000000000 ) ) ;
#1590 = DIRECTION ( 'NONE',  ( -1.000000000000000000, 0.000000000000000000, 0.000000000000000000 ) ) ;
#1591 = CARTESIAN_POINT ( 'NONE',  ( 0.2500000000000000000, 0.7121430032467910287, -0.3458156359069845531 ) ) ;
#1592 = DIRECTION ( 'NONE',  ( 0.000000000000000000, 0.000000000000000000, 1.000000000000000000 ) ) ;
#1593 = EDGE_LOOP ( 'NONE', ( #378, #4640, #5477, #5845 ) ) ;
#1594 = EDGE_CURVE ( 'NONE', #3834, #3708, #1927, .T. ) ;
#1595 = VECTOR ( 'NONE', #257, 39.37007874015748143 ) ;
#1596 = EDGE_LOOP ( 'NONE', ( #5045, #1204, #2324, #1616 ) ) ;
#1597 = ORIENTED_EDGE ( 'NONE', *, *, #5419, .T. ) ;
#1598 = CARTESIAN_POINT ( 'NONE',  ( 0.000000000000000000, 0.4872506799346353890, -0.5092020961019951830 ) ) ;
#1599 = CARTESIAN_POINT ( 'NONE',  ( 0.000000000000000000, -0.4338430062808352750, -0.5467945189019425278 ) ) ;
#1600 = EDGE_CURVE ( 'NONE', #3348, #1962, #5702, .T. ) ;
#1601 = CARTESIAN_POINT ( 'NONE',  ( 0.2500000000000000000, 0.5685276532530256777, 0.5509196117381541802 ) ) ;
#1602 = CIRCLE ( 'NONE', #671, 0.6980000000000000648 ) ;
#1603 = ORIENTED_EDGE ( 'NONE', *, *, #1552, .F. ) ;
#1604 = CIRCLE ( 'NONE', #487, 0.2999999999999999889 ) ;
#1605 = CARTESIAN_POINT ( 'NONE',  ( 0.000000000000000000, -0.7005644739706468060, 0.2231272637298429284 ) ) ;
#1606 = LINE ( 'NONE', #3796, #2306 ) ;
#1607 = AXIS2_PLACEMENT_3D ( 'NONE', #4503, #3711, #1842 ) ;
#1608 = CIRCLE ( 'NONE', #2384, 0.2999999999999999334 ) ;
#1609 = VERTEX_POINT ( 'NONE', #2164 ) ;
#1610 = EDGE_CURVE ( 'NONE', #399, #4097, #3924, .T. ) ;
#1611 = DIRECTION ( 'NONE',  ( -1.000000000000000000, -0.000000000000000000, 0.000000000000000000 ) ) ;
#1612 = CARTESIAN_POINT ( 'NONE',  ( 0.000000000000000000, -0.5682702633123887237, 0.4168559794536936258 ) ) ;
#1613 = ORIENTED_EDGE ( 'NONE', *, *, #36, .F. ) ;
#1614 = LINE ( 'NONE', #1058, #921 ) ;
#1615 = DIRECTION ( 'NONE',  ( -1.000000000000000000, 0.000000000000000000, -0.000000000000000000 ) ) ;
#1616 = ORIENTED_EDGE ( 'NONE', *, *, #231, .T. ) ;
#1617 = CARTESIAN_POINT ( 'NONE',  ( 0.2500000000000000000, -0.7896417498925583089, 0.05658637590206103823 ) ) ;
#1618 = DIRECTION ( 'NONE',  ( -1.000000000000000000, -0.000000000000000000, 0.000000000000000000 ) ) ;
#1619 = LINE ( 'NONE', #3337, #1393 ) ;
#1620 =( NAMED_UNIT ( * ) SI_UNIT ( $, .STERADIAN. ) SOLID_ANGLE_UNIT ( ) );
#1621 = VERTEX_POINT ( 'NONE', #768 ) ;
#1622 = AXIS2_PLACEMENT_3D ( 'NONE', #4500, #2268, #2973 ) ;
#1623 = ORIENTED_EDGE ( 'NONE', *, *, #3224, .F. ) ;
#1624 = ORIENTED_EDGE ( 'NONE', *, *, #2273, .T. ) ;
#1625 = CARTESIAN_POINT ( 'NONE',  ( 0.000000000000000000, 0.000000000000000000, 0.000000000000000000 ) ) ;
#1626 = VERTEX_POINT ( 'NONE', #2603 ) ;
#1627 = EDGE_CURVE ( 'NONE', #3825, #1430, #1075, .T. ) ;
#1628 = VECTOR ( 'NONE', #3376, 39.37007874015748143 ) ;
#1629 = DIRECTION ( 'NONE',  ( 0.000000000000000000, -0.1736481776669172583, -0.9848077530122103518 ) ) ;
#1630 = DIRECTION ( 'NONE',  ( 0.000000000000000000, -0.3420201433256757628, 0.9396926207859057634 ) ) ;
#1631 = ORIENTED_EDGE ( 'NONE', *, *, #453, .F. ) ;
#1632 = CIRCLE ( 'NONE', #1070, 0.2999999999999998779 ) ;
#1633 = CARTESIAN_POINT ( 'NONE',  ( 0.2500000000000000000, 0.3654357273093196135, 0.5946938113062119058 ) ) ;
#1634 = AXIS2_PLACEMENT_3D ( 'NONE', #5624, #1136, #4764 ) ;
#1635 = CARTESIAN_POINT ( 'NONE',  ( 0.2500000000000000000, 0.7005644739706470281, -0.07687273627015216160 ) ) ;
#1636 = EDGE_CURVE ( 'NONE', #108, #3002, #5730, .T. ) ;
#1637 = CARTESIAN_POINT ( 'NONE',  ( 0.000000000000000000, 0.5222018279410887143, -0.4631514340849930411 ) ) ;
#1638 = ORIENTED_EDGE ( 'NONE', *, *, #3735, .T. ) ;
#1639 = ORIENTED_EDGE ( 'NONE', *, *, #4993, .F. ) ;
#1640 = EDGE_CURVE ( 'NONE', #971, #4907, #2221, .T. ) ;
#1641 = DIRECTION ( 'NONE',  ( 0.000000000000000000, 0.000000000000000000, 1.000000000000000000 ) ) ;
#1642 = CYLINDRICAL_SURFACE ( 'NONE', #964, 0.7916666666666666297 ) ;
#1643 = ORIENTED_EDGE ( 'NONE', *, *, #3229, .F. ) ;
#1644 = DIRECTION ( 'NONE',  ( 1.000000000000000000, 0.000000000000000000, 0.000000000000000000 ) ) ;
#1645 = CARTESIAN_POINT ( 'NONE',  ( 0.2500000000000000000, -0.5946938113062133491, 0.3654357273093174485 ) ) ;
#1646 = DIRECTION ( 'NONE',  ( -1.000000000000000000, 0.000000000000000000, 0.000000000000000000 ) ) ;
#1647 = ORIENTED_EDGE ( 'NONE', *, *, #3814, .T. ) ;
#1648 = DIRECTION ( 'NONE',  ( 0.000000000000000000, -6.829619984160660610E-15, 1.000000000000000000 ) ) ;
#1649 = DIRECTION ( 'NONE',  ( -1.000000000000000000, 0.000000000000000000, -0.000000000000000000 ) ) ;
#1650 = CIRCLE ( 'NONE', #2134, 0.2999999999999998779 ) ;
#1651 = EDGE_CURVE ( 'NONE', #2666, #3107, #4805, .T. ) ;
#1652 = CARTESIAN_POINT ( 'NONE',  ( 0.000000000000000000, 0.7032701360167955551, -0.04594687756907635950 ) ) ;
#1653 = VERTEX_POINT ( 'NONE', #4923 ) ;
#1654 = VECTOR ( 'NONE', #1154, 39.37007874015748143 ) ;
#1655 = VERTEX_POINT ( 'NONE', #4386 ) ;
#1656 = ORIENTED_EDGE ( 'NONE', *, *, #4021, .F. ) ;
#1657 = LINE ( 'NONE', #1682, #5323 ) ;
#1658 = DIRECTION ( 'NONE',  ( 0.000000000000000000, 0.000000000000000000, 1.000000000000000000 ) ) ;
#1659 = CARTESIAN_POINT ( 'NONE',  ( 0.2500000000000000000, 0.5509196117381597313, -0.5685276532530201266 ) ) ;
#1660 = DIRECTION ( 'NONE',  ( 0.000000000000000000, 0.000000000000000000, 1.000000000000000000 ) ) ;
#1661 = ORIENTED_EDGE ( 'NONE', *, *, #1705, .T. ) ;
#1662 = CARTESIAN_POINT ( 'NONE',  ( 0.2500000000000000000, 0.5685276532530332272, -0.5509196117381461866 ) ) ;
#1663 = CARTESIAN_POINT ( 'NONE',  ( 0.000000000000000000, -0.7678191963401495013, 0.1928465525817822934 ) ) ;
#1664 = AXIS2_PLACEMENT_3D ( 'NONE', #2840, #5469, #3673 ) ;
#1665 = CARTESIAN_POINT ( 'NONE',  ( 0.2500000000000000000, 0.4872506799346285056, 0.5092020961020015113 ) ) ;
#1666 = EDGE_CURVE ( 'NONE', #3073, #5540, #2597, .T. ) ;
#1667 = VERTEX_POINT ( 'NONE', #5245 ) ;
#1668 = CIRCLE ( 'NONE', #260, 0.7916666666666666297 ) ;
#1669 = CIRCLE ( 'NONE', #5832, 0.7916666666666666297 ) ;
#1670 = DIRECTION ( 'NONE',  ( 0.000000000000000000, 0.000000000000000000, 1.000000000000000000 ) ) ;
#1671 = AXIS2_PLACEMENT_3D ( 'NONE', #5077, #1034, #3696 ) ;
#1672 = EDGE_CURVE ( 'NONE', #695, #3152, #2660, .T. ) ;
#1673 = AXIS2_PLACEMENT_3D ( 'NONE', #5132, #4329, #2551 ) ;
#1674 = DIRECTION ( 'NONE',  ( 0.000000000000000000, 0.000000000000000000, 1.000000000000000000 ) ) ;
#1675 = ORIENTED_EDGE ( 'NONE', *, *, #3882, .F. ) ;
#1676 = DIRECTION ( 'NONE',  ( -1.000000000000000000, -0.000000000000000000, 0.000000000000000000 ) ) ;
#1677 = DIRECTION ( 'NONE',  ( 0.000000000000000000, -0.5000000000000006661, -0.8660254037844383745 ) ) ;
#1678 = DIRECTION ( 'NONE',  ( 1.000000000000000000, -0.000000000000000000, -0.000000000000000000 ) ) ;
#1679 = CARTESIAN_POINT ( 'NONE',  ( 0.2500000000000000000, 0.000000000000000000, 0.000000000000000000 ) ) ;
#1680 = ORIENTED_EDGE ( 'NONE', *, *, #580, .T. ) ;
#1681 = EDGE_LOOP ( 'NONE', ( #5646, #3124, #541, #3582 ) ) ;
#1682 = CARTESIAN_POINT ( 'NONE',  ( 0.2500000000000000000, -0.5467945189019352004, -0.4338430062808447119 ) ) ;
#1683 = ADVANCED_FACE ( 'NONE', ( #2130 ), #2688, .T. ) ;
#1684 = CARTESIAN_POINT ( 'NONE',  ( 0.000000000000000000, 0.000000000000000000, 0.000000000000000000 ) ) ;
#1685 = DIRECTION ( 'NONE',  ( 0.000000000000000000, 0.000000000000000000, 1.000000000000000000 ) ) ;
#1686 = VECTOR ( 'NONE', #765, 39.37007874015748143 ) ;
#1687 = CARTESIAN_POINT ( 'NONE',  ( 0.2500000000000000000, -3.139359251832543666E-21, -0.1962990915244728907 ) ) ;
#1688 = ORIENTED_EDGE ( 'NONE', *, *, #4230, .T. ) ;
#1689 = DIRECTION ( 'NONE',  ( -1.000000000000000000, 0.000000000000000000, 0.000000000000000000 ) ) ;
#1690 = DIRECTION ( 'NONE',  ( 1.000000000000000000, -0.000000000000000000, 0.000000000000000000 ) ) ;
#1691 = DIRECTION ( 'NONE',  ( 0.000000000000000000, 0.000000000000000000, 1.000000000000000000 ) ) ;
#1692 = AXIS2_PLACEMENT_3D ( 'NONE', #4375, #3969, #3080 ) ;
#1693 = VERTEX_POINT ( 'NONE', #3895 ) ;
#1694 = ORIENTED_EDGE ( 'NONE', *, *, #651, .T. ) ;
#1695 = CARTESIAN_POINT ( 'NONE',  ( 0.1250000000000000000, -0.4642242541061081251, -0.6412736958668570075 ) ) ;
#1696 = AXIS2_PLACEMENT_3D ( 'NONE', #785, #2177, #5324 ) ;
#1697 = EDGE_CURVE ( 'NONE', #4541, #5639, #30, .T. ) ;
#1698 = ORIENTED_EDGE ( 'NONE', *, *, #2667, .T. ) ;
#1699 = AXIS2_PLACEMENT_3D ( 'NONE', #5465, #484, #2780 ) ;
#1700 = CARTESIAN_POINT ( 'NONE',  ( 0.000000000000000000, -0.1973566109173057193, 0.6765725148856293059 ) ) ;
#1701 = VERTEX_POINT ( 'NONE', #5307 ) ;
#1702 = CARTESIAN_POINT ( 'NONE',  ( -0.3937007874015748254, 0.000000000000000000, 0.000000000000000000 ) ) ;
#1703 = ADVANCED_FACE ( 'NONE', ( #3980 ), #357, .T. ) ;
#1704 = CYLINDRICAL_SURFACE ( 'NONE', #3084, 0.2999999999999998779 ) ;
#1705 = EDGE_CURVE ( 'NONE', #1565, #2970, #3479, .T. ) ;
#1706 = FACE_OUTER_BOUND ( 'NONE', #2269, .T. ) ;
#1707 = CYLINDRICAL_SURFACE ( 'NONE', #5731, 0.7916666666666666297 ) ;
#1708 = VERTEX_POINT ( 'NONE', #3952 ) ;
#1709 = EDGE_CURVE ( 'NONE', #2833, #335, #5801, .T. ) ;
#1710 = VERTEX_POINT ( 'NONE', #416 ) ;
#1711 = VERTEX_POINT ( 'NONE', #4865 ) ;
#1712 = CARTESIAN_POINT ( 'NONE',  ( 0.09814954576223630656, -0.1700000000000000400, 0.000000000000000000 ) ) ;
#1713 = ADVANCED_FACE ( 'NONE', ( #1292 ), #1208, .T. ) ;
#1714 = DIRECTION ( 'NONE',  ( 0.000000000000000000, 0.000000000000000000, -1.000000000000000000 ) ) ;
#1715 = DIRECTION ( 'NONE',  ( 0.000000000000000000, -1.000000000000000000, -1.047208397571301315E-14 ) ) ;
#1716 = CIRCLE ( 'NONE', #5397, 0.6979999999999999538 ) ;
#1717 = VERTEX_POINT ( 'NONE', #3508 ) ;
#1718 = ORIENTED_EDGE ( 'NONE', *, *, #1886, .T. ) ;
#1719 = DIRECTION ( 'NONE',  ( -1.000000000000000000, -0.000000000000000000, 0.000000000000000000 ) ) ;
#1720 = AXIS2_PLACEMENT_3D ( 'NONE', #1100, #281, #1630 ) ;
#1721 = AXIS2_PLACEMENT_3D ( 'NONE', #5758, #5818, #3448 ) ;
#1722 = CARTESIAN_POINT ( 'NONE',  ( 0.000000000000000000, 0.000000000000000000, 0.000000000000000000 ) ) ;
#1723 = FACE_OUTER_BOUND ( 'NONE', #2293, .T. ) ;
#1724 = AXIS2_PLACEMENT_3D ( 'NONE', #299, #1649, #859 ) ;
#1725 = CIRCLE ( 'NONE', #5066, 0.2999999999999998779 ) ;
#1726 = ORIENTED_EDGE ( 'NONE', *, *, #2899, .T. ) ;
#1727 = DIRECTION ( 'NONE',  ( 0.000000000000000000, 0.000000000000000000, 1.000000000000000000 ) ) ;
#1728 = PRODUCT_RELATED_PRODUCT_CATEGORY ( 'part', '', ( #2402 ) ) ;
#1729 = CARTESIAN_POINT ( 'NONE',  ( 0.2500000000000000000, 0.000000000000000000, 0.000000000000000000 ) ) ;
#1730 = ORIENTED_EDGE ( 'NONE', *, *, #2649, .F. ) ;
#1731 = AXIS2_PLACEMENT_3D ( 'NONE', #824, #326, #4014 ) ;
#1732 = EDGE_CURVE ( 'NONE', #2527, #5340, #2193, .T. ) ;
#1733 = FACE_OUTER_BOUND ( 'NONE', #1488, .T. ) ;
#1734 = ORIENTED_EDGE ( 'NONE', *, *, #724, .F. ) ;
#1735 = CARTESIAN_POINT ( 'NONE',  ( -0.09814954576223630656, -0.1700000000000000400, 0.000000000000000000 ) ) ;
#1736 = ORIENTED_EDGE ( 'NONE', *, *, #2988, .F. ) ;
#1737 = CARTESIAN_POINT ( 'NONE',  ( 0.1250000000000000000, -0.3232471843463770589, 0.7226668450422022438 ) ) ;
#1738 = DIRECTION ( 'NONE',  ( -1.000000000000000000, -0.000000000000000000, 0.000000000000000000 ) ) ;
#1739 = DIRECTION ( 'NONE',  ( 0.000000000000000000, 0.000000000000000000, 1.000000000000000000 ) ) ;
#1740 = ORIENTED_EDGE ( 'NONE', *, *, #4682, .F. ) ;
#1741 = EDGE_LOOP ( 'NONE', ( #123, #4617, #1895, #3255 ) ) ;
#1742 = EDGE_CURVE ( 'NONE', #3059, #3380, #324, .T. ) ;
#1743 = CARTESIAN_POINT ( 'NONE',  ( 0.1250000000000000278, -0.3458156359069871066, -0.7121430032467896964 ) ) ;
#1744 = DIRECTION ( 'NONE',  ( 0.000000000000000000, 0.000000000000000000, 1.000000000000000000 ) ) ;
#1745 = DIRECTION ( 'NONE',  ( 1.000000000000000000, 0.000000000000000000, 0.000000000000000000 ) ) ;
#1746 = AXIS2_PLACEMENT_3D ( 'NONE', #305, #696, #1570 ) ;
#1747 = DIRECTION ( 'NONE',  ( -1.000000000000000000, 0.000000000000000000, -0.000000000000000000 ) ) ;
#1748 = EDGE_CURVE ( 'NONE', #1653, #5135, #4047, .T. ) ;
#1749 = EDGE_LOOP ( 'NONE', ( #556, #2740, #5339, #4425 ) ) ;
#1750 = DIRECTION ( 'NONE',  ( -1.000000000000000000, 0.000000000000000000, 0.000000000000000000 ) ) ;
#1751 = CARTESIAN_POINT ( 'NONE',  ( 0.000000000000000000, 0.000000000000000000, 0.000000000000000000 ) ) ;
#1752 = DIRECTION ( 'NONE',  ( -0.000000000000000000, -0.000000000000000000, -1.000000000000000000 ) ) ;
#1753 = DIRECTION ( 'NONE',  ( 0.000000000000000000, 0.000000000000000000, 1.000000000000000000 ) ) ;
#1754 = ORIENTED_EDGE ( 'NONE', *, *, #1992, .F. ) ;
#1755 = EDGE_CURVE ( 'NONE', #1114, #3370, #794, .T. ) ;
#1756 = DIRECTION ( 'NONE',  ( -1.000000000000000000, 0.000000000000000000, -0.000000000000000000 ) ) ;
#1757 = DIRECTION ( 'NONE',  ( 0.000000000000000000, 0.000000000000000000, 1.000000000000000000 ) ) ;
#1758 = ORIENTED_EDGE ( 'NONE', *, *, #1889, .T. ) ;
#1759 =( NAMED_UNIT ( * ) PLANE_ANGLE_UNIT ( ) SI_UNIT ( $, .RADIAN. ) );
#1760 = AXIS2_PLACEMENT_3D ( 'NONE', #1652, #5582, #5189 ) ;
#1761 = DIRECTION ( 'NONE',  ( 0.000000000000000000, 0.000000000000000000, 1.000000000000000000 ) ) ;
#1762 = ORIENTED_EDGE ( 'NONE', *, *, #441, .T. ) ;
#1763 = AXIS2_PLACEMENT_3D ( 'NONE', #2895, #4692, #1146 ) ;
#1764 = DIRECTION ( 'NONE',  ( 0.000000000000000000, 0.000000000000000000, 1.000000000000000000 ) ) ;
#1765 = VECTOR ( 'NONE', #5182, 39.37007874015748143 ) ;
#1766 = ORIENTED_EDGE ( 'NONE', *, *, #3180, .F. ) ;
#1767 = CARTESIAN_POINT ( 'NONE',  ( 0.000000000000000000, 0.000000000000000000, 0.000000000000000000 ) ) ;
#1768 = DIRECTION ( 'NONE',  ( -1.000000000000000000, 0.000000000000000000, 0.000000000000000000 ) ) ;
#1769 = CIRCLE ( 'NONE', #1200, 0.6980000000000000648 ) ;
#1770 = DIRECTION ( 'NONE',  ( -1.000000000000000000, 0.000000000000000000, 0.000000000000000000 ) ) ;
#1771 = VECTOR ( 'NONE', #9, 39.37007874015748143 ) ;
#1772 = ORIENTED_EDGE ( 'NONE', *, *, #2229, .F. ) ;
#1773 = VERTEX_POINT ( 'NONE', #3659 ) ;
#1774 = DIRECTION ( 'NONE',  ( 0.000000000000000000, 0.1736481776669307475, -0.9848077530122080203 ) ) ;
#1775 = DIRECTION ( 'NONE',  ( -1.000000000000000000, -0.000000000000000000, -0.000000000000000000 ) ) ;
#1776 = EDGE_CURVE ( 'NONE', #4973, #3319, #5396, .T. ) ;
#1777 = CARTESIAN_POINT ( 'NONE',  ( 0.1250000000000000000, -0.6412736958668492360, -0.4642242541061190608 ) ) ;
#1778 = ORIENTED_EDGE ( 'NONE', *, *, #1076, .T. ) ;
#1779 = AXIS2_PLACEMENT_3D ( 'NONE', #5854, #2748, #2258 ) ;
#1780 = CARTESIAN_POINT ( 'NONE',  ( 0.000000000000000000, 0.5509196117381597313, -0.5685276532530201266 ) ) ;
#1781 = FACE_OUTER_BOUND ( 'NONE', #528, .T. ) ;
#1782 = EDGE_CURVE ( 'NONE', #5529, #5230, #1823, .T. ) ;
#1783 = CARTESIAN_POINT ( 'NONE',  ( 0.2500000000000000000, 0.000000000000000000, 0.000000000000000000 ) ) ;
#1784 = CARTESIAN_POINT ( 'NONE',  ( 0.2500000000000000000, -0.7121430032467838123, -0.3458156359069995411 ) ) ;
#1785 = EDGE_LOOP ( 'NONE', ( #4800, #2553, #790, #2275 ) ) ;
#1786 = DIRECTION ( 'NONE',  ( 0.000000000000000000, -0.9396926207859046531, -0.3420201433256790935 ) ) ;
#1787 = LINE ( 'NONE', #5416, #3760 ) ;
#1788 = ORIENTED_EDGE ( 'NONE', *, *, #1038, .F. ) ;
#1789 = ORIENTED_EDGE ( 'NONE', *, *, #1666, .T. ) ;
#1790 = CYLINDRICAL_SURFACE ( 'NONE', #4379, 0.7916666666666666297 ) ;
#1791 = ORIENTED_EDGE ( 'NONE', *, *, #1021, .F. ) ;
#1793 = CARTESIAN_POINT ( 'NONE',  ( 0.2500000000000000000, -0.04594687756907888526, -0.7032701360167952220 ) ) ;
#1792 = AXIS2_PLACEMENT_3D ( 'NONE', #3826, #4203, #3855 ) ;
#1794 = CARTESIAN_POINT ( 'NONE',  ( 0.000000000000000000, 0.000000000000000000, 0.000000000000000000 ) ) ;
#1795 = DIRECTION ( 'NONE',  ( 0.000000000000000000, 0.000000000000000000, 1.000000000000000000 ) ) ;
#1796 = VERTEX_POINT ( 'NONE', #967 ) ;
#1797 = ORIENTED_EDGE ( 'NONE', *, *, #2325, .T. ) ;
#1798 = CIRCLE ( 'NONE', #4246, 0.2999999999999999889 ) ;
#1799 = DIRECTION ( 'NONE',  ( 0.000000000000000000, 0.9848077530122086864, -0.1736481776669273058 ) ) ;
#1800 = DIRECTION ( 'NONE',  ( 0.000000000000000000, 0.000000000000000000, -1.000000000000000000 ) ) ;
#1801 = DIRECTION ( 'NONE',  ( -1.000000000000000000, 0.000000000000000000, 0.000000000000000000 ) ) ;
#1802 = CARTESIAN_POINT ( 'NONE',  ( 0.000000000000000000, -0.6491163241443902443, 0.2566164408787455775 ) ) ;
#1803 = ORIENTED_EDGE ( 'NONE', *, *, #2024, .F. ) ;
#1804 = DIRECTION ( 'NONE',  ( -1.000000000000000000, -0.000000000000000000, 0.000000000000000000 ) ) ;
#1805 = EDGE_CURVE ( 'NONE', #3400, #4346, #4844, .T. ) ;
#1806 = AXIS2_PLACEMENT_3D ( 'NONE', #1964, #1041, #4643 ) ;
#1807 = DIRECTION ( 'NONE',  ( -1.000000000000000000, 0.000000000000000000, -0.000000000000000000 ) ) ;
#1808 = LINE ( 'NONE', #4438, #4449 ) ;
#1809 = VERTEX_POINT ( 'NONE', #912 ) ;
#1810 = CIRCLE ( 'NONE', #5109, 0.2999999999999998779 ) ;
#1811 = ADVANCED_FACE ( 'NONE', ( #2742 ), #5455, .T. ) ;
#1812 = PRODUCT ( 'rod hole', 'rod hole', '', ( #2657 ) ) ;
#1813 = CARTESIAN_POINT ( 'NONE',  ( 0.2500000000000000000, 0.5092020961020065073, -0.4872506799346232875 ) ) ;
#1814 = CARTESIAN_POINT ( 'NONE',  ( 0.2500000000000000000, -0.7678191963401467257, -0.1928465525817924797 ) ) ;
#1815 = ORIENTED_EDGE ( 'NONE', *, *, #1251, .F. ) ;
#1816 = AXIS2_PLACEMENT_3D ( 'NONE', #2308, #4539, #1915 ) ;
#1817 = AXIS2_PLACEMENT_3D ( 'NONE', #2442, #3851, #3344 ) ;
#1818 = ORIENTED_EDGE ( 'NONE', *, *, #2296, .T. ) ;
#1819 = EDGE_CURVE ( 'NONE', #2169, #4973, #2773, .T. ) ;
#1820 = CARTESIAN_POINT ( 'NONE',  ( 0.1250000000000000000, -0.6412736958668555642, 0.4642242541061102901 ) ) ;
#1821 = AXIS2_PLACEMENT_3D ( 'NONE', #2515, #5098, #5572 ) ;
#1822 = VERTEX_POINT ( 'NONE', #3598 ) ;
#1823 = LINE ( 'NONE', #4952, #3621 ) ;
#1824 = AXIS2_PLACEMENT_3D ( 'NONE', #2881, #5481, #3236 ) ;
#1825 = LINE ( 'NONE', #110, #5210 ) ;
#1826 = CIRCLE ( 'NONE', #3336, 0.6979999999999999538 ) ;
#1827 = ORIENTED_EDGE ( 'NONE', *, *, #1992, .T. ) ;
#1828 = FACE_OUTER_BOUND ( 'NONE', #1741, .T. ) ;
#1829 = EDGE_LOOP ( 'NONE', ( #3351, #719, #2685, #832 ) ) ;
#1830 = CARTESIAN_POINT ( 'NONE',  ( 0.000000000000000000, 0.000000000000000000, 0.000000000000000000 ) ) ;
#1831 = DIRECTION ( 'NONE',  ( -1.000000000000000000, -0.000000000000000000, -0.000000000000000000 ) ) ;
#1832 = CARTESIAN_POINT ( 'NONE',  ( 0.000000000000000000, 0.000000000000000000, 0.000000000000000000 ) ) ;
#1833 = FACE_OUTER_BOUND ( 'NONE', #3818, .T. ) ;
#1834 = CLOSED_SHELL ( 'NONE', ( #3016, #18, #193, #395, #814, #5345, #5655, #4592, #946, #821, #4340, #1713, #5585, #5506, #4915, #2758, #2761, #2477, #3769, #517, #713, #5749, #1431, #2116, #1350, #3727, #2239, #609, #2379, #3945, #5810, #569, #3906, #2809, #1906, #774, #667, #5297, #4695, #4095, #847, #265, #5576, #2940, #984, #4793, #4061, #746, #3081, #5533, #2825, #3385, #3807, #3654, #2222, #4063, #2355, #1811, #437, #4888, #268, #2830, #2935, #4006, #5725, #3874, #4161, #888, #3806, #3060, #1703, #1519, #2287, #5799, #2589, #420, #4402, #844, #2697, #4371, #4059, #2856, #5621, #4594, #5471, #5363, #4272, #3296, #4920, #5763, #450, #1205, #2036, #3155, #3272, #2035, #5652, #1191, #4585, #1683, #3916, #4987, #4166, #224, #4629, #5645, #5276, #3492, #1374, #5686, #1879, #2755, #4644, #2189, #812, #3985, #5721, #1239, #3122, #4370, #1266, #3035, #2955, #1053, #4294, #4750, #2622, #5610, #2691, #1897, #351, #486, #3466, #2906, #2365, #3831, #2549, #2735, #807, #3440, #5195, #4661, #2128, #98, #5516, #2532, #375, #2944, #5134, #331, #780, #2481, #382, #4671, #3006, #701, #5124 ) ) ;
#1835 = ORIENTED_EDGE ( 'NONE', *, *, #5092, .F. ) ;
#1836 = DIRECTION ( 'NONE',  ( -1.000000000000000000, -0.000000000000000000, -0.000000000000000000 ) ) ;
#1837 = CARTESIAN_POINT ( 'NONE',  ( 0.000000000000000000, 0.000000000000000000, 0.000000000000000000 ) ) ;
#1838 = FACE_OUTER_BOUND ( 'NONE', #3624, .T. ) ;
#1839 = CIRCLE ( 'NONE', #340, 0.2999999999999998779 ) ;
#1840 = EDGE_LOOP ( 'NONE', ( #385, #3713, #3535, #3716 ) ) ;
#1841 = ORIENTED_EDGE ( 'NONE', *, *, #198, .T. ) ;
#1842 = DIRECTION ( 'NONE',  ( 0.000000000000000000, 0.7660444431189791237, -0.6427876096865379196 ) ) ;
#1843 = EDGE_CURVE ( 'NONE', #3644, #1822, #4003, .T. ) ;
#1844 = DIRECTION ( 'NONE',  ( -1.000000000000000000, 0.000000000000000000, -0.000000000000000000 ) ) ;
#1845 = EDGE_LOOP ( 'NONE', ( #1056, #3503, #3779, #5574 ) ) ;
#1846 = EDGE_CURVE ( 'NONE', #3537, #399, #4562, .T. ) ;
#1847 = DIRECTION ( 'NONE',  ( -1.000000000000000000, 0.000000000000000000, -0.000000000000000000 ) ) ;
#1848 = VERTEX_POINT ( 'NONE', #4070 ) ;
#1849 = CARTESIAN_POINT ( 'NONE',  ( 0.000000000000000000, -0.5860763647289356504, -0.3914262312078042316 ) ) ;
#1850 = ORIENTED_EDGE ( 'NONE', *, *, #1498, .F. ) ;
#1851 = EDGE_CURVE ( 'NONE', #3507, #4590, #5316, .T. ) ;
#1852 = AXIS2_PLACEMENT_3D ( 'NONE', #1451, #5080, #3223 ) ;
#1853 = DIRECTION ( 'NONE',  ( -1.000000000000000000, -0.000000000000000000, -0.000000000000000000 ) ) ;
#1854 = ORIENTED_EDGE ( 'NONE', *, *, #3619, .T. ) ;
#1855 = DIRECTION ( 'NONE',  ( 0.000000000000000000, 0.000000000000000000, -1.000000000000000000 ) ) ;
#1856 = DIRECTION ( 'NONE',  ( -1.000000000000000000, -0.000000000000000000, -0.000000000000000000 ) ) ;
#1857 = AXIS2_PLACEMENT_3D ( 'NONE', #2861, #1115, #1143 ) ;
#1858 = DIRECTION ( 'NONE',  ( 0.000000000000000000, 0.6427876096865405842, -0.7660444431189771253 ) ) ;
#1859 = CIRCLE ( 'NONE', #4595, 0.7916666666666666297 ) ;
#1860 = DIRECTION ( 'NONE',  ( 0.000000000000000000, -0.1736481776669174526, -0.9848077530122103518 ) ) ;
#1861 = CARTESIAN_POINT ( 'NONE',  ( 0.000000000000000000, 0.07687273627015907274, -0.7005644739706463620 ) ) ;
#1862 = ORIENTED_EDGE ( 'NONE', *, *, #1163, .F. ) ;
#1863 = AXIS2_PLACEMENT_3D ( 'NONE', #4662, #658, #267 ) ;
#1864 = EDGE_CURVE ( 'NONE', #4195, #5333, #5486, .T. ) ;
#1865 = VECTOR ( 'NONE', #3840, 39.37007874015748143 ) ;
#1866 = ORIENTED_EDGE ( 'NONE', *, *, #4869, .T. ) ;
#1867 = CARTESIAN_POINT ( 'NONE',  ( 0.2500000000000000000, 0.3914262312077981809, 0.5860763647289396472 ) ) ;
#1868 = DIRECTION ( 'NONE',  ( -1.000000000000000000, 0.000000000000000000, -0.000000000000000000 ) ) ;
#1869 = CARTESIAN_POINT ( 'NONE',  ( 0.000000000000000000, -0.5467945189019411956, 0.4338430062808371623 ) ) ;
#1870 = ORIENTED_EDGE ( 'NONE', *, *, #5161, .F. ) ;
#1871 = EDGE_LOOP ( 'NONE', ( #4143, #2452, #4148, #3397, #1240, #1623, #4538, #954, #2567, #156, #2506, #1224, #3946, #2111, #5395, #4327, #522, #2511, #3175, #5094, #3957, #1253, #2753, #4144, #5844, #4051, #2168, #1377, #763, #5535, #4094, #425, #5605, #4611, #35, #5668, #5737, #2307, #3204, #4010, #3542, #3493, #4824, #999, #3866, #966, #587, #2361, #3441, #2107, #3390, #5193, #310, #3904, #1458, #5766, #5198, #3072, #5111, #5206, #3747, #2544, #2390, #2245, #5002, #2958, #4631, #1108, #1479, #5826, #2008, #1275, #5009, #5825, #2038, #203, #1803, #1457, #3292, #4158, #1028, #443, #1772, #1199, #4785, #3568, #2776, #1281, #5090, #2366, #2022, #1740, #5191, #1343, #4471, #5321, #4928, #3413, #5676, #1337, #3241, #5072, #1024, #1734, #56, #2469, #1791, #637, #1919, #1382, #1862, #50, #591, #3342, #3025, #1190, #2257, #3523, #3442, #4222, #2847, #2052, #3923, #1631, #868, #3428, #3339, #5162, #2487, #2886, #4652, #3247, #2427, #665, #2110, #2391, #3327, #2978, #873, #5461, #4114, #4567, #772, #4320, #3660, #908, #2241, #4727, #4833 ) ) ;
#1872 = DIRECTION ( 'NONE',  ( -1.000000000000000000, 0.000000000000000000, 0.000000000000000000 ) ) ;
#1873 = LINE ( 'NONE', #2795, #1967 ) ;
#1874 = VERTEX_POINT ( 'NONE', #1407 ) ;
#1875 = AXIS2_PLACEMENT_3D ( 'NONE', #2034, #1084, #1522 ) ;
#1876 = CARTESIAN_POINT ( 'NONE',  ( 0.2500000000000000000, -0.6491163241443902443, 0.2566164408787455775 ) ) ;
#1877 = ORIENTED_EDGE ( 'NONE', *, *, #3828, .F. ) ;
#1878 = CARTESIAN_POINT ( 'NONE',  ( 0.2500000000000000000, 0.000000000000000000, 0.000000000000000000 ) ) ;
#1879 = ADVANCED_FACE ( 'NONE', ( #2717 ), #4510, .T. ) ;
#1880 = CARTESIAN_POINT ( 'NONE',  ( 0.000000000000000000, 0.000000000000000000, 0.000000000000000000 ) ) ;
#1881 = VECTOR ( 'NONE', #1480, 39.37007874015748854 ) ;
#1882 = ORIENTED_EDGE ( 'NONE', *, *, #428, .F. ) ;
#1883 = CARTESIAN_POINT ( 'NONE',  ( 0.2500000000000000000, -0.3323020844099106585, 0.6138235289534188510 ) ) ;
#1884 = CIRCLE ( 'NONE', #4997, 0.6979999999999999538 ) ;
#1885 = AXIS2_PLACEMENT_3D ( 'NONE', #1813, #4065, #1371 ) ;
#1886 = EDGE_CURVE ( 'NONE', #940, #5330, #4277, .T. ) ;
#1887 = CYLINDRICAL_SURFACE ( 'NONE', #5054, 0.2999999999999998224 ) ;
#1888 = DIRECTION ( 'NONE',  ( -1.000000000000000000, -0.000000000000000000, 0.000000000000000000 ) ) ;
#1889 = EDGE_CURVE ( 'NONE', #4565, #781, #3182, .T. ) ;
#1890 = CARTESIAN_POINT ( 'NONE',  ( 0.2500000000000000000, 0.1700000000000000955, 0.09814954576223637595 ) ) ;
#1891 = DIRECTION ( 'NONE',  ( 0.000000000000000000, 0.000000000000000000, 1.000000000000000000 ) ) ;
#1892 = AXIS2_PLACEMENT_3D ( 'NONE', #2794, #2243, #1786 ) ;
#1893 = EDGE_CURVE ( 'NONE', #2419, #2451, #4098, .T. ) ;
#1894 = FACE_OUTER_BOUND ( 'NONE', #3212, .T. ) ;
#1895 = ORIENTED_EDGE ( 'NONE', *, *, #852, .T. ) ;
#1896 = AXIS2_PLACEMENT_3D ( 'NONE', #1361, #3160, #4606 ) ;
#1897 = ADVANCED_FACE ( 'NONE', ( #3242 ), #5042, .T. ) ;
#1898 = VERTEX_POINT ( 'NONE', #568 ) ;
#1899 = DIRECTION ( 'NONE',  ( -1.000000000000000000, 0.000000000000000000, -0.000000000000000000 ) ) ;
#1900 = DIRECTION ( 'NONE',  ( -1.000000000000000000, 0.000000000000000000, -0.000000000000000000 ) ) ;
#1901 = CARTESIAN_POINT ( 'NONE',  ( 0.000000000000000000, -0.6491163241443869136, -0.2566164408787544038 ) ) ;
#1902 = EDGE_LOOP ( 'NONE', ( #3451, #2499, #585, #4743 ) ) ;
#1903 = ORIENTED_EDGE ( 'NONE', *, *, #4668, .T. ) ;
#1904 = CARTESIAN_POINT ( 'NONE',  ( 0.000000000000000000, 0.3232471843463722849, 0.7226668450422044643 ) ) ;
#1905 = CARTESIAN_POINT ( 'NONE',  ( 0.000000000000000000, -0.2837084945169445205, -0.6451429995825411767 ) ) ;
#1906 = ADVANCED_FACE ( 'NONE', ( #1912 ), #4210, .T. ) ;
#1907 = ORIENTED_EDGE ( 'NONE', *, *, #4266, .F. ) ;
#1908 = CIRCLE ( 'NONE', #11, 0.7916666666666666297 ) ;
#1909 = DIRECTION ( 'NONE',  ( 0.000000000000000000, 0.000000000000000000, 1.000000000000000000 ) ) ;
#1910 = EDGE_CURVE ( 'NONE', #1898, #2681, #201, .T. ) ;
#1911 = ORIENTED_EDGE ( 'NONE', *, *, #1450, .F. ) ;
#1912 = FACE_OUTER_BOUND ( 'NONE', #4536, .T. ) ;
#1913 = CIRCLE ( 'NONE', #3419, 0.6979999999999999538 ) ;
#1914 = VECTOR ( 'NONE', #1512, 39.37007874015748854 ) ;
#1915 = DIRECTION ( 'NONE',  ( 0.000000000000000000, 0.000000000000000000, 1.000000000000000000 ) ) ;
#1916 = ORIENTED_EDGE ( 'NONE', *, *, #2043, .F. ) ;
#1917 = DIRECTION ( 'NONE',  ( -0.000000000000000000, -0.000000000000000000, -1.000000000000000000 ) ) ;
#1918 = CIRCLE ( 'NONE', #2584, 0.2999999999999999334 ) ;
#1919 = ORIENTED_EDGE ( 'NONE', *, *, #897, .F. ) ;
#1920 = CIRCLE ( 'NONE', #2594, 0.2999999999999999334 ) ;
#1921 = DIRECTION ( 'NONE',  ( -1.000000000000000000, -0.000000000000000000, -0.000000000000000000 ) ) ;
#1922 = DIRECTION ( 'NONE',  ( -1.000000000000000000, -0.000000000000000000, 0.000000000000000000 ) ) ;
#1923 = DIRECTION ( 'NONE',  ( 0.000000000000000000, 0.000000000000000000, -1.000000000000000000 ) ) ;
#1924 = FACE_OUTER_BOUND ( 'NONE', #1429, .T. ) ;
#1925 = CARTESIAN_POINT ( 'NONE',  ( -0.3937007874015748254, 0.000000000000000000, 0.000000000000000000 ) ) ;
#1926 = EDGE_CURVE ( 'NONE', #5215, #1322, #3414, .T. ) ;
#1927 = CIRCLE ( 'NONE', #893, 0.2999999999999998779 ) ;
#1928 = EDGE_LOOP ( 'NONE', ( #5253, #2050, #1404, #5622 ) ) ;
#1929 = DIRECTION ( 'NONE',  ( -1.000000000000000000, 0.000000000000000000, 0.000000000000000000 ) ) ;
#1930 = LINE ( 'NONE', #3734, #3614 ) ;
#1931 = EDGE_CURVE ( 'NONE', #1254, #3790, #5463, .T. ) ;
#1932 = DIRECTION ( 'NONE',  ( 0.000000000000000000, -0.8660254037844328234, -0.5000000000000099920 ) ) ;
#1933 = ORIENTED_EDGE ( 'NONE', *, *, #1742, .T. ) ;
#1934 = VERTEX_POINT ( 'NONE', #2398 ) ;
#1935 = DIRECTION ( 'NONE',  ( 0.000000000000000000, 0.000000000000000000, -1.000000000000000000 ) ) ;
#1936 = VECTOR ( 'NONE', #938, 39.37007874015748143 ) ;
#1937 = DIRECTION ( 'NONE',  ( -1.000000000000000000, -0.000000000000000000, 0.000000000000000000 ) ) ;
#1938 = ORIENTED_EDGE ( 'NONE', *, *, #5388, .F. ) ;
#1939 = VECTOR ( 'NONE', #4874, 39.37007874015748854 ) ;
#1940 = EDGE_CURVE ( 'NONE', #2681, #1187, #474, .T. ) ;
#1941 = CARTESIAN_POINT ( 'NONE',  ( 0.1250000000000000000, -0.4438261139855672610, 0.6555566273447178682 ) ) ;
#1942 = CIRCLE ( 'NONE', #5719, 0.6979999999999999538 ) ;
#1943 = ORIENTED_EDGE ( 'NONE', *, *, #1910, .T. ) ;
#1944 = DIRECTION ( 'NONE',  ( 0.000000000000000000, -6.829619984160660610E-15, 1.000000000000000000 ) ) ;
#1945 = FACE_OUTER_BOUND ( 'NONE', #1681, .T. ) ;
#1946 = EDGE_LOOP ( 'NONE', ( #4515, #2860, #5509, #1933 ) ) ;
#1947 = DIRECTION ( 'NONE',  ( -1.000000000000000000, 0.000000000000000000, 0.000000000000000000 ) ) ;
#1948 = CARTESIAN_POINT ( 'NONE',  ( 0.000000000000000000, 0.6491163241443919096, -0.2566164408787412476 ) ) ;
#1949 = CARTESIAN_POINT ( 'NONE',  ( 0.1250000000000000278, 0.6555566273447256398, -0.4438261139855557147 ) ) ;
#1950 = CIRCLE ( 'NONE', #1852, 0.6979999999999999538 ) ;
#1951 = CARTESIAN_POINT ( 'NONE',  ( 0.09814954576223630656, -0.1700000000000000400, 0.000000000000000000 ) ) ;
#1952 = CIRCLE ( 'NONE', #438, 0.7916666666666666297 ) ;
#1953 = DIRECTION ( 'NONE',  ( 0.000000000000000000, 0.000000000000000000, 1.000000000000000000 ) ) ;
#1954 = DIRECTION ( 'NONE',  ( 0.000000000000000000, 0.7660444431189751269, 0.6427876096865429156 ) ) ;
#1955 = ORIENTED_EDGE ( 'NONE', *, *, #620, .T. ) ;
#1956 = AXIS2_PLACEMENT_3D ( 'NONE', #5044, #3157, #5522 ) ;
#1957 = ORIENTED_EDGE ( 'NONE', *, *, #1886, .F. ) ;
#1958 = AXIS2_PLACEMENT_3D ( 'NONE', #4491, #1745, #369 ) ;
#1959 = DIRECTION ( 'NONE',  ( -1.000000000000000000, -0.000000000000000000, -0.000000000000000000 ) ) ;
#1960 = EDGE_CURVE ( 'NONE', #1428, #3486, #4140, .T. ) ;
#1961 = AXIS2_PLACEMENT_3D ( 'NONE', #3636, #2834, #4102 ) ;
#1962 = VERTEX_POINT ( 'NONE', #4183 ) ;
#1963 = PRESENTATION_STYLE_ASSIGNMENT (( #5053 ) ) ;
#1964 = CARTESIAN_POINT ( 'NONE',  ( 0.000000000000000000, -0.6451429995825400665, 0.2837084945169467409 ) ) ;
#1965 = CIRCLE ( 'NONE', #4974, 0.2999999999999998224 ) ;
#1966 = VERTEX_POINT ( 'NONE', #227 ) ;
#1967 = VECTOR ( 'NONE', #3712, 39.37007874015748143 ) ;
#1968 = EDGE_LOOP ( 'NONE', ( #1444, #4584, #4443, #2282 ) ) ;
#1969 = ORIENTED_EDGE ( 'NONE', *, *, #4883, .T. ) ;
#1970 = EDGE_CURVE ( 'NONE', #959, #1621, #4268, .T. ) ;
#1971 = DIRECTION ( 'NONE',  ( -1.000000000000000000, -0.000000000000000000, 0.000000000000000000 ) ) ;
#1972 = EDGE_CURVE ( 'NONE', #4089, #5530, #5170, .T. ) ;
#1973 = DIRECTION ( 'NONE',  ( 0.000000000000000000, 0.000000000000000000, 1.000000000000000000 ) ) ;
#1974 = EDGE_LOOP ( 'NONE', ( #1509, #67, #1167, #3167 ) ) ;
#1975 = LINE ( 'NONE', #4820, #2464 ) ;
#1976 = VERTEX_POINT ( 'NONE', #4293 ) ;
#1977 = DIRECTION ( 'NONE',  ( -1.000000000000000000, 0.000000000000000000, 0.000000000000000000 ) ) ;
#1978 = VECTOR ( 'NONE', #5070, 39.37007874015748143 ) ;
#1979 = CARTESIAN_POINT ( 'NONE',  ( 0.2500000000000000000, 0.01912971764721648968, -0.6977378117192285512 ) ) ;
#1980 = ORIENTED_EDGE ( 'NONE', *, *, #1782, .T. ) ;
#1981 = DIRECTION ( 'NONE',  ( -1.000000000000000000, -0.000000000000000000, -0.000000000000000000 ) ) ;
#1982 = ORIENTED_EDGE ( 'NONE', *, *, #3994, .F. ) ;
#1983 = CARTESIAN_POINT ( 'NONE',  ( 0.2500000000000000000, 0.3118439048090027588, -0.6320232422980214260 ) ) ;
#1984 = DIRECTION ( 'NONE',  ( -1.000000000000000000, -0.000000000000000000, -0.000000000000000000 ) ) ;
#1985 = DIRECTION ( 'NONE',  ( 0.000000000000000000, 0.000000000000000000, 1.000000000000000000 ) ) ;
#1986 = CARTESIAN_POINT ( 'NONE',  ( 0.2500000000000000000, 0.07687273627014977462, 0.7005644739706473612 ) ) ;
#1987 = DIRECTION ( 'NONE',  ( 0.000000000000000000, 0.7660444431189751269, 0.6427876096865429156 ) ) ;
#1988 = ORIENTED_EDGE ( 'NONE', *, *, #2389, .T. ) ;
#1989 = EDGE_LOOP ( 'NONE', ( #5041, #3930, #3603, #4916 ) ) ;
#1990 = ORIENTED_EDGE ( 'NONE', *, *, #1506, .F. ) ;
#1991 = CARTESIAN_POINT ( 'NONE',  ( 0.2500000000000000000, 0.7226668450422076839, -0.3232471843463650130 ) ) ;
#1992 = EDGE_CURVE ( 'NONE', #1934, #2900, #2887, .T. ) ;
#1993 = CIRCLE ( 'NONE', #5091, 0.2999999999999998779 ) ;
#1994 = CARTESIAN_POINT ( 'NONE',  ( 0.000000000000000000, -0.6977378117192285512, -0.01912971764721405413 ) ) ;
#1995 = VECTOR ( 'NONE', #2979, 39.37007874015748143 ) ;
#1996 = CARTESIAN_POINT ( 'NONE',  ( 0.000000000000000000, 0.7121430032467859217, 0.3458156359069945451 ) ) ;
#1997 = EDGE_CURVE ( 'NONE', #2083, #3931, #3199, .T. ) ;
#1998 = ORIENTED_EDGE ( 'NONE', *, *, #3625, .T. ) ;
#1999 = CARTESIAN_POINT ( 'NONE',  ( -0.1962990915244727796, -3.414809992379240130E-17, 0.000000000000000000 ) ) ;
#2000 = DIRECTION ( 'NONE',  ( -1.000000000000000000, 0.000000000000000000, -0.000000000000000000 ) ) ;
#2001 = EDGE_CURVE ( 'NONE', #3664, #2985, #2453, .T. ) ;
#2002 = ORIENTED_EDGE ( 'NONE', *, *, #4199, .F. ) ;
#2003 = ORIENTED_EDGE ( 'NONE', *, *, #3590, .T. ) ;
#2004 = CARTESIAN_POINT ( 'NONE',  ( 0.1250000000000000278, -0.2168995846019981799, 0.7613742058348125230 ) ) ;
#2005 = AXIS2_PLACEMENT_3D ( 'NONE', #1484, #1074, #4583 ) ;
#2006 = DIRECTION ( 'NONE',  ( -1.000000000000000000, 0.000000000000000000, 0.000000000000000000 ) ) ;
#2007 = ORIENTED_EDGE ( 'NONE', *, *, #5419, .F. ) ;
#2008 = ORIENTED_EDGE ( 'NONE', *, *, #5028, .F. ) ;
#2009 = ORIENTED_EDGE ( 'NONE', *, *, #5143, .T. ) ;
#2010 = EDGE_CURVE ( 'NONE', #4745, #2778, #2483, .T. ) ;
#2011 = DIRECTION ( 'NONE',  ( 0.000000000000000000, 0.9848077530122073542, 0.1736481776669339949 ) ) ;
#2012 = FACE_OUTER_BOUND ( 'NONE', #4043, .T. ) ;
#2013 = AXIS2_PLACEMENT_3D ( 'NONE', #5773, #430, #1715 ) ;
#2014 = VECTOR ( 'NONE', #5453, 39.37007874015748143 ) ;
#2015 = DIRECTION ( 'NONE',  ( -1.000000000000000000, -0.000000000000000000, -0.000000000000000000 ) ) ;
#2016 = CARTESIAN_POINT ( 'NONE',  ( 0.2500000000000000000, -0.6765725148856286397, -0.1973566109173079119 ) ) ;
#2017 = DIRECTION ( 'NONE',  ( 0.000000000000000000, 0.000000000000000000, 1.000000000000000000 ) ) ;
#2018 = SURFACE_STYLE_FILL_AREA ( #3841 ) ;
#2019 = CIRCLE ( 'NONE', #4741, 0.2999999999999999334 ) ;
#2020 = CIRCLE ( 'NONE', #5027, 0.2999999999999998779 ) ;
#2021 = ORIENTED_EDGE ( 'NONE', *, *, #1088, .F. ) ;
#2022 = ORIENTED_EDGE ( 'NONE', *, *, #4409, .F. ) ;
#2023 = ORIENTED_EDGE ( 'NONE', *, *, #1116, .T. ) ;
#2024 = EDGE_CURVE ( 'NONE', #5012, #4639, #845, .T. ) ;
#2025 = CARTESIAN_POINT ( 'NONE',  ( 0.1250000000000000278, 0.05658637590207486745, -0.7896417498925573097 ) ) ;
#2026 = CARTESIAN_POINT ( 'NONE',  ( 0.2500000000000000000, 0.5860763647289438660, -0.3914262312077920192 ) ) ;
#2027 = DIRECTION ( 'NONE',  ( 0.000000000000000000, -0.9848077530122062440, -0.1736481776669402677 ) ) ;
#2028 = AXIS2_PLACEMENT_3D ( 'NONE', #2250, #1467, #3688 ) ;
#2029 = ORIENTED_EDGE ( 'NONE', *, *, #3847, .T. ) ;
#2030 = CARTESIAN_POINT ( 'NONE',  ( 0.000000000000000000, 0.5860763647289438660, -0.3914262312077920192 ) ) ;
#2031 = DIRECTION ( 'NONE',  ( 0.000000000000000000, 0.3420201433256694346, -0.9396926207859082059 ) ) ;
#2032 = AXIS2_PLACEMENT_3D ( 'NONE', #1360, #5046, #1799 ) ;
#2033 = ORIENTED_EDGE ( 'NONE', *, *, #4852, .T. ) ;
#2034 = CARTESIAN_POINT ( 'NONE',  ( 0.2500000000000000000, 0.07687273627015907274, -0.7005644739706463620 ) ) ;
#2035 = ADVANCED_FACE ( 'NONE', ( #2947 ), #5571, .T. ) ;
#2036 = ADVANCED_FACE ( 'NONE', ( #3322 ), #5547, .T. ) ;
#2037 = DIRECTION ( 'NONE',  ( 0.000000000000000000, 0.000000000000000000, 1.000000000000000000 ) ) ;
#2038 = ORIENTED_EDGE ( 'NONE', *, *, #3301, .F. ) ;
#2039 = DIRECTION ( 'NONE',  ( -1.000000000000000000, 0.000000000000000000, 0.000000000000000000 ) ) ;
#2040 = DIRECTION ( 'NONE',  ( 0.000000000000000000, 0.000000000000000000, -1.000000000000000000 ) ) ;
#2041 = ORIENTED_EDGE ( 'NONE', *, *, #2797, .T. ) ;
#2042 = CARTESIAN_POINT ( 'NONE',  ( 0.2500000000000000000, 0.000000000000000000, 0.000000000000000000 ) ) ;
#2043 = EDGE_CURVE ( 'NONE', #2080, #2498, #4711, .T. ) ;
#2044 = VERTEX_POINT ( 'NONE', #2512 ) ;
#2045 = FACE_OUTER_BOUND ( 'NONE', #1068, .T. ) ;
#2046 = CARTESIAN_POINT ( 'NONE',  ( 0.2500000000000000000, -0.1399999937462644284, 0.6838157659421474355 ) ) ;
#2047 = CARTESIAN_POINT ( 'NONE',  ( 0.1250000000000000278, -0.2168995846019880769, -0.7613742058348155206 ) ) ;
#2048 = ORIENTED_EDGE ( 'NONE', *, *, #5437, .F. ) ;
#2049 = EDGE_CURVE ( 'NONE', #1822, #1430, #3770, .T. ) ;
#2050 = ORIENTED_EDGE ( 'NONE', *, *, #957, .T. ) ;
#2051 = ORIENTED_EDGE ( 'NONE', *, *, #3994, .T. ) ;
#2052 = ORIENTED_EDGE ( 'NONE', *, *, #2273, .F. ) ;
#2053 = CARTESIAN_POINT ( 'NONE',  ( 0.000000000000000000, 0.05658637590207486745, -0.7896417498925573097 ) ) ;
#2054 = CARTESIAN_POINT ( 'NONE',  ( 0.09814954576223630656, -0.1700000000000000400, 0.5000000000000000000 ) ) ;
#2055 = DIRECTION ( 'NONE',  ( 0.000000000000000000, 0.000000000000000000, -1.000000000000000000 ) ) ;
#2056 = STYLED_ITEM ( 'NONE', ( #5643 ), #5417 ) ;
#2057 = EDGE_CURVE ( 'NONE', #3708, #4645, #2428, .T. ) ;
#2058 = VERTEX_POINT ( 'NONE', #5781 ) ;
#2059 = CIRCLE ( 'NONE', #3558, 0.2999999999999999334 ) ;
#2060 = FACE_OUTER_BOUND ( 'NONE', #775, .T. ) ;
#2061 = CARTESIAN_POINT ( 'NONE',  ( 0.2500000000000000000, -0.7613742058348148545, 0.2168995846019903806 ) ) ;
#2062 = VECTOR ( 'NONE', #5829, 39.37007874015748143 ) ;
#2063 = AXIS2_PLACEMENT_3D ( 'NONE', #3207, #2364, #5539 ) ;
#2064 = AXIS2_PLACEMENT_3D ( 'NONE', #1285, #5726, #5755 ) ;
#2065 = EDGE_LOOP ( 'NONE', ( #1911, #4007, #5848, #5636 ) ) ;
#2066 = VECTOR ( 'NONE', #4244, 39.37007874015748143 ) ;
#2067 = ORIENTED_EDGE ( 'NONE', *, *, #238, .T. ) ;
#2068 = DIRECTION ( 'NONE',  ( 0.000000000000000000, 0.7660444431189791237, -0.6427876096865378086 ) ) ;
#2069 = LINE ( 'NONE', #3832, #2591 ) ;
#2070 = CARTESIAN_POINT ( 'NONE',  ( 0.2500000000000000000, 0.000000000000000000, 0.000000000000000000 ) ) ;
#2071 = AXIS2_PLACEMENT_3D ( 'NONE', #52, #4517, #4489 ) ;
#2072 = EDGE_CURVE ( 'NONE', #1430, #909, #5328, .T. ) ;
#2073 = FACE_OUTER_BOUND ( 'NONE', #3158, .T. ) ;
#2074 = CARTESIAN_POINT ( 'NONE',  ( 0.5000000000000000000, 6.123233995736766036E-17, 0.000000000000000000 ) ) ;
#2075 = DIRECTION ( 'NONE',  ( 1.000000000000000000, -0.000000000000000000, -0.000000000000000000 ) ) ;
#2076 = DIRECTION ( 'NONE',  ( -1.000000000000000000, 0.000000000000000000, -0.000000000000000000 ) ) ;
#2077 = CARTESIAN_POINT ( 'NONE',  ( 0.2500000000000000000, 0.000000000000000000, 0.000000000000000000 ) ) ;
#2078 = EDGE_LOOP ( 'NONE', ( #3956, #4113, #3003, #886 ) ) ;
#2079 = VECTOR ( 'NONE', #3748, 39.37007874015748143 ) ;
#2080 = VERTEX_POINT ( 'NONE', #1255 ) ;
#2081 = ORIENTED_EDGE ( 'NONE', *, *, #913, .F. ) ;
#2082 = EDGE_CURVE ( 'NONE', #2846, #1042, #1314, .T. ) ;
#2083 = VERTEX_POINT ( 'NONE', #4859 ) ;
#2084 = DIRECTION ( 'NONE',  ( 0.000000000000000000, -6.982962677686266711E-15, 1.000000000000000000 ) ) ;
#2085 = CYLINDRICAL_SURFACE ( 'NONE', #1817, 0.7916666666666666297 ) ;
#2086 = CARTESIAN_POINT ( 'NONE',  ( 0.000000000000000000, 0.5222018279410822750, 0.4631514340850001465 ) ) ;
#2087 = EDGE_CURVE ( 'NONE', #5340, #2169, #3530, .T. ) ;
#2088 = ORIENTED_EDGE ( 'NONE', *, *, #4732, .T. ) ;
#2089 = VECTOR ( 'NONE', #4318, 39.37007874015748143 ) ;
#2090 = CARTESIAN_POINT ( 'NONE',  ( 0.2500000000000000000, -0.4631514340850017564, 0.5222018279410807207 ) ) ;
#2091 = CARTESIAN_POINT ( 'NONE',  ( 0.000000000000000000, 0.1700000000000000955, 0.09814954576223637595 ) ) ;
#2092 = PLANE ( 'NONE',  #4363 ) ;
#2093 = AXIS2_PLACEMENT_3D ( 'NONE', #3475, #5692, #1727 ) ;
#2094 = VECTOR ( 'NONE', #1888, 39.37007874015748143 ) ;
#2095 = ORIENTED_EDGE ( 'NONE', *, *, #2180, .F. ) ;
#2096 = ORIENTED_EDGE ( 'NONE', *, *, #5028, .T. ) ;
#2097 = EDGE_CURVE ( 'NONE', #5032, #1621, #4614, .T. ) ;
#2098 = CARTESIAN_POINT ( 'NONE',  ( 0.2500000000000000000, 0.4338430062808463772, -0.5467945189019338681 ) ) ;
#2099 = CARTESIAN_POINT ( 'NONE',  ( 0.09814954576223638982, 0.1699999999999999567, 0.5000000000000000000 ) ) ;
#2100 = CARTESIAN_POINT ( 'NONE',  ( 0.000000000000000000, -0.2168995846019880769, -0.7613742058348155206 ) ) ;
#2101 = CARTESIAN_POINT ( 'NONE',  ( 0.2500000000000000000, 0.000000000000000000, 0.000000000000000000 ) ) ;
#2102 = ORIENTED_EDGE ( 'NONE', *, *, #1843, .F. ) ;
#2103 = CARTESIAN_POINT ( 'NONE',  ( 0.000000000000000000, 0.000000000000000000, 0.000000000000000000 ) ) ;
#2104 = CARTESIAN_POINT ( 'NONE',  ( 0.000000000000000000, 0.3458156359070020391, -0.7121430032467823690 ) ) ;
#2105 = CARTESIAN_POINT ( 'NONE',  ( 0.2500000000000000000, -0.7005644739706475832, 0.07687273627014748478 ) ) ;
#2106 =( NAMED_UNIT ( * ) PLANE_ANGLE_UNIT ( ) SI_UNIT ( $, .RADIAN. ) );
#2107 = ORIENTED_EDGE ( 'NONE', *, *, #5065, .F. ) ;
#2108 = ORIENTED_EDGE ( 'NONE', *, *, #4105, .T. ) ;
#2109 = CIRCLE ( 'NONE', #5015, 0.2999999999999998779 ) ;
#2110 = ORIENTED_EDGE ( 'NONE', *, *, #2325, .F. ) ;
#2111 = ORIENTED_EDGE ( 'NONE', *, *, #2158, .F. ) ;
#2112 = CARTESIAN_POINT ( 'NONE',  ( 0.2500000000000000000, -0.7005644739706468060, -0.07687273627015694943 ) ) ;
#2113 = CIRCLE ( 'NONE', #5400, 0.7916666666666666297 ) ;
#2114 = FACE_OUTER_BOUND ( 'NONE', #1029, .T. ) ;
#2115 = CIRCLE ( 'NONE', #5504, 0.7916666666666666297 ) ;
#2116 = ADVANCED_FACE ( 'NONE', ( #1282 ), #5358, .T. ) ;
#2117 = DIRECTION ( 'NONE',  ( -0.000000000000000000, 0.8660254037844382635, -0.5000000000000005551 ) ) ;
#2118 = ORIENTED_EDGE ( 'NONE', *, *, #345, .F. ) ;
#2119 = VECTOR ( 'NONE', #79, 39.37007874015748143 ) ;
#2120 = FACE_OUTER_BOUND ( 'NONE', #5591, .T. ) ;
#2121 = LINE ( 'NONE', #2644, #5001 ) ;
#2122 = EDGE_CURVE ( 'NONE', #5139, #334, #3444, .T. ) ;
#2123 = CARTESIAN_POINT ( 'NONE',  ( -0.09814954576223630656, -0.1700000000000000400, 0.000000000000000000 ) ) ;
#2124 = EDGE_LOOP ( 'NONE', ( #744, #1016, #2338, #1330 ) ) ;
#2125 = ORIENTED_EDGE ( 'NONE', *, *, #1732, .F. ) ;
#2126 = DIRECTION ( 'NONE',  ( 0.000000000000000000, -0.4999999999999889533, -0.8660254037844449249 ) ) ;
#2127 = CLOSED_SHELL ( 'NONE', ( #3052, #5648, #4738, #2969, #2517, #5235, #953, #4635, #3417, #602 ) ) ;
#2128 = ADVANCED_FACE ( 'NONE', ( #5753 ), #5296, .T. ) ;
#2129 = CYLINDRICAL_SURFACE ( 'NONE', #1533, 0.2999999999999998779 ) ;
#2130 = FACE_OUTER_BOUND ( 'NONE', #1989, .T. ) ;
#2131 = ORIENTED_EDGE ( 'NONE', *, *, #4451, .T. ) ;
#2132 = CARTESIAN_POINT ( 'NONE',  ( 0.000000000000000000, 0.6622018216873446494, 0.2206643318571492318 ) ) ;
#2133 = FACE_OUTER_BOUND ( 'NONE', #3768, .T. ) ;
#2134 = AXIS2_PLACEMENT_3D ( 'NONE', #3297, #2853, #1161 ) ;
#2135 = CARTESIAN_POINT ( 'NONE',  ( 0.000000000000000000, -0.2206643318571425982, -0.6622018216873468699 ) ) ;
#2136 = ORIENTED_EDGE ( 'NONE', *, *, #2072, .T. ) ;
#2137 = AXIS2_PLACEMENT_3D ( 'NONE', #1598, #4757, #5618 ) ;
#2138 = ORIENTED_EDGE ( 'NONE', *, *, #2443, .F. ) ;
#2139 = EDGE_LOOP ( 'NONE', ( #5729, #4487, #4945, #2163 ) ) ;
#2140 = FACE_OUTER_BOUND ( 'NONE', #1845, .T. ) ;
#2141 = AXIS2_PLACEMENT_3D ( 'NONE', #2, #5381, #3138 ) ;
#2142 = DIRECTION ( 'NONE',  ( -0.000000000000000000, 0.8660254037844384856, 0.5000000000000001110 ) ) ;
#2143 = DIRECTION ( 'NONE',  ( -0.5000000000000000000, -0.8660254037844385966, 0.000000000000000000 ) ) ;
#2144 = ORIENTED_EDGE ( 'NONE', *, *, #3872, .F. ) ;
#2145 = DIRECTION ( 'NONE',  ( -1.000000000000000000, 0.000000000000000000, 0.000000000000000000 ) ) ;
#2146 = EDGE_CURVE ( 'NONE', #5313, #5575, #352, .T. ) ;
#2147 = DIRECTION ( 'NONE',  ( 0.000000000000000000, 0.000000000000000000, 1.000000000000000000 ) ) ;
#2148 =( GEOMETRIC_REPRESENTATION_CONTEXT ( 3 ) GLOBAL_UNCERTAINTY_ASSIGNED_CONTEXT ( ( #5488 ) ) GLOBAL_UNIT_ASSIGNED_CONTEXT ( ( #5673, #2106, #1620 ) ) REPRESENTATION_CONTEXT ( 'NONE', 'WORKASPACE' ) );
#2149 = DIRECTION ( 'NONE',  ( -1.000000000000000000, -0.000000000000000000, -0.000000000000000000 ) ) ;
#2150 = VERTEX_POINT ( 'NONE', #2569 ) ;
#2151 = EDGE_CURVE ( 'NONE', #3589, #5706, #848, .T. ) ;
#2152 = ORIENTED_EDGE ( 'NONE', *, *, #564, .T. ) ;
#2153 = AXIS2_PLACEMENT_3D ( 'NONE', #3188, #4572, #945 ) ;
#2154 = EDGE_CURVE ( 'NONE', #2666, #5570, #2640, .T. ) ;
#2155 = AXIS2_PLACEMENT_3D ( 'NONE', #3520, #5318, #546 ) ;
#2156 = CARTESIAN_POINT ( 'NONE',  ( 0.2500000000000000000, 0.000000000000000000, 0.000000000000000000 ) ) ;
#2157 = AXIS2_PLACEMENT_3D ( 'NONE', #5611, #1618, #1209 ) ;
#2158 = EDGE_CURVE ( 'NONE', #2990, #5501, #83, .T. ) ;
#2159 = APPLICATION_PROTOCOL_DEFINITION ( 'draft international standard', 'automotive_design', 1998, #3243 ) ;
#2160 = AXIS2_PLACEMENT_3D ( 'NONE', #3781, #3754, #4689 ) ;
#2161 = CIRCLE ( 'NONE', #3666, 0.2999999999999998779 ) ;
#2162 = DIRECTION ( 'NONE',  ( -1.000000000000000000, 0.000000000000000000, 0.000000000000000000 ) ) ;
#2163 = ORIENTED_EDGE ( 'NONE', *, *, #1732, .T. ) ;
#2164 = CARTESIAN_POINT ( 'NONE',  ( 0.000000000000000000, -0.6622018216873463148, 0.2206643318571446799 ) ) ;
#2165 = CARTESIAN_POINT ( 'NONE',  ( 0.000000000000000000, 0.2206643318571469281, 0.6622018216873453156 ) ) ;
#2166 = DIRECTION ( 'NONE',  ( -1.000000000000000000, -0.000000000000000000, 0.000000000000000000 ) ) ;
#2167 = DIRECTION ( 'NONE',  ( -1.000000000000000000, 0.000000000000000000, 0.000000000000000000 ) ) ;
#2168 = ORIENTED_EDGE ( 'NONE', *, *, #3741, .F. ) ;
#2169 = VERTEX_POINT ( 'NONE', #2215 ) ;
#2170 = DIRECTION ( 'NONE',  ( -1.000000000000000000, 0.000000000000000000, 0.000000000000000000 ) ) ;
#2171 = DIRECTION ( 'NONE',  ( 0.000000000000000000, 0.000000000000000000, 1.000000000000000000 ) ) ;
#2172 = CARTESIAN_POINT ( 'NONE',  ( 0.000000000000000000, -0.07687273627015449307, 0.7005644739706468060 ) ) ;
#2173 = AXIS2_PLACEMENT_3D ( 'NONE', #4380, #3501, #2126 ) ;
#2174 = DIRECTION ( 'NONE',  ( -1.000000000000000000, -0.000000000000000000, -0.000000000000000000 ) ) ;
#2175 = ORIENTED_EDGE ( 'NONE', *, *, #4514, .T. ) ;
#2176 = DIRECTION ( 'NONE',  ( -1.000000000000000000, -0.000000000000000000, -0.000000000000000000 ) ) ;
#2177 = DIRECTION ( 'NONE',  ( -1.000000000000000000, 0.000000000000000000, 0.000000000000000000 ) ) ;
#2178 = DIRECTION ( 'NONE',  ( -1.000000000000000000, 0.000000000000000000, -0.000000000000000000 ) ) ;
#2179 = AXIS2_PLACEMENT_3D ( 'NONE', #2843, #3675, #2320 ) ;
#2180 = EDGE_CURVE ( 'NONE', #4965, #185, #3947, .T. ) ;
#2181 = AXIS2_PLACEMENT_3D ( 'NONE', #3408, #4761, #2425 ) ;
#2182 = VECTOR ( 'NONE', #3317, 39.37007874015748143 ) ;
#2183 = ORIENTED_EDGE ( 'NONE', *, *, #3085, .T. ) ;
#2184 = CARTESIAN_POINT ( 'NONE',  ( 0.2500000000000000000, 0.3458156359069921026, 0.7121430032467873650 ) ) ;
#2185 = FACE_OUTER_BOUND ( 'NONE', #2456, .T. ) ;
#2186 = CIRCLE ( 'NONE', #3879, 0.2999999999999998779 ) ;
#2187 = ORIENTED_EDGE ( 'NONE', *, *, #5037, .T. ) ;
#2188 = AXIS2_PLACEMENT_3D ( 'NONE', #2042, #5637, #1090 ) ;
#2189 = ADVANCED_FACE ( 'NONE', ( #5238 ), #816, .T. ) ;
#2190 =( CONVERSION_BASED_UNIT ( 'INCH', #3034 ) LENGTH_UNIT ( ) NAMED_UNIT ( #1365 ) );
#2191 = DIRECTION ( 'NONE',  ( 0.000000000000000000, 0.000000000000000000, 1.000000000000000000 ) ) ;
#2192 = ORIENTED_EDGE ( 'NONE', *, *, #2766, .F. ) ;
#2193 = LINE ( 'NONE', #3095, #2867 ) ;
#2194 = ORIENTED_EDGE ( 'NONE', *, *, #4315, .F. ) ;
#2195 = PLANE ( 'NONE',  #736 ) ;
#2196 = EDGE_CURVE ( 'NONE', #5639, #363, #100, .T. ) ;
#2197 = CARTESIAN_POINT ( 'NONE',  ( 0.1250000000000000000, 0.5509196117381597313, -0.5685276532530201266 ) ) ;
#2198 = DIRECTION ( 'NONE',  ( -1.000000000000000000, -0.000000000000000000, -0.000000000000000000 ) ) ;
#2199 = ORIENTED_EDGE ( 'NONE', *, *, #5405, .T. ) ;
#2200 = CARTESIAN_POINT ( 'NONE',  ( 0.000000000000000000, 0.1700000000000000955, -0.09814954576223638982 ) ) ;
#2201 = CARTESIAN_POINT ( 'NONE',  ( -0.1962990915244727796, -3.414809992379240130E-17, 0.5000000000000000000 ) ) ;
#2202 = CARTESIAN_POINT ( 'NONE',  ( 0.2500000000000000000, 0.1973566109173011396, 0.6765725148856306381 ) ) ;
#2203 = CARTESIAN_POINT ( 'NONE',  ( 0.2500000000000000000, -0.2168995846019981522, 0.7613742058348127451 ) ) ;
#2204 = CIRCLE ( 'NONE', #3794, 0.7916666666666666297 ) ;
#2205 = EDGE_CURVE ( 'NONE', #1701, #2984, #379, .T. ) ;
#2206 = VERTEX_POINT ( 'NONE', #2184 ) ;
#2207 = DIRECTION ( 'NONE',  ( -1.000000000000000000, 0.000000000000000000, 0.000000000000000000 ) ) ;
#2208 = CIRCLE ( 'NONE', #2013, 0.2999999999999998779 ) ;
#2209 = DIRECTION ( 'NONE',  ( 0.000000000000000000, 0.000000000000000000, 1.000000000000000000 ) ) ;
#2210 = CARTESIAN_POINT ( 'NONE',  ( 0.2500000000000000000, 0.1023218052424476748, 0.6904594471595897343 ) ) ;
#2211 = CARTESIAN_POINT ( 'NONE',  ( 0.000000000000000000, 0.1700000000000000955, -0.09814954576223638982 ) ) ;
#2212 = CIRCLE ( 'NONE', #3899, 0.7916666666666666297 ) ;
#2213 = AXIS2_PLACEMENT_3D ( 'NONE', #5385, #374, #3615 ) ;
#2214 = EDGE_LOOP ( 'NONE', ( #3284, #2828, #3431, #1160 ) ) ;
#2215 = CARTESIAN_POINT ( 'NONE',  ( 0.2500000000000000000, 0.000000000000000000, 0.1962990915244728907 ) ) ;
#2216 = CARTESIAN_POINT ( 'NONE',  ( 0.000000000000000000, 0.4438261139855627646, 0.6555566273447208658 ) ) ;
#2217 = ORIENTED_EDGE ( 'NONE', *, *, #4847, .F. ) ;
#2218 = AXIS2_PLACEMENT_3D ( 'NONE', #1878, #3631, #2370 ) ;
#2219 = CARTESIAN_POINT ( 'NONE',  ( 0.2500000000000000000, 0.6451429995825382901, 0.2837084945169510708 ) ) ;
#2220 = ORIENTED_EDGE ( 'NONE', *, *, #2872, .T. ) ;
#2221 = LINE ( 'NONE', #1324, #5511 ) ;
#2222 = ADVANCED_FACE ( 'NONE', ( #2600 ), #4441, .T. ) ;
#2223 = ORIENTED_EDGE ( 'NONE', *, *, #3311, .T. ) ;
#2224 = DIRECTION ( 'NONE',  ( -1.000000000000000000, 0.000000000000000000, 0.000000000000000000 ) ) ;
#2225 = CYLINDRICAL_SURFACE ( 'NONE', #2300, 0.2999999999999998779 ) ;
#2226 = DIRECTION ( 'NONE',  ( -1.000000000000000000, 0.000000000000000000, 0.000000000000000000 ) ) ;
#2227 = EDGE_LOOP ( 'NONE', ( #500, #3101, #2385, #3679 ) ) ;
#2228 = ORIENTED_EDGE ( 'NONE', *, *, #5491, .F. ) ;
#2229 = EDGE_CURVE ( 'NONE', #2945, #5135, #3402, .T. ) ;
#2230 = ORIENTED_EDGE ( 'NONE', *, *, #876, .F. ) ;
#2231 = CARTESIAN_POINT ( 'NONE',  ( 0.2500000000000000000, -0.4438261139855583237, -0.6555566273447240855 ) ) ;
#2232 = DIRECTION ( 'NONE',  ( 0.000000000000000000, -6.829619984160660610E-15, 1.000000000000000000 ) ) ;
#2233 = AXIS2_PLACEMENT_3D ( 'NONE', #336, #2610, #3544 ) ;
#2234 = DIRECTION ( 'NONE',  ( 0.000000000000000000, -0.8660254037844382635, -0.5000000000000005551 ) ) ;
#2235 = VERTEX_POINT ( 'NONE', #3173 ) ;
#2236 = FACE_OUTER_BOUND ( 'NONE', #2738, .T. ) ;
#2237 = DIRECTION ( 'NONE',  ( -1.000000000000000000, -0.000000000000000000, 0.000000000000000000 ) ) ;
#2238 = CARTESIAN_POINT ( 'NONE',  ( 0.2500000000000000000, 0.000000000000000000, 0.000000000000000000 ) ) ;
#2239 = ADVANCED_FACE ( 'NONE', ( #3652 ), #4975, .T. ) ;
#2240 = CARTESIAN_POINT ( 'NONE',  ( 0.2500000000000000000, 0.2837084945169489614, 0.6451429995825394004 ) ) ;
#2241 = ORIENTED_EDGE ( 'NONE', *, *, #682, .F. ) ;
#2242 = AXIS2_PLACEMENT_3D ( 'NONE', #1830, #1446, #3694 ) ;
#2243 = DIRECTION ( 'NONE',  ( -1.000000000000000000, -0.000000000000000000, 0.000000000000000000 ) ) ;
#2244 = LINE ( 'NONE', #3531, #925 ) ;
#2245 = ORIENTED_EDGE ( 'NONE', *, *, #2788, .F. ) ;
#2246 = MECHANICAL_DESIGN_GEOMETRIC_PRESENTATION_REPRESENTATION (  '', ( #2056 ), #2148 ) ;
#2247 = DIRECTION ( 'NONE',  ( -1.000000000000000000, -0.000000000000000000, -0.000000000000000000 ) ) ;
#2248 = EDGE_LOOP ( 'NONE', ( #22, #4667, #1214, #5169 ) ) ;
#2249 = AXIS2_PLACEMENT_3D ( 'NONE', #4387, #769, #4358 ) ;
#2250 = CARTESIAN_POINT ( 'NONE',  ( 0.2500000000000000000, 0.000000000000000000, 0.000000000000000000 ) ) ;
#2251 = ORIENTED_EDGE ( 'NONE', *, *, #4561, .F. ) ;
#2252 = DIRECTION ( 'NONE',  ( -1.000000000000000000, 0.000000000000000000, -0.000000000000000000 ) ) ;
#2253 = CIRCLE ( 'NONE', #1958, 0.2999999999999998779 ) ;
#2254 = CYLINDRICAL_SURFACE ( 'NONE', #5542, 0.2999999999999999334 ) ;
#2255 = AXIS2_PLACEMENT_3D ( 'NONE', #962, #533, #1973 ) ;
#2256 = EDGE_CURVE ( 'NONE', #1394, #4071, #498, .T. ) ;
#2257 = ORIENTED_EDGE ( 'NONE', *, *, #3619, .F. ) ;
#2258 = DIRECTION ( 'NONE',  ( 0.000000000000000000, 0.5000000000000008882, -0.8660254037844381525 ) ) ;
#2259 = CARTESIAN_POINT ( 'NONE',  ( 0.2500000000000000000, -0.6904594471595889571, -0.1023218052424548358 ) ) ;
#2260 = FACE_OUTER_BOUND ( 'NONE', #1968, .T. ) ;
#2261 = CARTESIAN_POINT ( 'NONE',  ( 0.2500000000000000000, 0.1928465525817949777, -0.7678191963401462816 ) ) ;
#2262 = EDGE_CURVE ( 'NONE', #909, #3537, #5380, .T. ) ;
#2263 = VERTEX_POINT ( 'NONE', #1345 ) ;
#2264 = CARTESIAN_POINT ( 'NONE',  ( 0.2500000000000000000, -0.2206643318571514245, 0.6622018216873437613 ) ) ;
#2265 = VECTOR ( 'NONE', #1555, 39.37007874015748143 ) ;
#2266 = LINE ( 'NONE', #1250, #2586 ) ;
#2267 = EDGE_CURVE ( 'NONE', #537, #1976, #3118, .T. ) ;
#2268 = DIRECTION ( 'NONE',  ( -1.000000000000000000, -0.000000000000000000, -0.000000000000000000 ) ) ;
#2269 = EDGE_LOOP ( 'NONE', ( #3032, #5144, #3355, #1500 ) ) ;
#2270 = CARTESIAN_POINT ( 'NONE',  ( 0.000000000000000000, 0.7874714384524887922, -0.08139314917533987948 ) ) ;
#2271 = FACE_OUTER_BOUND ( 'NONE', #2820, .T. ) ;
#2272 = ORIENTED_EDGE ( 'NONE', *, *, #1327, .T. ) ;
#2273 = EDGE_CURVE ( 'NONE', #1848, #1701, #5183, .T. ) ;
#2274 = DIRECTION ( 'NONE',  ( -1.000000000000000000, 0.000000000000000000, 0.000000000000000000 ) ) ;
#2275 = ORIENTED_EDGE ( 'NONE', *, *, #5382, .T. ) ;
#2277 = DIRECTION ( 'NONE',  ( -0.000000000000000000, -0.000000000000000000, -1.000000000000000000 ) ) ;
#2276 = CIRCLE ( 'NONE', #3398, 0.2999999999999998779 ) ;
#2278 = DIRECTION ( 'NONE',  ( 1.000000000000000000, 0.000000000000000000, 0.000000000000000000 ) ) ;
#2279 = EDGE_LOOP ( 'NONE', ( #3094, #5616, #80, #452 ) ) ;
#2280 = DIRECTION ( 'NONE',  ( 0.000000000000000000, 0.000000000000000000, 1.000000000000000000 ) ) ;
#2281 = EDGE_LOOP ( 'NONE', ( #752, #2842, #2323, #5840 ) ) ;
#2282 = ORIENTED_EDGE ( 'NONE', *, *, #3625, .F. ) ;
#2283 = DIRECTION ( 'NONE',  ( -1.000000000000000000, 0.000000000000000000, 0.000000000000000000 ) ) ;
#2284 = DIRECTION ( 'NONE',  ( -1.000000000000000000, -0.000000000000000000, -0.000000000000000000 ) ) ;
#2285 = DIRECTION ( 'NONE',  ( -1.000000000000000000, 0.000000000000000000, 0.000000000000000000 ) ) ;
#2286 = CARTESIAN_POINT ( 'NONE',  ( 0.2500000000000000000, -0.7874714384524883481, 0.08139314917534531957 ) ) ;
#2287 = ADVANCED_FACE ( 'NONE', ( #5415 ), #5389, .T. ) ;
#2288 = ORIENTED_EDGE ( 'NONE', *, *, #258, .F. ) ;
#2289 = CARTESIAN_POINT ( 'NONE',  ( 0.2500000000000000000, -0.6977378117192288842, 0.01912971764720424253 ) ) ;
#2290 = EDGE_CURVE ( 'NONE', #184, #3002, #4908, .T. ) ;
#2291 = DIRECTION ( 'NONE',  ( 0.000000000000000000, 0.000000000000000000, 1.000000000000000000 ) ) ;
#2292 = DIRECTION ( 'NONE',  ( -1.000000000000000000, -0.000000000000000000, 0.000000000000000000 ) ) ;
#2293 = EDGE_LOOP ( 'NONE', ( #828, #1762, #548, #4173 ) ) ;
#2294 = AXIS2_PLACEMENT_3D ( 'NONE', #4759, #756, #778 ) ;
#2295 = CIRCLE ( 'NONE', #5588, 0.2999999999999999334 ) ;
#2296 = EDGE_CURVE ( 'NONE', #781, #410, #678, .T. ) ;
#2297 = DIRECTION ( 'NONE',  ( 0.000000000000000000, 0.000000000000000000, 1.000000000000000000 ) ) ;
#2298 = DIRECTION ( 'NONE',  ( 1.000000000000000000, -0.000000000000000000, 0.000000000000000000 ) ) ;
#2299 = VERTEX_POINT ( 'NONE', #4472 ) ;
#2300 = AXIS2_PLACEMENT_3D ( 'NONE', #4867, #1738, #3539 ) ;
#2301 = AXIS2_PLACEMENT_3D ( 'NONE', #813, #2619, #3526 ) ;
#2302 = CARTESIAN_POINT ( 'NONE',  ( 0.000000000000000000, 0.7613742058348135222, 0.2168995846019955431 ) ) ;
#2303 = AXIS2_PLACEMENT_3D ( 'NONE', #2949, #2455, #2888 ) ;
#2304 = VERTEX_POINT ( 'NONE', #1904 ) ;
#2305 = DIRECTION ( 'NONE',  ( 0.000000000000000000, 0.000000000000000000, 1.000000000000000000 ) ) ;
#2306 = VECTOR ( 'NONE', #5172, 39.37007874015748143 ) ;
#2307 = ORIENTED_EDGE ( 'NONE', *, *, #2824, .F. ) ;
#2308 = CARTESIAN_POINT ( 'NONE',  ( 0.2500000000000000000, 0.000000000000000000, 0.000000000000000000 ) ) ;
#2309 = VECTOR ( 'NONE', #4980, 39.37007874015748143 ) ;
#2310 = ORIENTED_EDGE ( 'NONE', *, *, #2158, .T. ) ;
#2311 = EDGE_CURVE ( 'NONE', #235, #537, #5841, .T. ) ;
#2312 = VERTEX_POINT ( 'NONE', #2736 ) ;
#2313 = CARTESIAN_POINT ( 'NONE',  ( 0.2500000000000000000, -0.04594687756908865522, 0.7032701360167950000 ) ) ;
#2314 = LINE ( 'NONE', #4103, #279 ) ;
#2315 = CARTESIAN_POINT ( 'NONE',  ( 0.2500000000000000000, -0.5222018279410790553, -0.4631514340850037548 ) ) ;
#2316 = CARTESIAN_POINT ( 'NONE',  ( 0.2500000000000000000, 0.4631514340849982592, 0.5222018279410838293 ) ) ;
#2317 = CARTESIAN_POINT ( 'NONE',  ( 0.2500000000000000000, 0.1023218052424569174, -0.6904594471595884020 ) ) ;
#2318 = AXIS2_PLACEMENT_3D ( 'NONE', #1385, #3669, #3191 ) ;
#2319 = VERTEX_POINT ( 'NONE', #8 ) ;
#2320 = DIRECTION ( 'NONE',  ( 0.000000000000000000, 0.000000000000000000, 1.000000000000000000 ) ) ;
#2321 = CARTESIAN_POINT ( 'NONE',  ( 0.000000000000000000, -0.3654357273093154501, -0.5946938113062145703 ) ) ;
#2322 = DIRECTION ( 'NONE',  ( -1.000000000000000000, 0.000000000000000000, 0.000000000000000000 ) ) ;
#2323 = ORIENTED_EDGE ( 'NONE', *, *, #839, .T. ) ;
#2324 = ORIENTED_EDGE ( 'NONE', *, *, #1640, .T. ) ;
#2325 = EDGE_CURVE ( 'NONE', #5529, #4089, #2653, .T. ) ;
#2326 = ORIENTED_EDGE ( 'NONE', *, *, #3774, .F. ) ;
#2327 = CYLINDRICAL_SURFACE ( 'NONE', #1511, 0.2999999999999998224 ) ;
#2328 = LINE ( 'NONE', #4176, #5259 ) ;
#2329 = ORIENTED_EDGE ( 'NONE', *, *, #1489, .T. ) ;
#2330 = EDGE_CURVE ( 'NONE', #4639, #1711, #3116, .T. ) ;
#2331 = EDGE_CURVE ( 'NONE', #5361, #2590, #1043, .T. ) ;
#2332 = DIRECTION ( 'NONE',  ( 0.000000000000000000, 0.000000000000000000, 1.000000000000000000 ) ) ;
#2333 = ORIENTED_EDGE ( 'NONE', *, *, #5059, .T. ) ;
#2334 = CARTESIAN_POINT ( 'NONE',  ( 0.1250000000000000278, 0.1928465525817948945, -0.7678191963401462816 ) ) ;
#2335 = EDGE_CURVE ( 'NONE', #5601, #801, #5767, .T. ) ;
#2336 = VECTOR ( 'NONE', #800, 39.37007874015748143 ) ;
#2337 = DIRECTION ( 'NONE',  ( 0.000000000000000000, 0.000000000000000000, 1.000000000000000000 ) ) ;
#2338 = ORIENTED_EDGE ( 'NONE', *, *, #2330, .F. ) ;
#2339 = EDGE_CURVE ( 'NONE', #5230, #2786, #2186, .T. ) ;
#2340 = CARTESIAN_POINT ( 'NONE',  ( 0.2500000000000000000, -0.6846072908519333922, 0.1673704187836251300 ) ) ;
#2341 = CIRCLE ( 'NONE', #4688, 0.6979999999999999538 ) ;
#2342 = DIRECTION ( 'NONE',  ( 0.000000000000000000, -0.7660444431189836756, 0.6427876096865328126 ) ) ;
#2343 = CIRCLE ( 'NONE', #358, 0.2999999999999998779 ) ;
#2344 = CARTESIAN_POINT ( 'NONE',  ( 0.000000000000000000, 0.7121430032467909177, -0.3458156359069846086 ) ) ;
#2345 = CARTESIAN_POINT ( 'NONE',  ( 0.2500000000000000000, -0.5860763647289356504, -0.3914262312078042316 ) ) ;
#2346 = CIRCLE ( 'NONE', #4786, 0.2999999999999999334 ) ;
#2347 = CYLINDRICAL_SURFACE ( 'NONE', #1106, 0.6979999999999999538 ) ;
#2348 = CIRCLE ( 'NONE', #5349, 0.2999999999999998224 ) ;
#2349 = CARTESIAN_POINT ( 'NONE',  ( 0.2500000000000000000, 0.000000000000000000, 0.000000000000000000 ) ) ;
#2350 = AXIS2_PLACEMENT_3D ( 'NONE', #3565, #5362, #4414 ) ;
#2351 = VERTEX_POINT ( 'NONE', #2270 ) ;
#2352 = AXIS2_PLACEMENT_3D ( 'NONE', #3893, #3477, #1674 ) ;
#2353 = AXIS2_PLACEMENT_3D ( 'NONE', #120, #5049, #2811 ) ;
#2354 = ORIENTED_EDGE ( 'NONE', *, *, #1851, .T. ) ;
#2355 = ADVANCED_FACE ( 'NONE', ( #2765 ), #4588, .T. ) ;
#2356 = DIRECTION ( 'NONE',  ( -1.000000000000000000, -0.000000000000000000, -0.000000000000000000 ) ) ;
#2357 = CARTESIAN_POINT ( 'NONE',  ( 0.2500000000000000000, -0.1023218052424524072, 0.6904594471595890681 ) ) ;
#2358 = CARTESIAN_POINT ( 'NONE',  ( 0.000000000000000000, 0.000000000000000000, 0.000000000000000000 ) ) ;
#2359 = EDGE_LOOP ( 'NONE', ( #5099, #4057, #5082, #4020 ) ) ;
#2360 = VECTOR ( 'NONE', #3220, 39.37007874015748143 ) ;
#2361 = ORIENTED_EDGE ( 'NONE', *, *, #5202, .F. ) ;
#2362 = VERTEX_POINT ( 'NONE', #4563 ) ;
#2363 = CARTESIAN_POINT ( 'NONE',  ( -0.3937007874015748254, 0.000000000000000000, 0.000000000000000000 ) ) ;
#2364 = DIRECTION ( 'NONE',  ( -1.000000000000000000, 0.000000000000000000, -0.000000000000000000 ) ) ;
#2365 = ADVANCED_FACE ( 'NONE', ( #532 ), #2327, .T. ) ;
#2366 = ORIENTED_EDGE ( 'NONE', *, *, #3824, .F. ) ;
#2367 = AXIS2_PLACEMENT_3D ( 'NONE', #995, #2800, #4599 ) ;
#2368 = CARTESIAN_POINT ( 'NONE',  ( 0.1250000000000000000, 0.7896417498925578649, 0.05658637590206656853 ) ) ;
#2369 = ORIENTED_EDGE ( 'NONE', *, *, #4817, .T. ) ;
#2370 = DIRECTION ( 'NONE',  ( 0.000000000000000000, 0.000000000000000000, 1.000000000000000000 ) ) ;
#2371 = EDGE_CURVE ( 'NONE', #3790, #3073, #5623, .T. ) ;
#2372 = LINE ( 'NONE', #3215, #4179 ) ;
#2373 = PRODUCT_DEFINITION_CONTEXT ( 'detailed design', #4364, 'design' ) ;
#2374 = EDGE_LOOP ( 'NONE', ( #4028, #2108, #37, #1174 ) ) ;
#2375 = DIRECTION ( 'NONE',  ( 0.000000000000000000, 0.000000000000000000, 1.000000000000000000 ) ) ;
#2376 = AXIS2_PLACEMENT_3D ( 'NONE', #1221, #311, #622 ) ;
#2377 = CARTESIAN_POINT ( 'NONE',  ( 0.2500000000000000000, -0.2837084945169532357, 0.6451429995825372909 ) ) ;
#2378 = CARTESIAN_POINT ( 'NONE',  ( 0.2500000000000000000, -0.6838157659421469914, -0.1399999937462668431 ) ) ;
#2379 = ADVANCED_FACE ( 'NONE', ( #2060 ), #1491, .T. ) ;
#2380 = FACE_OUTER_BOUND ( 'NONE', #2281, .T. ) ;
#2381 = DIRECTION ( 'NONE',  ( -1.000000000000000000, 0.000000000000000000, 0.000000000000000000 ) ) ;
#2382 = AXIS2_PLACEMENT_3D ( 'NONE', #905, #471, #2709 ) ;
#2383 = CARTESIAN_POINT ( 'NONE',  ( 0.000000000000000000, 0.04594687756909353327, -0.7032701360167944449 ) ) ;
#2384 = AXIS2_PLACEMENT_3D ( 'NONE', #3306, #3867, #3782 ) ;
#2385 = ORIENTED_EDGE ( 'NONE', *, *, #7, .F. ) ;
#2386 = DIRECTION ( 'NONE',  ( 1.000000000000000000, -0.000000000000000000, 0.000000000000000000 ) ) ;
#2387 = CARTESIAN_POINT ( 'NONE',  ( 0.2500000000000000000, 0.6904594471595910665, -0.1023218052424405972 ) ) ;
#2388 = LINE ( 'NONE', #5560, #2948 ) ;
#2389 = EDGE_CURVE ( 'NONE', #1809, #2900, #5178, .T. ) ;
#2390 = ORIENTED_EDGE ( 'NONE', *, *, #4055, .F. ) ;
#2391 = ORIENTED_EDGE ( 'NONE', *, *, #41, .F. ) ;
#2392 = FACE_OUTER_BOUND ( 'NONE', #2139, .T. ) ;
#2393 = CARTESIAN_POINT ( 'NONE',  ( 0.1250000000000000278, -0.7874714384524872379, -0.08139314917535603322 ) ) ;
#2394 = EDGE_LOOP ( 'NONE', ( #2002, #4858, #1438, #5774 ) ) ;
#2395 = CIRCLE ( 'NONE', #2756, 0.7916666666666666297 ) ;
#2396 = CYLINDRICAL_SURFACE ( 'NONE', #2181, 0.7916666666666666297 ) ;
#2397 = VERTEX_POINT ( 'NONE', #4705 ) ;
#2398 = CARTESIAN_POINT ( 'NONE',  ( 0.000000000000000000, -0.05658637590206939960, 0.7896417498925578649 ) ) ;
#2399 = CIRCLE ( 'NONE', #4174, 0.2999999999999998779 ) ;
#2400 = AXIS2_PLACEMENT_3D ( 'NONE', #3554, #4942, #3142 ) ;
#2401 = CYLINDRICAL_SURFACE ( 'NONE', #1543, 0.7916666666666666297 ) ;
#2402 = PRODUCT ( 'rod gear_Inch - Spur gear 24DP 36T 20PA 0.25FW ---S36N3.0H2.0L0.03125N', 'rod gear_Inch - Spur gear 24DP 36T 20PA 0.25FW ---S36N3.0H2.0L0.03125N', '', ( #4862 ) ) ;
#2403 = DIRECTION ( 'NONE',  ( 1.000000000000000000, -0.000000000000000000, -0.000000000000000000 ) ) ;
#2404 = AXIS2_PLACEMENT_3D ( 'NONE', #1235, #5704, #1296 ) ;
#2405 = EDGE_CURVE ( 'NONE', #5675, #273, #5377, .T. ) ;
#2406 = AXIS2_PLACEMENT_3D ( 'NONE', #1905, #2822, #1492 ) ;
#2407 = EDGE_CURVE ( 'NONE', #185, #722, #4998, .T. ) ;
#2408 = CARTESIAN_POINT ( 'NONE',  ( 0.2500000000000000000, -0.2206643318571514245, 0.6622018216873437613 ) ) ;
#2409 = CARTESIAN_POINT ( 'NONE',  ( 0.2500000000000000000, 0.7005644739706462509, 0.07687273627016155686 ) ) ;
#2410 = CARTESIAN_POINT ( 'NONE',  ( 0.2500000000000000000, 0.000000000000000000, 0.000000000000000000 ) ) ;
#2411 = CARTESIAN_POINT ( 'NONE',  ( 0.2500000000000000000, 0.5222018279410887143, -0.4631514340849930411 ) ) ;
#2412 = CARTESIAN_POINT ( 'NONE',  ( -0.1962990915244727796, -3.414809992379240130E-17, 0.000000000000000000 ) ) ;
#2413 = ORIENTED_EDGE ( 'NONE', *, *, #4525, .T. ) ;
#2414 = EDGE_CURVE ( 'NONE', #4919, #3165, #3349, .T. ) ;
#2415 = ORIENTED_EDGE ( 'NONE', *, *, #3555, .T. ) ;
#2416 = DIRECTION ( 'NONE',  ( 0.000000000000000000, 0.000000000000000000, 1.000000000000000000 ) ) ;
#2417 = DIRECTION ( 'NONE',  ( -1.000000000000000000, -0.000000000000000000, -0.000000000000000000 ) ) ;
#2418 = DIRECTION ( 'NONE',  ( -1.000000000000000000, -0.000000000000000000, -0.000000000000000000 ) ) ;
#2419 = VERTEX_POINT ( 'NONE', #1516 ) ;
#2420 = ORIENTED_EDGE ( 'NONE', *, *, #1460, .F. ) ;
#2421 = CARTESIAN_POINT ( 'NONE',  ( 0.000000000000000000, -0.5685276532530219029, -0.5509196117381578439 ) ) ;
#2422 = AXIS2_PLACEMENT_3D ( 'NONE', #3151, #2686, #4950 ) ;
#2423 = CYLINDRICAL_SURFACE ( 'NONE', #2255, 0.6979999999999999538 ) ;
#2424 = ORIENTED_EDGE ( 'NONE', *, *, #4550, .T. ) ;
#2425 = DIRECTION ( 'NONE',  ( 0.000000000000000000, 0.000000000000000000, 1.000000000000000000 ) ) ;
#2426 = AXIS2_PLACEMENT_3D ( 'NONE', #5835, #3583, #4058 ) ;
#2427 = ORIENTED_EDGE ( 'NONE', *, *, #957, .F. ) ;
#2428 = LINE ( 'NONE', #654, #4704 ) ;
#2429 = DIRECTION ( 'NONE',  ( -1.000000000000000000, -0.000000000000000000, 0.000000000000000000 ) ) ;
#2430 = ORIENTED_EDGE ( 'NONE', *, *, #3927, .T. ) ;
#2431 = LENGTH_MEASURE_WITH_UNIT ( LENGTH_MEASURE( 0.02539999999999999897 ), #2920 );
#2432 = DIRECTION ( 'NONE',  ( 0.000000000000000000, -0.3420201433256757628, 0.9396926207859057634 ) ) ;
#2433 = CARTESIAN_POINT ( 'NONE',  ( 0.2500000000000000000, 0.6977378117192286622, 0.01912971764720918302 ) ) ;
#2434 = CIRCLE ( 'NONE', #1574, 0.7916666666666666297 ) ;
#2435 = CARTESIAN_POINT ( 'NONE',  ( 0.2500000000000000000, -0.6320232422980268661, 0.3118439048089917121 ) ) ;
#2436 = CARTESIAN_POINT ( 'NONE',  ( 0.000000000000000000, -0.7874714384524881261, 0.08139314917534541671 ) ) ;
#2437 = EDGE_CURVE ( 'NONE', #1336, #2799, #1040, .T. ) ;
#2438 = ORIENTED_EDGE ( 'NONE', *, *, #1135, .T. ) ;
#2439 = CIRCLE ( 'NONE', #1857, 0.5000000000000000000 ) ;
#2440 = ORIENTED_EDGE ( 'NONE', *, *, #2122, .T. ) ;
#2441 = CARTESIAN_POINT ( 'NONE',  ( 0.000000000000000000, 0.000000000000000000, 0.000000000000000000 ) ) ;
#2442 = CARTESIAN_POINT ( 'NONE',  ( -0.3937007874015748254, 0.000000000000000000, 0.000000000000000000 ) ) ;
#2443 = EDGE_CURVE ( 'NONE', #1566, #3412, #5171, .T. ) ;
#2444 = CARTESIAN_POINT ( 'NONE',  ( 0.2500000000000000000, 0.3323020844099149329, -0.6138235289534162975 ) ) ;
#2445 = AXIS2_PLACEMENT_3D ( 'NONE', #181, #1507, #5672 ) ;
#2446 = ORIENTED_EDGE ( 'NONE', *, *, #48, .T. ) ;
#2447 = VERTEX_POINT ( 'NONE', #4289 ) ;
#2448 = FACE_OUTER_BOUND ( 'NONE', #506, .T. ) ;
#2449 = EDGE_CURVE ( 'NONE', #106, #2235, #673, .T. ) ;
#2450 = CARTESIAN_POINT ( 'NONE',  ( 0.000000000000000000, 0.6846072908519325040, 0.1673704187836297652 ) ) ;
#2451 = VERTEX_POINT ( 'NONE', #2507 ) ;
#2452 = ORIENTED_EDGE ( 'NONE', *, *, #3516, .F. ) ;
#2453 = LINE ( 'NONE', #3830, #2079 ) ;
#2454 = VECTOR ( 'NONE', #1497, 39.37007874015748143 ) ;
#2455 = DIRECTION ( 'NONE',  ( -1.000000000000000000, -0.000000000000000000, 0.000000000000000000 ) ) ;
#2456 = EDGE_LOOP ( 'NONE', ( #405, #4309, #4357, #3066 ) ) ;
#2457 = ORIENTED_EDGE ( 'NONE', *, *, #3239, .F. ) ;
#2458 = CYLINDRICAL_SURFACE ( 'NONE', #552, 0.7916666666666666297 ) ;
#2459 = DIRECTION ( 'NONE',  ( -1.000000000000000000, -0.000000000000000000, -0.000000000000000000 ) ) ;
#2460 = CARTESIAN_POINT ( 'NONE',  ( 0.2500000000000000000, -0.6622018216873430951, -0.2206643318571536450 ) ) ;
#2461 = DIRECTION ( 'NONE',  ( 0.000000000000000000, -0.6427876096865300370, -0.7660444431189857850 ) ) ;
#2462 = AXIS2_PLACEMENT_3D ( 'NONE', #551, #2356, #2416 ) ;
#2463 = CARTESIAN_POINT ( 'NONE',  ( 0.2500000000000000000, 0.000000000000000000, 0.000000000000000000 ) ) ;
#2464 = VECTOR ( 'NONE', #592, 39.37007874015748143 ) ;
#2465 = CARTESIAN_POINT ( 'NONE',  ( 0.1250000000000000278, -0.1928465525817898985, 0.7678191963401476139 ) ) ;
#2466 = VERTEX_POINT ( 'NONE', #2421 ) ;
#2467 = AXIS2_PLACEMENT_3D ( 'NONE', #2030, #1134, #1935 ) ;
#2468 = ORIENTED_EDGE ( 'NONE', *, *, #3981, .T. ) ;
#2469 = ORIENTED_EDGE ( 'NONE', *, *, #1316, .F. ) ;
#2470 = DIRECTION ( 'NONE',  ( 0.000000000000000000, 0.000000000000000000, -1.000000000000000000 ) ) ;
#2471 = AXIS2_PLACEMENT_3D ( 'NONE', #3591, #1401, #875 ) ;
#2472 = LINE ( 'NONE', #1156, #974 ) ;
#2473 = VECTOR ( 'NONE', #1061, 39.37007874015748143 ) ;
#2474 = CARTESIAN_POINT ( 'NONE',  ( 0.000000000000000000, 0.6138235289534245132, -0.3323020844098998894 ) ) ;
#2475 = EDGE_CURVE ( 'NONE', #2939, #213, #136, .T. ) ;
#2476 = ORIENTED_EDGE ( 'NONE', *, *, #2793, .F. ) ;
#2477 = ADVANCED_FACE ( 'NONE', ( #5060 ), #1459, .T. ) ;
#2478 = EDGE_CURVE ( 'NONE', #1710, #2791, #4623, .T. ) ;
#2479 = CARTESIAN_POINT ( 'NONE',  ( 0.2500000000000000000, 0.7032701360167955551, -0.04594687756907635950 ) ) ;
#2480 = CARTESIAN_POINT ( 'NONE',  ( 0.2500000000000000000, -0.7032701360167952220, 0.04594687756908124449 ) ) ;
#2481 = ADVANCED_FACE ( 'NONE', ( #2392 ), #2941, .F. ) ;
#2482 = ORIENTED_EDGE ( 'NONE', *, *, #5723, .F. ) ;
#2483 = LINE ( 'NONE', #5176, #4516 ) ;
#2484 = CIRCLE ( 'NONE', #3605, 0.2999999999999998779 ) ;
#2485 = DIRECTION ( 'NONE',  ( -1.000000000000000000, 0.000000000000000000, 0.000000000000000000 ) ) ;
#2486 = ORIENTED_EDGE ( 'NONE', *, *, #2311, .T. ) ;
#2487 = ORIENTED_EDGE ( 'NONE', *, *, #4240, .F. ) ;
#2488 = FACE_OUTER_BOUND ( 'NONE', #4850, .T. ) ;
#2489 = CARTESIAN_POINT ( 'NONE',  ( 0.2500000000000000000, -0.6622018216873463148, 0.2206643318571446799 ) ) ;
#2490 = DIRECTION ( 'NONE',  ( -1.000000000000000000, 0.000000000000000000, 0.000000000000000000 ) ) ;
#2491 = CARTESIAN_POINT ( 'NONE',  ( 0.2500000000000000000, -0.05658637590206936491, 0.7896417498925577538 ) ) ;
#2492 = EDGE_CURVE ( 'NONE', #3214, #2419, #5567, .T. ) ;
#2493 = DIRECTION ( 'NONE',  ( 0.000000000000000000, 0.9396926207859068736, 0.3420201433256727652 ) ) ;
#2494 = LINE ( 'NONE', #209, #1286 ) ;
#2495 = ORIENTED_EDGE ( 'NONE', *, *, #2072, .F. ) ;
#2496 = CIRCLE ( 'NONE', #221, 0.6980000000000000648 ) ;
#2497 = ORIENTED_EDGE ( 'NONE', *, *, #4556, .T. ) ;
#2498 = VERTEX_POINT ( 'NONE', #165 ) ;
#2499 = ORIENTED_EDGE ( 'NONE', *, *, #3528, .T. ) ;
#2500 = DIRECTION ( 'NONE',  ( 0.000000000000000000, -0.6427876096865459132, 0.7660444431189724623 ) ) ;
#2501 = ORIENTED_EDGE ( 'NONE', *, *, #1819, .T. ) ;
#2502 = ORIENTED_EDGE ( 'NONE', *, *, #1342, .F. ) ;
#2503 = FACE_OUTER_BOUND ( 'NONE', #3630, .T. ) ;
#2504 = CARTESIAN_POINT ( 'NONE',  ( 0.2500000000000000000, -0.4168559794536992880, 0.5682702633123846159 ) ) ;
#2505 = VECTOR ( 'NONE', #3038, 39.37007874015748143 ) ;
#2506 = ORIENTED_EDGE ( 'NONE', *, *, #4706, .F. ) ;
#2507 = CARTESIAN_POINT ( 'NONE',  ( 0.000000000000000000, -0.7226668450422054635, 0.3232471843463695649 ) ) ;
#2508 = DIRECTION ( 'NONE',  ( 0.000000000000000000, 0.000000000000000000, 1.000000000000000000 ) ) ;
#2509 = ADVANCED_BREP_SHAPE_REPRESENTATION ( '', ( #3628, #3940 ), #3283 ) ;
#2510 = EDGE_CURVE ( 'NONE', #2910, #855, #1993, .T. ) ;
#2511 = ORIENTED_EDGE ( 'NONE', *, *, #5426, .F. ) ;
#2512 = CARTESIAN_POINT ( 'NONE',  ( 0.000000000000000000, -0.5467945189019352004, -0.4338430062808447119 ) ) ;
#2513 = AXIS2_PLACEMENT_3D ( 'NONE', #2583, #5802, #1744 ) ;
#2514 = EDGE_CURVE ( 'NONE', #4872, #1796, #3304, .T. ) ;
#2515 = CARTESIAN_POINT ( 'NONE',  ( 0.2500000000000000000, 0.000000000000000000, 0.000000000000000000 ) ) ;
#2516 = EDGE_LOOP ( 'NONE', ( #404, #2931, #2440, #1527 ) ) ;
#2517 = ADVANCED_FACE ( 'NONE', ( #2448 ), #194, .F. ) ;
#2518 = DIRECTION ( 'NONE',  ( 0.000000000000000000, 0.000000000000000000, 1.000000000000000000 ) ) ;
#2519 = CARTESIAN_POINT ( 'NONE',  ( 0.000000000000000000, -0.6904594471595901783, 0.1023218052424454266 ) ) ;
#2520 = CARTESIAN_POINT ( 'NONE',  ( 0.2500000000000000000, 0.6451429995825421759, -0.2837084945169424666 ) ) ;
#2521 = CARTESIAN_POINT ( 'NONE',  ( 0.000000000000000000, 0.7896417498925578649, 0.05658637590206649914 ) ) ;
#2522 = EDGE_CURVE ( 'NONE', #273, #1336, #3113, .T. ) ;
#2523 = CARTESIAN_POINT ( 'NONE',  ( 0.1250000000000000000, 0.6555566273447194225, 0.4438261139855649851 ) ) ;
#2524 = ORIENTED_EDGE ( 'NONE', *, *, #5680, .T. ) ;
#2525 = ORIENTED_EDGE ( 'NONE', *, *, #3190, .T. ) ;
#2526 = ORIENTED_EDGE ( 'NONE', *, *, #651, .F. ) ;
#2527 = VERTEX_POINT ( 'NONE', #2091 ) ;
#2528 = DIRECTION ( 'NONE',  ( 0.000000000000000000, -1.000000000000000000, -1.047208397571301315E-14 ) ) ;
#2529 = DIRECTION ( 'NONE',  ( 0.000000000000000000, 0.000000000000000000, 1.000000000000000000 ) ) ;
#2530 = LINE ( 'NONE', #4339, #1155 ) ;
#2531 = AXIS2_PLACEMENT_3D ( 'NONE', #1861, #2784, #547 ) ;
#2532 = ADVANCED_FACE ( 'NONE', ( #3887 ), #1278, .T. ) ;
#2533 = VERTEX_POINT ( 'NONE', #5717 ) ;
#2534 = AXIS2_PLACEMENT_3D ( 'NONE', #5187, #237, #3812 ) ;
#2535 = DIRECTION ( 'NONE',  ( 0.000000000000000000, -0.000000000000000000, -1.000000000000000000 ) ) ;
#2536 = FACE_OUTER_BOUND ( 'NONE', #3455, .T. ) ;
#2537 = LINE ( 'NONE', #1223, #5408 ) ;
#2538 = AXIS2_PLACEMENT_3D ( 'NONE', #4876, #806, #2232 ) ;
#2539 = EDGE_CURVE ( 'NONE', #1149, #1822, #1164, .T. ) ;
#2540 = ORIENTED_EDGE ( 'NONE', *, *, #4778, .F. ) ;
#2541 = VERTEX_POINT ( 'NONE', #5201 ) ;
#2542 = DIRECTION ( 'NONE',  ( -1.000000000000000000, -0.000000000000000000, -0.000000000000000000 ) ) ;
#2543 = DIRECTION ( 'NONE',  ( 0.000000000000000000, 0.000000000000000000, 1.000000000000000000 ) ) ;
#2544 = ORIENTED_EDGE ( 'NONE', *, *, #2262, .F. ) ;
#2545 = CYLINDRICAL_SURFACE ( 'NONE', #3463, 0.2999999999999998779 ) ;
#2546 = CIRCLE ( 'NONE', #5842, 0.7916666666666666297 ) ;
#2547 = LINE ( 'NONE', #4831, #4884 ) ;
#2548 = LINE ( 'NONE', #269, #1422 ) ;
#2549 = ADVANCED_FACE ( 'NONE', ( #5685 ), #760, .T. ) ;
#2550 = FACE_OUTER_BOUND ( 'NONE', #3359, .T. ) ;
#2551 = DIRECTION ( 'NONE',  ( 0.000000000000000000, 0.7660444431189791237, -0.6427876096865378086 ) ) ;
#2552 = DIRECTION ( 'NONE',  ( 1.000000000000000000, 0.000000000000000000, -0.000000000000000000 ) ) ;
#2553 = ORIENTED_EDGE ( 'NONE', *, *, #4349, .F. ) ;
#2554 = ORIENTED_EDGE ( 'NONE', *, *, #4856, .F. ) ;
#2555 = EDGE_CURVE ( 'NONE', #3846, #5222, #2121, .T. ) ;
#2556 = ORIENTED_EDGE ( 'NONE', *, *, #5033, .T. ) ;
#2557 = DIRECTION ( 'NONE',  ( 0.000000000000000000, 0.000000000000000000, 1.000000000000000000 ) ) ;
#2558 = FACE_OUTER_BOUND ( 'NONE', #1399, .T. ) ;
#2559 = DIRECTION ( 'NONE',  ( 0.000000000000000000, -0.7660444431189706860, -0.6427876096865481337 ) ) ;
#2560 = VERTEX_POINT ( 'NONE', #811 ) ;
#2561 = VECTOR ( 'NONE', #2849, 39.37007874015748143 ) ;
#2562 = LINE ( 'NONE', #1941, #1086 ) ;
#2563 = CARTESIAN_POINT ( 'NONE',  ( 0.1250000000000000278, -0.4438261139855580462, -0.6555566273447240855 ) ) ;
#2564 = FACE_OUTER_BOUND ( 'NONE', #5853, .T. ) ;
#2565 = EDGE_CURVE ( 'NONE', #4454, #1411, #373, .T. ) ;
#2566 = AXIS2_PLACEMENT_3D ( 'NONE', #4160, #4990, #118 ) ;
#2567 = ORIENTED_EDGE ( 'NONE', *, *, #5680, .F. ) ;
#2568 = EDGE_LOOP ( 'NONE', ( #4145, #2096, #504, #2695 ) ) ;
#2569 = CARTESIAN_POINT ( 'NONE',  ( 0.000000000000000000, 0.6555566273447256398, -0.4438261139855557147 ) ) ;
#2570 = SHAPE_REPRESENTATION_RELATIONSHIP ( 'NONE' , 'NONE' ,  #3030, #1439 ) ;
#2571 = DIRECTION ( 'NONE',  ( 1.000000000000000000, 0.000000000000000000, 0.000000000000000000 ) ) ;
#2572 = DIRECTION ( 'NONE',  ( 0.000000000000000000, -0.1736481776669374921, 0.9848077530122067991 ) ) ;
#2573 = VECTOR ( 'NONE', #615, 39.37007874015748143 ) ;
#2574 = ORIENTED_EDGE ( 'NONE', *, *, #1272, .F. ) ;
#2575 = CARTESIAN_POINT ( 'NONE',  ( 0.000000000000000000, -0.7896417498925583089, 0.05658637590206103823 ) ) ;
#2576 = CARTESIAN_POINT ( 'NONE',  ( 0.1250000000000000000, 0.4642242541061124550, 0.6412736958668540099 ) ) ;
#2577 = CARTESIAN_POINT ( 'NONE',  ( 0.2500000000000000000, 0.7226668450422033541, 0.3232471843463746164 ) ) ;
#2578 = ORIENTED_EDGE ( 'NONE', *, *, #535, .F. ) ;
#2579 = EDGE_CURVE ( 'NONE', #2058, #2447, #3780, .T. ) ;
#2580 = AXIS2_PLACEMENT_3D ( 'NONE', #2504, #2938, #1660 ) ;
#2581 = ORIENTED_EDGE ( 'NONE', *, *, #1274, .F. ) ;
#2582 = VERTEX_POINT ( 'NONE', #2616 ) ;
#2583 = CARTESIAN_POINT ( 'NONE',  ( 0.2500000000000000000, 0.000000000000000000, 0.000000000000000000 ) ) ;
#2584 = AXIS2_PLACEMENT_3D ( 'NONE', #4601, #539, #3600 ) ;
#2585 = CARTESIAN_POINT ( 'NONE',  ( 0.2500000000000000000, 0.6138235289534198502, 0.3323020844099084936 ) ) ;
#2586 = VECTOR ( 'NONE', #1312, 39.37007874015748143 ) ;
#2587 = EDGE_CURVE ( 'NONE', #1567, #5221, #5475, .T. ) ;
#2588 = DIRECTION ( 'NONE',  ( -1.000000000000000000, -0.000000000000000000, 0.000000000000000000 ) ) ;
#2589 = ADVANCED_FACE ( 'NONE', ( #1193 ), #1249, .T. ) ;
#2590 = VERTEX_POINT ( 'NONE', #3409 ) ;
#2591 = VECTOR ( 'NONE', #2006, 39.37007874015748143 ) ;
#2592 = CARTESIAN_POINT ( 'NONE',  ( 0.000000000000000000, -0.1699999999999999289, -0.09814954576223638982 ) ) ;
#2593 = EDGE_CURVE ( 'NONE', #2150, #2080, #583, .T. ) ;
#2594 = AXIS2_PLACEMENT_3D ( 'NONE', #4736, #2943, #4263 ) ;
#2595 = DIRECTION ( 'NONE',  ( -1.000000000000000000, 0.000000000000000000, 0.000000000000000000 ) ) ;
#2596 = DIRECTION ( 'NONE',  ( 0.8660254037844383745, -0.5000000000000004441, 0.000000000000000000 ) ) ;
#2597 = CIRCLE ( 'NONE', #709, 0.2999999999999999334 ) ;
#2598 = ORIENTED_EDGE ( 'NONE', *, *, #5462, .T. ) ;
#2599 = ORIENTED_EDGE ( 'NONE', *, *, #115, .F. ) ;
#2600 = FACE_OUTER_BOUND ( 'NONE', #994, .T. ) ;
#2601 = FACE_OUTER_BOUND ( 'NONE', #5744, .T. ) ;
#2602 = ORIENTED_EDGE ( 'NONE', *, *, #1960, .T. ) ;
#2603 = CARTESIAN_POINT ( 'NONE',  ( 0.000000000000000000, -0.1928465525817898985, 0.7678191963401476139 ) ) ;
#2604 = CYLINDRICAL_SURFACE ( 'NONE', #3658, 0.2999999999999998779 ) ;
#2605 = LINE ( 'NONE', #2197, #4353 ) ;
#2606 = DIRECTION ( 'NONE',  ( 0.000000000000000000, 0.4999999999999950040, 0.8660254037844415942 ) ) ;
#2607 = ORIENTED_EDGE ( 'NONE', *, *, #3334, .T. ) ;
#2608 = ORIENTED_EDGE ( 'NONE', *, *, #1288, .F. ) ;
#2609 = VERTEX_POINT ( 'NONE', #284 ) ;
#2610 = DIRECTION ( 'NONE',  ( 1.000000000000000000, 0.000000000000000000, 0.000000000000000000 ) ) ;
#2611 = EDGE_CURVE ( 'NONE', #959, #4067, #1604, .T. ) ;
#2612 = DIRECTION ( 'NONE',  ( -1.000000000000000000, 0.000000000000000000, 0.000000000000000000 ) ) ;
#2613 = CARTESIAN_POINT ( 'NONE',  ( 0.000000000000000000, 0.6555566273447194225, 0.4438261139855649851 ) ) ;
#2614 = ORIENTED_EDGE ( 'NONE', *, *, #5499, .F. ) ;
#2615 = CYLINDRICAL_SURFACE ( 'NONE', #4486, 0.7916666666666666297 ) ;
#2616 = CARTESIAN_POINT ( 'NONE',  ( 0.2500000000000000000, 0.3323020844099063287, 0.6138235289534209604 ) ) ;
#2617 = EDGE_CURVE ( 'NONE', #4645, #185, #4528, .T. ) ;
#2618 = AXIS2_PLACEMENT_3D ( 'NONE', #2869, #5020, #489 ) ;
#2619 = DIRECTION ( 'NONE',  ( -1.000000000000000000, 0.000000000000000000, 0.000000000000000000 ) ) ;
#2620 = ORIENTED_EDGE ( 'NONE', *, *, #4984, .F. ) ;
#2621 = VECTOR ( 'NONE', #860, 39.37007874015748143 ) ;
#2622 = ADVANCED_FACE ( 'NONE', ( #2536 ), #2999, .T. ) ;
#2623 = CARTESIAN_POINT ( 'NONE',  ( 0.2500000000000000000, -0.6138235289534175187, -0.3323020844099128790 ) ) ;
#2624 = DIRECTION ( 'NONE',  ( 1.000000000000000000, 0.000000000000000000, 0.000000000000000000 ) ) ;
#2625 = EDGE_LOOP ( 'NONE', ( #5120, #1907, #2878, #788 ) ) ;
#2626 = APPLICATION_PROTOCOL_DEFINITION ( 'draft international standard', 'automotive_design', 1998, #759 ) ;
#2627 = AXIS2_PLACEMENT_3D ( 'NONE', #4274, #3865, #1144 ) ;
#2628 = AXIS2_PLACEMENT_3D ( 'NONE', #4163, #4637, #54 ) ;
#2629 = CARTESIAN_POINT ( 'NONE',  ( 0.2500000000000000000, 0.04594687756909353327, -0.7032701360167944449 ) ) ;
#2630 = VERTEX_POINT ( 'NONE', #313 ) ;
#2631 = CARTESIAN_POINT ( 'NONE',  ( 0.2500000000000000000, -0.5682702633123832836, -0.4168559794537013419 ) ) ;
#2632 = CARTESIAN_POINT ( 'NONE',  ( 0.2500000000000000000, 0.6904594471595910665, -0.1023218052424405972 ) ) ;
#2633 = FACE_OUTER_BOUND ( 'NONE', #210, .T. ) ;
#2634 = ORIENTED_EDGE ( 'NONE', *, *, #2593, .T. ) ;
#2635 = CARTESIAN_POINT ( 'NONE',  ( 0.2500000000000000000, -0.3118439048089895471, -0.6320232422980279763 ) ) ;
#2636 = VERTEX_POINT ( 'NONE', #1605 ) ;
#2637 = ORIENTED_EDGE ( 'NONE', *, *, #1640, .F. ) ;
#2638 = CARTESIAN_POINT ( 'NONE',  ( 0.000000000000000000, -0.6838157659421469914, -0.1399999937462668431 ) ) ;
#2639 = CARTESIAN_POINT ( 'NONE',  ( 0.2500000000000000000, 0.000000000000000000, 0.000000000000000000 ) ) ;
#2640 = CIRCLE ( 'NONE', #2826, 0.7916666666666666297 ) ;
#2641 = FACE_OUTER_BOUND ( 'NONE', #1749, .T. ) ;
#2642 = VERTEX_POINT ( 'NONE', #1663 ) ;
#2643 = CARTESIAN_POINT ( 'NONE',  ( 0.2500000000000000000, 0.000000000000000000, 0.000000000000000000 ) ) ;
#2644 = CARTESIAN_POINT ( 'NONE',  ( 0.2500000000000000000, 0.1399999937462597377, 0.6838157659421484347 ) ) ;
#2645 = DIRECTION ( 'NONE',  ( -0.5000000000000001110, 0.8660254037844385966, 0.000000000000000000 ) ) ;
#2646 = CARTESIAN_POINT ( 'NONE',  ( 0.2500000000000000000, 0.000000000000000000, 0.000000000000000000 ) ) ;
#2647 = AXIS2_PLACEMENT_3D ( 'NONE', #3551, #1804, #3968 ) ;
#2648 = AXIS2_PLACEMENT_3D ( 'NONE', #5141, #1017, #5115 ) ;
#2649 = EDGE_CURVE ( 'NONE', #1384, #2910, #5658, .T. ) ;
#2650 = ORIENTED_EDGE ( 'NONE', *, *, #2587, .F. ) ;
#2651 = DIRECTION ( 'NONE',  ( 0.000000000000000000, 0.000000000000000000, 1.000000000000000000 ) ) ;
#2652 = CYLINDRICAL_SURFACE ( 'NONE', #2812, 0.5000000000000000000 ) ;
#2653 = CIRCLE ( 'NONE', #1607, 0.6979999999999999538 ) ;
#2654 = ORIENTED_EDGE ( 'NONE', *, *, #1128, .T. ) ;
#2655 = AXIS2_PLACEMENT_3D ( 'NONE', #601, #3250, #1858 ) ;
#2656 = EDGE_CURVE ( 'NONE', #273, #1428, #4763, .T. ) ;
#2657 = PRODUCT_CONTEXT ( 'NONE', #3243, 'mechanical' ) ;
#2658 = DIRECTION ( 'NONE',  ( 0.000000000000000000, 0.000000000000000000, 1.000000000000000000 ) ) ;
#2659 = ORIENTED_EDGE ( 'NONE', *, *, #4813, .F. ) ;
#2660 = LINE ( 'NONE', #3569, #2505 ) ;
#2661 = VERTEX_POINT ( 'NONE', #4190 ) ;
#2662 = FACE_OUTER_BOUND ( 'NONE', #4241, .T. ) ;
#2663 = CARTESIAN_POINT ( 'NONE',  ( 0.2500000000000000000, -0.4642242541061167849, 0.6412736958668511233 ) ) ;
#2664 = CARTESIAN_POINT ( 'NONE',  ( 0.2500000000000000000, 0.000000000000000000, 0.000000000000000000 ) ) ;
#2665 = VERTEX_POINT ( 'NONE', #3552 ) ;
#2666 = VERTEX_POINT ( 'NONE', #4467 ) ;
#2667 = EDGE_CURVE ( 'NONE', #2823, #5221, #2276, .T. ) ;
#2668 = CARTESIAN_POINT ( 'NONE',  ( 0.000000000000000000, -0.3654357273093238323, 0.5946938113062094633 ) ) ;
#2669 = DIRECTION ( 'NONE',  ( 0.000000000000000000, 0.000000000000000000, 1.000000000000000000 ) ) ;
#2670 = CYLINDRICAL_SURFACE ( 'NONE', #15, 0.2999999999999998224 ) ;
#2671 = CIRCLE ( 'NONE', #117, 0.2999999999999998224 ) ;
#2672 = ORIENTED_EDGE ( 'NONE', *, *, #258, .T. ) ;
#2673 = CARTESIAN_POINT ( 'NONE',  ( 0.1250000000000000278, -0.7121430032467885862, 0.3458156359069894936 ) ) ;
#2674 = AXIS2_PLACEMENT_3D ( 'NONE', #370, #3998, #3491 ) ;
#2675 = DIRECTION ( 'NONE',  ( 1.000000000000000000, -0.000000000000000000, 0.000000000000000000 ) ) ;
#2676 = AXIS2_PLACEMENT_3D ( 'NONE', #3942, #5355, #900 ) ;
#2677 = DIRECTION ( 'NONE',  ( -1.000000000000000000, 0.000000000000000000, 0.000000000000000000 ) ) ;
#2678 = DIRECTION ( 'NONE',  ( -1.000000000000000000, 0.000000000000000000, 0.000000000000000000 ) ) ;
#2679 = CIRCLE ( 'NONE', #5503, 0.6979999999999999538 ) ;
#2680 = CIRCLE ( 'NONE', #2406, 0.2999999999999998224 ) ;
#2681 = VERTEX_POINT ( 'NONE', #87 ) ;
#2682 = DIRECTION ( 'NONE',  ( -1.000000000000000000, -0.000000000000000000, -0.000000000000000000 ) ) ;
#2683 = CARTESIAN_POINT ( 'NONE',  ( 0.2500000000000000000, 0.6622018216873477581, -0.2206643318571402945 ) ) ;
#2684 = EDGE_CURVE ( 'NONE', #431, #303, #5760, .T. ) ;
#2685 = ORIENTED_EDGE ( 'NONE', *, *, #3828, .T. ) ;
#2686 = DIRECTION ( 'NONE',  ( -1.000000000000000000, 0.000000000000000000, 0.000000000000000000 ) ) ;
#2687 = ORIENTED_EDGE ( 'NONE', *, *, #1197, .F. ) ;
#2688 = CYLINDRICAL_SURFACE ( 'NONE', #4367, 0.6979999999999999538 ) ;
#2689 = ORIENTED_EDGE ( 'NONE', *, *, #2478, .F. ) ;
#2690 = DIRECTION ( 'NONE',  ( 0.000000000000000000, 0.000000000000000000, 1.000000000000000000 ) ) ;
#2691 = ADVANCED_FACE ( 'NONE', ( #1003 ), #4910, .T. ) ;
#2692 = CARTESIAN_POINT ( 'NONE',  ( 0.2500000000000000000, 0.7678191963401508335, -0.1928465525817769644 ) ) ;
#2693 = CARTESIAN_POINT ( 'NONE',  ( 0.2500000000000000000, 0.6412736958668526777, 0.4642242541061146754 ) ) ;
#2694 = VERTEX_POINT ( 'NONE', #1951 ) ;
#2695 = ORIENTED_EDGE ( 'NONE', *, *, #207, .F. ) ;
#2696 = FACE_OUTER_BOUND ( 'NONE', #5485, .T. ) ;
#2697 = ADVANCED_FACE ( 'NONE', ( #977 ), #1474, .T. ) ;
#2698 = CIRCLE ( 'NONE', #1369, 0.7916666666666666297 ) ;
#2699 = DIRECTION ( 'NONE',  ( -1.000000000000000000, -0.000000000000000000, -0.000000000000000000 ) ) ;
#2700 = CIRCLE ( 'NONE', #197, 0.6980000000000000648 ) ;
#2701 = DIRECTION ( 'NONE',  ( 0.000000000000000000, -0.5000000000000006661, 0.8660254037844383745 ) ) ;
#2702 = ORIENTED_EDGE ( 'NONE', *, *, #3410, .T. ) ;
#2703 = EDGE_LOOP ( 'NONE', ( #31, #3456, #5483, #3557 ) ) ;
#2704 = DIRECTION ( 'NONE',  ( 0.000000000000000000, 0.000000000000000000, 1.000000000000000000 ) ) ;
#2705 = DIRECTION ( 'NONE',  ( 0.000000000000000000, 0.1736481776669306920, -0.9848077530122079093 ) ) ;
#2706 = CARTESIAN_POINT ( 'NONE',  ( 0.000000000000000000, 0.000000000000000000, 0.000000000000000000 ) ) ;
#2707 = EDGE_CURVE ( 'NONE', #3370, #1966, #4636, .T. ) ;
#2708 = ORIENTED_EDGE ( 'NONE', *, *, #2587, .T. ) ;
#2709 = DIRECTION ( 'NONE',  ( 0.000000000000000000, -0.9396926207859115365, 0.3420201433256601642 ) ) ;
#2710 = LINE ( 'NONE', #2683, #1771 ) ;
#2711 = VERTEX_POINT ( 'NONE', #4133 ) ;
#2712 = VECTOR ( 'NONE', #3302, 39.37007874015748143 ) ;
#2713 = AXIS2_PLACEMENT_3D ( 'NONE', #2026, #3403, #4758 ) ;
#2714 = DIRECTION ( 'NONE',  ( 0.000000000000000000, 0.000000000000000000, -1.000000000000000000 ) ) ;
#2715 = ORIENTED_EDGE ( 'NONE', *, *, #207, .T. ) ;
#2716 = VECTOR ( 'NONE', #4030, 39.37007874015748143 ) ;
#2717 = FACE_OUTER_BOUND ( 'NONE', #3004, .T. ) ;
#2718 = CARTESIAN_POINT ( 'NONE',  ( 0.2500000000000000000, 0.6838157659421498780, -0.1399999937462527433 ) ) ;
#2719 = AXIS2_PLACEMENT_3D ( 'NONE', #4577, #2954, #1953 ) ;
#2720 = DIRECTION ( 'NONE',  ( -1.000000000000000000, -0.000000000000000000, -0.000000000000000000 ) ) ;
#2721 = CIRCLE ( 'NONE', #5633, 0.2999999999999998779 ) ;
#2722 = ORIENTED_EDGE ( 'NONE', *, *, #531, .T. ) ;
#2723 = EDGE_CURVE ( 'NONE', #4201, #2169, #2838, .T. ) ;
#2724 = CARTESIAN_POINT ( 'NONE',  ( 0.000000000000000000, -0.6622018216873430951, -0.2206643318571536450 ) ) ;
#2725 = CARTESIAN_POINT ( 'NONE',  ( 0.2500000000000000000, -0.3654357273093154501, -0.5946938113062145703 ) ) ;
#2726 = LINE ( 'NONE', #978, #3087 ) ;
#2727 = DIRECTION ( 'NONE',  ( -1.000000000000000000, -0.000000000000000000, 0.000000000000000000 ) ) ;
#2728 = EDGE_CURVE ( 'NONE', #2263, #5340, #1310, .T. ) ;
#2729 = ORIENTED_EDGE ( 'NONE', *, *, #1251, .T. ) ;
#2730 = FACE_OUTER_BOUND ( 'NONE', #4697, .T. ) ;
#2731 = DIRECTION ( 'NONE',  ( 0.000000000000000000, 0.000000000000000000, 1.000000000000000000 ) ) ;
#2732 = CYLINDRICAL_SURFACE ( 'NONE', #2852, 0.2999999999999998779 ) ;
#2733 = ORIENTED_EDGE ( 'NONE', *, *, #5208, .F. ) ;
#2734 = CIRCLE ( 'NONE', #4709, 0.2999999999999998779 ) ;
#2735 = ADVANCED_FACE ( 'NONE', ( #2781 ), #4664, .T. ) ;
#2736 = CARTESIAN_POINT ( 'NONE',  ( 0.000000000000000000, -0.3323020844099106030, 0.6138235289534186290 ) ) ;
#2737 = CYLINDRICAL_SURFACE ( 'NONE', #929, 0.2999999999999998779 ) ;
#2738 = EDGE_LOOP ( 'NONE', ( #3902, #2607, #40, #1541 ) ) ;
#2739 = CARTESIAN_POINT ( 'NONE',  ( 0.000000000000000000, 0.5467945189019443042, -0.4338430062808334986 ) ) ;
#2740 = ORIENTED_EDGE ( 'NONE', *, *, #361, .T. ) ;
#2742 = FACE_OUTER_BOUND ( 'NONE', #101, .T. ) ;
#2741 = AXIS2_PLACEMENT_3D ( 'NONE', #3911, #401, #2209 ) ;
#2743 = ORIENTED_EDGE ( 'NONE', *, *, #4852, .F. ) ;
#2744 = VECTOR ( 'NONE', #4132, 39.37007874015748143 ) ;
#2745 = DIRECTION ( 'NONE',  ( -1.000000000000000000, 0.000000000000000000, 0.000000000000000000 ) ) ;
#2746 = ORIENTED_EDGE ( 'NONE', *, *, #3627, .T. ) ;
#2747 = CARTESIAN_POINT ( 'NONE',  ( 0.000000000000000000, 0.1928465525817847359, 0.7678191963401488351 ) ) ;
#2748 = DIRECTION ( 'NONE',  ( -1.000000000000000000, 0.000000000000000000, -0.000000000000000000 ) ) ;
#2749 = DIRECTION ( 'NONE',  ( 0.000000000000000000, -0.4999999999999887867, -0.8660254037844450359 ) ) ;
#2750 = CARTESIAN_POINT ( 'NONE',  ( 0.2500000000000000000, 0.3232471843463722849, 0.7226668450422044643 ) ) ;
#2751 = EDGE_CURVE ( 'NONE', #1336, #3486, #3757, .T. ) ;
#2752 = DIRECTION ( 'NONE',  ( -1.000000000000000000, 0.000000000000000000, -0.000000000000000000 ) ) ;
#2753 = ORIENTED_EDGE ( 'NONE', *, *, #4439, .F. ) ;
#2754 = FACE_OUTER_BOUND ( 'NONE', #3449, .T. ) ;
#2755 = ADVANCED_FACE ( 'NONE', ( #2380 ), #5808, .T. ) ;
#2756 = AXIS2_PLACEMENT_3D ( 'NONE', #5031, #2790, #3736 ) ;
#2757 =( NAMED_UNIT ( * ) SI_UNIT ( $, .STERADIAN. ) SOLID_ANGLE_UNIT ( ) );
#2758 = ADVANCED_FACE ( 'NONE', ( #3110 ), #5553, .T. ) ;
#2759 = DIRECTION ( 'NONE',  ( 0.000000000000000000, 0.000000000000000000, 1.000000000000000000 ) ) ;
#2760 = ORIENTED_EDGE ( 'NONE', *, *, #737, .T. ) ;
#2761 = ADVANCED_FACE ( 'NONE', ( #1781 ), #2866, .T. ) ;
#2762 = EDGE_LOOP ( 'NONE', ( #394, #1300, #3343, #288 ) ) ;
#2763 = CIRCLE ( 'NONE', #3044, 0.7916666666666666297 ) ;
#2764 = AXIS2_PLACEMENT_3D ( 'NONE', #2101, #3010, #4804 ) ;
#2765 = FACE_OUTER_BOUND ( 'NONE', #301, .T. ) ;
#2766 = EDGE_CURVE ( 'NONE', #4872, #2665, #3753, .T. ) ;
#2767 = CARTESIAN_POINT ( 'NONE',  ( 0.2500000000000000000, -0.5092020961019967373, -0.4872506799346335571 ) ) ;
#2768 = ORIENTED_EDGE ( 'NONE', *, *, #1342, .T. ) ;
#2769 = AXIS2_PLACEMENT_3D ( 'NONE', #1211, #4359, #3897 ) ;
#2770 = CIRCLE ( 'NONE', #23, 0.7916666666666666297 ) ;
#2771 = CARTESIAN_POINT ( 'NONE',  ( 0.000000000000000000, 0.4631514340849982592, 0.5222018279410838293 ) ) ;
#2772 = ORIENTED_EDGE ( 'NONE', *, *, #3693, .F. ) ;
#2773 = LINE ( 'NONE', #2829, #521 ) ;
#2774 = CARTESIAN_POINT ( 'NONE',  ( 0.000000000000000000, 0.2837084945169577876, -0.6451429995825354036 ) ) ;
#2775 = AXIS2_PLACEMENT_3D ( 'NONE', #1793, #1026, #3153 ) ;
#2776 = ORIENTED_EDGE ( 'NONE', *, *, #5661, .F. ) ;
#2777 = FACE_OUTER_BOUND ( 'NONE', #823, .T. ) ;
#2778 = VERTEX_POINT ( 'NONE', #5383 ) ;
#2779 = CARTESIAN_POINT ( 'NONE',  ( 0.000000000000000000, 0.000000000000000000, 0.000000000000000000 ) ) ;
#2780 = DIRECTION ( 'NONE',  ( 0.000000000000000000, 0.8660254037844397068, -0.4999999999999980016 ) ) ;
#2781 = FACE_OUTER_BOUND ( 'NONE', #4731, .T. ) ;
#2782 = EDGE_CURVE ( 'NONE', #4074, #4511, #4400, .T. ) ;
#2783 = CARTESIAN_POINT ( 'NONE',  ( 0.000000000000000000, 0.6904594471595895122, 0.1023218052424500896 ) ) ;
#2784 = DIRECTION ( 'NONE',  ( 1.000000000000000000, 0.000000000000000000, 0.000000000000000000 ) ) ;
#2785 = ORIENTED_EDGE ( 'NONE', *, *, #3437, .T. ) ;
#2786 = VERTEX_POINT ( 'NONE', #5017 ) ;
#2787 = DIRECTION ( 'NONE',  ( 0.000000000000000000, -0.000000000000000000, 1.000000000000000000 ) ) ;
#2788 = EDGE_CURVE ( 'NONE', #5447, #1149, #65, .T. ) ;
#2789 = DIRECTION ( 'NONE',  ( -1.000000000000000000, -0.000000000000000000, -0.000000000000000000 ) ) ;
#2790 = DIRECTION ( 'NONE',  ( -1.000000000000000000, -0.000000000000000000, -0.000000000000000000 ) ) ;
#2791 = VERTEX_POINT ( 'NONE', #4276 ) ;
#2792 = VERTEX_POINT ( 'NONE', #5671 ) ;
#2793 = EDGE_CURVE ( 'NONE', #3347, #3203, #4303, .T. ) ;
#2794 = CARTESIAN_POINT ( 'NONE',  ( 0.000000000000000000, 0.000000000000000000, 0.000000000000000000 ) ) ;
#2795 = CARTESIAN_POINT ( 'NONE',  ( 0.2500000000000000000, -0.4338430062808352750, -0.5467945189019425278 ) ) ;
#2796 = ORIENTED_EDGE ( 'NONE', *, *, #1030, .T. ) ;
#2797 = EDGE_CURVE ( 'NONE', #4292, #2945, #5252, .T. ) ;
#2798 = DIRECTION ( 'NONE',  ( 1.000000000000000000, 0.000000000000000000, 0.000000000000000000 ) ) ;
#2799 = VERTEX_POINT ( 'NONE', #180 ) ;
#2800 = DIRECTION ( 'NONE',  ( -1.000000000000000000, 0.000000000000000000, 0.000000000000000000 ) ) ;
#2801 = CIRCLE ( 'NONE', #2993, 0.2999999999999998224 ) ;
#2802 = LINE ( 'NONE', #509, #1252 ) ;
#2803 = ORIENTED_EDGE ( 'NONE', *, *, #3784, .T. ) ;
#2804 = DIRECTION ( 'NONE',  ( -1.000000000000000000, -0.000000000000000000, 0.000000000000000000 ) ) ;
#2805 = DIRECTION ( 'NONE',  ( -1.000000000000000000, 0.000000000000000000, 0.000000000000000000 ) ) ;
#2806 = AXIS2_PLACEMENT_3D ( 'NONE', #5736, #4423, #4389 ) ;
#2807 = CYLINDRICAL_SURFACE ( 'NONE', #1331, 0.7916666666666666297 ) ;
#2808 = DIRECTION ( 'NONE',  ( -1.000000000000000000, 0.000000000000000000, 0.000000000000000000 ) ) ;
#2809 = ADVANCED_FACE ( 'NONE', ( #3422 ), #2953, .T. ) ;
#2810 = AXIS2_PLACEMENT_3D ( 'NONE', #3184, #4430, #5376 ) ;
#2811 = DIRECTION ( 'NONE',  ( 0.000000000000000000, 0.000000000000000000, 1.000000000000000000 ) ) ;
#2812 = AXIS2_PLACEMENT_3D ( 'NONE', #5390, #1346, #5298 ) ;
#2813 = DIRECTION ( 'NONE',  ( 0.000000000000000000, 0.000000000000000000, -1.000000000000000000 ) ) ;
#2814 = ORIENTED_EDGE ( 'NONE', *, *, #4259, .T. ) ;
#2815 = CARTESIAN_POINT ( 'NONE',  ( 0.2500000000000000000, -0.6491163241443869136, -0.2566164408787544038 ) ) ;
#2816 = CARTESIAN_POINT ( 'NONE',  ( 0.09814954576223630656, -0.1700000000000000400, 0.000000000000000000 ) ) ;
#2817 = CARTESIAN_POINT ( 'NONE',  ( 0.2500000000000000000, 0.000000000000000000, 0.000000000000000000 ) ) ;
#2818 = VERTEX_POINT ( 'NONE', #1091 ) ;
#2819 = AXIS2_PLACEMENT_3D ( 'NONE', #5464, #4989, #1472 ) ;
#2820 = EDGE_LOOP ( 'NONE', ( #1575, #1176, #3478, #4108 ) ) ;
#2821 = CARTESIAN_POINT ( 'NONE',  ( 0.2500000000000000000, 0.000000000000000000, 0.000000000000000000 ) ) ;
#2822 = DIRECTION ( 'NONE',  ( 1.000000000000000000, 0.000000000000000000, 0.000000000000000000 ) ) ;
#2823 = VERTEX_POINT ( 'NONE', #298 ) ;
#2824 = EDGE_CURVE ( 'NONE', #5333, #4838, #3373, .T. ) ;
#2825 = ADVANCED_FACE ( 'NONE', ( #2550 ), #1562, .T. ) ;
#2826 = AXIS2_PLACEMENT_3D ( 'NONE', #2156, #3033, #407 ) ;
#2827 = DIRECTION ( 'NONE',  ( -1.000000000000000000, 0.000000000000000000, -0.000000000000000000 ) ) ;
#2828 = ORIENTED_EDGE ( 'NONE', *, *, #3735, .F. ) ;
#2829 = CARTESIAN_POINT ( 'NONE',  ( 0.2500000000000000000, -0.1699999999999999289, 0.09814954576223638982 ) ) ;
#2830 = ADVANCED_FACE ( 'NONE', ( #1177 ), #3362, .T. ) ;
#2831 = CYLINDRICAL_SURFACE ( 'NONE', #2848, 0.2999999999999998779 ) ;
#2832 = ORIENTED_EDGE ( 'NONE', *, *, #4849, .T. ) ;
#2833 = VERTEX_POINT ( 'NONE', #2104 ) ;
#2834 = DIRECTION ( 'NONE',  ( -1.000000000000000000, -0.000000000000000000, -0.000000000000000000 ) ) ;
#2835 = ORIENTED_EDGE ( 'NONE', *, *, #115, .T. ) ;
#2836 = DIRECTION ( 'NONE',  ( -1.000000000000000000, 0.000000000000000000, 0.000000000000000000 ) ) ;
#2837 = CARTESIAN_POINT ( 'NONE',  ( -0.3937007874015748254, 0.000000000000000000, 0.000000000000000000 ) ) ;
#2838 = LINE ( 'NONE', #5103, #2716 ) ;
#2839 = CARTESIAN_POINT ( 'NONE',  ( 0.2500000000000000000, 0.000000000000000000, 0.000000000000000000 ) ) ;
#2840 = CARTESIAN_POINT ( 'NONE',  ( 0.2500000000000000000, 0.000000000000000000, 0.000000000000000000 ) ) ;
#2841 = VECTOR ( 'NONE', #632, 39.37007874015748143 ) ;
#2842 = ORIENTED_EDGE ( 'NONE', *, *, #253, .F. ) ;
#2843 = CARTESIAN_POINT ( 'NONE',  ( -0.3937007874015748254, 0.000000000000000000, 0.000000000000000000 ) ) ;
#2844 = DIRECTION ( 'NONE',  ( 0.000000000000000000, 0.000000000000000000, 1.000000000000000000 ) ) ;
#2845 = DIRECTION ( 'NONE',  ( -1.000000000000000000, -0.000000000000000000, -0.000000000000000000 ) ) ;
#2846 = VERTEX_POINT ( 'NONE', #1535 ) ;
#2847 = ORIENTED_EDGE ( 'NONE', *, *, #3190, .F. ) ;
#2848 = AXIS2_PLACEMENT_3D ( 'NONE', #5630, #3326, #3804 ) ;
#2849 = DIRECTION ( 'NONE',  ( -1.000000000000000000, 0.000000000000000000, -0.000000000000000000 ) ) ;
#2850 = FACE_OUTER_BOUND ( 'NONE', #3269, .T. ) ;
#2851 = ORIENTED_EDGE ( 'NONE', *, *, #3379, .F. ) ;
#2852 = AXIS2_PLACEMENT_3D ( 'NONE', #3007, #2292, #4803 ) ;
#2853 = DIRECTION ( 'NONE',  ( 1.000000000000000000, 0.000000000000000000, 0.000000000000000000 ) ) ;
#2854 = ORIENTED_EDGE ( 'NONE', *, *, #2262, .T. ) ;
#2855 = CARTESIAN_POINT ( 'NONE',  ( 0.000000000000000000, -0.3914262312077940731, -0.5860763647289425338 ) ) ;
#2856 = ADVANCED_FACE ( 'NONE', ( #3839 ), #4777, .T. ) ;
#2857 = AXIS2_PLACEMENT_3D ( 'NONE', #727, #3852, #2027 ) ;
#2858 = AXIS2_PLACEMENT_3D ( 'NONE', #985, #1868, #3677 ) ;
#2859 = DIRECTION ( 'NONE',  ( -1.000000000000000000, -0.000000000000000000, 0.000000000000000000 ) ) ;
#2860 = ORIENTED_EDGE ( 'NONE', *, *, #5130, .F. ) ;
#2861 = CARTESIAN_POINT ( 'NONE',  ( 0.000000000000000000, 0.000000000000000000, 0.5000000000000000000 ) ) ;
#2862 = AXIS2_PLACEMENT_3D ( 'NONE', #3926, #1326, #3127 ) ;
#2863 = CARTESIAN_POINT ( 'NONE',  ( 0.2500000000000000000, -0.1023218052424429980, -0.6904594471595905114 ) ) ;
#2864 = CARTESIAN_POINT ( 'NONE',  ( 0.000000000000000000, 0.6412736958668524556, 0.4642242541061146754 ) ) ;
#2865 = EDGE_CURVE ( 'NONE', #5752, #5146, #1581, .T. ) ;
#2866 = CYLINDRICAL_SURFACE ( 'NONE', #1671, 0.7916666666666666297 ) ;
#2867 = VECTOR ( 'NONE', #4894, 39.37007874015748143 ) ;
#2868 = FACE_OUTER_BOUND ( 'NONE', #2214, .T. ) ;
#2869 = CARTESIAN_POINT ( 'NONE',  ( 0.2500000000000000000, 0.000000000000000000, 0.000000000000000000 ) ) ;
#2870 = ORIENTED_EDGE ( 'NONE', *, *, #1116, .F. ) ;
#2871 = ORIENTED_EDGE ( 'NONE', *, *, #4301, .F. ) ;
#2872 = EDGE_CURVE ( 'NONE', #2711, #1565, #4591, .T. ) ;
#2873 = ORIENTED_EDGE ( 'NONE', *, *, #4806, .T. ) ;
#2874 = CARTESIAN_POINT ( 'NONE',  ( 0.2500000000000000000, 0.000000000000000000, 0.000000000000000000 ) ) ;
#2875 = CARTESIAN_POINT ( 'NONE',  ( 0.2500000000000000000, 0.07687273627015907274, -0.7005644739706463620 ) ) ;
#2876 = DIRECTION ( 'NONE',  ( -1.000000000000000000, 0.000000000000000000, -0.000000000000000000 ) ) ;
#2877 = VERTEX_POINT ( 'NONE', #716 ) ;
#2878 = ORIENTED_EDGE ( 'NONE', *, *, #674, .F. ) ;
#2879 = CARTESIAN_POINT ( 'NONE',  ( 0.2500000000000000000, 0.3323020844099149329, -0.6138235289534162975 ) ) ;
#2880 = AXIS2_PLACEMENT_3D ( 'NONE', #4096, #1847, #3656 ) ;
#2881 = CARTESIAN_POINT ( 'NONE',  ( 0.000000000000000000, 0.6320232422980246456, -0.3118439048089961529 ) ) ;
#2882 = EDGE_CURVE ( 'NONE', #1111, #4323, #2341, .T. ) ;
#2883 = ORIENTED_EDGE ( 'NONE', *, *, #5491, .T. ) ;
#2884 = AXIS2_PLACEMENT_3D ( 'NONE', #3849, #1097, #2528 ) ;
#2885 = AXIS2_PLACEMENT_3D ( 'NONE', #4401, #2207, #5411 ) ;
#2886 = ORIENTED_EDGE ( 'NONE', *, *, #1311, .F. ) ;
#2887 = LINE ( 'NONE', #5627, #2265 ) ;
#2888 = DIRECTION ( 'NONE',  ( 0.000000000000000000, 0.000000000000000000, 1.000000000000000000 ) ) ;
#2889 = VERTEX_POINT ( 'NONE', #3394 ) ;
#2890 = VERTEX_POINT ( 'NONE', #690 ) ;
#2891 = FACE_OUTER_BOUND ( 'NONE', #464, .T. ) ;
#2892 = CARTESIAN_POINT ( 'NONE',  ( 0.2500000000000000000, -0.3654357273093238323, 0.5946938113062094633 ) ) ;
#2893 = DIRECTION ( 'NONE',  ( 0.000000000000000000, 0.8660254037844363761, 0.5000000000000041078 ) ) ;
#2894 = AXIS2_PLACEMENT_3D ( 'NONE', #121, #3253, #89 ) ;
#2895 = CARTESIAN_POINT ( 'NONE',  ( 0.2500000000000000000, -0.1973566109173057193, 0.6765725148856293059 ) ) ;
#2896 = DIRECTION ( 'NONE',  ( -1.000000000000000000, 0.000000000000000000, 0.000000000000000000 ) ) ;
#2897 = DIRECTION ( 'NONE',  ( -1.000000000000000000, 0.000000000000000000, 0.000000000000000000 ) ) ;
#2898 = ORIENTED_EDGE ( 'NONE', *, *, #3311, .F. ) ;
#2899 = EDGE_CURVE ( 'NONE', #3999, #646, #5344, .T. ) ;
#2900 = VERTEX_POINT ( 'NONE', #2491 ) ;
#2901 = AXIS2_PLACEMENT_3D ( 'NONE', #2313, #598, #1000 ) ;
#2902 = ORIENTED_EDGE ( 'NONE', *, *, #1388, .T. ) ;
#2903 = AXIS2_PLACEMENT_3D ( 'NONE', #1832, #485, #5467 ) ;
#2904 = CYLINDRICAL_SURFACE ( 'NONE', #191, 0.2999999999999998779 ) ;
#2905 = DIRECTION ( 'NONE',  ( -1.000000000000000000, 0.000000000000000000, 0.000000000000000000 ) ) ;
#2906 = ADVANCED_FACE ( 'NONE', ( #2045 ), #4217, .T. ) ;
#2907 = PLANE ( 'NONE',  #4647 ) ;
#2908 = AXIS2_PLACEMENT_3D ( 'NONE', #2921, #1615, #1059 ) ;
#2909 = CIRCLE ( 'NONE', #833, 0.2999999999999999334 ) ;
#2910 = VERTEX_POINT ( 'NONE', #1591 ) ;
#2911 = DIRECTION ( 'NONE',  ( -1.000000000000000000, -0.000000000000000000, -0.000000000000000000 ) ) ;
#2912 = DIRECTION ( 'NONE',  ( 0.000000000000000000, 0.3420201433256629953, 0.9396926207859104263 ) ) ;
#2913 = ORIENTED_EDGE ( 'NONE', *, *, #4561, .T. ) ;
#2914 = EDGE_CURVE ( 'NONE', #1411, #686, #1481, .T. ) ;
#2915 = ORIENTED_EDGE ( 'NONE', *, *, #5320, .F. ) ;
#2916 = DIRECTION ( 'NONE',  ( 0.000000000000000000, -1.000000000000000000, -1.047444401652940007E-14 ) ) ;
#2917 = AXIS2_PLACEMENT_3D ( 'NONE', #3801, #683, #174 ) ;
#2918 = DIRECTION ( 'NONE',  ( 0.000000000000000000, 0.000000000000000000, 1.000000000000000000 ) ) ;
#2919 = ORIENTED_EDGE ( 'NONE', *, *, #679, .T. ) ;
#2920 =( LENGTH_UNIT ( ) NAMED_UNIT ( * ) SI_UNIT ( $, .METRE. ) );
#2921 = CARTESIAN_POINT ( 'NONE',  ( 0.2500000000000000000, 0.000000000000000000, 0.000000000000000000 ) ) ;
#2922 = VERTEX_POINT ( 'NONE', #2521 ) ;
#2923 = LINE ( 'NONE', #1504, #4911 ) ;
#2924 = DIRECTION ( 'NONE',  ( 0.000000000000000000, 0.000000000000000000, 1.000000000000000000 ) ) ;
#2925 = VECTOR ( 'NONE', #4996, 39.37007874015748143 ) ;
#2926 = CARTESIAN_POINT ( 'NONE',  ( 0.000000000000000000, 0.000000000000000000, 0.000000000000000000 ) ) ;
#2927 = VECTOR ( 'NONE', #5569, 39.37007874015748143 ) ;
#2928 = FACE_OUTER_BOUND ( 'NONE', #371, .T. ) ;
#2929 = ORIENTED_EDGE ( 'NONE', *, *, #5270, .T. ) ;
#2930 = AXIS2_PLACEMENT_3D ( 'NONE', #3725, #3251, #4607 ) ;
#2931 = ORIENTED_EDGE ( 'NONE', *, *, #5004, .T. ) ;
#2932 = ORIENTED_EDGE ( 'NONE', *, *, #4682, .T. ) ;
#2933 = ORIENTED_EDGE ( 'NONE', *, *, #4233, .F. ) ;
#2934 = CARTESIAN_POINT ( 'NONE',  ( 0.2500000000000000000, 0.6555566273447194225, 0.4438261139855649851 ) ) ;
#2935 = ADVANCED_FACE ( 'NONE', ( #3953 ), #2604, .T. ) ;
#2936 = DIRECTION ( 'NONE',  ( -1.000000000000000000, -0.000000000000000000, -0.000000000000000000 ) ) ;
#2937 = VECTOR ( 'NONE', #4104, 39.37007874015748143 ) ;
#2938 = DIRECTION ( 'NONE',  ( -1.000000000000000000, 0.000000000000000000, 0.000000000000000000 ) ) ;
#2939 = VERTEX_POINT ( 'NONE', #4450 ) ;
#2940 = ADVANCED_FACE ( 'NONE', ( #2662 ), #1704, .T. ) ;
#2941 = PLANE ( 'NONE',  #3494 ) ;
#2942 = EDGE_CURVE ( 'NONE', #4907, #184, #5628, .T. ) ;
#2943 = DIRECTION ( 'NONE',  ( -1.000000000000000000, -0.000000000000000000, 0.000000000000000000 ) ) ;
#2944 = ADVANCED_FACE ( 'NONE', ( #3481 ), #826, .T. ) ;
#2945 = VERTEX_POINT ( 'NONE', #5370 ) ;
#2946 = EDGE_CURVE ( 'NONE', #4540, #3014, #2059, .T. ) ;
#2947 = FACE_OUTER_BOUND ( 'NONE', #1434, .T. ) ;
#2948 = VECTOR ( 'NONE', #1513, 39.37007874015748143 ) ;
#2949 = CARTESIAN_POINT ( 'NONE',  ( 0.2500000000000000000, 0.1973566109173102989, -0.6765725148856279736 ) ) ;
#2950 = LINE ( 'NONE', #3418, #1584 ) ;
#2951 = CIRCLE ( 'NONE', #315, 0.2999999999999998779 ) ;
#2952 = CARTESIAN_POINT ( 'NONE',  ( 0.000000000000000000, 0.000000000000000000, 0.000000000000000000 ) ) ;
#2953 = CYLINDRICAL_SURFACE ( 'NONE', #2534, 0.7916666666666666297 ) ;
#2954 = DIRECTION ( 'NONE',  ( -1.000000000000000000, -0.000000000000000000, -0.000000000000000000 ) ) ;
#2955 = ADVANCED_FACE ( 'NONE', ( #3126 ), #1325, .T. ) ;
#2956 = DIRECTION ( 'NONE',  ( 0.000000000000000000, 1.000000000000000000, 3.491481338843133355E-15 ) ) ;
#2957 = VECTOR ( 'NONE', #3363, 39.37007874015748143 ) ;
#2958 = ORIENTED_EDGE ( 'NONE', *, *, #1851, .F. ) ;
#2959 = ORIENTED_EDGE ( 'NONE', *, *, #5537, .F. ) ;
#2960 = ORIENTED_EDGE ( 'NONE', *, *, #157, .T. ) ;
#2961 = ORIENTED_EDGE ( 'NONE', *, *, #5161, .T. ) ;
#2962 = CARTESIAN_POINT ( 'NONE',  ( 0.000000000000000000, -0.1928465525817795179, -0.7678191963401500564 ) ) ;
#2963 = DIRECTION ( 'NONE',  ( -1.000000000000000000, -0.000000000000000000, -0.000000000000000000 ) ) ;
#2964 = DIRECTION ( 'NONE',  ( 0.000000000000000000, 0.000000000000000000, -1.000000000000000000 ) ) ;
#2965 = ORIENTED_EDGE ( 'NONE', *, *, #496, .T. ) ;
#2966 = CARTESIAN_POINT ( 'NONE',  ( 0.2500000000000000000, 0.7005644739706470281, 0.2231272637298477024 ) ) ;
#2967 = DIRECTION ( 'NONE',  ( -1.000000000000000000, -0.000000000000000000, 0.000000000000000000 ) ) ;
#2968 = DIRECTION ( 'NONE',  ( 0.000000000000000000, 0.000000000000000000, 1.000000000000000000 ) ) ;
#2969 = ADVANCED_FACE ( 'NONE', ( #4896, #5762 ), #2195, .F. ) ;
#2970 = VERTEX_POINT ( 'NONE', #2575 ) ;
#2971 = CARTESIAN_POINT ( 'NONE',  ( 0.1250000000000000000, 0.6412736958668587839, -0.4642242541061059047 ) ) ;
#2972 = AXIS2_PLACEMENT_3D ( 'NONE', #2441, #4224, #186 ) ;
#2973 = DIRECTION ( 'NONE',  ( 0.000000000000000000, 0.000000000000000000, 1.000000000000000000 ) ) ;
#2974 = VERTEX_POINT ( 'NONE', #2632 ) ;
#2975 = EDGE_CURVE ( 'NONE', #4981, #5146, #170, .T. ) ;
#2976 =( CONVERSION_BASED_UNIT ( 'INCH', #2431 ) LENGTH_UNIT ( ) NAMED_UNIT ( #4532 ) );
#2977 = DIRECTION ( 'NONE',  ( 0.000000000000000000, 1.000000000000000000, 0.000000000000000000 ) ) ;
#2978 = ORIENTED_EDGE ( 'NONE', *, *, #5382, .F. ) ;
#2979 = DIRECTION ( 'NONE',  ( -1.000000000000000000, -0.000000000000000000, 0.000000000000000000 ) ) ;
#2980 = ORIENTED_EDGE ( 'NONE', *, *, #3291, .F. ) ;
#2981 = CARTESIAN_POINT ( 'NONE',  ( 0.2500000000000000000, 0.5682702633123917213, -0.4168559794536897400 ) ) ;
#2982 = CARTESIAN_POINT ( 'NONE',  ( 0.000000000000000000, 0.7005644739706470281, -0.07687273627015216160 ) ) ;
#2983 = CARTESIAN_POINT ( 'NONE',  ( 0.000000000000000000, -0.1973566109172966987, -0.6765725148856319704 ) ) ;
#2984 = VERTEX_POINT ( 'NONE', #2132 ) ;
#2985 = VERTEX_POINT ( 'NONE', #328 ) ;
#2986 = VECTOR ( 'NONE', #4605, 39.37007874015748143 ) ;
#2987 = EDGE_LOOP ( 'NONE', ( #3559, #1496, #1549, #5472 ) ) ;
#2988 = EDGE_CURVE ( 'NONE', #1809, #2630, #1234, .T. ) ;
#2989 = CARTESIAN_POINT ( 'NONE',  ( 0.000000000000000000, 0.000000000000000000, 0.000000000000000000 ) ) ;
#2990 = VERTEX_POINT ( 'NONE', #3984 ) ;
#2991 = FACE_OUTER_BOUND ( 'NONE', #3889, .T. ) ;
#2992 = CARTESIAN_POINT ( 'NONE',  ( 0.000000000000000000, -0.7032701360167952220, 0.04594687756908124449 ) ) ;
#2993 = AXIS2_PLACEMENT_3D ( 'NONE', #1122, #2897, #1987 ) ;
#2994 = CIRCLE ( 'NONE', #5444, 0.7916666666666666297 ) ;
#2995 = VERTEX_POINT ( 'NONE', #2165 ) ;
#2996 = VECTOR ( 'NONE', #5782, 39.37007874015748143 ) ;
#2997 = DIRECTION ( 'NONE',  ( -1.000000000000000000, 0.000000000000000000, 0.000000000000000000 ) ) ;
#2998 = CIRCLE ( 'NONE', #1386, 0.6979999999999999538 ) ;
#2999 = CYLINDRICAL_SURFACE ( 'NONE', #2741, 0.6979999999999999538 ) ;
#3000 = DIRECTION ( 'NONE',  ( -1.000000000000000000, 0.000000000000000000, -0.000000000000000000 ) ) ;
#3001 = CIRCLE ( 'NONE', #4041, 0.2999999999999999334 ) ;
#3002 = VERTEX_POINT ( 'NONE', #5309 ) ;
#3003 = ORIENTED_EDGE ( 'NONE', *, *, #4037, .T. ) ;
#3004 = EDGE_LOOP ( 'NONE', ( #1680, #2873, #3722, #4373 ) ) ;
#3005 = DIRECTION ( 'NONE',  ( 1.000000000000000000, 0.000000000000000000, -0.000000000000000000 ) ) ;
#3006 = ADVANCED_FACE ( 'NONE', ( #5733 ), #5336, .F. ) ;
#3007 = CARTESIAN_POINT ( 'NONE',  ( 0.2500000000000000000, -0.6320232422980224252, -0.3118439048090005938 ) ) ;
#3008 = ORIENTED_EDGE ( 'NONE', *, *, #620, .F. ) ;
#3009 = CARTESIAN_POINT ( 'NONE',  ( 0.000000000000000000, 0.000000000000000000, 0.000000000000000000 ) ) ;
#3010 = DIRECTION ( 'NONE',  ( -1.000000000000000000, 0.000000000000000000, -0.000000000000000000 ) ) ;
#3011 = DIRECTION ( 'NONE',  ( -1.000000000000000000, -0.000000000000000000, -0.000000000000000000 ) ) ;
#3012 = EDGE_CURVE ( 'NONE', #66, #1717, #388, .T. ) ;
#3013 = AXIS2_PLACEMENT_3D ( 'NONE', #4683, #1586, #3353 ) ;
#3014 = VERTEX_POINT ( 'NONE', #4860 ) ;
#3015 = DIRECTION ( 'NONE',  ( -1.000000000000000000, -0.000000000000000000, 0.000000000000000000 ) ) ;
#3016 = ADVANCED_FACE ( 'NONE', ( #2185 ), #3592, .T. ) ;
#3017 = DIRECTION ( 'NONE',  ( 1.000000000000000000, -0.000000000000000000, 0.000000000000000000 ) ) ;
#3018 = FACE_OUTER_BOUND ( 'NONE', #2227, .T. ) ;
#3019 = ORIENTED_EDGE ( 'NONE', *, *, #4266, .T. ) ;
#3020 = VERTEX_POINT ( 'NONE', #442 ) ;
#3021 = ORIENTED_EDGE ( 'NONE', *, *, #146, .F. ) ;
#3022 = DIRECTION ( 'NONE',  ( 0.000000000000000000, 0.000000000000000000, 1.000000000000000000 ) ) ;
#3023 = CARTESIAN_POINT ( 'NONE',  ( 0.000000000000000000, 0.000000000000000000, 0.000000000000000000 ) ) ;
#3024 = DIRECTION ( 'NONE',  ( 0.000000000000000000, 0.000000000000000000, 1.000000000000000000 ) ) ;
#3025 = ORIENTED_EDGE ( 'NONE', *, *, #2154, .F. ) ;
#3026 = AXIS2_PLACEMENT_3D ( 'NONE', #5264, #1222, #3056 ) ;
#3027 = CARTESIAN_POINT ( 'NONE',  ( -0.09814954576223630656, -0.1700000000000000400, 0.000000000000000000 ) ) ;
#3028 = DIRECTION ( 'NONE',  ( -1.000000000000000000, -0.000000000000000000, 0.000000000000000000 ) ) ;
#3029 = CARTESIAN_POINT ( 'NONE',  ( 0.000000000000000000, 0.7613742058348162978, -0.2168995846019854123 ) ) ;
#3030 = SHAPE_REPRESENTATION ( 'rod hole', ( #3940 ), #1392 ) ;
#3031 = ORIENTED_EDGE ( 'NONE', *, *, #1864, .T. ) ;
#3032 = ORIENTED_EDGE ( 'NONE', *, *, #1636, .T. ) ;
#3033 = DIRECTION ( 'NONE',  ( -1.000000000000000000, -0.000000000000000000, -0.000000000000000000 ) ) ;
#3034 = LENGTH_MEASURE_WITH_UNIT ( LENGTH_MEASURE( 0.02539999999999999897 ), #1227 );
#3035 = ADVANCED_FACE ( 'NONE', ( #3174 ), #2737, .T. ) ;
#3036 = LINE ( 'NONE', #795, #969 ) ;
#3037 = ORIENTED_EDGE ( 'NONE', *, *, #1561, .T. ) ;
#3038 = DIRECTION ( 'NONE',  ( -1.000000000000000000, 0.000000000000000000, 0.000000000000000000 ) ) ;
#3039 = CIRCLE ( 'NONE', #1436, 0.7916666666666666297 ) ;
#3040 = CARTESIAN_POINT ( 'NONE',  ( 0.1250000000000000278, -0.08139314917535329930, 0.7874714384524873489 ) ) ;
#3041 = FACE_OUTER_BOUND ( 'NONE', #5478, .T. ) ;
#3042 = CYLINDRICAL_SURFACE ( 'NONE', #4873, 0.7916666666666666297 ) ;
#3043 = ORIENTED_EDGE ( 'NONE', *, *, #302, .T. ) ;
#3044 = AXIS2_PLACEMENT_3D ( 'NONE', #5443, #958, #2759 ) ;
#3045 = ORIENTED_EDGE ( 'NONE', *, *, #4301, .T. ) ;
#3046 = EDGE_CURVE ( 'NONE', #3380, #3860, #2244, .T. ) ;
#3047 = LINE ( 'NONE', #3159, #2986 ) ;
#3048 = CARTESIAN_POINT ( 'NONE',  ( 0.2500000000000000000, 0.000000000000000000, 0.000000000000000000 ) ) ;
#3049 = DIRECTION ( 'NONE',  ( -1.000000000000000000, 0.000000000000000000, 0.000000000000000000 ) ) ;
#3050 = AXIS2_PLACEMENT_3D ( 'NONE', #5809, #5412, #467 ) ;
#3051 = DIRECTION ( 'NONE',  ( 0.000000000000000000, -0.8660254037844328234, -0.5000000000000103251 ) ) ;
#3052 = ADVANCED_FACE ( 'NONE', ( #849 ), #2652, .T. ) ;
#3053 = ORIENTED_EDGE ( 'NONE', *, *, #2267, .T. ) ;
#3054 = AXIS2_PLACEMENT_3D ( 'NONE', #4184, #2429, #3300 ) ;
#3055 = CARTESIAN_POINT ( 'NONE',  ( 0.2500000000000000000, -0.7678191963401493902, 0.1928465525817822934 ) ) ;
#3056 = DIRECTION ( 'NONE',  ( 0.000000000000000000, 0.000000000000000000, 1.000000000000000000 ) ) ;
#3057 = CARTESIAN_POINT ( 'NONE',  ( 0.1250000000000000278, 0.7678191963401507225, -0.1928465525817768533 ) ) ;
#3058 = AXIS2_PLACEMENT_3D ( 'NONE', #5820, #1646, #2572 ) ;
#3059 = VERTEX_POINT ( 'NONE', #4976 ) ;
#3060 = ADVANCED_FACE ( 'NONE', ( #2271 ), #4442, .T. ) ;
#3061 = DIRECTION ( 'NONE',  ( -1.000000000000000000, 0.000000000000000000, 0.000000000000000000 ) ) ;
#3062 = DIRECTION ( 'NONE',  ( -1.000000000000000000, 0.000000000000000000, 0.000000000000000000 ) ) ;
#3063 = AXIS2_PLACEMENT_3D ( 'NONE', #3638, #3249, #515 ) ;
#3064 = APPLICATION_PROTOCOL_DEFINITION ( 'draft international standard', 'automotive_design', 1998, #1049 ) ;
#3065 = FACE_OUTER_BOUND ( 'NONE', #4715, .T. ) ;
#3066 = ORIENTED_EDGE ( 'NONE', *, *, #409, .F. ) ;
#3067 = DIRECTION ( 'NONE',  ( -1.000000000000000000, -0.000000000000000000, 0.000000000000000000 ) ) ;
#3068 = DIRECTION ( 'NONE',  ( 0.000000000000000000, 0.8660254037844382635, -0.5000000000000005551 ) ) ;
#3069 = CARTESIAN_POINT ( 'NONE',  ( 0.000000000000000000, -0.3914262312078022332, 0.5860763647289369827 ) ) ;
#3070 = CYLINDRICAL_SURFACE ( 'NONE', #3367, 0.7916666666666666297 ) ;
#3071 = ORIENTED_EDGE ( 'NONE', *, *, #2824, .T. ) ;
#3072 = ORIENTED_EDGE ( 'NONE', *, *, #2946, .F. ) ;
#3073 = VERTEX_POINT ( 'NONE', #1814 ) ;
#3074 = CARTESIAN_POINT ( 'NONE',  ( 0.2500000000000000000, 0.6320232422980246456, 0.3118439048089961529 ) ) ;
#3075 = CARTESIAN_POINT ( 'NONE',  ( 0.2500000000000000000, 0.4438261139855718129, -0.6555566273447147596 ) ) ;
#3076 = EDGE_CURVE ( 'NONE', #4590, #5447, #1206, .T. ) ;
#3077 = DIRECTION ( 'NONE',  ( 0.000000000000000000, 0.000000000000000000, 1.000000000000000000 ) ) ;
#3078 = ORIENTED_EDGE ( 'NONE', *, *, #1088, .T. ) ;
#3079 = CYLINDRICAL_SURFACE ( 'NONE', #1092, 0.2999999999999998779 ) ;
#3080 = DIRECTION ( 'NONE',  ( 0.000000000000000000, 0.000000000000000000, 1.000000000000000000 ) ) ;
#3081 = ADVANCED_FACE ( 'NONE', ( #3148 ), #4040, .T. ) ;
#3082 = AXIS2_PLACEMENT_3D ( 'NONE', #1148, #662, #2956 ) ;
#3083 = CARTESIAN_POINT ( 'NONE',  ( 0.000000000000000000, -0.5222018279410790553, -0.4631514340850037548 ) ) ;
#3084 = AXIS2_PLACEMENT_3D ( 'NONE', #5821, #4866, #858 ) ;
#3085 = EDGE_CURVE ( 'NONE', #5387, #5112, #1787, .T. ) ;
#3086 = ORIENTED_EDGE ( 'NONE', *, *, #1970, .F. ) ;
#3087 = VECTOR ( 'NONE', #3726, 39.37007874015748143 ) ;
#3088 = DIRECTION ( 'NONE',  ( -0.000000000000000000, -0.8660254037844384856, 0.5000000000000002220 ) ) ;
#3089 = CARTESIAN_POINT ( 'NONE',  ( 0.2500000000000000000, 0.000000000000000000, 0.000000000000000000 ) ) ;
#3090 = VECTOR ( 'NONE', #137, 39.37007874015748143 ) ;
#3091 = ORIENTED_EDGE ( 'NONE', *, *, #5019, .T. ) ;
#3092 = EDGE_CURVE ( 'NONE', #5244, #1111, #4947, .T. ) ;
#3093 = CARTESIAN_POINT ( 'NONE',  ( 0.000000000000000000, -0.7896417498925576428, -0.05658637590207216822 ) ) ;
#3094 = ORIENTED_EDGE ( 'NONE', *, *, #919, .T. ) ;
#3095 = CARTESIAN_POINT ( 'NONE',  ( 0.000000000000000000, 0.1700000000000000955, 0.09814954576223637595 ) ) ;
#3096 = ORIENTED_EDGE ( 'NONE', *, *, #2097, .T. ) ;
#3097 = DIRECTION ( 'NONE',  ( 0.000000000000000000, 0.000000000000000000, 1.000000000000000000 ) ) ;
#3098 = DIRECTION ( 'NONE',  ( 0.000000000000000000, 0.000000000000000000, 1.000000000000000000 ) ) ;
#3099 = LINE ( 'NONE', #3129, #2336 ) ;
#3100 = CIRCLE ( 'NONE', #2819, 0.7916666666666666297 ) ;
#3101 = ORIENTED_EDGE ( 'NONE', *, *, #4525, .F. ) ;
#3102 = ORIENTED_EDGE ( 'NONE', *, *, #4415, .F. ) ;
#3103 = CYLINDRICAL_SURFACE ( 'NONE', #3746, 0.6979999999999999538 ) ;
#3104 = CARTESIAN_POINT ( 'NONE',  ( 0.000000000000000000, 0.4168559794537029517, -0.5682702633123818403 ) ) ;
#3105 = AXIS2_PLACEMENT_3D ( 'NONE', #5602, #5209, #2068 ) ;
#3106 = DIRECTION ( 'NONE',  ( 0.000000000000000000, 0.7660444431189791237, -0.6427876096865379196 ) ) ;
#3107 = VERTEX_POINT ( 'NONE', #907 ) ;
#3108 = FACE_OUTER_BOUND ( 'NONE', #510, .T. ) ;
#3109 = EDGE_CURVE ( 'NONE', #335, #2397, #499, .T. ) ;
#3110 = FACE_OUTER_BOUND ( 'NONE', #4781, .T. ) ;
#3111 = DIRECTION ( 'NONE',  ( -1.000000000000000000, 0.000000000000000000, 0.000000000000000000 ) ) ;
#3112 = CARTESIAN_POINT ( 'NONE',  ( 0.2500000000000000000, -0.05658637590205840839, -0.7896417498925586420 ) ) ;
#3113 = CIRCLE ( 'NONE', #1696, 0.6979999999999999538 ) ;
#3114 = VERTEX_POINT ( 'NONE', #3502 ) ;
#3115 = EDGE_CURVE ( 'NONE', #3412, #1515, #3281, .T. ) ;
#3116 = LINE ( 'NONE', #4039, #4151 ) ;
#3117 = DIRECTION ( 'NONE',  ( -1.000000000000000000, 0.000000000000000000, 0.000000000000000000 ) ) ;
#3118 = CIRCLE ( 'NONE', #4626, 0.7916666666666666297 ) ;
#3119 = VERTEX_POINT ( 'NONE', #2216 ) ;
#3120 = AXIS2_PLACEMENT_3D ( 'NONE', #4275, #296, #4720 ) ;
#3121 = DIRECTION ( 'NONE',  ( 1.000000000000000000, 0.000000000000000000, 0.000000000000000000 ) ) ;
#3122 = ADVANCED_FACE ( 'NONE', ( #4411 ), #380, .T. ) ;
#3123 = DIRECTION ( 'NONE',  ( -0.000000000000000000, -0.000000000000000000, 1.000000000000000000 ) ) ;
#3124 = ORIENTED_EDGE ( 'NONE', *, *, #2405, .T. ) ;
#3125 = DIRECTION ( 'NONE',  ( -1.000000000000000000, 0.000000000000000000, 0.000000000000000000 ) ) ;
#3126 = FACE_OUTER_BOUND ( 'NONE', #846, .T. ) ;
#3127 = DIRECTION ( 'NONE',  ( 0.000000000000000000, 0.000000000000000000, 1.000000000000000000 ) ) ;
#3128 = ORIENTED_EDGE ( 'NONE', *, *, #2723, .T. ) ;
#3129 = CARTESIAN_POINT ( 'NONE',  ( 0.1250000000000000278, -0.7896417498925576428, -0.05658637590207213353 ) ) ;
#3130 = ORIENTED_EDGE ( 'NONE', *, *, #3357, .T. ) ;
#3131 = ORIENTED_EDGE ( 'NONE', *, *, #4666, .F. ) ;
#3132 = CARTESIAN_POINT ( 'NONE',  ( 0.2500000000000000000, -0.6904594471595901783, 0.1023218052424454266 ) ) ;
#3133 = EDGE_CURVE ( 'NONE', #1874, #5738, #3562, .T. ) ;
#3134 = CARTESIAN_POINT ( 'NONE',  ( 0.2500000000000000000, 0.7005644739706462509, 0.07687273627016155686 ) ) ;
#3135 = LINE ( 'NONE', #5856, #3989 ) ;
#3136 = AXIS2_PLACEMENT_3D ( 'NONE', #2817, #2418, #158 ) ;
#3137 = ORIENTED_EDGE ( 'NONE', *, *, #3166, .T. ) ;
#3138 = DIRECTION ( 'NONE',  ( 0.000000000000000000, 0.000000000000000000, 1.000000000000000000 ) ) ;
#3139 = VECTOR ( 'NONE', #2117, 39.37007874015748854 ) ;
#3140 = DIRECTION ( 'NONE',  ( 0.000000000000000000, 0.6427876096865403621, -0.7660444431189771253 ) ) ;
#3141 = VECTOR ( 'NONE', #4437, 39.37007874015748143 ) ;
#3142 = DIRECTION ( 'NONE',  ( 0.000000000000000000, 0.000000000000000000, 1.000000000000000000 ) ) ;
#3143 = DIRECTION ( 'NONE',  ( -1.000000000000000000, 0.000000000000000000, 0.000000000000000000 ) ) ;
#3144 = CIRCLE ( 'NONE', #1816, 0.7916666666666666297 ) ;
#3145 = CIRCLE ( 'NONE', #1544, 0.2999999999999998779 ) ;
#3146 = ORIENTED_EDGE ( 'NONE', *, *, #1926, .T. ) ;
#3147 = DIRECTION ( 'NONE',  ( 0.000000000000000000, 0.000000000000000000, 1.000000000000000000 ) ) ;
#3148 = FACE_OUTER_BOUND ( 'NONE', #5518, .T. ) ;
#3149 = VERTEX_POINT ( 'NONE', #4918 ) ;
#3150 = EDGE_CURVE ( 'NONE', #5563, #1114, #2710, .T. ) ;
#3151 = CARTESIAN_POINT ( 'NONE',  ( 0.2500000000000000000, 0.1673704187836274060, 0.6846072908519328371 ) ) ;
#3152 = VERTEX_POINT ( 'NONE', #4473 ) ;
#3153 = DIRECTION ( 'NONE',  ( 0.000000000000000000, -0.8660254037844431485, 0.4999999999999919509 ) ) ;
#3154 = ORIENTED_EDGE ( 'NONE', *, *, #2510, .T. ) ;
#3155 = ADVANCED_FACE ( 'NONE', ( #2850 ), #2423, .T. ) ;
#3156 = CARTESIAN_POINT ( 'NONE',  ( 0.000000000000000000, 0.08139314917534794247, 0.7874714384524881261 ) ) ;
#3157 = DIRECTION ( 'NONE',  ( -1.000000000000000000, -0.000000000000000000, -0.000000000000000000 ) ) ;
#3158 = EDGE_LOOP ( 'NONE', ( #898, #3209, #1103, #4983 ) ) ;
#3159 = CARTESIAN_POINT ( 'NONE',  ( 0.2500000000000000000, 0.6491163241443883569, 0.2566164408787500184 ) ) ;
#3160 = DIRECTION ( 'NONE',  ( 1.000000000000000000, 0.000000000000000000, 0.000000000000000000 ) ) ;
#3161 = VECTOR ( 'NONE', #1437, 39.37007874015748854 ) ;
#3162 = DIRECTION ( 'NONE',  ( -1.000000000000000000, -0.000000000000000000, 0.000000000000000000 ) ) ;
#3163 = CIRCLE ( 'NONE', #5812, 0.2999999999999998779 ) ;
#3164 = DIRECTION ( 'NONE',  ( -1.000000000000000000, 0.000000000000000000, -0.000000000000000000 ) ) ;
#3165 = VERTEX_POINT ( 'NONE', #4589 ) ;
#3166 = EDGE_CURVE ( 'NONE', #303, #4924, #1433, .T. ) ;
#3167 = ORIENTED_EDGE ( 'NONE', *, *, #1288, .T. ) ;
#3168 = CARTESIAN_POINT ( 'NONE',  ( 0.2500000000000000000, 0.000000000000000000, 0.000000000000000000 ) ) ;
#3169 = CARTESIAN_POINT ( 'NONE',  ( 0.2500000000000000000, 0.000000000000000000, 0.000000000000000000 ) ) ;
#3170 = CARTESIAN_POINT ( 'NONE',  ( 0.2500000000000000000, 0.000000000000000000, 0.000000000000000000 ) ) ;
#3171 = ORIENTED_EDGE ( 'NONE', *, *, #470, .F. ) ;
#3172 = AXIS2_PLACEMENT_3D ( 'NONE', #5555, #4610, #4578 ) ;
#3173 = CARTESIAN_POINT ( 'NONE',  ( 0.2500000000000000000, 0.05658637590207496459, -0.7896417498925574208 ) ) ;
#3174 = FACE_OUTER_BOUND ( 'NONE', #5690, .T. ) ;
#3175 = ORIENTED_EDGE ( 'NONE', *, *, #4488, .F. ) ;
#3176 = AXIS2_PLACEMENT_3D ( 'NONE', #972, #1031, #5490 ) ;
#3177 = AXIS2_PLACEMENT_3D ( 'NONE', #5679, #668, #1572 ) ;
#3178 = CARTESIAN_POINT ( 'NONE',  ( 0.2500000000000000000, 0.000000000000000000, 0.000000000000000000 ) ) ;
#3179 = VERTEX_POINT ( 'NONE', #1461 ) ;
#3180 = EDGE_CURVE ( 'NONE', #2312, #348, #3001, .T. ) ;
#3181 = AXIS2_PLACEMENT_3D ( 'NONE', #4328, #4247, #5217 ) ;
#3182 = LINE ( 'NONE', #5519, #1978 ) ;
#3183 = EDGE_CURVE ( 'NONE', #3762, #4870, #561, .T. ) ;
#3184 = CARTESIAN_POINT ( 'NONE',  ( 0.2500000000000000000, 0.000000000000000000, 0.000000000000000000 ) ) ;
#3185 = ORIENTED_EDGE ( 'NONE', *, *, #4233, .T. ) ;
#3186 = CARTESIAN_POINT ( 'NONE',  ( 0.000000000000000000, 0.000000000000000000, 0.000000000000000000 ) ) ;
#3187 = CIRCLE ( 'NONE', #652, 0.2999999999999999334 ) ;
#3188 = CARTESIAN_POINT ( 'NONE',  ( 0.2500000000000000000, 0.4872506799346353890, -0.5092020961019951830 ) ) ;
#3189 = ORIENTED_EDGE ( 'NONE', *, *, #125, .F. ) ;
#3190 = EDGE_CURVE ( 'NONE', #1701, #2299, #1487, .T. ) ;
#3191 = DIRECTION ( 'NONE',  ( 0.000000000000000000, 0.7660444431189792347, -0.6427876096865379196 ) ) ;
#3192 = CARTESIAN_POINT ( 'NONE',  ( -0.3937007874015748254, 0.000000000000000000, 0.000000000000000000 ) ) ;
#3193 = EDGE_CURVE ( 'NONE', #3537, #3825, #1873, .T. ) ;
#3194 = LINE ( 'NONE', #1389, #3655 ) ;
#3195 = EDGE_CURVE ( 'NONE', #2818, #5140, #2348, .T. ) ;
#3196 = CARTESIAN_POINT ( 'NONE',  ( 0.000000000000000000, 0.7032701360167948890, 0.3459468775690860975 ) ) ;
#3197 = ORIENTED_EDGE ( 'NONE', *, *, #5468, .T. ) ;
#3198 = LINE ( 'NONE', #3227, #1881 ) ;
#3199 = CIRCLE ( 'NONE', #573, 0.2999999999999998779 ) ;
#3200 = DIRECTION ( 'NONE',  ( -1.000000000000000000, 0.000000000000000000, -0.000000000000000000 ) ) ;
#3201 = EDGE_CURVE ( 'NONE', #173, #478, #3682, .T. ) ;
#3202 = CARTESIAN_POINT ( 'NONE',  ( 0.2500000000000000000, 0.000000000000000000, 0.000000000000000000 ) ) ;
#3203 = VERTEX_POINT ( 'NONE', #3318 ) ;
#3204 = ORIENTED_EDGE ( 'NONE', *, *, #5281, .F. ) ;
#3205 = VECTOR ( 'NONE', #2386, 39.37007874015748143 ) ;
#3206 = DIRECTION ( 'NONE',  ( 1.000000000000000000, 0.000000000000000000, 0.000000000000000000 ) ) ;
#3207 = CARTESIAN_POINT ( 'NONE',  ( 0.2500000000000000000, 0.7005644739706470281, -0.07687273627015216160 ) ) ;
#3208 = AXIS2_PLACEMENT_3D ( 'NONE', #3775, #729, #1520 ) ;
#3209 = ORIENTED_EDGE ( 'NONE', *, *, #3365, .F. ) ;
#3210 = AXIS2_PLACEMENT_3D ( 'NONE', #5594, #3795, #1104 ) ;
#3211 = DIRECTION ( 'NONE',  ( -1.000000000000000000, 0.000000000000000000, 0.000000000000000000 ) ) ;
#3212 = EDGE_LOOP ( 'NONE', ( #2960, #2915, #3171, #187 ) ) ;
#3213 = CARTESIAN_POINT ( 'NONE',  ( 0.000000000000000000, 0.000000000000000000, 0.000000000000000000 ) ) ;
#3214 = VERTEX_POINT ( 'NONE', #5038 ) ;
#3215 = CARTESIAN_POINT ( 'NONE',  ( 0.1250000000000000278, -0.05658637590205823492, -0.7896417498925584200 ) ) ;
#3216 = EDGE_LOOP ( 'NONE', ( #4446, #423, #2556, #2832 ) ) ;
#3217 = CYLINDRICAL_SURFACE ( 'NONE', #164, 0.2999999999999999334 ) ;
#3218 = EDGE_CURVE ( 'NONE', #5146, #5007, #2328, .T. ) ;
#3219 = VERTEX_POINT ( 'NONE', #5451 ) ;
#3220 = DIRECTION ( 'NONE',  ( -1.000000000000000000, 0.000000000000000000, 0.000000000000000000 ) ) ;
#3221 = DIRECTION ( 'NONE',  ( 0.000000000000000000, 0.000000000000000000, 1.000000000000000000 ) ) ;
#3222 = CARTESIAN_POINT ( 'NONE',  ( 0.000000000000000000, 0.08139314917535842020, -0.7874714384524869049 ) ) ;
#3223 = DIRECTION ( 'NONE',  ( 0.000000000000000000, -0.7660444431189835646, 0.6427876096865325906 ) ) ;
#3224 = EDGE_CURVE ( 'NONE', #3674, #1809, #2721, .T. ) ;
#3225 = EDGE_CURVE ( 'NONE', #5501, #1717, #557, .T. ) ;
#3226 = ORIENTED_EDGE ( 'NONE', *, *, #636, .T. ) ;
#3227 = CARTESIAN_POINT ( 'NONE',  ( -0.09814954576223641758, 0.1699999999999999567, 0.5000000000000000000 ) ) ;
#3228 = AXIS2_PLACEMENT_3D ( 'NONE', #1171, #4943, #4322 ) ;
#3229 = EDGE_CURVE ( 'NONE', #3002, #3790, #3563, .T. ) ;
#3230 = CYLINDRICAL_SURFACE ( 'NONE', #2005, 0.2999999999999998779 ) ;
#3231 = ORIENTED_EDGE ( 'NONE', *, *, #850, .T. ) ;
#3232 = VERTEX_POINT ( 'NONE', #71 ) ;
#3233 = CIRCLE ( 'NONE', #5498, 0.6979999999999999538 ) ;
#3234 = PRODUCT_DEFINITION_SHAPE ( 'NONE', 'NONE',  #5858 ) ;
#3235 = DIRECTION ( 'NONE',  ( -1.000000000000000000, 0.000000000000000000, 0.000000000000000000 ) ) ;
#3236 = DIRECTION ( 'NONE',  ( 0.000000000000000000, 0.000000000000000000, -1.000000000000000000 ) ) ;
#3237 = VERTEX_POINT ( 'NONE', #3742 ) ;
#3238 = VECTOR ( 'NONE', #4927, 39.37007874015748143 ) ;
#3239 = EDGE_CURVE ( 'NONE', #1540, #831, #4938, .T. ) ;
#3240 = DIRECTION ( 'NONE',  ( 0.000000000000000000, 0.7660444431189749048, 0.6427876096865430267 ) ) ;
#3241 = ORIENTED_EDGE ( 'NONE', *, *, #4603, .F. ) ;
#3242 = FACE_OUTER_BOUND ( 'NONE', #5401, .T. ) ;
#3243 = APPLICATION_CONTEXT ( 'automotive_design' ) ;
#3244 = CARTESIAN_POINT ( 'NONE',  ( 0.000000000000000000, 0.3323020844099063287, 0.6138235289534209604 ) ) ;
#3245 = UNCERTAINTY_MEASURE_WITH_UNIT (LENGTH_MEASURE( 1.000000000000000082E-05 ), #2190, 'distance_accuracy_value', 'NONE');
#3246 = AXIS2_PLACEMENT_3D ( 'NONE', #5273, #5791, #3536 ) ;
#3247 = ORIENTED_EDGE ( 'NONE', *, *, #4733, .F. ) ;
#3248 = CYLINDRICAL_SURFACE ( 'NONE', #1482, 0.6979999999999999538 ) ;
#3249 = DIRECTION ( 'NONE',  ( -1.000000000000000000, -0.000000000000000000, -0.000000000000000000 ) ) ;
#3250 = DIRECTION ( 'NONE',  ( -1.000000000000000000, 0.000000000000000000, -0.000000000000000000 ) ) ;
#3251 = DIRECTION ( 'NONE',  ( -1.000000000000000000, 0.000000000000000000, -0.000000000000000000 ) ) ;
#3252 = DIRECTION ( 'NONE',  ( -1.000000000000000000, 0.000000000000000000, 0.000000000000000000 ) ) ;
#3253 = DIRECTION ( 'NONE',  ( -1.000000000000000000, 0.000000000000000000, -0.000000000000000000 ) ) ;
#3254 = ORIENTED_EDGE ( 'NONE', *, *, #1178, .F. ) ;
#3255 = ORIENTED_EDGE ( 'NONE', *, *, #2514, .T. ) ;
#3256 = CYLINDRICAL_SURFACE ( 'NONE', #634, 0.7916666666666666297 ) ;
#3257 = CIRCLE ( 'NONE', #2884, 0.2999999999999998779 ) ;
#3258 = EDGE_CURVE ( 'NONE', #4345, #5639, #649, .T. ) ;
#3259 = SURFACE_STYLE_FILL_AREA ( #3647 ) ;
#3260 = CARTESIAN_POINT ( 'NONE',  ( 0.2500000000000000000, -0.5860763647289356504, -0.3914262312078042316 ) ) ;
#3261 = ORIENTED_EDGE ( 'NONE', *, *, #4618, .T. ) ;
#3262 = ORIENTED_EDGE ( 'NONE', *, *, #249, .T. ) ;
#3263 = EDGE_CURVE ( 'NONE', #5813, #1567, #3145, .T. ) ;
#3264 = DIRECTION ( 'NONE',  ( 0.000000000000000000, 0.5000000000000003331, 0.8660254037844385966 ) ) ;
#3265 = DIRECTION ( 'NONE',  ( 0.000000000000000000, 0.000000000000000000, 1.000000000000000000 ) ) ;
#3266 = ORIENTED_EDGE ( 'NONE', *, *, #1776, .F. ) ;
#3267 = CIRCLE ( 'NONE', #4770, 0.7916666666666666297 ) ;
#3268 = DIRECTION ( 'NONE',  ( -1.000000000000000000, -0.000000000000000000, -0.000000000000000000 ) ) ;
#3269 = EDGE_LOOP ( 'NONE', ( #4496, #5584, #3991, #4901 ) ) ;
#3270 = DIRECTION ( 'NONE',  ( -1.000000000000000000, 0.000000000000000000, 0.000000000000000000 ) ) ;
#3271 = DIRECTION ( 'NONE',  ( -1.000000000000000000, 0.000000000000000000, -0.000000000000000000 ) ) ;
#3272 = ADVANCED_FACE ( 'NONE', ( #3653 ), #5006, .T. ) ;
#3273 = EDGE_LOOP ( 'NONE', ( #2933, #2650, #2288, #4895 ) ) ;
#3274 = CYLINDRICAL_SURFACE ( 'NONE', #4502, 0.7916666666666666297 ) ;
#3275 = ORIENTED_EDGE ( 'NONE', *, *, #2256, .T. ) ;
#3276 = FACE_OUTER_BOUND ( 'NONE', #2248, .T. ) ;
#3277 = CARTESIAN_POINT ( 'NONE',  ( 0.1250000000000000278, -0.08139314917534261340, -0.7874714384524884592 ) ) ;
#3278 = CARTESIAN_POINT ( 'NONE',  ( 0.1250000000000000278, 0.7613742058348162978, -0.2168995846019854123 ) ) ;
#3279 = AXIS2_PLACEMENT_3D ( 'NONE', #4846, #3934, #5803 ) ;
#3280 = FACE_OUTER_BOUND ( 'NONE', #3958, .T. ) ;
#3281 = CIRCLE ( 'NONE', #1014, 0.5000000000000000000 ) ;
#3282 = CARTESIAN_POINT ( 'NONE',  ( 0.2500000000000000000, 0.6320232422980246456, -0.3118439048089961529 ) ) ;
#3283 =( GEOMETRIC_REPRESENTATION_CONTEXT ( 3 ) GLOBAL_UNCERTAINTY_ASSIGNED_CONTEXT ( ( #540 ) ) GLOBAL_UNIT_ASSIGNED_CONTEXT ( ( #2976, #4298, #687 ) ) REPRESENTATION_CONTEXT ( 'NONE', 'WORKASPACE' ) );
#3284 = ORIENTED_EDGE ( 'NONE', *, *, #2331, .F. ) ;
#3285 = LINE ( 'NONE', #1008, #4236 ) ;
#3286 = SHAPE_REPRESENTATION ( 'rod gear_Inch - Spur gear 24DP 36T 20PA 0.25FW ---S36N3.0H2.0L0.03125N', ( #3940 ), #3283 ) ;
#3287 =( CONVERSION_BASED_UNIT ( 'INCH', #5559 ) LENGTH_UNIT ( ) NAMED_UNIT ( #1403 ) );
#3288 = CARTESIAN_POINT ( 'NONE',  ( -0.3937007874015748254, 0.000000000000000000, 0.000000000000000000 ) ) ;
#3289 = ORIENTED_EDGE ( 'NONE', *, *, #2766, .T. ) ;
#3290 = AXIS2_PLACEMENT_3D ( 'NONE', #4052, #1032, #1417 ) ;
#3291 = EDGE_CURVE ( 'NONE', #3577, #2466, #2680, .T. ) ;
#3292 = ORIENTED_EDGE ( 'NONE', *, *, #2449, .F. ) ;
#3293 = DIRECTION ( 'NONE',  ( 0.000000000000000000, 0.000000000000000000, 1.000000000000000000 ) ) ;
#3294 = DIRECTION ( 'NONE',  ( 0.000000000000000000, 0.9848077530122075762, 0.1736481776669338839 ) ) ;
#3295 = ORIENTED_EDGE ( 'NONE', *, *, #2311, .F. ) ;
#3296 = ADVANCED_FACE ( 'NONE', ( #1047 ), #4651, .T. ) ;
#3297 = CARTESIAN_POINT ( 'NONE',  ( 0.000000000000000000, -0.6320232422980224252, -0.3118439048090005938 ) ) ;
#3298 = ORIENTED_EDGE ( 'NONE', *, *, #1651, .T. ) ;
#3299 = DIRECTION ( 'NONE',  ( 1.000000000000000000, -0.000000000000000000, 0.000000000000000000 ) ) ;
#3300 = DIRECTION ( 'NONE',  ( 0.000000000000000000, 0.000000000000000000, 1.000000000000000000 ) ) ;
#3301 = EDGE_CURVE ( 'NONE', #4739, #5675, #519, .T. ) ;
#3302 = DIRECTION ( 'NONE',  ( 1.000000000000000000, -0.000000000000000000, -0.000000000000000000 ) ) ;
#3303 = VERTEX_POINT ( 'NONE', #314 ) ;
#3304 = CIRCLE ( 'NONE', #1226, 0.2999999999999998779 ) ;
#3305 = LINE ( 'NONE', #2892, #2066 ) ;
#3306 = CARTESIAN_POINT ( 'NONE',  ( 0.000000000000000000, -0.7005644739706468060, -0.07687273627015694943 ) ) ;
#3307 = DIRECTION ( 'NONE',  ( -1.000000000000000000, 0.000000000000000000, 0.000000000000000000 ) ) ;
#3308 = DIRECTION ( 'NONE',  ( 1.000000000000000000, 0.000000000000000000, 0.000000000000000000 ) ) ;
#3309 = CYLINDRICAL_SURFACE ( 'NONE', #5145, 0.2999999999999998779 ) ;
#3310 = ORIENTED_EDGE ( 'NONE', *, *, #270, .T. ) ;
#3311 = EDGE_CURVE ( 'NONE', #3564, #5536, #1920, .T. ) ;
#3312 = CARTESIAN_POINT ( 'NONE',  ( 0.000000000000000000, -0.08139314917534261340, -0.7874714384524884592 ) ) ;
#3313 = DIRECTION ( 'NONE',  ( 0.000000000000000000, 0.000000000000000000, 1.000000000000000000 ) ) ;
#3314 = VERTEX_POINT ( 'NONE', #3411 ) ;
#3315 = EDGE_LOOP ( 'NONE', ( #1233, #5391, #1569, #4281 ) ) ;
#3316 = CIRCLE ( 'NONE', #406, 0.6979999999999999538 ) ;
#3317 = DIRECTION ( 'NONE',  ( -0.000000000000000000, -0.000000000000000000, -1.000000000000000000 ) ) ;
#3318 = CARTESIAN_POINT ( 'NONE',  ( 0.2500000000000000000, 0.2168995846019929896, 0.7613742058348142994 ) ) ;
#3319 = VERTEX_POINT ( 'NONE', #195 ) ;
#3320 = CIRCLE ( 'NONE', #5300, 0.2999999999999998779 ) ;
#3321 = ORIENTED_EDGE ( 'NONE', *, *, #1755, .F. ) ;
#3322 = FACE_OUTER_BOUND ( 'NONE', #5153, .T. ) ;
#3323 = AXIS2_PLACEMENT_3D ( 'NONE', #3186, #5043, #996 ) ;
#3324 =( GEOMETRIC_REPRESENTATION_CONTEXT ( 3 ) GLOBAL_UNCERTAINTY_ASSIGNED_CONTEXT ( ( #111 ) ) GLOBAL_UNIT_ASSIGNED_CONTEXT ( ( #3287, #956, #2757 ) ) REPRESENTATION_CONTEXT ( 'NONE', 'WORKASPACE' ) );
#3325 = EDGE_CURVE ( 'NONE', #277, #3214, #5211, .T. ) ;
#3326 = DIRECTION ( 'NONE',  ( -1.000000000000000000, 0.000000000000000000, 0.000000000000000000 ) ) ;
#3327 = ORIENTED_EDGE ( 'NONE', *, *, #5716, .F. ) ;
#3328 = EDGE_LOOP ( 'NONE', ( #809, #2369, #4366, #2217 ) ) ;
#3329 = ORIENTED_EDGE ( 'NONE', *, *, #4841, .T. ) ;
#3330 = CARTESIAN_POINT ( 'NONE',  ( 0.000000000000000000, 0.5509196117381521818, 0.5685276532530275651 ) ) ;
#3331 = CIRCLE ( 'NONE', #1355, 0.2999999999999998224 ) ;
#3332 = DIRECTION ( 'NONE',  ( 0.000000000000000000, -1.000000000000000000, -1.047208397571301315E-14 ) ) ;
#3333 = CARTESIAN_POINT ( 'NONE',  ( 0.2500000000000000000, -0.2206643318571425982, -0.6622018216873468699 ) ) ;
#3334 = EDGE_CURVE ( 'NONE', #5357, #3664, #28, .T. ) ;
#3335 = DIRECTION ( 'NONE',  ( 0.000000000000000000, 0.000000000000000000, 1.000000000000000000 ) ) ;
#3336 = AXIS2_PLACEMENT_3D ( 'NONE', #5579, #1534, #659 ) ;
#3337 = CARTESIAN_POINT ( 'NONE',  ( 0.1250000000000000278, -0.7678191963401495013, 0.1928465525817822379 ) ) ;
#3338 = DIRECTION ( 'NONE',  ( 0.000000000000000000, -0.8660254037844328234, -0.5000000000000099920 ) ) ;
#3339 = ORIENTED_EDGE ( 'NONE', *, *, #3549, .F. ) ;
#3340 = ORIENTED_EDGE ( 'NONE', *, *, #4839, .F. ) ;
#3341 = DIRECTION ( 'NONE',  ( 1.000000000000000000, 0.000000000000000000, -0.000000000000000000 ) ) ;
#3342 = ORIENTED_EDGE ( 'NONE', *, *, #1210, .F. ) ;
#3343 = ORIENTED_EDGE ( 'NONE', *, *, #4383, .F. ) ;
#3344 = DIRECTION ( 'NONE',  ( 0.000000000000000000, 0.000000000000000000, 1.000000000000000000 ) ) ;
#3345 = DIRECTION ( 'NONE',  ( -1.000000000000000000, 0.000000000000000000, 0.000000000000000000 ) ) ;
#3346 = EDGE_CURVE ( 'NONE', #5583, #1848, #3331, .T. ) ;
#3347 = VERTEX_POINT ( 'NONE', #4707 ) ;
#3348 = VERTEX_POINT ( 'NONE', #2123 ) ;
#3349 = LINE ( 'NONE', #2879, #2561 ) ;
#3350 = DIRECTION ( 'NONE',  ( 0.000000000000000000, -0.6427876096865300370, -0.7660444431189857850 ) ) ;
#3351 = ORIENTED_EDGE ( 'NONE', *, *, #3218, .T. ) ;
#3352 = VERTEX_POINT ( 'NONE', #3856 ) ;
#3353 = DIRECTION ( 'NONE',  ( 0.000000000000000000, 0.000000000000000000, 1.000000000000000000 ) ) ;
#3354 = LINE ( 'NONE', #1979, #4083 ) ;
#3355 = ORIENTED_EDGE ( 'NONE', *, *, #5600, .F. ) ;
#3356 = CARTESIAN_POINT ( 'NONE',  ( 0.000000000000000000, -3.139359251832543666E-21, -0.1962990915244728907 ) ) ;
#3357 = EDGE_CURVE ( 'NONE', #25, #2527, #2537, .T. ) ;
#3358 = FACE_OUTER_BOUND ( 'NONE', #567, .T. ) ;
#3359 = EDGE_LOOP ( 'NONE', ( #3078, #3262, #341, #3686 ) ) ;
#3360 = DIRECTION ( 'NONE',  ( 0.000000000000000000, -0.7660444431189706860, -0.6427876096865482447 ) ) ;
#3361 = AXIS2_PLACEMENT_3D ( 'NONE', #153, #1005, #1954 ) ;
#3362 = CYLINDRICAL_SURFACE ( 'NONE', #5063, 0.2999999999999998779 ) ;
#3363 = DIRECTION ( 'NONE',  ( -1.000000000000000000, 0.000000000000000000, -0.000000000000000000 ) ) ;
#3364 = ORIENTED_EDGE ( 'NONE', *, *, #4666, .T. ) ;
#3365 = EDGE_CURVE ( 'NONE', #4558, #1710, #1606, .T. ) ;
#3366 = EDGE_LOOP ( 'NONE', ( #5452, #1766, #1083, #2310 ) ) ;
#3367 = AXIS2_PLACEMENT_3D ( 'NONE', #771, #2198, #1739 ) ;
#3368 = ORIENTED_EDGE ( 'NONE', *, *, #3585, .T. ) ;
#3369 = EDGE_CURVE ( 'NONE', #5387, #4483, #4654, .T. ) ;
#3370 = VERTEX_POINT ( 'NONE', #3029 ) ;
#3371 = CARTESIAN_POINT ( 'NONE',  ( 0.2500000000000000000, 0.000000000000000000, 0.000000000000000000 ) ) ;
#3372 = ORIENTED_EDGE ( 'NONE', *, *, #302, .F. ) ;
#3373 = CIRCLE ( 'NONE', #4877, 0.2999999999999998779 ) ;
#3374 = EDGE_CURVE ( 'NONE', #4681, #3020, #706, .T. ) ;
#3375 = CARTESIAN_POINT ( 'NONE',  ( 0.1250000000000000278, 0.08139314917535842020, -0.7874714384524869049 ) ) ;
#3376 = DIRECTION ( 'NONE',  ( 1.000000000000000000, 0.000000000000000000, -0.000000000000000000 ) ) ;
#3377 = AXIS2_PLACEMENT_3D ( 'NONE', #178, #3809, #4719 ) ;
#3378 = AXIS2_PLACEMENT_3D ( 'NONE', #604, #924, #1860 ) ;
#3379 = EDGE_CURVE ( 'NONE', #5575, #2661, #3427, .T. ) ;
#3380 = VERTEX_POINT ( 'NONE', #3470 ) ;
#3381 = CARTESIAN_POINT ( 'NONE',  ( 0.2500000000000000000, -0.4168559794536916274, -0.5682702633123901670 ) ) ;
#3382 = CARTESIAN_POINT ( 'NONE',  ( 0.2500000000000000000, 0.000000000000000000, 0.000000000000000000 ) ) ;
#3383 = AXIS2_PLACEMENT_3D ( 'NONE', #543, #2805, #2342 ) ;
#3384 = EDGE_LOOP ( 'NONE', ( #1413, #5207, #3848, #3788 ) ) ;
#3385 = ADVANCED_FACE ( 'NONE', ( #2564 ), #4290, .T. ) ;
#3386 = DIRECTION ( 'NONE',  ( 1.000000000000000000, 0.000000000000000000, 0.000000000000000000 ) ) ;
#3387 = ORIENTED_EDGE ( 'NONE', *, *, #4451, .F. ) ;
#3388 = DIRECTION ( 'NONE',  ( 0.000000000000000000, -0.1736481776669172583, -0.9848077530122104628 ) ) ;
#3389 = ORIENTED_EDGE ( 'NONE', *, *, #5288, .T. ) ;
#3390 = ORIENTED_EDGE ( 'NONE', *, *, #1523, .F. ) ;
#3391 = DIRECTION ( 'NONE',  ( 0.000000000000000000, 0.000000000000000000, 1.000000000000000000 ) ) ;
#3392 = DIRECTION ( 'NONE',  ( 0.000000000000000000, 0.9396926207859070956, 0.3420201433256725987 ) ) ;
#3393 = DIRECTION ( 'NONE',  ( 0.000000000000000000, 0.3420201433256628842, 0.9396926207859104263 ) ) ;
#3394 = CARTESIAN_POINT ( 'NONE',  ( -0.09814954576223641758, 0.1699999999999999567, 0.000000000000000000 ) ) ;
#3395 = CARTESIAN_POINT ( 'NONE',  ( 0.000000000000000000, 0.5685276532530332272, -0.5509196117381461866 ) ) ;
#3396 = EDGE_CURVE ( 'NONE', #1962, #3762, #5265, .T. ) ;
#3397 = ORIENTED_EDGE ( 'NONE', *, *, #3981, .F. ) ;
#3398 = AXIS2_PLACEMENT_3D ( 'NONE', #119, #5495, #1923 ) ;
#3399 = VERTEX_POINT ( 'NONE', #1637 ) ;
#3400 = VERTEX_POINT ( 'NONE', #2061 ) ;
#3401 = LINE ( 'NONE', #1126, #1196 ) ;
#3402 = CIRCLE ( 'NONE', #861, 0.7916666666666666297 ) ;
#3403 = DIRECTION ( 'NONE',  ( -1.000000000000000000, -0.000000000000000000, 0.000000000000000000 ) ) ;
#3404 = CIRCLE ( 'NONE', #863, 0.2999999999999999889 ) ;
#3405 = EDGE_CURVE ( 'NONE', #173, #3999, #793, .T. ) ;
#3406 = DIRECTION ( 'NONE',  ( -1.000000000000000000, -0.000000000000000000, -0.000000000000000000 ) ) ;
#3407 = ORIENTED_EDGE ( 'NONE', *, *, #4177, .F. ) ;
#3408 = CARTESIAN_POINT ( 'NONE',  ( -0.3937007874015748254, 0.000000000000000000, 0.000000000000000000 ) ) ;
#3409 = CARTESIAN_POINT ( 'NONE',  ( 0.000000000000000000, -0.1023218052424524072, 0.6904594471595890681 ) ) ;
#3410 = EDGE_CURVE ( 'NONE', #1693, #1411, #1072, .T. ) ;
#3411 = CARTESIAN_POINT ( 'NONE',  ( 0.2500000000000000000, -0.3654357273093238323, 0.5946938113062094633 ) ) ;
#3412 = VERTEX_POINT ( 'NONE', #3913 ) ;
#3413 = ORIENTED_EDGE ( 'NONE', *, *, #152, .F. ) ;
#3414 = LINE ( 'NONE', #2004, #663 ) ;
#3415 = AXIS2_PLACEMENT_3D ( 'NONE', #2240, #1203, #3587 ) ;
#3416 = CARTESIAN_POINT ( 'NONE',  ( 0.000000000000000000, -0.2837084945169532357, 0.6451429995825372909 ) ) ;
#3417 = ADVANCED_FACE ( 'NONE', ( #786 ), #2092, .F. ) ;
#3418 = CARTESIAN_POINT ( 'NONE',  ( 0.2500000000000000000, 0.01912971764720668155, 0.6977378117192286622 ) ) ;
#3419 = AXIS2_PLACEMENT_3D ( 'NONE', #5287, #1747, #3106 ) ;
#3420 = DIRECTION ( 'NONE',  ( -1.000000000000000000, 0.000000000000000000, -0.000000000000000000 ) ) ;
#3421 = COLOUR_RGB ( '',0.7921568627450980005, 0.8196078431372548767, 0.9333333333333333481 ) ;
#3422 = FACE_OUTER_BOUND ( 'NONE', #981, .T. ) ;
#3423 = FACE_OUTER_BOUND ( 'NONE', #3315, .T. ) ;
#3424 = DIRECTION ( 'NONE',  ( -1.000000000000000000, 0.000000000000000000, 0.000000000000000000 ) ) ;
#3425 = CIRCLE ( 'NONE', #5406, 0.2999999999999998224 ) ;
#3426 = ORIENTED_EDGE ( 'NONE', *, *, #3549, .T. ) ;
#3427 = CIRCLE ( 'NONE', #4180, 0.6979999999999999538 ) ;
#3428 = ORIENTED_EDGE ( 'NONE', *, *, #4550, .F. ) ;
#3429 = EDGE_LOOP ( 'NONE', ( #4551, #4533, #5062, #4341 ) ) ;
#3430 = CARTESIAN_POINT ( 'NONE',  ( 0.2500000000000000000, -0.6846072908519311717, -0.1673704187836344559 ) ) ;
#3431 = ORIENTED_EDGE ( 'NONE', *, *, #5831, .T. ) ;
#3432 = CARTESIAN_POINT ( 'NONE',  ( 0.2500000000000000000, 0.1399999937462597377, 0.6838157659421484347 ) ) ;
#3433 = CARTESIAN_POINT ( 'NONE',  ( 0.2500000000000000000, -0.7032701360167952220, 0.04594687756908124449 ) ) ;
#3434 = AXIS2_PLACEMENT_3D ( 'NONE', #1702, #3011, #1231 ) ;
#3435 = EDGE_LOOP ( 'NONE', ( #3649, #3951, #4331, #3197 ) ) ;
#3436 = PLANE ( 'NONE',  #1414 ) ;
#3437 = EDGE_CURVE ( 'NONE', #3976, #1515, #5234, .T. ) ;
#3438 = CARTESIAN_POINT ( 'NONE',  ( 0.2500000000000000000, -0.6846072908519333922, 0.1673704187836251300 ) ) ;
#3439 = DIRECTION ( 'NONE',  ( 0.5000000000000004441, 0.8660254037844383745, 0.000000000000000000 ) ) ;
#3440 = ADVANCED_FACE ( 'NONE', ( #4377 ), #4968, .T. ) ;
#3441 = ORIENTED_EDGE ( 'NONE', *, *, #228, .F. ) ;
#3442 = ORIENTED_EDGE ( 'NONE', *, *, #72, .F. ) ;
#3443 = AXIS2_PLACEMENT_3D ( 'NONE', #4596, #4535, #565 ) ;
#3444 = LINE ( 'NONE', #290, #1686 ) ;
#3445 = CIRCLE ( 'NONE', #1182, 0.6979999999999998428 ) ;
#3446 = CARTESIAN_POINT ( 'NONE',  ( 0.000000000000000000, 0.000000000000000000, 0.000000000000000000 ) ) ;
#3447 = EDGE_LOOP ( 'NONE', ( #4252, #5272, #4080, #1141 ) ) ;
#3448 = DIRECTION ( 'NONE',  ( 0.000000000000000000, 0.8660254037844398178, -0.4999999999999980571 ) ) ;
#3449 = EDGE_LOOP ( 'NONE', ( #2272, #4893, #3086, #99 ) ) ;
#3450 = CARTESIAN_POINT ( 'NONE',  ( 0.2500000000000000000, 0.000000000000000000, 0.000000000000000000 ) ) ;
#3451 = ORIENTED_EDGE ( 'NONE', *, *, #502, .F. ) ;
#3452 = DIRECTION ( 'NONE',  ( -1.000000000000000000, 0.000000000000000000, 0.000000000000000000 ) ) ;
#3453 = DIRECTION ( 'NONE',  ( 0.000000000000000000, 0.4999999999999948930, 0.8660254037844414832 ) ) ;
#3454 = CARTESIAN_POINT ( 'NONE',  ( 0.000000000000000000, 0.000000000000000000, 0.5000000000000000000 ) ) ;
#3455 = EDGE_LOOP ( 'NONE', ( #681, #1788, #5770, #3819 ) ) ;
#3456 = ORIENTED_EDGE ( 'NONE', *, *, #3601, .T. ) ;
#3457 = ORIENTED_EDGE ( 'NONE', *, *, #86, .T. ) ;
#3458 = ORIENTED_EDGE ( 'NONE', *, *, #563, .F. ) ;
#3459 = DIRECTION ( 'NONE',  ( -0.000000000000000000, 0.8660254037844384856, 0.5000000000000001110 ) ) ;
#3460 = VECTOR ( 'NONE', #3459, 39.37007874015748854 ) ;
#3461 = CARTESIAN_POINT ( 'NONE',  ( 0.000000000000000000, -0.7678191963401467257, -0.1928465525817924520 ) ) ;
#3462 = CYLINDRICAL_SURFACE ( 'NONE', #2580, 0.2999999999999999334 ) ;
#3463 = AXIS2_PLACEMENT_3D ( 'NONE', #5127, #1172, #3391 ) ;
#3464 = VECTOR ( 'NONE', #5196, 39.37007874015748143 ) ;
#3465 = ORIENTED_EDGE ( 'NONE', *, *, #1556, .T. ) ;
#3466 = ADVANCED_FACE ( 'NONE', ( #1279 ), #3971, .T. ) ;
#3467 = AXIS2_PLACEMENT_3D ( 'NONE', #3089, #3062, #4504 ) ;
#3468 = FACE_OUTER_BOUND ( 'NONE', #4187, .T. ) ;
#3469 = DIRECTION ( 'NONE',  ( 0.000000000000000000, 0.000000000000000000, 1.000000000000000000 ) ) ;
#3470 = CARTESIAN_POINT ( 'NONE',  ( 0.2500000000000000000, -0.3232471843463674555, -0.7226668450422064627 ) ) ;
#3471 = AXIS2_PLACEMENT_3D ( 'NONE', #1986, #2896, #2493 ) ;
#3472 = VECTOR ( 'NONE', #3117, 39.37007874015748143 ) ;
#3473 = EDGE_CURVE ( 'NONE', #4323, #241, #417, .T. ) ;
#3474 = ORIENTED_EDGE ( 'NONE', *, *, #3109, .T. ) ;
#3475 = CARTESIAN_POINT ( 'NONE',  ( 0.2500000000000000000, -0.7032701360167952220, 0.04594687756908124449 ) ) ;
#3476 = EDGE_CURVE ( 'NONE', #3846, #1874, #2020, .T. ) ;
#3477 = DIRECTION ( 'NONE',  ( -1.000000000000000000, 0.000000000000000000, 0.000000000000000000 ) ) ;
#3478 = ORIENTED_EDGE ( 'NONE', *, *, #4603, .T. ) ;
#3479 = LINE ( 'NONE', #4355, #5218 ) ;
#3480 = VECTOR ( 'NONE', #3088, 39.37007874015748854 ) ;
#3481 = FACE_OUTER_BOUND ( 'NONE', #4995, .T. ) ;
#3482 = EDGE_CURVE ( 'NONE', #2319, #721, #2266, .T. ) ;
#3483 = CARTESIAN_POINT ( 'NONE',  ( 0.2500000000000000000, -0.7874714384524871269, -0.08139314917535603322 ) ) ;
#3484 = CARTESIAN_POINT ( 'NONE',  ( 0.2500000000000000000, 0.000000000000000000, 0.000000000000000000 ) ) ;
#3485 = EDGE_LOOP ( 'NONE', ( #1957, #1656, #3875, #4774 ) ) ;
#3486 = VERTEX_POINT ( 'NONE', #4912 ) ;
#3487 = CYLINDRICAL_SURFACE ( 'NONE', #4853, 0.2999999999999998779 ) ;
#3488 = AXIS2_PLACEMENT_3D ( 'NONE', #3646, #5083, #4552 ) ;
#3489 = LINE ( 'NONE', #5771, #5424 ) ;
#3490 = FACE_OUTER_BOUND ( 'NONE', #2987, .T. ) ;
#3491 = DIRECTION ( 'NONE',  ( 0.000000000000000000, -0.3420201433256755963, 0.9396926207859059854 ) ) ;
#3492 = ADVANCED_FACE ( 'NONE', ( #1723 ), #4, .T. ) ;
#3493 = ORIENTED_EDGE ( 'NONE', *, *, #1997, .F. ) ;
#3494 = AXIS2_PLACEMENT_3D ( 'NONE', #4175, #3264, #675 ) ;
#3495 = DIRECTION ( 'NONE',  ( 0.000000000000000000, 0.000000000000000000, 1.000000000000000000 ) ) ;
#3496 = CARTESIAN_POINT ( 'NONE',  ( 0.1250000000000000000, 0.08139314917534787308, 0.7874714384524881261 ) ) ;
#3497 = VECTOR ( 'NONE', #3639, 39.37007874015748143 ) ;
#3498 = CARTESIAN_POINT ( 'NONE',  ( 0.2500000000000000000, -0.4338430062808352750, -0.5467945189019425278 ) ) ;
#3499 = ORIENTED_EDGE ( 'NONE', *, *, #2371, .F. ) ;
#3500 = EDGE_LOOP ( 'NONE', ( #2501, #2118, #140, #3128 ) ) ;
#3501 = DIRECTION ( 'NONE',  ( -1.000000000000000000, -0.000000000000000000, 0.000000000000000000 ) ) ;
#3502 = CARTESIAN_POINT ( 'NONE',  ( 0.000000000000000000, -0.05658637590205823492, -0.7896417498925584200 ) ) ;
#3503 = ORIENTED_EDGE ( 'NONE', *, *, #4948, .F. ) ;
#3504 = SHAPE_DEFINITION_REPRESENTATION ( #4649, #3030 ) ;
#3505 = EDGE_CURVE ( 'NONE', #4602, #106, #879, .T. ) ;
#3506 = CARTESIAN_POINT ( 'NONE',  ( 0.000000000000000000, 0.1023218052424476748, 0.6904594471595897343 ) ) ;
#3507 = VERTEX_POINT ( 'NONE', #5837 ) ;
#3508 = CARTESIAN_POINT ( 'NONE',  ( 0.2500000000000000000, -0.3232471843463771699, 0.7226668450422022438 ) ) ;
#3509 = EDGE_CURVE ( 'NONE', #1394, #2666, #1157, .T. ) ;
#3510 = DIRECTION ( 'NONE',  ( 1.000000000000000000, 0.000000000000000000, -0.000000000000000000 ) ) ;
#3511 = DIRECTION ( 'NONE',  ( 0.000000000000000000, 0.000000000000000000, 1.000000000000000000 ) ) ;
#3512 = CARTESIAN_POINT ( 'NONE',  ( 0.2500000000000000000, 0.6622018216873477581, -0.2206643318571402945 ) ) ;
#3513 = ORIENTED_EDGE ( 'NONE', *, *, #228, .T. ) ;
#3514 = AXIS2_PLACEMENT_3D ( 'NONE', #4848, #4520, #2143 ) ;
#3515 = EDGE_LOOP ( 'NONE', ( #5697, #5000, #1613, #3915 ) ) ;
#3516 = EDGE_CURVE ( 'NONE', #5244, #883, #3997, .T. ) ;
#3517 = DIRECTION ( 'NONE',  ( -1.000000000000000000, 0.000000000000000000, 0.000000000000000000 ) ) ;
#3518 = CARTESIAN_POINT ( 'NONE',  ( 0.000000000000000000, -0.6555566273447162029, -0.4438261139855695370 ) ) ;
#3519 = AXIS2_PLACEMENT_3D ( 'NONE', #2463, #208, #2017 ) ;
#3520 = CARTESIAN_POINT ( 'NONE',  ( 0.2500000000000000000, -0.2837084945169532357, 0.6451429995825372909 ) ) ;
#3521 = MECHANICAL_DESIGN_GEOMETRIC_PRESENTATION_REPRESENTATION (  '', ( #1445 ), #3324 ) ;
#3522 = CARTESIAN_POINT ( 'NONE',  ( 0.2500000000000000000, 0.000000000000000000, 0.6979999999999999538 ) ) ;
#3523 = ORIENTED_EDGE ( 'NONE', *, *, #3334, .F. ) ;
#3524 = CARTESIAN_POINT ( 'NONE',  ( 0.000000000000000000, 0.4642242541061210592, -0.6412736958668477927 ) ) ;
#3525 = DIRECTION ( 'NONE',  ( 0.5000000000000004441, -0.8660254037844383745, 0.000000000000000000 ) ) ;
#3526 = DIRECTION ( 'NONE',  ( 0.000000000000000000, -0.5000000000000071054, 0.8660254037844345998 ) ) ;
#3527 = VECTOR ( 'NONE', #2277, 39.37007874015748143 ) ;
#3528 = EDGE_CURVE ( 'NONE', #1667, #3237, #2770, .T. ) ;
#3529 = ORIENTED_EDGE ( 'NONE', *, *, #4847, .T. ) ;
#3530 = LINE ( 'NONE', #4802, #3480 ) ;
#3531 = CARTESIAN_POINT ( 'NONE',  ( 0.1250000000000000000, -0.3232471843463674555, -0.7226668450422064627 ) ) ;
#3532 = ORIENTED_EDGE ( 'NONE', *, *, #4254, .T. ) ;
#3533 = PRODUCT_CONTEXT ( 'NONE', #1049, 'mechanical' ) ;
#3534 = DIRECTION ( 'NONE',  ( 0.000000000000000000, 0.000000000000000000, 1.000000000000000000 ) ) ;
#3535 = ORIENTED_EDGE ( 'NONE', *, *, #5059, .F. ) ;
#3536 = DIRECTION ( 'NONE',  ( 0.000000000000000000, 0.000000000000000000, 1.000000000000000000 ) ) ;
#3537 = VERTEX_POINT ( 'NONE', #3498 ) ;
#3538 = DIRECTION ( 'NONE',  ( 0.000000000000000000, 0.000000000000000000, 1.000000000000000000 ) ) ;
#3539 = DIRECTION ( 'NONE',  ( 0.000000000000000000, 0.000000000000000000, 1.000000000000000000 ) ) ;
#3540 = CARTESIAN_POINT ( 'NONE',  ( -0.3937007874015748254, 0.000000000000000000, 0.000000000000000000 ) ) ;
#3541 = EDGE_CURVE ( 'NONE', #4282, #5536, #841, .T. ) ;
#3542 = ORIENTED_EDGE ( 'NONE', *, *, #1568, .F. ) ;
#3543 = DIRECTION ( 'NONE',  ( 1.000000000000000000, 0.000000000000000000, -0.000000000000000000 ) ) ;
#3544 = DIRECTION ( 'NONE',  ( 0.000000000000000000, 0.000000000000000000, -1.000000000000000000 ) ) ;
#3545 = DIRECTION ( 'NONE',  ( -1.000000000000000000, 0.000000000000000000, -0.000000000000000000 ) ) ;
#3546 = EDGE_CURVE ( 'NONE', #2362, #815, #704, .T. ) ;
#3547 = CARTESIAN_POINT ( 'NONE',  ( 0.000000000000000000, 0.000000000000000000, 0.000000000000000000 ) ) ;
#3548 = ORIENTED_EDGE ( 'NONE', *, *, #2049, .T. ) ;
#3549 = EDGE_CURVE ( 'NONE', #4316, #3982, #1349, .T. ) ;
#3550 = ORIENTED_EDGE ( 'NONE', *, *, #3975, .F. ) ;
#3551 = CARTESIAN_POINT ( 'NONE',  ( 0.2500000000000000000, 0.4872506799346353890, -0.5092020961019951830 ) ) ;
#3552 = CARTESIAN_POINT ( 'NONE',  ( 0.000000000000000000, -0.5222018279410852726, 0.4631514340849964828 ) ) ;
#3553 = CIRCLE ( 'NONE', #5436, 0.6979999999999999538 ) ;
#3554 = CARTESIAN_POINT ( 'NONE',  ( 0.2500000000000000000, 0.5860763647289384259, 0.3914262312078002348 ) ) ;
#3555 = EDGE_CURVE ( 'NONE', #2681, #5706, #5402, .T. ) ;
#3556 = CARTESIAN_POINT ( 'NONE',  ( 0.2500000000000000000, 0.000000000000000000, 0.000000000000000000 ) ) ;
#3557 = ORIENTED_EDGE ( 'NONE', *, *, #4717, .F. ) ;
#3558 = AXIS2_PLACEMENT_3D ( 'NONE', #798, #359, #3571 ) ;
#3559 = ORIENTED_EDGE ( 'NONE', *, *, #2707, .T. ) ;
#3560 = VECTOR ( 'NONE', #4135, 39.37007874015748143 ) ;
#3561 = DIRECTION ( 'NONE',  ( -1.000000000000000000, 0.000000000000000000, 0.000000000000000000 ) ) ;
#3562 = LINE ( 'NONE', #5360, #3472 ) ;
#3563 = CIRCLE ( 'NONE', #5069, 0.7916666666666666297 ) ;
#3564 = VERTEX_POINT ( 'NONE', #4405 ) ;
#3565 = CARTESIAN_POINT ( 'NONE',  ( 0.000000000000000000, 0.000000000000000000, 0.000000000000000000 ) ) ;
#3566 = EDGE_CURVE ( 'NONE', #686, #432, #4032, .T. ) ;
#3567 = FACE_OUTER_BOUND ( 'NONE', #246, .T. ) ;
#3568 = ORIENTED_EDGE ( 'NONE', *, *, #5745, .F. ) ;
#3569 = CARTESIAN_POINT ( 'NONE',  ( 0.2500000000000000000, 0.3654357273093196135, 0.5946938113062119058 ) ) ;
#3570 = ORIENTED_EDGE ( 'NONE', *, *, #1600, .T. ) ;
#3571 = DIRECTION ( 'NONE',  ( 0.000000000000000000, -0.6427876096865459132, 0.7660444431189725734 ) ) ;
#3572 = CARTESIAN_POINT ( 'NONE',  ( 0.000000000000000000, -3.139359251832543666E-21, -0.1962990915244728907 ) ) ;
#3573 = FACE_OUTER_BOUND ( 'NONE', #3273, .T. ) ;
#3574 = PRODUCT_DEFINITION ( 'UNKNOWN', '', #5448, #3719 ) ;
#3575 = AXIS2_PLACEMENT_3D ( 'NONE', #947, #1856, #5432 ) ;
#3576 = VERTEX_POINT ( 'NONE', #5778 ) ;
#3577 = VERTEX_POINT ( 'NONE', #3083 ) ;
#3578 = DIRECTION ( 'NONE',  ( -1.000000000000000000, -0.000000000000000000, -0.000000000000000000 ) ) ;
#3579 = LINE ( 'NONE', #5286, #3936 ) ;
#3580 = CARTESIAN_POINT ( 'NONE',  ( -0.1962990915244727796, -3.414809992379240130E-17, 0.5000000000000000000 ) ) ;
#3581 =( REPRESENTATION_RELATIONSHIP ('NONE','NONE', #1025, #3030 ) REPRESENTATION_RELATIONSHIP_WITH_TRANSFORMATION ( #5515 )SHAPE_REPRESENTATION_RELATIONSHIP( ) );
#3582 = ORIENTED_EDGE ( 'NONE', *, *, #4464, .T. ) ;
#3583 = DIRECTION ( 'NONE',  ( -1.000000000000000000, 0.000000000000000000, 0.000000000000000000 ) ) ;
#3584 = DIRECTION ( 'NONE',  ( -1.000000000000000000, 0.000000000000000000, 0.000000000000000000 ) ) ;
#3585 = EDGE_CURVE ( 'NONE', #4675, #1400, #4885, .T. ) ;
#3586 = CARTESIAN_POINT ( 'NONE',  ( 0.5000000000000000000, 6.123233995736766036E-17, 0.5000000000000000000 ) ) ;
#3587 = DIRECTION ( 'NONE',  ( 0.000000000000000000, 0.6427876096865404731, -0.7660444431189771253 ) ) ;
#3588 = AXIS2_PLACEMENT_3D ( 'NONE', #4232, #4650, #1577 ) ;
#3589 = VERTEX_POINT ( 'NONE', #402 ) ;
#3590 = EDGE_CURVE ( 'NONE', #2694, #4675, #4002, .T. ) ;
#3591 = CARTESIAN_POINT ( 'NONE',  ( 0.000000000000000000, 0.000000000000000000, 0.000000000000000000 ) ) ;
#3592 = CYLINDRICAL_SURFACE ( 'NONE', #3467, 0.6979999999999999538 ) ;
#3593 = AXIS2_PLACEMENT_3D ( 'NONE', #4092, #5480, #3147 ) ;
#3594 = ORIENTED_EDGE ( 'NONE', *, *, #5568, .T. ) ;
#3595 = VECTOR ( 'NONE', #1387, 39.37007874015748143 ) ;
#3596 = CARTESIAN_POINT ( 'NONE',  ( 0.2500000000000000000, -0.4338430062808426579, 0.5467945189019367547 ) ) ;
#3597 = ORIENTED_EDGE ( 'NONE', *, *, #5824, .T. ) ;
#3598 = CARTESIAN_POINT ( 'NONE',  ( 0.000000000000000000, -0.4438261139855581017, -0.6555566273447238634 ) ) ;
#3599 = EDGE_LOOP ( 'NONE', ( #933, #2081, #3626, #5713, #4005, #3979 ) ) ;
#3600 = DIRECTION ( 'NONE',  ( 0.000000000000000000, 0.9396926207859093161, -0.3420201433256661594 ) ) ;
#3601 = EDGE_CURVE ( 'NONE', #815, #3400, #5592, .T. ) ;
#3602 = FACE_OUTER_BOUND ( 'NONE', #4291, .T. ) ;
#3603 = ORIENTED_EDGE ( 'NONE', *, *, #2522, .T. ) ;
#3604 = CARTESIAN_POINT ( 'NONE',  ( 0.2500000000000000000, -0.7613742058348119679, -0.2168995846020005946 ) ) ;
#3605 = AXIS2_PLACEMENT_3D ( 'NONE', #5839, #4086, #34 ) ;
#3606 = CARTESIAN_POINT ( 'NONE',  ( 0.2500000000000000000, -0.4338430062808426579, 0.5467945189019367547 ) ) ;
#3607 = CARTESIAN_POINT ( 'NONE',  ( 0.09814954576223638982, 0.1699999999999999567, 0.000000000000000000 ) ) ;
#3608 = CARTESIAN_POINT ( 'NONE',  ( 0.2500000000000000000, 0.7874714384524889033, -0.08139314917533985172 ) ) ;
#3609 = AXIS2_PLACEMENT_3D ( 'NONE', #4906, #3935, #4493 ) ;
#3610 = ORIENTED_EDGE ( 'NONE', *, *, #2988, .T. ) ;
#3611 = ORIENTED_EDGE ( 'NONE', *, *, #3225, .T. ) ;
#3612 = CARTESIAN_POINT ( 'NONE',  ( 0.2500000000000000000, 0.5682702633123859481, 0.4168559794536973451 ) ) ;
#3613 = AXIS2_PLACEMENT_3D ( 'NONE', #3547, #2174, #1243 ) ;
#3614 = VECTOR ( 'NONE', #5589, 39.37007874015748143 ) ;
#3615 = DIRECTION ( 'NONE',  ( 0.000000000000000000, 0.000000000000000000, 1.000000000000000000 ) ) ;
#3616 = FACE_OUTER_BOUND ( 'NONE', #891, .T. ) ;
#3617 = CIRCLE ( 'NONE', #1443, 0.2999999999999999334 ) ;
#3618 = AXIS2_PLACEMENT_3D ( 'NONE', #5659, #4822, #3350 ) ;
#3619 = EDGE_CURVE ( 'NONE', #3664, #1394, #5792, .T. ) ;
#3620 = VERTEX_POINT ( 'NONE', #1396 ) ;
#3621 = VECTOR ( 'NONE', #1354, 39.37007874015748143 ) ;
#3622 = DIRECTION ( 'NONE',  ( 0.000000000000000000, 0.3420201433256694346, -0.9396926207859079838 ) ) ;
#3623 = CARTESIAN_POINT ( 'NONE',  ( 0.2500000000000000000, 0.000000000000000000, 0.000000000000000000 ) ) ;
#3624 = EDGE_LOOP ( 'NONE', ( #5366, #5445 ) ) ;
#3625 = EDGE_CURVE ( 'NONE', #2778, #2319, #2115, .T. ) ;
#3626 = ORIENTED_EDGE ( 'NONE', *, *, #3374, .F. ) ;
#3627 = EDGE_CURVE ( 'NONE', #4981, #5813, #2496, .T. ) ;
#3628 = MANIFOLD_SOLID_BREP ( 'Cut-Extrude1', #1834 ) ;
#3629 = LINE ( 'NONE', #3596, #5301 ) ;
#3630 = EDGE_LOOP ( 'NONE', ( #5294, #3154, #418, #2598 ) ) ;
#3631 = DIRECTION ( 'NONE',  ( -1.000000000000000000, 0.000000000000000000, -0.000000000000000000 ) ) ;
#3632 = EDGE_CURVE ( 'NONE', #1976, #5357, #1483, .T. ) ;
#3633 = ORIENTED_EDGE ( 'NONE', *, *, #4479, .F. ) ;
#3634 = DIRECTION ( 'NONE',  ( 0.000000000000000000, -0.6427876096865459132, 0.7660444431189724623 ) ) ;
#3635 = ORIENTED_EDGE ( 'NONE', *, *, #2151, .F. ) ;
#3636 = CARTESIAN_POINT ( 'NONE',  ( 0.2500000000000000000, 0.000000000000000000, 0.000000000000000000 ) ) ;
#3637 = ORIENTED_EDGE ( 'NONE', *, *, #146, .T. ) ;
#3638 = CARTESIAN_POINT ( 'NONE',  ( 0.2500000000000000000, 0.000000000000000000, 0.000000000000000000 ) ) ;
#3639 = DIRECTION ( 'NONE',  ( -1.000000000000000000, -0.000000000000000000, 0.000000000000000000 ) ) ;
#3640 = VECTOR ( 'NONE', #4477, 39.37007874015748143 ) ;
#3641 = DIRECTION ( 'NONE',  ( -1.000000000000000000, 0.000000000000000000, -0.000000000000000000 ) ) ;
#3642 = CIRCLE ( 'NONE', #1746, 0.7916666666666666297 ) ;
#3643 = CARTESIAN_POINT ( 'NONE',  ( 0.2500000000000000000, 0.7678191963401481690, 0.1928465525817873449 ) ) ;
#3644 = VERTEX_POINT ( 'NONE', #2321 ) ;
#3645 = ORIENTED_EDGE ( 'NONE', *, *, #2728, .F. ) ;
#3646 = CARTESIAN_POINT ( 'NONE',  ( 0.000000000000000000, 0.000000000000000000, 0.000000000000000000 ) ) ;
#3647 = FILL_AREA_STYLE ('',( #4582 ) ) ;
#3648 = DIRECTION ( 'NONE',  ( 0.000000000000000000, -0.7660444431189706860, -0.6427876096865482447 ) ) ;
#3649 = ORIENTED_EDGE ( 'NONE', *, *, #3258, .T. ) ;
#3650 = ORIENTED_EDGE ( 'NONE', *, *, #3437, .F. ) ;
#3651 = AXIS2_PLACEMENT_3D ( 'NONE', #2983, #4780, #750 ) ;
#3652 = FACE_OUTER_BOUND ( 'NONE', #3515, .T. ) ;
#3653 = FACE_OUTER_BOUND ( 'NONE', #1946, .T. ) ;
#3654 = ADVANCED_FACE ( 'NONE', ( #1010 ), #1426, .T. ) ;
#3655 = VECTOR ( 'NONE', #2285, 39.37007874015748143 ) ;
#3656 = DIRECTION ( 'NONE',  ( 0.000000000000000000, 0.1736481776669306920, -0.9848077530122079093 ) ) ;
#3657 = ORIENTED_EDGE ( 'NONE', *, *, #5838, .F. ) ;
#3658 = AXIS2_PLACEMENT_3D ( 'NONE', #4017, #4835, #3538 ) ;
#3659 = CARTESIAN_POINT ( 'NONE',  ( 0.000000000000000000, -0.1699999999999999289, 0.09814954576223638982 ) ) ;
#3660 = ORIENTED_EDGE ( 'NONE', *, *, #4771, .F. ) ;
#3661 = EDGE_CURVE ( 'NONE', #3589, #4745, #1162, .T. ) ;
#3662 = CIRCLE ( 'NONE', #1863, 0.2999999999999998779 ) ;
#3663 = DIRECTION ( 'NONE',  ( -1.000000000000000000, 0.000000000000000000, 0.000000000000000000 ) ) ;
#3664 = VERTEX_POINT ( 'NONE', #5505 ) ;
#3665 = VERTEX_POINT ( 'NONE', #61 ) ;
#3666 = AXIS2_PLACEMENT_3D ( 'NONE', #1093, #5581, #4304 ) ;
#3667 = DIRECTION ( 'NONE',  ( -1.000000000000000000, -0.000000000000000000, 0.000000000000000000 ) ) ;
#3668 = ORIENTED_EDGE ( 'NONE', *, *, #5699, .F. ) ;
#3669 = DIRECTION ( 'NONE',  ( -1.000000000000000000, 0.000000000000000000, -0.000000000000000000 ) ) ;
#3670 = DIRECTION ( 'NONE',  ( 1.000000000000000000, -0.000000000000000000, -0.000000000000000000 ) ) ;
#3671 = EDGE_CURVE ( 'NONE', #2984, #5410, #4462, .T. ) ;
#3672 = FACE_OUTER_BOUND ( 'NONE', #4979, .T. ) ;
#3673 = DIRECTION ( 'NONE',  ( 0.000000000000000000, 0.000000000000000000, 1.000000000000000000 ) ) ;
#3674 = VERTEX_POINT ( 'NONE', #2357 ) ;
#3675 = DIRECTION ( 'NONE',  ( -1.000000000000000000, -0.000000000000000000, -0.000000000000000000 ) ) ;
#3676 = AXIS2_PLACEMENT_3D ( 'NONE', #735, #4889, #1670 ) ;
#3677 = DIRECTION ( 'NONE',  ( 0.000000000000000000, 0.3420201433256692125, -0.9396926207859082059 ) ) ;
#3678 = CARTESIAN_POINT ( 'NONE',  ( 0.000000000000000000, 0.1023218052424569174, -0.6904594471595884020 ) ) ;
#3679 = ORIENTED_EDGE ( 'NONE', *, *, #998, .T. ) ;
#3680 = ORIENTED_EDGE ( 'NONE', *, *, #3700, .F. ) ;
#3681 = DIRECTION ( 'NONE',  ( 0.000000000000000000, -0.7660444431189835646, 0.6427876096865328126 ) ) ;
#3682 = LINE ( 'NONE', #4621, #266 ) ;
#3683 = CIRCLE ( 'NONE', #2647, 0.2999999999999999334 ) ;
#3684 = ORIENTED_EDGE ( 'NONE', *, *, #1095, .F. ) ;
#3685 = CARTESIAN_POINT ( 'NONE',  ( 0.000000000000000000, 0.04594687756908380494, 0.7032701360167951110 ) ) ;
#3686 = ORIENTED_EDGE ( 'NONE', *, *, #2082, .T. ) ;
#3688 = DIRECTION ( 'NONE',  ( 0.000000000000000000, -0.7660444431189835646, 0.6427876096865325906 ) ) ;
#3687 = VECTOR ( 'NONE', #3235, 39.37007874015748143 ) ;
#3689 = AXIS2_PLACEMENT_3D ( 'NONE', #2103, #1984, #3837 ) ;
#3690 = DIRECTION ( 'NONE',  ( 1.000000000000000000, -0.000000000000000000, -0.000000000000000000 ) ) ;
#3691 = ORIENTED_EDGE ( 'NONE', *, *, #3882, .T. ) ;
#3692 = FACE_OUTER_BOUND ( 'NONE', #3216, .T. ) ;
#3693 = EDGE_CURVE ( 'NONE', #4292, #410, #4615, .T. ) ;
#3694 = DIRECTION ( 'NONE',  ( 0.000000000000000000, 0.000000000000000000, 1.000000000000000000 ) ) ;
#3695 = CYLINDRICAL_SURFACE ( 'NONE', #3970, 0.7916666666666666297 ) ;
#3696 = DIRECTION ( 'NONE',  ( 0.000000000000000000, 0.000000000000000000, 1.000000000000000000 ) ) ;
#3697 = CARTESIAN_POINT ( 'NONE',  ( 0.2500000000000000000, 0.3458156359070019281, -0.7121430032467825910 ) ) ;
#3698 = CARTESIAN_POINT ( 'NONE',  ( 0.2500000000000000000, -0.7032701360167945559, -0.04594687756909114629 ) ) ;
#3699 = ORIENTED_EDGE ( 'NONE', *, *, #1709, .T. ) ;
#3700 = EDGE_CURVE ( 'NONE', #2974, #3232, #3704, .T. ) ;
#3701 = ORIENTED_EDGE ( 'NONE', *, *, #2057, .F. ) ;
#3702 = DIRECTION ( 'NONE',  ( 0.000000000000000000, 0.9396926207859093161, -0.3420201433256664370 ) ) ;
#3703 = CIRCLE ( 'NONE', #1151, 0.6979999999999999538 ) ;
#3704 = LINE ( 'NONE', #2387, #4084 ) ;
#3705 = FACE_OUTER_BOUND ( 'NONE', #1928, .T. ) ;
#3706 = ORIENTED_EDGE ( 'NONE', *, *, #4570, .F. ) ;
#3707 = ORIENTED_EDGE ( 'NONE', *, *, #3541, .F. ) ;
#3708 = VERTEX_POINT ( 'NONE', #131 ) ;
#3709 = CIRCLE ( 'NONE', #4079, 0.2999999999999998779 ) ;
#3710 = EDGE_CURVE ( 'NONE', #2889, #3020, #1930, .T. ) ;
#3711 = DIRECTION ( 'NONE',  ( -1.000000000000000000, 0.000000000000000000, -0.000000000000000000 ) ) ;
#3712 = DIRECTION ( 'NONE',  ( -1.000000000000000000, -0.000000000000000000, 0.000000000000000000 ) ) ;
#3713 = ORIENTED_EDGE ( 'NONE', *, *, #4335, .F. ) ;
#3714 = AXIS2_PLACEMENT_3D ( 'NONE', #553, #493, #2291 ) ;
#3715 = FACE_OUTER_BOUND ( 'NONE', #2625, .T. ) ;
#3716 = ORIENTED_EDGE ( 'NONE', *, *, #4521, .T. ) ;
#3717 = DIRECTION ( 'NONE',  ( 0.000000000000000000, -0.8660254037844432595, 0.4999999999999921174 ) ) ;
#3718 = DIRECTION ( 'NONE',  ( -1.000000000000000000, -0.000000000000000000, 0.000000000000000000 ) ) ;
#3719 = PRODUCT_DEFINITION_CONTEXT ( 'detailed design', #5776, 'design' ) ;
#3720 = ORIENTED_EDGE ( 'NONE', *, *, #1062, .F. ) ;
#3721 = CARTESIAN_POINT ( 'NONE',  ( -0.3937007874015748254, 0.000000000000000000, 0.000000000000000000 ) ) ;
#3722 = ORIENTED_EDGE ( 'NONE', *, *, #253, .T. ) ;
#3723 = DIRECTION ( 'NONE',  ( 0.000000000000000000, 0.000000000000000000, 1.000000000000000000 ) ) ;
#3724 = CARTESIAN_POINT ( 'NONE',  ( 0.2500000000000000000, 0.6904594471595895122, 0.1023218052424500896 ) ) ;
#3725 = CARTESIAN_POINT ( 'NONE',  ( 0.2500000000000000000, 0.7032701360167948890, 0.04594687756908619192 ) ) ;
#3726 = DIRECTION ( 'NONE',  ( -1.000000000000000000, 0.000000000000000000, 0.000000000000000000 ) ) ;
#3727 = ADVANCED_FACE ( 'NONE', ( #2991 ), #2085, .T. ) ;
#3728 = CARTESIAN_POINT ( 'NONE',  ( 0.2500000000000000000, 0.1700000000000000955, 0.09814954576223637595 ) ) ;
#3729 = ORIENTED_EDGE ( 'NONE', *, *, #5167, .F. ) ;
#3730 = ORIENTED_EDGE ( 'NONE', *, *, #337, .F. ) ;
#3731 = DIRECTION ( 'NONE',  ( -1.000000000000000000, 0.000000000000000000, -0.000000000000000000 ) ) ;
#3732 = VECTOR ( 'NONE', #666, 39.37007874015748854 ) ;
#3733 = ORIENTED_EDGE ( 'NONE', *, *, #4444, .T. ) ;
#3734 = CARTESIAN_POINT ( 'NONE',  ( -0.09814954576223641758, 0.1699999999999999567, 0.000000000000000000 ) ) ;
#3735 = EDGE_CURVE ( 'NONE', #4205, #5361, #2472, .T. ) ;
#3736 = DIRECTION ( 'NONE',  ( 0.000000000000000000, 0.000000000000000000, 1.000000000000000000 ) ) ;
#3737 = EDGE_LOOP ( 'NONE', ( #2326, #4271, #2021, #2620 ) ) ;
#3738 = AXIS2_PLACEMENT_3D ( 'NONE', #3168, #2145, #4909 ) ;
#3739 = ORIENTED_EDGE ( 'NONE', *, *, #3263, .T. ) ;
#3740 = DIRECTION ( 'NONE',  ( 0.000000000000000000, 0.000000000000000000, 1.000000000000000000 ) ) ;
#3741 = EDGE_CURVE ( 'NONE', #4483, #364, #5205, .T. ) ;
#3742 = CARTESIAN_POINT ( 'NONE',  ( 0.2500000000000000000, -0.5509196117381560676, 0.5685276532530239013 ) ) ;
#3743 = ORIENTED_EDGE ( 'NONE', *, *, #3115, .T. ) ;
#3744 = CIRCLE ( 'NONE', #4393, 0.7916666666666666297 ) ;
#3745 = PLANE ( 'NONE',  #4476 ) ;
#3746 = AXIS2_PLACEMENT_3D ( 'NONE', #805, #1270, #427 ) ;
#3747 = ORIENTED_EDGE ( 'NONE', *, *, #1846, .F. ) ;
#3748 = DIRECTION ( 'NONE',  ( -1.000000000000000000, 0.000000000000000000, 0.000000000000000000 ) ) ;
#3749 = CIRCLE ( 'NONE', #3932, 0.2999999999999999889 ) ;
#3750 = DIRECTION ( 'NONE',  ( -1.000000000000000000, 0.000000000000000000, 0.000000000000000000 ) ) ;
#3751 = CARTESIAN_POINT ( 'NONE',  ( 0.2500000000000000000, 0.000000000000000000, 0.000000000000000000 ) ) ;
#3752 = CIRCLE ( 'NONE', #1012, 0.2999999999999998224 ) ;
#3753 = CIRCLE ( 'NONE', #1107, 0.6979999999999999538 ) ;
#3754 = DIRECTION ( 'NONE',  ( 1.000000000000000000, 0.000000000000000000, 0.000000000000000000 ) ) ;
#3755 = AXIS2_PLACEMENT_3D ( 'NONE', #5100, #628, #4273 ) ;
#3756 = DIRECTION ( 'NONE',  ( -1.000000000000000000, 0.000000000000000000, -0.000000000000000000 ) ) ;
#3757 = LINE ( 'NONE', #5526, #459 ) ;
#3758 = AXIS2_PLACEMENT_3D ( 'NONE', #749, #3759, #1179 ) ;
#3759 = DIRECTION ( 'NONE',  ( -1.000000000000000000, 0.000000000000000000, -0.000000000000000000 ) ) ;
#3760 = VECTOR ( 'NONE', #5329, 39.37007874015748143 ) ;
#3761 = FACE_BOUND ( 'NONE', #1364, .T. ) ;
#3762 = VERTEX_POINT ( 'NONE', #2054 ) ;
#3763 = CARTESIAN_POINT ( 'NONE',  ( 0.2500000000000000000, 0.01912971764720668155, 0.6977378117192286622 ) ) ;
#3764 = CARTESIAN_POINT ( 'NONE',  ( 0.2500000000000000000, 0.000000000000000000, 0.000000000000000000 ) ) ;
#3765 = DIRECTION ( 'NONE',  ( 0.000000000000000000, -0.6427876096865458022, 0.7660444431189725734 ) ) ;
#3766 = EDGE_LOOP ( 'NONE', ( #1827, #2468, #5615, #2722 ) ) ;
#3767 = ORIENTED_EDGE ( 'NONE', *, *, #2256, .F. ) ;
#3768 = EDGE_LOOP ( 'NONE', ( #4420, #4708, #2194, #4167 ) ) ;
#3769 = ADVANCED_FACE ( 'NONE', ( #2558 ), #4285, .T. ) ;
#3770 = CIRCLE ( 'NONE', #1218, 0.7916666666666666297 ) ;
#3771 = DIRECTION ( 'NONE',  ( -1.000000000000000000, 0.000000000000000000, 0.000000000000000000 ) ) ;
#3772 = DIRECTION ( 'NONE',  ( 0.5000000000000003331, 0.8660254037844384856, 0.000000000000000000 ) ) ;
#3773 = ORIENTED_EDGE ( 'NONE', *, *, #1015, .T. ) ;
#3774 = EDGE_CURVE ( 'NONE', #106, #4118, #189, .T. ) ;
#3775 = CARTESIAN_POINT ( 'NONE',  ( 0.2500000000000000000, 0.7005644739706470281, -0.07687273627015216160 ) ) ;
#3776 = ORIENTED_EDGE ( 'NONE', *, *, #3133, .T. ) ;
#3777 = DIRECTION ( 'NONE',  ( -1.000000000000000000, -0.000000000000000000, 0.000000000000000000 ) ) ;
#3778 = FACE_OUTER_BOUND ( 'NONE', #4625, .T. ) ;
#3779 = ORIENTED_EDGE ( 'NONE', *, *, #1610, .F. ) ;
#3780 = CIRCLE ( 'NONE', #3964, 0.2999999999999998779 ) ;
#3781 = CARTESIAN_POINT ( 'NONE',  ( 0.000000000000000000, 0.000000000000000000, 0.000000000000000000 ) ) ;
#3782 = DIRECTION ( 'NONE',  ( 0.000000000000000000, 0.000000000000000000, -1.000000000000000000 ) ) ;
#3783 = DIRECTION ( 'NONE',  ( 0.000000000000000000, 0.000000000000000000, 1.000000000000000000 ) ) ;
#3784 = EDGE_CURVE ( 'NONE', #3576, #1230, #1725, .T. ) ;
#3785 = DIRECTION ( 'NONE',  ( 0.000000000000000000, 0.000000000000000000, -1.000000000000000000 ) ) ;
#3786 = LINE ( 'NONE', #2465, #455 ) ;
#3787 = VERTEX_POINT ( 'NONE', #280 ) ;
#3788 = ORIENTED_EDGE ( 'NONE', *, *, #345, .T. ) ;
#3789 = DIRECTION ( 'NONE',  ( -1.000000000000000000, 0.000000000000000000, 0.000000000000000000 ) ) ;
#3790 = VERTEX_POINT ( 'NONE', #3461 ) ;
#3791 = DIRECTION ( 'NONE',  ( 0.000000000000000000, 0.4999999999999950040, 0.8660254037844415942 ) ) ;
#3792 = LINE ( 'NONE', #1547, #4455 ) ;
#3793 = ORIENTED_EDGE ( 'NONE', *, *, #1636, .F. ) ;
#3794 = AXIS2_PLACEMENT_3D ( 'NONE', #1397, #2845, #3313 ) ;
#3795 = DIRECTION ( 'NONE',  ( -1.000000000000000000, 0.000000000000000000, 0.000000000000000000 ) ) ;
#3796 = CARTESIAN_POINT ( 'NONE',  ( 0.2500000000000000000, 0.3654357273093279401, -0.5946938113062067988 ) ) ;
#3797 = EDGE_CURVE ( 'NONE', #5454, #4506, #2994, .T. ) ;
#3798 = AXIS2_PLACEMENT_3D ( 'NONE', #5304, #1289, #2658 ) ;
#3799 = EDGE_LOOP ( 'NONE', ( #2424, #1213, #2599, #5707 ) ) ;
#3800 = ORIENTED_EDGE ( 'NONE', *, *, #3229, .T. ) ;
#3801 = CARTESIAN_POINT ( 'NONE',  ( 0.000000000000000000, 0.000000000000000000, 0.000000000000000000 ) ) ;
#3802 = CIRCLE ( 'NONE', #2769, 0.7916666666666666297 ) ;
#3803 = EDGE_CURVE ( 'NONE', #4565, #4292, #4213, .T. ) ;
#3804 = DIRECTION ( 'NONE',  ( 0.000000000000000000, 0.000000000000000000, 1.000000000000000000 ) ) ;
#3805 = EDGE_LOOP ( 'NONE', ( #2961, #5656, #2095, #2932 ) ) ;
#3806 = ADVANCED_FACE ( 'NONE', ( #2503 ), #1546, .T. ) ;
#3807 = ADVANCED_FACE ( 'NONE', ( #2114 ), #3907, .T. ) ;
#3808 = AXIS2_PLACEMENT_3D ( 'NONE', #1578, #1195, #2508 ) ;
#3809 = DIRECTION ( 'NONE',  ( 1.000000000000000000, 0.000000000000000000, 0.000000000000000000 ) ) ;
#3810 = VERTEX_POINT ( 'NONE', #1994 ) ;
#3811 = DIRECTION ( 'NONE',  ( 0.000000000000000000, 0.000000000000000000, 1.000000000000000000 ) ) ;
#3812 = DIRECTION ( 'NONE',  ( 0.000000000000000000, 0.000000000000000000, 1.000000000000000000 ) ) ;
#3813 = AXIS2_PLACEMENT_3D ( 'NONE', #205, #2015, #3811 ) ;
#3814 = EDGE_CURVE ( 'NONE', #722, #2791, #1669, .T. ) ;
#3815 = DIRECTION ( 'NONE',  ( 0.000000000000000000, 0.9396926207859093161, -0.3420201433256661594 ) ) ;
#3816 =( LENGTH_UNIT ( ) NAMED_UNIT ( * ) SI_UNIT ( $, .METRE. ) );
#3817 = ORIENTED_EDGE ( 'NONE', *, *, #5699, .T. ) ;
#3818 = EDGE_LOOP ( 'NONE', ( #1051, #558, #3635, #5087 ) ) ;
#3819 = ORIENTED_EDGE ( 'NONE', *, *, #876, .T. ) ;
#3820 = CARTESIAN_POINT ( 'NONE',  ( 0.000000000000000000, 0.000000000000000000, 0.6979999999999999538 ) ) ;
#3821 = ORIENTED_EDGE ( 'NONE', *, *, #1272, .T. ) ;
#3822 = CARTESIAN_POINT ( 'NONE',  ( 0.2500000000000000000, 0.5222018279410822750, 0.4631514340850001465 ) ) ;
#3823 = CARTESIAN_POINT ( 'NONE',  ( 0.000000000000000000, -3.139359251832543666E-21, -0.1962990915244728907 ) ) ;
#3824 = EDGE_CURVE ( 'NONE', #3871, #4558, #1297, .T. ) ;
#3825 = VERTEX_POINT ( 'NONE', #1599 ) ;
#3826 = CARTESIAN_POINT ( 'NONE',  ( 0.000000000000000000, 0.1673704187836365653, -0.6846072908519307276 ) ) ;
#3827 = DIRECTION ( 'NONE',  ( 0.000000000000000000, 0.9396926207859068736, 0.3420201433256725987 ) ) ;
#3828 = EDGE_CURVE ( 'NONE', #4074, #4981, #726, .T. ) ;
#3829 = ORIENTED_EDGE ( 'NONE', *, *, #1672, .T. ) ;
#3830 = CARTESIAN_POINT ( 'NONE',  ( 0.2500000000000000000, 0.6838157659421478796, 0.1399999937462621247 ) ) ;
#3831 = ADVANCED_FACE ( 'NONE', ( #4729 ), #699, .T. ) ;
#3832 = CARTESIAN_POINT ( 'NONE',  ( 0.1250000000000000000, 0.3232471843463722849, 0.7226668450422044643 ) ) ;
#3833 = ORIENTED_EDGE ( 'NONE', *, *, #5220, .T. ) ;
#3834 = VERTEX_POINT ( 'NONE', #1659 ) ;
#3835 = DIRECTION ( 'NONE',  ( 0.000000000000000000, 0.000000000000000000, 1.000000000000000000 ) ) ;
#3836 = CARTESIAN_POINT ( 'NONE',  ( 0.2500000000000000000, -0.5092020961020032876, 0.4872506799346267847 ) ) ;
#3837 = DIRECTION ( 'NONE',  ( 0.000000000000000000, 0.000000000000000000, 1.000000000000000000 ) ) ;
#3838 = EDGE_CURVE ( 'NONE', #4509, #4282, #2346, .T. ) ;
#3839 = FACE_OUTER_BOUND ( 'NONE', #4129, .T. ) ;
#3840 = DIRECTION ( 'NONE',  ( 1.000000000000000000, -0.000000000000000000, -0.000000000000000000 ) ) ;
#3841 = FILL_AREA_STYLE ('',( #182 ) ) ;
#3842 = ORIENTED_EDGE ( 'NONE', *, *, #1416, .F. ) ;
#3843 = AXIS2_PLACEMENT_3D ( 'NONE', #419, #2224, #5275 ) ;
#3844 = ORIENTED_EDGE ( 'NONE', *, *, #5388, .T. ) ;
#3845 = AXIS2_PLACEMENT_3D ( 'NONE', #2070, #1588, #2011 ) ;
#3846 = VERTEX_POINT ( 'NONE', #3432 ) ;
#3847 = EDGE_CURVE ( 'NONE', #2362, #2533, #5227, .T. ) ;
#3848 = ORIENTED_EDGE ( 'NONE', *, *, #4514, .F. ) ;
#3849 = CARTESIAN_POINT ( 'NONE',  ( 0.000000000000000000, -0.3118439048089895471, -0.6320232422980279763 ) ) ;
#3850 = AXIS2_PLACEMENT_3D ( 'NONE', #4117, #5116, #3265 ) ;
#3851 = DIRECTION ( 'NONE',  ( -1.000000000000000000, -0.000000000000000000, -0.000000000000000000 ) ) ;
#3852 = DIRECTION ( 'NONE',  ( -1.000000000000000000, -0.000000000000000000, 0.000000000000000000 ) ) ;
#3853 = AXIS2_PLACEMENT_3D ( 'NONE', #714, #5607, #2040 ) ;
#3854 = ORIENTED_EDGE ( 'NONE', *, *, #233, .F. ) ;
#3855 = DIRECTION ( 'NONE',  ( 0.000000000000000000, -0.7660444431189706860, -0.6427876096865482447 ) ) ;
#3856 = CARTESIAN_POINT ( 'NONE',  ( 0.2500000000000000000, 0.4642242541061210592, -0.6412736958668479037 ) ) ;
#3857 = EDGE_CURVE ( 'NONE', #646, #3834, #457, .T. ) ;
#3858 = CIRCLE ( 'NONE', #3575, 0.7916666666666666297 ) ;
#3859 = ORIENTED_EDGE ( 'NONE', *, *, #4993, .T. ) ;
#3860 = VERTEX_POINT ( 'NONE', #1334 ) ;
#3861 = DIRECTION ( 'NONE',  ( 0.000000000000000000, 0.000000000000000000, -1.000000000000000000 ) ) ;
#3862 = AXIS2_PLACEMENT_3D ( 'NONE', #5662, #1611, #2916 ) ;
#3863 = CARTESIAN_POINT ( 'NONE',  ( 0.2500000000000000000, 0.3654357273093279401, -0.5946938113062067988 ) ) ;
#3864 = CARTESIAN_POINT ( 'NONE',  ( 0.000000000000000000, 0.000000000000000000, 0.000000000000000000 ) ) ;
#3865 = DIRECTION ( 'NONE',  ( -1.000000000000000000, 0.000000000000000000, 0.000000000000000000 ) ) ;
#3866 = ORIENTED_EDGE ( 'NONE', *, *, #3944, .F. ) ;
#3867 = DIRECTION ( 'NONE',  ( 1.000000000000000000, 0.000000000000000000, 0.000000000000000000 ) ) ;
#3868 = DIRECTION ( 'NONE',  ( 0.000000000000000000, 0.1736481776669243360, 0.9848077530122090195 ) ) ;
#3869 = DIRECTION ( 'NONE',  ( -1.000000000000000000, 0.000000000000000000, 0.000000000000000000 ) ) ;
#3870 = CARTESIAN_POINT ( 'NONE',  ( 0.2500000000000000000, -0.6765725148856315263, 0.1973566109172988359 ) ) ;
#3871 = VERTEX_POINT ( 'NONE', #3075 ) ;
#3872 = EDGE_CURVE ( 'NONE', #410, #936, #1485, .T. ) ;
#3873 = VECTOR ( 'NONE', #2675, 39.37007874015748143 ) ;
#3874 = ADVANCED_FACE ( 'NONE', ( #3490 ), #1305, .T. ) ;
#3875 = ORIENTED_EDGE ( 'NONE', *, *, #4488, .T. ) ;
#3876 = ORIENTED_EDGE ( 'NONE', *, *, #48, .F. ) ;
#3877 = ORIENTED_EDGE ( 'NONE', *, *, #4482, .T. ) ;
#3878 = CARTESIAN_POINT ( 'NONE',  ( 0.000000000000000000, 0.6622018216873477581, -0.2206643318571402945 ) ) ;
#3879 = AXIS2_PLACEMENT_3D ( 'NONE', #961, #3206, #5005 ) ;
#3880 = DIRECTION ( 'NONE',  ( -1.000000000000000000, -0.000000000000000000, 0.000000000000000000 ) ) ;
#3881 = AXIS2_PLACEMENT_3D ( 'NONE', #2952, #4747, #5669 ) ;
#3882 = EDGE_CURVE ( 'NONE', #5150, #2263, #3579, .T. ) ;
#3883 = DIRECTION ( 'NONE',  ( -1.000000000000000000, 0.000000000000000000, 0.000000000000000000 ) ) ;
#3884 = ORIENTED_EDGE ( 'NONE', *, *, #1556, .F. ) ;
#3885 = CARTESIAN_POINT ( 'NONE',  ( -0.3937007874015748254, 0.000000000000000000, 0.000000000000000000 ) ) ;
#3886 = EDGE_CURVE ( 'NONE', #4465, #2970, #4121, .T. ) ;
#3887 = FACE_OUTER_BOUND ( 'NONE', #571, .T. ) ;
#3888 = DIRECTION ( 'NONE',  ( 1.000000000000000000, 0.000000000000000000, 0.000000000000000000 ) ) ;
#3889 = EDGE_LOOP ( 'NONE', ( #4685, #1181, #3633, #5057 ) ) ;
#3890 = EDGE_LOOP ( 'NONE', ( #5086, #3900, #3091, #5722 ) ) ;
#3891 = DIRECTION ( 'NONE',  ( -1.000000000000000000, -0.000000000000000000, -0.000000000000000000 ) ) ;
#3892 = DIRECTION ( 'NONE',  ( -1.000000000000000000, -0.000000000000000000, -0.000000000000000000 ) ) ;
#3893 = CARTESIAN_POINT ( 'NONE',  ( 0.2500000000000000000, -0.3118439048089983179, 0.6320232422980235354 ) ) ;
#3894 = ORIENTED_EDGE ( 'NONE', *, *, #4914, .F. ) ;
#3895 = CARTESIAN_POINT ( 'NONE',  ( 0.2500000000000000000, 0.05658637590206390400, 0.7896417498925580869 ) ) ;
#3896 = DIRECTION ( 'NONE',  ( -1.000000000000000000, 0.000000000000000000, 0.000000000000000000 ) ) ;
#3897 = DIRECTION ( 'NONE',  ( 0.000000000000000000, 0.000000000000000000, 1.000000000000000000 ) ) ;
#3898 = DIRECTION ( 'NONE',  ( -1.000000000000000000, -0.000000000000000000, 0.000000000000000000 ) ) ;
#3899 = AXIS2_PLACEMENT_3D ( 'NONE', #2926, #691, #1592 ) ;
#3900 = ORIENTED_EDGE ( 'NONE', *, *, #1910, .F. ) ;
#3901 = AXIS2_PLACEMENT_3D ( 'NONE', #3382, #5142, #2912 ) ;
#3902 = ORIENTED_EDGE ( 'NONE', *, *, #3632, .T. ) ;
#3903 = ORIENTED_EDGE ( 'NONE', *, *, #1304, .F. ) ;
#3904 = ORIENTED_EDGE ( 'NONE', *, *, #5568, .F. ) ;
#3905 = DIRECTION ( 'NONE',  ( -1.000000000000000000, 0.000000000000000000, 0.000000000000000000 ) ) ;
#3906 = ADVANCED_FACE ( 'NONE', ( #3996 ), #5343, .T. ) ;
#3907 = CYLINDRICAL_SURFACE ( 'NONE', #5632, 0.2999999999999998779 ) ;
#3908 = CARTESIAN_POINT ( 'NONE',  ( 0.2500000000000000000, 0.4642242541061125105, 0.6412736958668542320 ) ) ;
#3909 = ORIENTED_EDGE ( 'NONE', *, *, #2617, .T. ) ;
#3910 = CARTESIAN_POINT ( 'NONE',  ( 0.2500000000000000000, 0.1023218052424476748, 0.6904594471595897343 ) ) ;
#3911 = CARTESIAN_POINT ( 'NONE',  ( 0.2500000000000000000, 0.000000000000000000, 0.000000000000000000 ) ) ;
#3912 = EDGE_CURVE ( 'NONE', #334, #1653, #3752, .T. ) ;
#3913 = CARTESIAN_POINT ( 'NONE',  ( -0.5000000000000000000, 0.000000000000000000, 0.000000000000000000 ) ) ;
#3914 = EDGE_LOOP ( 'NONE', ( #2614, #2785, #4336, #2138 ) ) ;
#3915 = ORIENTED_EDGE ( 'NONE', *, *, #4120, .F. ) ;
#3916 = ADVANCED_FACE ( 'NONE', ( #1242 ), #835, .T. ) ;
#3917 = AXIS2_PLACEMENT_3D ( 'NONE', #74, #1405, #5847 ) ;
#3918 = CARTESIAN_POINT ( 'NONE',  ( -0.3937007874015748254, 0.000000000000000000, 0.000000000000000000 ) ) ;
#3919 = AXIS2_PLACEMENT_3D ( 'NONE', #4394, #368, #5741 ) ;
#3920 = APPLICATION_PROTOCOL_DEFINITION ( 'draft international standard', 'automotive_design', 1998, #4364 ) ;
#3921 = AXIS2_PLACEMENT_3D ( 'NONE', #4581, #1959, #1510 ) ;
#3922 = CARTESIAN_POINT ( 'NONE',  ( 0.000000000000000000, 0.1399999937462688970, -0.6838157659421464363 ) ) ;
#3923 = ORIENTED_EDGE ( 'NONE', *, *, #3346, .F. ) ;
#3924 = LINE ( 'NONE', #884, #4469 ) ;
#3925 = DIRECTION ( 'NONE',  ( -1.000000000000000000, 0.000000000000000000, 0.000000000000000000 ) ) ;
#3926 = CARTESIAN_POINT ( 'NONE',  ( -0.3937007874015748254, 0.000000000000000000, 0.000000000000000000 ) ) ;
#3927 = EDGE_CURVE ( 'NONE', #2582, #695, #1580, .T. ) ;
#3928 = CARTESIAN_POINT ( 'NONE',  ( 0.2500000000000000000, -0.1023218052424524072, 0.6904594471595890681 ) ) ;
#3929 = ORIENTED_EDGE ( 'NONE', *, *, #494, .F. ) ;
#3930 = ORIENTED_EDGE ( 'NONE', *, *, #2656, .F. ) ;
#3931 = VERTEX_POINT ( 'NONE', #3963 ) ;
#3932 = AXIS2_PLACEMENT_3D ( 'NONE', #3870, #3424, #1537 ) ;
#3933 = FACE_OUTER_BOUND ( 'NONE', #4767, .T. ) ;
#3934 = DIRECTION ( 'NONE',  ( -1.000000000000000000, -0.000000000000000000, -0.000000000000000000 ) ) ;
#3935 = DIRECTION ( 'NONE',  ( -1.000000000000000000, 0.000000000000000000, 0.000000000000000000 ) ) ;
#3936 = VECTOR ( 'NONE', #2142, 39.37007874015748854 ) ;
#3937 = ORIENTED_EDGE ( 'NONE', *, *, #2975, .F. ) ;
#3938 = AXIS2_PLACEMENT_3D ( 'NONE', #1119, #748, #2924 ) ;
#3939 = CARTESIAN_POINT ( 'NONE',  ( 0.2500000000000000000, -0.7032701360167952220, 0.04594687756908124449 ) ) ;
#3940 = AXIS2_PLACEMENT_3D ( 'NONE', #3864, #1320, #1644 ) ;
#3941 = DIRECTION ( 'NONE',  ( 0.000000000000000000, -0.4999999999999887867, -0.8660254037844450359 ) ) ;
#3942 = CARTESIAN_POINT ( 'NONE',  ( 0.000000000000000000, 0.3118439048089939880, 0.6320232422980257558 ) ) ;
#3943 = CIRCLE ( 'NONE', #4693, 0.2999999999999998779 ) ;
#3944 = EDGE_CURVE ( 'NONE', #5540, #1153, #1769, .T. ) ;
#3945 = ADVANCED_FACE ( 'NONE', ( #2260 ), #5260, .T. ) ;
#3946 = ORIENTED_EDGE ( 'NONE', *, *, #3225, .F. ) ;
#3947 = LINE ( 'NONE', #2098, #1329 ) ;
#3948 = EDGE_CURVE ( 'NONE', #3114, #864, #264, .T. ) ;
#3949 = APPLICATION_PROTOCOL_DEFINITION ( 'draft international standard', 'automotive_design', 1998, #5776 ) ;
#3950 = CARTESIAN_POINT ( 'NONE',  ( 0.2500000000000000000, 0.7032701360167948890, 0.3459468775690860975 ) ) ;
#3951 = ORIENTED_EDGE ( 'NONE', *, *, #1697, .F. ) ;
#3952 = CARTESIAN_POINT ( 'NONE',  ( 0.000000000000000000, -0.6412736958668492360, -0.4642242541061190608 ) ) ;
#3953 = FACE_OUTER_BOUND ( 'NONE', #2374, .T. ) ;
#3954 = LINE ( 'NONE', #5822, #220 ) ;
#3955 = CARTESIAN_POINT ( 'NONE',  ( 0.2500000000000000000, 0.4338430062808389387, 0.5467945189019397523 ) ) ;
#3956 = ORIENTED_EDGE ( 'NONE', *, *, #535, .T. ) ;
#3957 = ORIENTED_EDGE ( 'NONE', *, *, #3528, .F. ) ;
#3958 = EDGE_LOOP ( 'NONE', ( #4408, #2144, #2772, #2041 ) ) ;
#3959 = AXIS2_PLACEMENT_3D ( 'NONE', #5473, #1425, #2787 ) ;
#3960 = EDGE_CURVE ( 'NONE', #3232, #2351, #2253, .T. ) ;
#3961 = DIRECTION ( 'NONE',  ( -1.000000000000000000, -0.000000000000000000, 0.000000000000000000 ) ) ;
#3962 = CIRCLE ( 'NONE', #5177, 0.6979999999999999538 ) ;
#3963 = CARTESIAN_POINT ( 'NONE',  ( 0.2500000000000000000, -0.6977378117192285512, -0.01912971764721405413 ) ) ;
#3964 = AXIS2_PLACEMENT_3D ( 'NONE', #3438, #5233, #4436 ) ;
#3965 = PLANE ( 'NONE',  #3514 ) ;
#3966 = EDGE_LOOP ( 'NONE', ( #3610, #1639, #2959, #4571 ) ) ;
#3967 = VECTOR ( 'NONE', #4946, 39.37007874015748143 ) ;
#3968 = DIRECTION ( 'NONE',  ( 0.000000000000000000, -0.3420201433256568335, -0.9396926207859126468 ) ) ;
#3969 = DIRECTION ( 'NONE',  ( -1.000000000000000000, -0.000000000000000000, -0.000000000000000000 ) ) ;
#3970 = AXIS2_PLACEMENT_3D ( 'NONE', #2837, #2284, #5016 ) ;
#3971 = CYLINDRICAL_SURFACE ( 'NONE', #1067, 0.6979999999999999538 ) ;
#3972 = ORIENTED_EDGE ( 'NONE', *, *, #4335, .T. ) ;
#3973 = DIRECTION ( 'NONE',  ( -1.000000000000000000, 0.000000000000000000, -0.000000000000000000 ) ) ;
#3974 = CARTESIAN_POINT ( 'NONE',  ( 0.2500000000000000000, -0.4872506799346321138, 0.5092020961019984027 ) ) ;
#3975 = EDGE_CURVE ( 'NONE', #2995, #3347, #5249, .T. ) ;
#3976 = VERTEX_POINT ( 'NONE', #4816 ) ;
#3977 =( NAMED_UNIT ( * ) SI_UNIT ( $, .STERADIAN. ) SOLID_ANGLE_UNIT ( ) );
#3978 = CARTESIAN_POINT ( 'NONE',  ( 0.2500000000000000000, -0.6451429995825400665, 0.2837084945169467409 ) ) ;
#3979 = ORIENTED_EDGE ( 'NONE', *, *, #3396, .F. ) ;
#3980 = FACE_OUTER_BOUND ( 'NONE', #3805, .T. ) ;
#3981 = EDGE_CURVE ( 'NONE', #2900, #2890, #168, .T. ) ;
#3982 = VERTEX_POINT ( 'NONE', #2585 ) ;
#3983 = AXIS2_PLACEMENT_3D ( 'NONE', #1612, #2485, #5180 ) ;
#3984 = CARTESIAN_POINT ( 'NONE',  ( 0.2500000000000000000, -0.3323020844099106585, 0.6138235289534188510 ) ) ;
#3985 = ADVANCED_FACE ( 'NONE', ( #4369 ), #338, .T. ) ;
#3986 = CYLINDRICAL_SURFACE ( 'NONE', #1538, 0.2999999999999998779 ) ;
#3987 = DIRECTION ( 'NONE',  ( -1.000000000000000000, -0.000000000000000000, -0.000000000000000000 ) ) ;
#3988 = EDGE_CURVE ( 'NONE', #4346, #2636, #1476, .T. ) ;
#3989 = VECTOR ( 'NONE', #5409, 39.37007874015748143 ) ;
#3990 = AXIS2_PLACEMENT_3D ( 'NONE', #4445, #2977, #1173 ) ;
#3991 = ORIENTED_EDGE ( 'NONE', *, *, #1846, .T. ) ;
#3992 = ORIENTED_EDGE ( 'NONE', *, *, #337, .T. ) ;
#3993 = FACE_OUTER_BOUND ( 'NONE', #4766, .T. ) ;
#3994 = EDGE_CURVE ( 'NONE', #2846, #1711, #4687, .T. ) ;
#3995 = AXIS2_PLACEMENT_3D ( 'NONE', #4072, #47, #5457 ) ;
#3996 = FACE_OUTER_BOUND ( 'NONE', #2762, .T. ) ;
#3997 = CIRCLE ( 'NONE', #789, 0.6979999999999999538 ) ;
#3998 = DIRECTION ( 'NONE',  ( -1.000000000000000000, 0.000000000000000000, 0.000000000000000000 ) ) ;
#3999 = VERTEX_POINT ( 'NONE', #2411 ) ;
#4000 = DIRECTION ( 'NONE',  ( 0.000000000000000000, 0.000000000000000000, 1.000000000000000000 ) ) ;
#4001 = DIRECTION ( 'NONE',  ( 0.000000000000000000, 0.000000000000000000, 1.000000000000000000 ) ) ;
#4002 = LINE ( 'NONE', #2816, #1914 ) ;
#4003 = CIRCLE ( 'NONE', #1258, 0.2999999999999997669 ) ;
#4004 = CARTESIAN_POINT ( 'NONE',  ( 0.000000000000000000, 0.000000000000000000, 0.000000000000000000 ) ) ;
#4005 = ORIENTED_EDGE ( 'NONE', *, *, #3183, .F. ) ;
#4006 = ADVANCED_FACE ( 'NONE', ( #1419 ), #2347, .T. ) ;
#4007 = ORIENTED_EDGE ( 'NONE', *, *, #5661, .T. ) ;
#4008 = CARTESIAN_POINT ( 'NONE',  ( 0.2500000000000000000, 0.000000000000000000, 0.000000000000000000 ) ) ;
#4009 = DIRECTION ( 'NONE',  ( -1.000000000000000000, -0.000000000000000000, 0.000000000000000000 ) ) ;
#4010 = ORIENTED_EDGE ( 'NONE', *, *, #2872, .F. ) ;
#4011 = SHAPE_REPRESENTATION_RELATIONSHIP ( 'NONE' , 'NONE' ,  #3286, #2509 ) ;
#4012 = DIRECTION ( 'NONE',  ( -1.000000000000000000, 0.000000000000000000, -0.000000000000000000 ) ) ;
#4013 = ORIENTED_EDGE ( 'NONE', *, *, #3085, .F. ) ;
#4014 = DIRECTION ( 'NONE',  ( 0.000000000000000000, 0.000000000000000000, -1.000000000000000000 ) ) ;
#4015 = VECTOR ( 'NONE', #3341, 39.37007874015748143 ) ;
#4016 = ORIENTED_EDGE ( 'NONE', *, *, #564, .F. ) ;
#4017 = CARTESIAN_POINT ( 'NONE',  ( 0.2500000000000000000, 0.6765725148856274185, 0.1973566109173126859 ) ) ;
#4018 = CARTESIAN_POINT ( 'NONE',  ( 0.2500000000000000000, 0.2206643318571559764, -0.6622018216873424290 ) ) ;
#4019 = DIRECTION ( 'NONE',  ( 0.000000000000000000, 0.9396926207859093161, -0.3420201433256662704 ) ) ;
#4020 = ORIENTED_EDGE ( 'NONE', *, *, #5500, .T. ) ;
#4021 = EDGE_CURVE ( 'NONE', #692, #940, #3194, .T. ) ;
#4022 = ORIENTED_EDGE ( 'NONE', *, *, #3797, .T. ) ;
#4023 = LINE ( 'NONE', #1303, #5232 ) ;
#4024 = DIRECTION ( 'NONE',  ( 0.000000000000000000, 0.000000000000000000, 1.000000000000000000 ) ) ;
#4025 = LINE ( 'NONE', #1777, #4351 ) ;
#4026 = VERTEX_POINT ( 'NONE', #3697 ) ;
#4027 = EDGE_CURVE ( 'NONE', #1400, #2889, #151, .T. ) ;
#4028 = ORIENTED_EDGE ( 'NONE', *, *, #4778, .T. ) ;
#4029 = DIRECTION ( 'NONE',  ( 1.000000000000000000, -0.000000000000000000, -0.000000000000000000 ) ) ;
#4030 = DIRECTION ( 'NONE',  ( 1.000000000000000000, -0.000000000000000000, -0.000000000000000000 ) ) ;
#4031 = CIRCLE ( 'NONE', #2618, 0.7916666666666666297 ) ;
#4032 = LINE ( 'NONE', #2210, #124 ) ;
#4033 = FACE_BOUND ( 'NONE', #3599, .T. ) ;
#4034 = VECTOR ( 'NONE', #2075, 39.37007874015748143 ) ;
#4035 = ORIENTED_EDGE ( 'NONE', *, *, #4944, .T. ) ;
#4036 = CIRCLE ( 'NONE', #4593, 0.2999999999999998779 ) ;
#4037 = EDGE_CURVE ( 'NONE', #1466, #1013, #2726, .T. ) ;
#4038 = AXIS2_PLACEMENT_3D ( 'NONE', #3023, #2699, #4395 ) ;
#4039 = CARTESIAN_POINT ( 'NONE',  ( 0.2500000000000000000, -0.01912971764720180698, -0.6977378117192288842 ) ) ;
#4040 = CYLINDRICAL_SURFACE ( 'NONE', #465, 0.6979999999999999538 ) ;
#4041 = AXIS2_PLACEMENT_3D ( 'NONE', #5089, #4679, #1402 ) ;
#4042 = AXIS2_PLACEMENT_3D ( 'NONE', #5786, #353, #323 ) ;
#4043 = EDGE_LOOP ( 'NONE', ( #1257, #1841, #1882, #4391, #4754, #5514, #3550, #5647, #5068, #4783, #3929, #319, #5674, #593, #1299, #4586, #4354, #424, #3937, #2746, #3739, #2708, #255, #3037, #2835, #4212, #4958, #5164, #3877, #51, #4185, #3053, #5521, #4399, #4182, #4333, #534, #5279, #1353, #3045, #5237, #3364, #2223, #1183, #3321, #4922, #2023, #3833, #415, #3096, #2902, #2634, #2581, #490, #2131, #4035, #5335, #3909, #5051, #1647, #2689, #1866, #3389, #3699, #892, #1818, #1370, #4534, #5649, #2654, #2883, #1081, #773, #2051, #1778, #623, #694, #2602, #3457, #2715, #1938, #4760, #4310, #90, #5414, #672, #4951, #3548, #1071, #644, #5179, #3529, #2980, #2497, #2413, #4255, #4099, #2415, #562, #1998, #350, #1077, #169, #3800, #4260, #254, #5806, #851, #262, #702, #4138, #616, #163, #250, #1903, #5819, #740, #3884, #2919, #5431, #4413, #4178, #2482, #13, #5644, #3019, #5720, #3289, #2913, #4022, #1037, #1718, #4392, #3733, #4871, #4112, #1319, #3637, #5425, #5660, #10, #960, #5056, #804, #3859, #5510, #64, #2199, #439 ) ) ;
#4044 = SHAPE_DEFINITION_REPRESENTATION ( #1490, #3286 ) ;
#4045 = LINE ( 'NONE', #1351, #3161 ) ;
#4046 = VERTEX_POINT ( 'NONE', #4991 ) ;
#4047 = LINE ( 'NONE', #2334, #2309 ) ;
#4048 = ORIENTED_EDGE ( 'NONE', *, *, #1819, .F. ) ;
#4049 = DIRECTION ( 'NONE',  ( 0.000000000000000000, 0.3420201433256694346, -0.9396926207859079838 ) ) ;
#4050 = CARTESIAN_POINT ( 'NONE',  ( 0.2500000000000000000, 0.6846072908519325040, 0.1673704187836297652 ) ) ;
#4051 = ORIENTED_EDGE ( 'NONE', *, *, #5793, .F. ) ;
#4052 = CARTESIAN_POINT ( 'NONE',  ( 0.2500000000000000000, 0.6846072908519347244, -0.1673704187836203838 ) ) ;
#4053 = CYLINDRICAL_SURFACE ( 'NONE', #2513, 0.6979999999999999538 ) ;
#4054 = CARTESIAN_POINT ( 'NONE',  ( 0.2500000000000000000, -0.3118439048089983179, 0.6320232422980235354 ) ) ;
#4055 = EDGE_CURVE ( 'NONE', #1149, #909, #1859, .T. ) ;
#4056 = CARTESIAN_POINT ( 'NONE',  ( 0.2500000000000000000, 0.3118439048089939880, 0.6320232422980257558 ) ) ;
#4057 = ORIENTED_EDGE ( 'NONE', *, *, #1228, .F. ) ;
#4058 = DIRECTION ( 'NONE',  ( 0.000000000000000000, 0.9396926207859068736, 0.3420201433256727652 ) ) ;
#4059 = ADVANCED_FACE ( 'NONE', ( #5434 ), #5496, .T. ) ;
#4060 = DIRECTION ( 'NONE',  ( 0.000000000000000000, 0.000000000000000000, 1.000000000000000000 ) ) ;
#4061 = ADVANCED_FACE ( 'NONE', ( #3672 ), #4519, .T. ) ;
#4062 = DIRECTION ( 'NONE',  ( 0.000000000000000000, 0.8660254037844363761, 0.5000000000000041078 ) ) ;
#4063 = ADVANCED_FACE ( 'NONE', ( #3280 ), #5527, .T. ) ;
#4064 = VERTEX_POINT ( 'NONE', #2750 ) ;
#4065 = DIRECTION ( 'NONE',  ( -1.000000000000000000, 0.000000000000000000, -0.000000000000000000 ) ) ;
#4066 = DIRECTION ( 'NONE',  ( 0.000000000000000000, 0.000000000000000000, 1.000000000000000000 ) ) ;
#4067 = VERTEX_POINT ( 'NONE', #4546 ) ;
#4068 = DIRECTION ( 'NONE',  ( 0.000000000000000000, 0.000000000000000000, 1.000000000000000000 ) ) ;
#4069 = ORIENTED_EDGE ( 'NONE', *, *, #1940, .T. ) ;
#4070 = CARTESIAN_POINT ( 'NONE',  ( 0.2500000000000000000, 0.6491163241443883569, 0.2566164408787500184 ) ) ;
#4071 = VERTEX_POINT ( 'NONE', #2783 ) ;
#4072 = CARTESIAN_POINT ( 'NONE',  ( 0.2500000000000000000, 0.000000000000000000, 0.000000000000000000 ) ) ;
#4073 = FACE_OUTER_BOUND ( 'NONE', #5418, .T. ) ;
#4074 = VERTEX_POINT ( 'NONE', #1004 ) ;
#4075 = LINE ( 'NONE', #1001, #2360 ) ;
#4076 = CARTESIAN_POINT ( 'NONE',  ( 0.000000000000000000, -0.6765725148856286397, -0.1973566109173079119 ) ) ;
#4077 = DIRECTION ( 'NONE',  ( 0.000000000000000000, 0.000000000000000000, 1.000000000000000000 ) ) ;
#4078 = DIRECTION ( 'NONE',  ( 0.000000000000000000, 0.000000000000000000, 1.000000000000000000 ) ) ;
#4079 = AXIS2_PLACEMENT_3D ( 'NONE', #1158, #5138, #2964 ) ;
#4080 = ORIENTED_EDGE ( 'NONE', *, *, #3590, .F. ) ;
#4081 = LINE ( 'NONE', #2289, #2925 ) ;
#4082 = EDGE_CURVE ( 'NONE', #2582, #4522, #518, .T. ) ;
#4083 = VECTOR ( 'NONE', #655, 39.37007874015748143 ) ;
#4084 = VECTOR ( 'NONE', #4169, 39.37007874015748143 ) ;
#4085 = DIRECTION ( 'NONE',  ( -1.000000000000000000, 0.000000000000000000, 0.000000000000000000 ) ) ;
#4086 = DIRECTION ( 'NONE',  ( -1.000000000000000000, 0.000000000000000000, 0.000000000000000000 ) ) ;
#4087 = CIRCLE ( 'NONE', #1821, 0.6979999999999999538 ) ;
#4088 = AXIS2_PLACEMENT_3D ( 'NONE', #285, #1165, #2968 ) ;
#4089 = VERTEX_POINT ( 'NONE', #2316 ) ;
#4090 = EDGE_CURVE ( 'NONE', #432, #5222, #5449, .T. ) ;
#4091 = AXIS2_PLACEMENT_3D ( 'NONE', #477, #5849, #4152 ) ;
#4092 = CARTESIAN_POINT ( 'NONE',  ( 0.2500000000000000000, 0.000000000000000000, 0.000000000000000000 ) ) ;
#4093 = DIRECTION ( 'NONE',  ( -1.000000000000000000, 0.000000000000000000, -0.000000000000000000 ) ) ;
#4094 = ORIENTED_EDGE ( 'NONE', *, *, #2492, .F. ) ;
#4095 = ADVANCED_FACE ( 'NONE', ( #1924 ), #1035, .T. ) ;
#4096 = CARTESIAN_POINT ( 'NONE',  ( 0.000000000000000000, 0.6765725148856299720, -0.1973566109173034433 ) ) ;
#4097 = VERTEX_POINT ( 'NONE', #4962 ) ;
#4098 = LINE ( 'NONE', #941, #5267 ) ;
#4099 = ORIENTED_EDGE ( 'NONE', *, *, #1940, .F. ) ;
#4100 = CIRCLE ( 'NONE', #2318, 0.2999999999999998224 ) ;
#4101 = DIRECTION ( 'NONE',  ( -1.000000000000000000, -0.000000000000000000, 0.000000000000000000 ) ) ;
#4102 = DIRECTION ( 'NONE',  ( 0.000000000000000000, 0.000000000000000000, 1.000000000000000000 ) ) ;
#4103 = CARTESIAN_POINT ( 'NONE',  ( 0.1962990915244727796, -3.414809992080329023E-17, 0.5000000000000000000 ) ) ;
#4104 = DIRECTION ( 'NONE',  ( 1.000000000000000000, 0.000000000000000000, -0.000000000000000000 ) ) ;
#4105 = EDGE_CURVE ( 'NONE', #5192, #2974, #69, .T. ) ;
#4106 = DIRECTION ( 'NONE',  ( 0.000000000000000000, 0.9848077530122084644, -0.1736481776669273336 ) ) ;
#4107 = DIRECTION ( 'NONE',  ( 0.000000000000000000, -0.8660254037844328234, -0.5000000000000103251 ) ) ;
#4108 = ORIENTED_EDGE ( 'NONE', *, *, #1970, .T. ) ;
#4109 = DIRECTION ( 'NONE',  ( 0.000000000000000000, 0.5000000000000009992, -0.8660254037844380415 ) ) ;
#4110 = CARTESIAN_POINT ( 'NONE',  ( 0.2500000000000000000, -0.7032701360167945559, -0.04594687756909114629 ) ) ;
#4111 = CARTESIAN_POINT ( 'NONE',  ( 0.000000000000000000, 0.7226668450422076839, -0.3232471843463650130 ) ) ;
#4112 = ORIENTED_EDGE ( 'NONE', *, *, #1475, .T. ) ;
#4113 = ORIENTED_EDGE ( 'NONE', *, *, #1210, .T. ) ;
#4114 = ORIENTED_EDGE ( 'NONE', *, *, #850, .F. ) ;
#4115 = CIRCLE ( 'NONE', #1101, 0.5000000000000000000 ) ;
#4116 = CARTESIAN_POINT ( 'NONE',  ( 0.2500000000000000000, 0.3914262312077981809, 0.5860763647289396472 ) ) ;
#4117 = CARTESIAN_POINT ( 'NONE',  ( 0.2500000000000000000, 0.000000000000000000, 0.000000000000000000 ) ) ;
#4118 = VERTEX_POINT ( 'NONE', #3222 ) ;
#4119 = AXIS2_PLACEMENT_3D ( 'NONE', #5580, #206, #3335 ) ;
#4120 = EDGE_CURVE ( 'NONE', #3860, #5140, #4886, .T. ) ;
#4121 = CIRCLE ( 'NONE', #2538, 0.2999999999999998779 ) ;
#4122 = LINE ( 'NONE', #536, #1936 ) ;
#4123 = ORIENTED_EDGE ( 'NONE', *, *, #2154, .T. ) ;
#4124 = AXIS2_PLACEMENT_3D ( 'NONE', #5640, #3015, #2461 ) ;
#4125 = DIRECTION ( 'NONE',  ( 0.000000000000000000, 0.3420201433256629397, 0.9396926207859104263 ) ) ;
#4126 = EDGE_CURVE ( 'NONE', #815, #2642, #1619, .T. ) ;
#4127 = VECTOR ( 'NONE', #5635, 39.37007874015748143 ) ;
#4128 = CARTESIAN_POINT ( 'NONE',  ( 0.000000000000000000, -0.1699999999999999289, -0.09814954576223638982 ) ) ;
#4129 = EDGE_LOOP ( 'NONE', ( #708, #2637, #3513, #4940 ) ) ;
#4130 = FACE_OUTER_BOUND ( 'NONE', #1452, .T. ) ;
#4131 = FACE_OUTER_BOUND ( 'NONE', #3799, .T. ) ;
#4132 = DIRECTION ( 'NONE',  ( -1.000000000000000000, 0.000000000000000000, -0.000000000000000000 ) ) ;
#4133 = CARTESIAN_POINT ( 'NONE',  ( 0.2500000000000000000, -0.6977378117192288842, 0.01912971764720424253 ) ) ;
#4134 = CIRCLE ( 'NONE', #3290, 0.2999999999999998779 ) ;
#4135 = DIRECTION ( 'NONE',  ( -1.000000000000000000, 0.000000000000000000, 0.000000000000000000 ) ) ;
#4136 = CARTESIAN_POINT ( 'NONE',  ( 0.000000000000000000, 0.6451429995825421759, -0.2837084945169424666 ) ) ;
#4137 = EDGE_CURVE ( 'NONE', #469, #5752, #5641, .T. ) ;
#4138 = ORIENTED_EDGE ( 'NONE', *, *, #3886, .T. ) ;
#4139 = CARTESIAN_POINT ( 'NONE',  ( 0.2500000000000000000, 0.5946938113062157916, -0.3654357273093133407 ) ) ;
#4140 = CIRCLE ( 'NONE', #2917, 0.6979999999999999538 ) ;
#4141 = SURFACE_SIDE_STYLE ('',( #3259 ) ) ;
#4142 = DIRECTION ( 'NONE',  ( -1.000000000000000000, 0.000000000000000000, 0.000000000000000000 ) ) ;
#4143 = ORIENTED_EDGE ( 'NONE', *, *, #4765, .F. ) ;
#4144 = ORIENTED_EDGE ( 'NONE', *, *, #2579, .F. ) ;
#4145 = ORIENTED_EDGE ( 'NONE', *, *, #4412, .F. ) ;
#4146 = DIRECTION ( 'NONE',  ( -1.000000000000000000, -0.000000000000000000, -0.000000000000000000 ) ) ;
#4147 = DIRECTION ( 'NONE',  ( 1.000000000000000000, -0.000000000000000000, -0.000000000000000000 ) ) ;
#4148 = ORIENTED_EDGE ( 'NONE', *, *, #4324, .F. ) ;
#4149 = DIRECTION ( 'NONE',  ( 1.000000000000000000, -0.000000000000000000, -0.000000000000000000 ) ) ;
#4150 = ORIENTED_EDGE ( 'NONE', *, *, #3803, .T. ) ;
#4152 = DIRECTION ( 'NONE',  ( 0.000000000000000000, 0.000000000000000000, -1.000000000000000000 ) ) ;
#4151 = VECTOR ( 'NONE', #5450, 39.37007874015748143 ) ;
#4153 = EDGE_CURVE ( 'NONE', #597, #2304, #2909, .T. ) ;
#4154 = VECTOR ( 'NONE', #1145, 39.37007874015748854 ) ;
#4155 = DIRECTION ( 'NONE',  ( 0.000000000000000000, 0.000000000000000000, 1.000000000000000000 ) ) ;
#4156 = ORIENTED_EDGE ( 'NONE', *, *, #1163, .T. ) ;
#4157 = LINE ( 'NONE', #1883, #738 ) ;
#4158 = ORIENTED_EDGE ( 'NONE', *, *, #3505, .F. ) ;
#4159 = DIRECTION ( 'NONE',  ( -1.000000000000000000, 0.000000000000000000, 0.000000000000000000 ) ) ;
#4160 = CARTESIAN_POINT ( 'NONE',  ( 0.2500000000000000000, 0.000000000000000000, 0.000000000000000000 ) ) ;
#4161 = ADVANCED_FACE ( 'NONE', ( #3423 ), #5188, .T. ) ;
#4162 = DIRECTION ( 'NONE',  ( 0.000000000000000000, 0.6427876096865353661, 0.7660444431189813441 ) ) ;
#4163 = CARTESIAN_POINT ( 'NONE',  ( -0.3937007874015748254, 0.000000000000000000, 0.000000000000000000 ) ) ;
#4164 = DIRECTION ( 'NONE',  ( -1.000000000000000000, -0.000000000000000000, -0.000000000000000000 ) ) ;
#4165 = ORIENTED_EDGE ( 'NONE', *, *, #766, .F. ) ;
#4166 = ADVANCED_FACE ( 'NONE', ( #2868 ), #1064, .T. ) ;
#4167 = ORIENTED_EDGE ( 'NONE', *, *, #5160, .F. ) ;
#4168 = DIRECTION ( 'NONE',  ( 0.000000000000000000, 0.000000000000000000, 1.000000000000000000 ) ) ;
#4169 = DIRECTION ( 'NONE',  ( -1.000000000000000000, 0.000000000000000000, -0.000000000000000000 ) ) ;
#4170 = DIRECTION ( 'NONE',  ( 0.000000000000000000, 0.000000000000000000, 1.000000000000000000 ) ) ;
#4171 = ORIENTED_EDGE ( 'NONE', *, *, #1379, .F. ) ;
#4172 = ORIENTED_EDGE ( 'NONE', *, *, #3693, .T. ) ;
#4173 = ORIENTED_EDGE ( 'NONE', *, *, #4823, .T. ) ;
#4174 = AXIS2_PLACEMENT_3D ( 'NONE', #2992, #4314, #2055 ) ;
#4175 = CARTESIAN_POINT ( 'NONE',  ( 0.000000000000000000, -3.139359258709781453E-21, 0.1962990915244728907 ) ) ;
#4176 = CARTESIAN_POINT ( 'NONE',  ( 0.1250000000000000000, 0.5685276532530256777, 0.5509196117381540692 ) ) ;
#4177 = EDGE_CURVE ( 'NONE', #5410, #537, #1965, .T. ) ;
#4178 = ORIENTED_EDGE ( 'NONE', *, *, #4970, .F. ) ;
#4179 = VECTOR ( 'NONE', #970, 39.37007874015748143 ) ;
#4180 = AXIS2_PLACEMENT_3D ( 'NONE', #5595, #761, #3827 ) ;
#4181 = FACE_OUTER_BOUND ( 'NONE', #3328, .T. ) ;
#4182 = ORIENTED_EDGE ( 'NONE', *, *, #563, .T. ) ;
#4183 = CARTESIAN_POINT ( 'NONE',  ( -0.09814954576223630656, -0.1700000000000000400, 0.5000000000000000000 ) ) ;
#4184 = CARTESIAN_POINT ( 'NONE',  ( 0.2500000000000000000, -0.2837084945169445205, -0.6451429995825411767 ) ) ;
#4185 = ORIENTED_EDGE ( 'NONE', *, *, #4177, .T. ) ;
#4186 = CARTESIAN_POINT ( 'NONE',  ( 0.000000000000000000, -0.6555566273447225312, 0.4438261139855603776 ) ) ;
#4187 = EDGE_LOOP ( 'NONE', ( #199, #4932, #3707, #4755 ) ) ;
#4188 = DIRECTION ( 'NONE',  ( 0.000000000000000000, 0.000000000000000000, 1.000000000000000000 ) ) ;
#4189 = LINE ( 'NONE', #2725, #3497 ) ;
#4190 = CARTESIAN_POINT ( 'NONE',  ( 0.000000000000000000, -0.2206643318571514523, 0.6622018216873439833 ) ) ;
#4191 = DIRECTION ( 'NONE',  ( -1.000000000000000000, 0.000000000000000000, 0.000000000000000000 ) ) ;
#4192 = DIRECTION ( 'NONE',  ( -1.000000000000000000, 0.000000000000000000, -0.000000000000000000 ) ) ;
#4193 = ORIENTED_EDGE ( 'NONE', *, *, #641, .F. ) ;
#4194 = EDGE_CURVE ( 'NONE', #855, #5032, #4751, .T. ) ;
#4195 = VERTEX_POINT ( 'NONE', #2436 ) ;
#4196 = CARTESIAN_POINT ( 'NONE',  ( 0.2500000000000000000, -0.4642242541061081806, -0.6412736958668573406 ) ) ;
#4197 = AXIS2_PLACEMENT_3D ( 'NONE', #5342, #5375, #1800 ) ;
#4198 =( LENGTH_UNIT ( ) NAMED_UNIT ( * ) SI_UNIT ( $, .METRE. ) );
#4199 = EDGE_CURVE ( 'NONE', #2995, #597, #927, .T. ) ;
#4200 = CARTESIAN_POINT ( 'NONE',  ( 0.2500000000000000000, 0.000000000000000000, 0.000000000000000000 ) ) ;
#4201 = VERTEX_POINT ( 'NONE', #5219 ) ;
#4202 = ORIENTED_EDGE ( 'NONE', *, *, #492, .T. ) ;
#4203 = DIRECTION ( 'NONE',  ( -1.000000000000000000, -0.000000000000000000, 0.000000000000000000 ) ) ;
#4204 = DIRECTION ( 'NONE',  ( 1.000000000000000000, 0.000000000000000000, 0.000000000000000000 ) ) ;
#4205 = VERTEX_POINT ( 'NONE', #2046 ) ;
#4206 = CIRCLE ( 'NONE', #1664, 0.7916666666666666297 ) ;
#4207 = EDGE_CURVE ( 'NONE', #764, #5215, #5257, .T. ) ;
#4208 = DIRECTION ( 'NONE',  ( 0.000000000000000000, 0.9848077530122084644, -0.1736481776669273336 ) ) ;
#4209 = EDGE_LOOP ( 'NONE', ( #4171, #4597, #2430, #3829 ) ) ;
#4210 = CYLINDRICAL_SURFACE ( 'NONE', #5751, 0.7916666666666666297 ) ;
#4211 = CARTESIAN_POINT ( 'NONE',  ( 0.000000000000000000, 0.000000000000000000, 0.000000000000000000 ) ) ;
#4212 = ORIENTED_EDGE ( 'NONE', *, *, #4914, .T. ) ;
#4213 = CIRCLE ( 'NONE', #3177, 0.6979999999999998428 ) ;
#4214 = AXIS2_PLACEMENT_3D ( 'NONE', #2410, #4576, #4001 ) ;
#4215 = CARTESIAN_POINT ( 'NONE',  ( 0.2500000000000000000, -0.5467945189019352004, -0.4338430062808447119 ) ) ;
#4216 = CARTESIAN_POINT ( 'NONE',  ( 0.1250000000000000278, 0.4438261139855627091, 0.6555566273447209769 ) ) ;
#4217 = CYLINDRICAL_SURFACE ( 'NONE', #4119, 0.2999999999999998224 ) ;
#4218 = CIRCLE ( 'NONE', #5740, 0.7916666666666666297 ) ;
#4219 = CARTESIAN_POINT ( 'NONE',  ( 0.000000000000000000, 0.5092020961019999570, 0.4872506799346302264 ) ) ;
#4220 = SURFACE_SIDE_STYLE ('',( #2018 ) ) ;
#4221 = ORIENTED_EDGE ( 'NONE', *, *, #3258, .F. ) ;
#4222 = ORIENTED_EDGE ( 'NONE', *, *, #676, .F. ) ;
#4223 = ORIENTED_EDGE ( 'NONE', *, *, #5092, .T. ) ;
#4224 = DIRECTION ( 'NONE',  ( 0.000000000000000000, 0.000000000000000000, 1.000000000000000000 ) ) ;
#4225 = EDGE_CURVE ( 'NONE', #108, #3073, #4218, .T. ) ;
#4226 = EDGE_CURVE ( 'NONE', #2636, #212, #3187, .T. ) ;
#4227 = CARTESIAN_POINT ( 'NONE',  ( 0.2500000000000000000, 0.000000000000000000, 0.000000000000000000 ) ) ;
#4228 = CYLINDRICAL_SURFACE ( 'NONE', #411, 0.2999999999999998779 ) ;
#4229 = ORIENTED_EDGE ( 'NONE', *, *, #524, .T. ) ;
#4230 = EDGE_CURVE ( 'NONE', #1655, #2541, #3943, .T. ) ;
#4231 = AXIS2_PLACEMENT_3D ( 'NONE', #3213, #5010, #5423 ) ;
#4232 = CARTESIAN_POINT ( 'NONE',  ( 0.2500000000000000000, 0.000000000000000000, 0.000000000000000000 ) ) ;
#4233 = EDGE_CURVE ( 'NONE', #5221, #1006, #5104, .T. ) ;
#4234 = DIRECTION ( 'NONE',  ( 0.000000000000000000, 0.6427876096865405842, -0.7660444431189771253 ) ) ;
#4235 = EDGE_CURVE ( 'NONE', #843, #4205, #2161, .T. ) ;
#4236 = VECTOR ( 'NONE', #1929, 39.37007874015748143 ) ;
#4237 = ORIENTED_EDGE ( 'NONE', *, *, #3741, .T. ) ;
#4238 = DIRECTION ( 'NONE',  ( -1.000000000000000000, 0.000000000000000000, -0.000000000000000000 ) ) ;
#4239 = DIRECTION ( 'NONE',  ( -1.000000000000000000, -0.000000000000000000, -0.000000000000000000 ) ) ;
#4240 = EDGE_CURVE ( 'NONE', #5556, #1006, #5157, .T. ) ;
#4241 = EDGE_LOOP ( 'NONE', ( #1290, #2457, #3102, #58 ) ) ;
#4242 = CARTESIAN_POINT ( 'NONE',  ( -0.3937007874015748254, 0.000000000000000000, 0.000000000000000000 ) ) ;
#4243 = AXIS2_PLACEMENT_3D ( 'NONE', #1999, #5777, #3525 ) ;
#4244 = DIRECTION ( 'NONE',  ( -1.000000000000000000, 0.000000000000000000, 0.000000000000000000 ) ) ;
#4245 = CARTESIAN_POINT ( 'NONE',  ( 0.1250000000000000000, 0.7896417498925578649, -0.05658637590206656853 ) ) ;
#4246 = AXIS2_PLACEMENT_3D ( 'NONE', #922, #1922, #2749 ) ;
#4247 = DIRECTION ( 'NONE',  ( -1.000000000000000000, 0.000000000000000000, -0.000000000000000000 ) ) ;
#4248 = DIRECTION ( 'NONE',  ( 0.000000000000000000, 0.000000000000000000, 1.000000000000000000 ) ) ;
#4249 = CARTESIAN_POINT ( 'NONE',  ( 0.09814954576223638982, 0.1699999999999999567, 0.000000000000000000 ) ) ;
#4250 = EDGE_LOOP ( 'NONE', ( #4646, #5190, #1624, #102 ) ) ;
#4251 = ORIENTED_EDGE ( 'NONE', *, *, #3585, .F. ) ;
#4252 = ORIENTED_EDGE ( 'NONE', *, *, #3183, .T. ) ;
#4253 = LINE ( 'NONE', #4284, #3732 ) ;
#4254 = EDGE_CURVE ( 'NONE', #1096, #4825, #5612, .T. ) ;
#4255 = ORIENTED_EDGE ( 'NONE', *, *, #1228, .T. ) ;
#4256 = APPLICATION_CONTEXT ( 'automotive_design' ) ;
#4257 = CARTESIAN_POINT ( 'NONE',  ( 0.2500000000000000000, -0.1973566109172966987, -0.6765725148856319704 ) ) ;
#4258 = CARTESIAN_POINT ( 'NONE',  ( 0.2500000000000000000, 0.000000000000000000, 0.000000000000000000 ) ) ;
#4259 = EDGE_CURVE ( 'NONE', #5530, #5752, #272, .T. ) ;
#4260 = ORIENTED_EDGE ( 'NONE', *, *, #1931, .F. ) ;
#4261 = AXIS2_PLACEMENT_3D ( 'NONE', #4714, #684, #3388 ) ;
#4262 = DIRECTION ( 'NONE',  ( -1.000000000000000000, -0.000000000000000000, 0.000000000000000000 ) ) ;
#4263 = DIRECTION ( 'NONE',  ( 0.000000000000000000, -0.1736481776669172583, -0.9848077530122103518 ) ) ;
#4264 = CIRCLE ( 'NONE', #697, 0.2999999999999998779 ) ;
#4265 = CIRCLE ( 'NONE', #5785, 0.2999999999999998779 ) ;
#4266 = EDGE_CURVE ( 'NONE', #5701, #1796, #2212, .T. ) ;
#4267 = VERTEX_POINT ( 'NONE', #3395 ) ;
#4268 = LINE ( 'NONE', #5123, #2454 ) ;
#4269 = AXIS2_PLACEMENT_3D ( 'NONE', #1127, #1188, #4791 ) ;
#4270 = FACE_OUTER_BOUND ( 'NONE', #4494, .T. ) ;
#4271 = ORIENTED_EDGE ( 'NONE', *, *, #2449, .T. ) ;
#4272 = ADVANCED_FACE ( 'NONE', ( #3041 ), #421, .T. ) ;
#4273 = DIRECTION ( 'NONE',  ( 0.000000000000000000, 0.000000000000000000, 1.000000000000000000 ) ) ;
#4274 = CARTESIAN_POINT ( 'NONE',  ( 0.000000000000000000, -0.7032701360167945559, -0.04594687756909114629 ) ) ;
#4275 = CARTESIAN_POINT ( 'NONE',  ( 0.000000000000000000, 0.000000000000000000, 0.000000000000000000 ) ) ;
#4276 = CARTESIAN_POINT ( 'NONE',  ( 0.000000000000000000, 0.4438261139855717574, -0.6555566273447147596 ) ) ;
#4277 = CIRCLE ( 'NONE', #4231, 0.6979999999999999538 ) ;
#4278 = CARTESIAN_POINT ( 'NONE',  ( 0.2500000000000000000, 0.000000000000000000, 0.000000000000000000 ) ) ;
#4279 = LINE ( 'NONE', #2047, #820 ) ;
#4280 = ORIENTED_EDGE ( 'NONE', *, *, #913, .T. ) ;
#4281 = ORIENTED_EDGE ( 'NONE', *, *, #4856, .T. ) ;
#4282 = VERTEX_POINT ( 'NONE', #2692 ) ;
#4283 = EDGE_CURVE ( 'NONE', #4511, #5813, #3954, .T. ) ;
#4284 = CARTESIAN_POINT ( 'NONE',  ( 0.000000000000000000, -0.1699999999999999289, 0.09814954576223638982 ) ) ;
#4285 = CYLINDRICAL_SURFACE ( 'NONE', #4269, 0.7916666666666666297 ) ;
#4286 = DIRECTION ( 'NONE',  ( -1.000000000000000000, 0.000000000000000000, 0.000000000000000000 ) ) ;
#4287 = ORIENTED_EDGE ( 'NONE', *, *, #4226, .T. ) ;
#4288 = AXIS2_PLACEMENT_3D ( 'NONE', #776, #3961, #3022 ) ;
#4289 = CARTESIAN_POINT ( 'NONE',  ( 0.2500000000000000000, -0.5467945189019411956, 0.4338430062808371623 ) ) ;
#4290 = CYLINDRICAL_SURFACE ( 'NONE', #4840, 0.6979999999999999538 ) ;
#4291 = EDGE_LOOP ( 'NONE', ( #3876, #243, #4798, #1132 ) ) ;
#4292 = VERTEX_POINT ( 'NONE', #4018 ) ;
#4293 = CARTESIAN_POINT ( 'NONE',  ( 0.000000000000000000, 0.7678191963401481690, 0.1928465525817873449 ) ) ;
#4294 = ADVANCED_FACE ( 'NONE', ( #2633 ), #2225, .T. ) ;
#4295 = DIRECTION ( 'NONE',  ( -0.5000000000000001110, 0.8660254037844385966, 0.000000000000000000 ) ) ;
#4296 = ORIENTED_EDGE ( 'NONE', *, *, #5281, .T. ) ;
#4297 = VERTEX_POINT ( 'NONE', #2663 ) ;
#4298 =( NAMED_UNIT ( * ) PLANE_ANGLE_UNIT ( ) SI_UNIT ( $, .RADIAN. ) );
#4299 = DIRECTION ( 'NONE',  ( -1.000000000000000000, 0.000000000000000000, 0.000000000000000000 ) ) ;
#4300 = DIRECTION ( 'NONE',  ( -1.000000000000000000, 0.000000000000000000, 0.000000000000000000 ) ) ;
#4301 = EDGE_CURVE ( 'NONE', #831, #2351, #3802, .T. ) ;
#4302 = PRESENTATION_LAYER_ASSIGNMENT (  '', '', ( #2056 ) ) ;
#4303 = LINE ( 'NONE', #271, #4034 ) ;
#4304 = DIRECTION ( 'NONE',  ( 0.000000000000000000, 0.9848077530122075762, 0.1736481776669338839 ) ) ;
#4305 = CARTESIAN_POINT ( 'NONE',  ( 0.2500000000000000000, 0.000000000000000000, 0.000000000000000000 ) ) ;
#4306 = ORIENTED_EDGE ( 'NONE', *, *, #4137, .F. ) ;
#4307 = AXIS2_PLACEMENT_3D ( 'NONE', #5156, #4808, #1985 ) ;
#4308 = CIRCLE ( 'NONE', #2806, 0.2999999999999998779 ) ;
#4309 = ORIENTED_EDGE ( 'NONE', *, *, #3092, .T. ) ;
#4310 = ORIENTED_EDGE ( 'NONE', *, *, #5130, .T. ) ;
#4311 = AXIS2_PLACEMENT_3D ( 'NONE', #458, #4461, #429 ) ;
#4312 = DIRECTION ( 'NONE',  ( 0.000000000000000000, -0.9848077530122062440, -0.1736481776669404897 ) ) ;
#4313 = CARTESIAN_POINT ( 'NONE',  ( 0.2500000000000000000, 0.5682702633123917213, -0.4168559794536897400 ) ) ;
#4314 = DIRECTION ( 'NONE',  ( 1.000000000000000000, 0.000000000000000000, 0.000000000000000000 ) ) ;
#4315 = EDGE_CURVE ( 'NONE', #2786, #4949, #4809, .T. ) ;
#4316 = VERTEX_POINT ( 'NONE', #5248 ) ;
#4317 = CARTESIAN_POINT ( 'NONE',  ( 0.000000000000000000, 0.2566164408787477980, 0.6491163241443893561 ) ) ;
#4318 = DIRECTION ( 'NONE',  ( 1.000000000000000000, -0.000000000000000000, -0.000000000000000000 ) ) ;
#4319 = CARTESIAN_POINT ( 'NONE',  ( -0.09814954576223630656, -0.1700000000000000400, 0.5000000000000000000 ) ) ;
#4320 = ORIENTED_EDGE ( 'NONE', *, *, #983, .F. ) ;
#4321 = DIRECTION ( 'NONE',  ( -1.000000000000000000, -0.000000000000000000, 0.000000000000000000 ) ) ;
#4322 = DIRECTION ( 'NONE',  ( 1.000000000000000000, 0.000000000000000000, -0.000000000000000000 ) ) ;
#4323 = VERTEX_POINT ( 'NONE', #889 ) ;
#4324 = EDGE_CURVE ( 'NONE', #2890, #5244, #414, .T. ) ;
#4325 = DIRECTION ( 'NONE',  ( -1.000000000000000000, 0.000000000000000000, 0.000000000000000000 ) ) ;
#4326 = DIRECTION ( 'NONE',  ( -1.000000000000000000, 0.000000000000000000, 0.000000000000000000 ) ) ;
#4327 = ORIENTED_EDGE ( 'NONE', *, *, #4806, .F. ) ;
#4328 = CARTESIAN_POINT ( 'NONE',  ( 0.2500000000000000000, 0.3118439048090027588, -0.6320232422980214260 ) ) ;
#4329 = DIRECTION ( 'NONE',  ( -1.000000000000000000, 0.000000000000000000, -0.000000000000000000 ) ) ;
#4330 = CYLINDRICAL_SURFACE ( 'NONE', #4495, 0.6979999999999999538 ) ;
#4331 = ORIENTED_EDGE ( 'NONE', *, *, #737, .F. ) ;
#4332 = AXIS2_PLACEMENT_3D ( 'NONE', #1722, #4854, #2147 ) ;
#4333 = ORIENTED_EDGE ( 'NONE', *, *, #125, .T. ) ;
#4334 = ORIENTED_EDGE ( 'NONE', *, *, #4875, .T. ) ;
#4335 = EDGE_CURVE ( 'NONE', #5798, #5150, #329, .T. ) ;
#4336 = ORIENTED_EDGE ( 'NONE', *, *, #1095, .T. ) ;
#4337 = DIRECTION ( 'NONE',  ( 1.000000000000000000, 0.000000000000000000, 0.000000000000000000 ) ) ;
#4338 = DIRECTION ( 'NONE',  ( -1.000000000000000000, 0.000000000000000000, 0.000000000000000000 ) ) ;
#4339 = CARTESIAN_POINT ( 'NONE',  ( -0.09814954576223630656, -0.1700000000000000400, 0.000000000000000000 ) ) ;
#4340 = ADVANCED_FACE ( 'NONE', ( #2133 ), #5371, .T. ) ;
#4341 = ORIENTED_EDGE ( 'NONE', *, *, #1274, .T. ) ;
#4342 = CARTESIAN_POINT ( 'NONE',  ( 0.000000000000000000, 0.000000000000000000, 0.000000000000000000 ) ) ;
#4343 = DIRECTION ( 'NONE',  ( -1.000000000000000000, 0.000000000000000000, 0.000000000000000000 ) ) ;
#4344 = CARTESIAN_POINT ( 'NONE',  ( 0.2500000000000000000, 0.000000000000000000, 0.000000000000000000 ) ) ;
#4345 = VERTEX_POINT ( 'NONE', #3483 ) ;
#4346 = VERTEX_POINT ( 'NONE', #5277 ) ;
#4347 = AXIS2_PLACEMENT_3D ( 'NONE', #3556, #5356, #5 ) ;
#4348 = ORIENTED_EDGE ( 'NONE', *, *, #1748, .F. ) ;
#4349 = EDGE_CURVE ( 'NONE', #3152, #3119, #1066, .T. ) ;
#4350 = DIRECTION ( 'NONE',  ( 1.000000000000000000, 0.000000000000000000, 0.000000000000000000 ) ) ;
#4351 = VECTOR ( 'NONE', #5378, 39.37007874015748143 ) ;
#4352 = DIRECTION ( 'NONE',  ( 0.000000000000000000, 0.000000000000000000, -1.000000000000000000 ) ) ;
#4353 = VECTOR ( 'NONE', #3017, 39.37007874015748143 ) ;
#4354 = ORIENTED_EDGE ( 'NONE', *, *, #4137, .T. ) ;
#4355 = CARTESIAN_POINT ( 'NONE',  ( 0.1250000000000000278, -0.7896417498925583089, 0.05658637590206103823 ) ) ;
#4356 = AXIS2_PLACEMENT_3D ( 'NONE', #1367, #5748, #2705 ) ;
#4357 = ORIENTED_EDGE ( 'NONE', *, *, #5405, .F. ) ;
#4358 = DIRECTION ( 'NONE',  ( 0.000000000000000000, 0.000000000000000000, -1.000000000000000000 ) ) ;
#4359 = DIRECTION ( 'NONE',  ( -1.000000000000000000, -0.000000000000000000, -0.000000000000000000 ) ) ;
#4360 = FACE_OUTER_BOUND ( 'NONE', #2124, .T. ) ;
#4361 = AXIS2_PLACEMENT_3D ( 'NONE', #2105, #4836, #799 ) ;
#4362 = ORIENTED_EDGE ( 'NONE', *, *, #3505, .T. ) ;
#4363 = AXIS2_PLACEMENT_3D ( 'NONE', #5687, #2596, #3439 ) ;
#4364 = APPLICATION_CONTEXT ( 'automotive_design' ) ;
#4365 = ORIENTED_EDGE ( 'NONE', *, *, #3774, .T. ) ;
#4366 = ORIENTED_EDGE ( 'NONE', *, *, #1102, .F. ) ;
#4367 = AXIS2_PLACEMENT_3D ( 'NONE', #3450, #3067, #4447 ) ;
#4368 = LINE ( 'NONE', #3132, #5242 ) ;
#4369 = FACE_OUTER_BOUND ( 'NONE', #1220, .T. ) ;
#4370 = ADVANCED_FACE ( 'NONE', ( #4422 ), #389, .T. ) ;
#4371 = ADVANCED_FACE ( 'NONE', ( #1706 ), #5764, .T. ) ;
#4372 = CARTESIAN_POINT ( 'NONE',  ( 0.000000000000000000, -0.7032701360167952220, 0.3459468775690811015 ) ) ;
#4373 = ORIENTED_EDGE ( 'NONE', *, *, #989, .T. ) ;
#4374 = CARTESIAN_POINT ( 'NONE',  ( 0.000000000000000000, 0.000000000000000000, 0.000000000000000000 ) ) ;
#4375 = CARTESIAN_POINT ( 'NONE',  ( 0.000000000000000000, 0.000000000000000000, 0.000000000000000000 ) ) ;
#4376 = EDGE_CURVE ( 'NONE', #4478, #5701, #4832, .T. ) ;
#4377 = FACE_OUTER_BOUND ( 'NONE', #1785, .T. ) ;
#4378 = ORIENTED_EDGE ( 'NONE', *, *, #3710, .T. ) ;
#4379 = AXIS2_PLACEMENT_3D ( 'NONE', #5394, #1465, #5199 ) ;
#4380 = CARTESIAN_POINT ( 'NONE',  ( 0.000000000000000000, 0.000000000000000000, 0.000000000000000000 ) ) ;
#4381 = AXIS2_PLACEMENT_3D ( 'NONE', #1625, #3789, #2084 ) ;
#4382 = SHAPE_DEFINITION_REPRESENTATION ( #608, #1025 ) ;
#4383 = EDGE_CURVE ( 'NONE', #723, #3834, #2605, .T. ) ;
#4384 = CARTESIAN_POINT ( 'NONE',  ( 0.000000000000000000, 0.3232471843463820549, -0.7226668450422000234 ) ) ;
#4385 = ORIENTED_EDGE ( 'NONE', *, *, #1280, .T. ) ;
#4386 = CARTESIAN_POINT ( 'NONE',  ( 0.000000000000000000, 0.6491163241443883569, 0.2566164408787500184 ) ) ;
#4387 = CARTESIAN_POINT ( 'NONE',  ( 0.000000000000000000, 0.2837084945169489614, 0.6451429995825394004 ) ) ;
#4388 = FACE_OUTER_BOUND ( 'NONE', #3435, .T. ) ;
#4389 = DIRECTION ( 'NONE',  ( 0.000000000000000000, -0.5000000000000071054, 0.8660254037844347108 ) ) ;
#4390 = EDGE_LOOP ( 'NONE', ( #5768, #412, #2526, #5779 ) ) ;
#4391 = ORIENTED_EDGE ( 'NONE', *, *, #4090, .T. ) ;
#4392 = ORIENTED_EDGE ( 'NONE', *, *, #5320, .T. ) ;
#4393 = AXIS2_PLACEMENT_3D ( 'NONE', #3484, #3987, #5823 ) ;
#4394 = CARTESIAN_POINT ( 'NONE',  ( 0.2500000000000000000, -0.6451429995825364028, -0.2837084945169554007 ) ) ;
#4395 = DIRECTION ( 'NONE',  ( 0.000000000000000000, 0.000000000000000000, 1.000000000000000000 ) ) ;
#4396 = CYLINDRICAL_SURFACE ( 'NONE', #4737, 0.2999999999999999334 ) ;
#4397 = AXIS2_PLACEMENT_3D ( 'NONE', #4242, #4772, #3835 ) ;
#4398 = VECTOR ( 'NONE', #3252, 39.37007874015748143 ) ;
#4399 = ORIENTED_EDGE ( 'NONE', *, *, #1166, .T. ) ;
#4400 = CIRCLE ( 'NONE', #1009, 0.6980000000000000648 ) ;
#4401 = CARTESIAN_POINT ( 'NONE',  ( 0.2500000000000000000, 0.000000000000000000, 0.000000000000000000 ) ) ;
#4402 = ADVANCED_FACE ( 'NONE', ( #4388 ), #3986, .T. ) ;
#4403 = CARTESIAN_POINT ( 'NONE',  ( 0.2500000000000000000, 0.3914262312078063411, -0.5860763647289342071 ) ) ;
#4404 = CIRCLE ( 'NONE', #559, 0.2999999999999998779 ) ;
#4405 = CARTESIAN_POINT ( 'NONE',  ( 0.000000000000000000, 0.6838157659421498780, -0.1399999937462527433 ) ) ;
#4406 = VECTOR ( 'NONE', #4723, 39.37007874015748143 ) ;
#4407 = EDGE_CURVE ( 'NONE', #646, #4267, #5310, .T. ) ;
#4408 = ORIENTED_EDGE ( 'NONE', *, *, #4961, .T. ) ;
#4409 = EDGE_CURVE ( 'NONE', #3352, #3871, #3144, .T. ) ;
#4410 = CARTESIAN_POINT ( 'NONE',  ( 0.000000000000000000, 0.000000000000000000, 0.000000000000000000 ) ) ;
#4411 = FACE_OUTER_BOUND ( 'NONE', #5617, .T. ) ;
#4412 = EDGE_CURVE ( 'NONE', #2799, #1019, #2802, .T. ) ;
#4413 = ORIENTED_EDGE ( 'NONE', *, *, #1528, .T. ) ;
#4414 = DIRECTION ( 'NONE',  ( 1.000000000000000000, 0.000000000000000000, 0.000000000000000000 ) ) ;
#4415 = EDGE_CURVE ( 'NONE', #3787, #1540, #1468, .T. ) ;
#4416 = CARTESIAN_POINT ( 'NONE',  ( 0.000000000000000000, -0.3458156359069970431, 0.7121430032467848115 ) ) ;
#4417 = EDGE_LOOP ( 'NONE', ( #4013, #4756, #4680, #1294 ) ) ;
#4418 = CARTESIAN_POINT ( 'NONE',  ( 0.1250000000000000278, 0.7874714384524875710, 0.08139314917535063476 ) ) ;
#4419 = VECTOR ( 'NONE', #4321, 39.37007874015748143 ) ;
#4420 = ORIENTED_EDGE ( 'NONE', *, *, #1471, .F. ) ;
#4421 = DIRECTION ( 'NONE',  ( 0.000000000000000000, -0.3420201433256757628, 0.9396926207859057634 ) ) ;
#4422 = FACE_OUTER_BOUND ( 'NONE', #5489, .T. ) ;
#4423 = DIRECTION ( 'NONE',  ( -1.000000000000000000, 0.000000000000000000, 0.000000000000000000 ) ) ;
#4424 = ORIENTED_EDGE ( 'NONE', *, *, #1627, .T. ) ;
#4425 = ORIENTED_EDGE ( 'NONE', *, *, #494, .T. ) ;
#4426 = AXIS2_PLACEMENT_3D ( 'NONE', #1867, #582, #4109 ) ;
#4427 = DIRECTION ( 'NONE',  ( -0.000000000000000000, -0.000000000000000000, 1.000000000000000000 ) ) ;
#4428 = EDGE_CURVE ( 'NONE', #4924, #2541, #5113, .T. ) ;
#4429 = CIRCLE ( 'NONE', #2376, 0.6979999999999999538 ) ;
#4430 = DIRECTION ( 'NONE',  ( -1.000000000000000000, 0.000000000000000000, -0.000000000000000000 ) ) ;
#4431 = AXIS2_PLACEMENT_3D ( 'NONE', #344, #2595, #3469 ) ;
#4432 = DIRECTION ( 'NONE',  ( -1.000000000000000000, 0.000000000000000000, 0.000000000000000000 ) ) ;
#4433 = ORIENTED_EDGE ( 'NONE', *, *, #2751, .F. ) ;
#4434 = AXIS2_PLACEMENT_3D ( 'NONE', #4410, #1225, #2651 ) ;
#4435 = DIRECTION ( 'NONE',  ( 0.000000000000000000, 0.8660254037844363761, 0.5000000000000041078 ) ) ;
#4436 = DIRECTION ( 'NONE',  ( 0.000000000000000000, 0.6427876096865354771, 0.7660444431189813441 ) ) ;
#4437 = DIRECTION ( 'NONE',  ( -1.000000000000000000, 0.000000000000000000, -0.000000000000000000 ) ) ;
#4438 = CARTESIAN_POINT ( 'NONE',  ( 0.1250000000000000278, 0.7874714384524887922, -0.08139314917533992111 ) ) ;
#4439 = EDGE_CURVE ( 'NONE', #2447, #944, #612, .T. ) ;
#4440 = EDGE_LOOP ( 'NONE', ( #1078, #2183, #5369, #476 ) ) ;
#4441 = CYLINDRICAL_SURFACE ( 'NONE', #391, 0.6979999999999999538 ) ;
#4442 = CYLINDRICAL_SURFACE ( 'NONE', #742, 0.6979999999999999538 ) ;
#4443 = ORIENTED_EDGE ( 'NONE', *, *, #3482, .F. ) ;
#4444 = EDGE_CURVE ( 'NONE', #2560, #3665, #5693, .T. ) ;
#4445 = CARTESIAN_POINT ( 'NONE',  ( 0.000000000000000000, 0.1700000000000000955, 0.09814954576223637595 ) ) ;
#4446 = ORIENTED_EDGE ( 'NONE', *, *, #2335, .F. ) ;
#4447 = DIRECTION ( 'NONE',  ( 0.000000000000000000, 0.000000000000000000, 1.000000000000000000 ) ) ;
#4448 = ORIENTED_EDGE ( 'NONE', *, *, #1594, .T. ) ;
#4449 = VECTOR ( 'NONE', #292, 39.37007874015748143 ) ;
#4450 = CARTESIAN_POINT ( 'NONE',  ( 0.2500000000000000000, -0.5509196117381485180, -0.5685276532530312288 ) ) ;
#4451 = EDGE_CURVE ( 'NONE', #3399, #4267, #3617, .T. ) ;
#4452 = CARTESIAN_POINT ( 'NONE',  ( 0.2500000000000000000, 0.000000000000000000, 0.000000000000000000 ) ) ;
#4453 = FACE_OUTER_BOUND ( 'NONE', #2394, .T. ) ;
#4454 = VERTEX_POINT ( 'NONE', #3156 ) ;
#4455 = VECTOR ( 'NONE', #4702, 39.37007874015748143 ) ;
#4456 = ORIENTED_EDGE ( 'NONE', *, *, #1561, .F. ) ;
#4457 = AXIS2_PLACEMENT_3D ( 'NONE', #2238, #2178, #4855 ) ;
#4458 = ORIENTED_EDGE ( 'NONE', *, *, #1311, .T. ) ;
#4459 = DIRECTION ( 'NONE',  ( 0.000000000000000000, 0.000000000000000000, -1.000000000000000000 ) ) ;
#4460 = CIRCLE ( 'NONE', #5305, 0.6979999999999999538 ) ;
#4461 = DIRECTION ( 'NONE',  ( -1.000000000000000000, -0.000000000000000000, 0.000000000000000000 ) ) ;
#4462 = CIRCLE ( 'NONE', #2858, 0.2999999999999998224 ) ;
#4463 = DIRECTION ( 'NONE',  ( -1.000000000000000000, -0.000000000000000000, -0.000000000000000000 ) ) ;
#4464 = EDGE_CURVE ( 'NONE', #1428, #864, #2019, .T. ) ;
#4465 = VERTEX_POINT ( 'NONE', #5071 ) ;
#4466 = CYLINDRICAL_SURFACE ( 'NONE', #2141, 0.6979999999999999538 ) ;
#4467 = CARTESIAN_POINT ( 'NONE',  ( 0.2500000000000000000, 0.7874714384524876820, 0.08139314917535056537 ) ) ;
#4468 = DIRECTION ( 'NONE',  ( 0.000000000000000000, 0.1736481776669241417, 0.9848077530122092416 ) ) ;
#4469 = VECTOR ( 'NONE', #1676, 39.37007874015748143 ) ;
#4470 = DIRECTION ( 'NONE',  ( -1.000000000000000000, -0.000000000000000000, -0.000000000000000000 ) ) ;
#4471 = ORIENTED_EDGE ( 'NONE', *, *, #3857, .F. ) ;
#4472 = CARTESIAN_POINT ( 'NONE',  ( 0.2500000000000000000, 0.7005644739706470281, 0.2231272637298477024 ) ) ;
#4473 = CARTESIAN_POINT ( 'NONE',  ( 0.000000000000000000, 0.3654357273093196135, 0.5946938113062119058 ) ) ;
#4474 = ORIENTED_EDGE ( 'NONE', *, *, #3566, .T. ) ;
#4475 = ORIENTED_EDGE ( 'NONE', *, *, #2617, .F. ) ;
#4476 = AXIS2_PLACEMENT_3D ( 'NONE', #3027, #5093, #2535 ) ;
#4477 = DIRECTION ( 'NONE',  ( -1.000000000000000000, 0.000000000000000000, 0.000000000000000000 ) ) ;
#4478 = VERTEX_POINT ( 'NONE', #5011 ) ;
#4479 = EDGE_CURVE ( 'NONE', #4739, #3114, #2372, .T. ) ;
#4480 = DIRECTION ( 'NONE',  ( -1.000000000000000000, -0.000000000000000000, 0.000000000000000000 ) ) ;
#4481 = CIRCLE ( 'NONE', #4197, 0.2999999999999998779 ) ;
#4482 = EDGE_CURVE ( 'NONE', #1655, #2984, #2679, .T. ) ;
#4483 = VERTEX_POINT ( 'NONE', #942 ) ;
#4484 = CARTESIAN_POINT ( 'NONE',  ( 0.2500000000000000000, 0.000000000000000000, 0.000000000000000000 ) ) ;
#4485 = DIRECTION ( 'NONE',  ( 0.000000000000000000, 0.000000000000000000, 1.000000000000000000 ) ) ;
#4486 = AXIS2_PLACEMENT_3D ( 'NONE', #372, #2176, #5322 ) ;
#4487 = ORIENTED_EDGE ( 'NONE', *, *, #2723, .F. ) ;
#4488 = EDGE_CURVE ( 'NONE', #692, #1184, #4460, .T. ) ;
#4489 = DIRECTION ( 'NONE',  ( 0.000000000000000000, -0.9848077530122097967, 0.1736481776669207278 ) ) ;
#4490 = CARTESIAN_POINT ( 'NONE',  ( 0.000000000000000000, 0.000000000000000000, 0.000000000000000000 ) ) ;
#4491 = CARTESIAN_POINT ( 'NONE',  ( 0.000000000000000000, 0.6765725148856274185, 0.1973566109173126859 ) ) ;
#4492 = EDGE_CURVE ( 'NONE', #1139, #4064, #1918, .T. ) ;
#4493 = DIRECTION ( 'NONE',  ( 0.000000000000000000, -0.9396926207859115365, 0.3420201433256599977 ) ) ;
#4494 = EDGE_LOOP ( 'NONE', ( #4801, #2067, #5224, #3310 ) ) ;
#4495 = AXIS2_PLACEMENT_3D ( 'NONE', #4305, #240, #300 ) ;
#4496 = ORIENTED_EDGE ( 'NONE', *, *, #5327, .F. ) ;
#4497 = AXIS2_PLACEMENT_3D ( 'NONE', #5194, #725, #4312 ) ;
#4498 = FACE_OUTER_BOUND ( 'NONE', #837, .T. ) ;
#4499 = DIRECTION ( 'NONE',  ( 0.000000000000000000, 0.9848077530122086864, -0.1736481776669273058 ) ) ;
#4500 = CARTESIAN_POINT ( 'NONE',  ( 0.2500000000000000000, 0.000000000000000000, 0.000000000000000000 ) ) ;
#4501 = ORIENTED_EDGE ( 'NONE', *, *, #4668, .F. ) ;
#4502 = AXIS2_PLACEMENT_3D ( 'NONE', #3721, #572, #2375 ) ;
#4503 = CARTESIAN_POINT ( 'NONE',  ( 0.2500000000000000000, 0.000000000000000000, 0.000000000000000000 ) ) ;
#4504 = DIRECTION ( 'NONE',  ( 0.000000000000000000, 0.000000000000000000, 1.000000000000000000 ) ) ;
#4505 = VECTOR ( 'NONE', #1283, 39.37007874015748143 ) ;
#4506 = VERTEX_POINT ( 'NONE', #5398 ) ;
#4507 = DIRECTION ( 'NONE',  ( -1.000000000000000000, -0.000000000000000000, -0.000000000000000000 ) ) ;
#4508 = PRODUCT_DEFINITION ( 'UNKNOWN', '', #4790, #2373 ) ;
#4509 = VERTEX_POINT ( 'NONE', #2718 ) ;
#4510 = CYLINDRICAL_SURFACE ( 'NONE', #4749, 0.2999999999999998779 ) ;
#4511 = VERTEX_POINT ( 'NONE', #4512 ) ;
#4512 = CARTESIAN_POINT ( 'NONE',  ( 0.2500000000000000000, 0.5467945189019383090, 0.4338430062808409371 ) ) ;
#4513 = DIRECTION ( 'NONE',  ( 0.000000000000000000, 0.000000000000000000, 1.000000000000000000 ) ) ;
#4514 = EDGE_CURVE ( 'NONE', #1773, #497, #16, .T. ) ;
#4515 = ORIENTED_EDGE ( 'NONE', *, *, #3046, .T. ) ;
#4516 = VECTOR ( 'NONE', #3777, 39.37007874015748143 ) ;
#4517 = DIRECTION ( 'NONE',  ( -1.000000000000000000, 0.000000000000000000, 0.000000000000000000 ) ) ;
#4518 = LINE ( 'NONE', #3277, #2937 ) ;
#4519 = CYLINDRICAL_SURFACE ( 'NONE', #1110, 0.2999999999999998779 ) ;
#4520 = DIRECTION ( 'NONE',  ( -0.8660254037844387076, 0.5000000000000001110, 0.000000000000000000 ) ) ;
#4521 = EDGE_CURVE ( 'NONE', #497, #3319, #1825, .T. ) ;
#4522 = VERTEX_POINT ( 'NONE', #3244 ) ;
#4523 = FACE_OUTER_BOUND ( 'NONE', #4250, .T. ) ;
#4524 = DIRECTION ( 'NONE',  ( 1.000000000000000000, -0.000000000000000000, -0.000000000000000000 ) ) ;
#4525 = EDGE_CURVE ( 'NONE', #2044, #1708, #1352, .T. ) ;
#4526 = DIRECTION ( 'NONE',  ( -1.000000000000000000, -0.000000000000000000, 0.000000000000000000 ) ) ;
#4527 = ORIENTED_EDGE ( 'NONE', *, *, #3988, .T. ) ;
#4528 = CIRCLE ( 'NONE', #5280, 0.6979999999999999538 ) ;
#4529 = EDGE_LOOP ( 'NONE', ( #3131, #3680, #1332, #3992 ) ) ;
#4530 = CARTESIAN_POINT ( 'NONE',  ( 0.2500000000000000000, -0.1673704187836227986, -0.6846072908519339473 ) ) ;
#4531 = DIRECTION ( 'NONE',  ( 0.000000000000000000, -0.8660254037844431485, 0.4999999999999919509 ) ) ;
#4532 = DIMENSIONAL_EXPONENTS ( 1.000000000000000000, 0.000000000000000000, 0.000000000000000000, 0.000000000000000000, 0.000000000000000000, 0.000000000000000000, 0.000000000000000000 ) ;
#4533 = ORIENTED_EDGE ( 'NONE', *, *, #152, .T. ) ;
#4534 = ORIENTED_EDGE ( 'NONE', *, *, #4839, .T. ) ;
#4535 = DIRECTION ( 'NONE',  ( -1.000000000000000000, -0.000000000000000000, -0.000000000000000000 ) ) ;
#4536 = EDGE_LOOP ( 'NONE', ( #1870, #381, #133, #862 ) ) ;
#4537 = CARTESIAN_POINT ( 'NONE',  ( 0.1250000000000000278, -0.7874714384524881261, 0.08139314917534541671 ) ) ;
#4538 = ORIENTED_EDGE ( 'NONE', *, *, #5831, .F. ) ;
#4539 = DIRECTION ( 'NONE',  ( -1.000000000000000000, -0.000000000000000000, -0.000000000000000000 ) ) ;
#4540 = VERTEX_POINT ( 'NONE', #5427 ) ;
#4541 = VERTEX_POINT ( 'NONE', #449 ) ;
#4542 = CYLINDRICAL_SURFACE ( 'NONE', #5064, 0.5000000000000000000 ) ;
#4543 = LINE ( 'NONE', #920, #1267 ) ;
#4544 = CIRCLE ( 'NONE', #4347, 0.7916666666666666297 ) ;
#4545 = CARTESIAN_POINT ( 'NONE',  ( 0.2500000000000000000, 0.08139314917534791471, 0.7874714384524881261 ) ) ;
#4546 = CARTESIAN_POINT ( 'NONE',  ( 0.2500000000000000000, 0.6555566273447256398, -0.4438261139855558257 ) ) ;
#4547 = DIRECTION ( 'NONE',  ( 0.000000000000000000, 0.8660254037844398178, -0.4999999999999980571 ) ) ;
#4548 = CIRCLE ( 'NONE', #3609, 0.2999999999999999334 ) ;
#4549 = AXIS2_PLACEMENT_3D ( 'NONE', #3178, #4507, #1909 ) ;
#4550 = EDGE_CURVE ( 'NONE', #3982, #431, #3425, .T. ) ;
#4551 = ORIENTED_EDGE ( 'NONE', *, *, #2043, .T. ) ;
#4552 = DIRECTION ( 'NONE',  ( 0.000000000000000000, 0.000000000000000000, 1.000000000000000000 ) ) ;
#4553 = AXIS2_PLACEMENT_3D ( 'NONE', #1408, #915, #4155 ) ;
#4554 = EDGE_CURVE ( 'NONE', #1013, #1540, #21, .T. ) ;
#4555 = VECTOR ( 'NONE', #1099, 39.37007874015748143 ) ;
#4556 = EDGE_CURVE ( 'NONE', #3577, #2044, #787, .T. ) ;
#4557 = CARTESIAN_POINT ( 'NONE',  ( 0.000000000000000000, -0.6451429995825364028, -0.2837084945169554007 ) ) ;
#4558 = VERTEX_POINT ( 'NONE', #3863 ) ;
#4559 = ORIENTED_EDGE ( 'NONE', *, *, #3346, .T. ) ;
#4560 = EDGE_LOOP ( 'NONE', ( #2540, #2871, #1990, #4156 ) ) ;
#4561 = EDGE_CURVE ( 'NONE', #2665, #5454, #1632, .T. ) ;
#4562 = CIRCLE ( 'NONE', #2028, 0.6979999999999999538 ) ;
#4563 = CARTESIAN_POINT ( 'NONE',  ( 0.2500000000000000000, -0.6838157659421487677, 0.1399999937462575172 ) ) ;
#4564 = CARTESIAN_POINT ( 'NONE',  ( 0.1250000000000000000, 0.7121430032467859217, 0.3458156359069944896 ) ) ;
#4565 = VERTEX_POINT ( 'NONE', #142 ) ;
#4566 = CARTESIAN_POINT ( 'NONE',  ( 0.2500000000000000000, -0.6412736958668493470, -0.4642242541061190608 ) ) ;
#4567 = ORIENTED_EDGE ( 'NONE', *, *, #4492, .F. ) ;
#4568 = DIRECTION ( 'NONE',  ( 0.000000000000000000, -0.9396926207859115365, 0.3420201433256599977 ) ) ;
#4569 = DIRECTION ( 'NONE',  ( -1.000000000000000000, 0.000000000000000000, 0.000000000000000000 ) ) ;
#4570 = EDGE_CURVE ( 'NONE', #5012, #2846, #3354, .T. ) ;
#4571 = ORIENTED_EDGE ( 'NONE', *, *, #3224, .T. ) ;
#4572 = DIRECTION ( 'NONE',  ( -1.000000000000000000, 0.000000000000000000, -0.000000000000000000 ) ) ;
#4573 = EDGE_LOOP ( 'NONE', ( #4193, #2574, #1462, #2029 ) ) ;
#4574 = CYLINDRICAL_SURFACE ( 'NONE', #4608, 0.2999999999999998224 ) ;
#4575 = LINE ( 'NONE', #544, #2744 ) ;
#4576 = DIRECTION ( 'NONE',  ( -1.000000000000000000, 0.000000000000000000, 0.000000000000000000 ) ) ;
#4577 = CARTESIAN_POINT ( 'NONE',  ( 0.000000000000000000, 0.000000000000000000, 0.000000000000000000 ) ) ;
#4578 = DIRECTION ( 'NONE',  ( 0.000000000000000000, 0.000000000000000000, 1.000000000000000000 ) ) ;
#4579 = EDGE_LOOP ( 'NONE', ( #4456, #2420, #3426, #3329 ) ) ;
#4580 = ORIENTED_EDGE ( 'NONE', *, *, #4055, .T. ) ;
#4581 = CARTESIAN_POINT ( 'NONE',  ( 0.2500000000000000000, 0.000000000000000000, 0.000000000000000000 ) ) ;
#4582 = FILL_AREA_STYLE_COLOUR ( '', #3421 ) ;
#4583 = DIRECTION ( 'NONE',  ( 0.000000000000000000, 0.000000000000000000, 1.000000000000000000 ) ) ;
#4584 = ORIENTED_EDGE ( 'NONE', *, *, #1523, .T. ) ;
#4585 = ADVANCED_FACE ( 'NONE', ( #1945 ), #261, .T. ) ;
#4586 = ORIENTED_EDGE ( 'NONE', *, *, #5208, .T. ) ;
#4587 = CIRCLE ( 'NONE', #2531, 0.2999999999999999334 ) ;
#4588 = CYLINDRICAL_SURFACE ( 'NONE', #1885, 0.2999999999999998779 ) ;
#4589 = CARTESIAN_POINT ( 'NONE',  ( 0.000000000000000000, 0.3323020844099149329, -0.6138235289534162975 ) ) ;
#4590 = VERTEX_POINT ( 'NONE', #1055 ) ;
#4591 = CIRCLE ( 'NONE', #1390, 0.2999999999999998779 ) ;
#4592 = ADVANCED_FACE ( 'NONE', ( #596 ), #2401, .T. ) ;
#4593 = AXIS2_PLACEMENT_3D ( 'NONE', #5013, #5429, #1855 ) ;
#4594 = ADVANCED_FACE ( 'NONE', ( #3778 ), #202, .T. ) ;
#4595 = AXIS2_PLACEMENT_3D ( 'NONE', #2839, #1449, #1362 ) ;
#4596 = CARTESIAN_POINT ( 'NONE',  ( -0.3937007874015748254, 0.000000000000000000, 0.000000000000000000 ) ) ;
#4597 = ORIENTED_EDGE ( 'NONE', *, *, #4082, .F. ) ;
#4598 = VECTOR ( 'NONE', #2298, 39.37007874015748143 ) ;
#4599 = DIRECTION ( 'NONE',  ( 0.000000000000000000, 0.000000000000000000, 1.000000000000000000 ) ) ;
#4600 = CIRCLE ( 'NONE', #1302, 0.2999999999999998779 ) ;
#4601 = CARTESIAN_POINT ( 'NONE',  ( 0.2500000000000000000, 0.5092020961019999570, 0.4872506799346302264 ) ) ;
#4602 = VERTEX_POINT ( 'NONE', #4744 ) ;
#4603 = EDGE_CURVE ( 'NONE', #855, #959, #4087, .T. ) ;
#4604 = DIRECTION ( 'NONE',  ( 0.000000000000000000, 0.000000000000000000, 1.000000000000000000 ) ) ;
#4605 = DIRECTION ( 'NONE',  ( -1.000000000000000000, 0.000000000000000000, 0.000000000000000000 ) ) ;
#4606 = DIRECTION ( 'NONE',  ( 0.000000000000000000, 0.000000000000000000, -1.000000000000000000 ) ) ;
#4607 = DIRECTION ( 'NONE',  ( 0.000000000000000000, 0.5000000000000008882, -0.8660254037844381525 ) ) ;
#4608 = AXIS2_PLACEMENT_3D ( 'NONE', #84, #574, #116 ) ;
#4609 = DIRECTION ( 'NONE',  ( 0.000000000000000000, 0.000000000000000000, 1.000000000000000000 ) ) ;
#4610 = DIRECTION ( 'NONE',  ( -1.000000000000000000, 0.000000000000000000, 0.000000000000000000 ) ) ;
#4611 = ORIENTED_EDGE ( 'NONE', *, *, #1805, .F. ) ;
#4612 = EDGE_CURVE ( 'NONE', #1114, #242, #5118, .T. ) ;
#4613 = FACE_OUTER_BOUND ( 'NONE', #3737, .T. ) ;
#4614 = CIRCLE ( 'NONE', #2173, 0.6979999999999999538 ) ;
#4615 = LINE ( 'NONE', #5084, #317 ) ;
#4616 = DIRECTION ( 'NONE',  ( 0.000000000000000000, 0.000000000000000000, 1.000000000000000000 ) ) ;
#4617 = ORIENTED_EDGE ( 'NONE', *, *, #2579, .T. ) ;
#4618 = EDGE_CURVE ( 'NONE', #4064, #2304, #2069, .T. ) ;
#4619 = EDGE_LOOP ( 'NONE', ( #4794, #4819, #1638, #2438 ) ) ;
#4620 = DIRECTION ( 'NONE',  ( 1.000000000000000000, 0.000000000000000000, 0.000000000000000000 ) ) ;
#4621 = CARTESIAN_POINT ( 'NONE',  ( 0.2500000000000000000, 0.5467945189019443042, -0.4338430062808334986 ) ) ;
#4622 = ORIENTED_EDGE ( 'NONE', *, *, #1889, .F. ) ;
#4623 = CIRCLE ( 'NONE', #2467, 0.2999999999999999334 ) ;
#4624 = DIRECTION ( 'NONE',  ( -1.000000000000000000, 0.000000000000000000, 0.000000000000000000 ) ) ;
#4625 = EDGE_LOOP ( 'NONE', ( #987, #626, #4725, #5783 ) ) ;
#4627 = CARTESIAN_POINT ( 'NONE',  ( 0.2500000000000000000, -0.7005644739706468060, -0.07687273627015694943 ) ) ;
#4626 = AXIS2_PLACEMENT_3D ( 'NONE', #104, #2682, #2297 ) ;
#4628 = AXIS2_PLACEMENT_3D ( 'NONE', #2409, #4960, #575 ) ;
#4629 = ADVANCED_FACE ( 'NONE', ( #4270 ), #4658, .T. ) ;
#4630 = CARTESIAN_POINT ( 'NONE',  ( 0.1962990915244727796, -3.414809992080329023E-17, 0.000000000000000000 ) ) ;
#4631 = ORIENTED_EDGE ( 'NONE', *, *, #5353, .F. ) ;
#4632 = CARTESIAN_POINT ( 'NONE',  ( 0.000000000000000000, 0.1700000000000000955, -0.09814954576223638982 ) ) ;
#4633 = CARTESIAN_POINT ( 'NONE',  ( 0.2500000000000000000, 0.7121430032467862548, 0.3458156359069944896 ) ) ;
#4634 = LINE ( 'NONE', #1418, #1045 ) ;
#4635 = ADVANCED_FACE ( 'NONE', ( #1557 ), #4684, .F. ) ;
#4636 = LINE ( 'NONE', #3278, #3873 ) ;
#4637 = DIRECTION ( 'NONE',  ( -1.000000000000000000, -0.000000000000000000, -0.000000000000000000 ) ) ;
#4638 = CYLINDRICAL_SURFACE ( 'NONE', #914, 0.7916666666666666297 ) ;
#4639 = VERTEX_POINT ( 'NONE', #1525 ) ;
#4640 = ORIENTED_EDGE ( 'NONE', *, *, #3710, .F. ) ;
#4641 = FACE_OUTER_BOUND ( 'NONE', #1593, .T. ) ;
#4642 = DIRECTION ( 'NONE',  ( 0.000000000000000000, 0.1736481776669307475, -0.9848077530122080203 ) ) ;
#4643 = DIRECTION ( 'NONE',  ( 0.000000000000000000, 0.000000000000000000, -1.000000000000000000 ) ) ;
#4644 = ADVANCED_FACE ( 'NONE', ( #1113 ), #2831, .T. ) ;
#4645 = VERTEX_POINT ( 'NONE', #5125 ) ;
#4646 = ORIENTED_EDGE ( 'NONE', *, *, #4482, .F. ) ;
#4647 = AXIS2_PLACEMENT_3D ( 'NONE', #4939, #2701, #2234 ) ;
#4648 = AXIS2_PLACEMENT_3D ( 'NONE', #3764, #5442, #4642 ) ;
#4649 = PRODUCT_DEFINITION_SHAPE ( 'NONE', 'NONE',  #3574 ) ;
#4650 = DIRECTION ( 'NONE',  ( -1.000000000000000000, -0.000000000000000000, -0.000000000000000000 ) ) ;
#4651 = CYLINDRICAL_SURFACE ( 'NONE', #3808, 0.6979999999999999538 ) ;
#4652 = ORIENTED_EDGE ( 'NONE', *, *, #2782, .F. ) ;
#4653 = AXIS2_PLACEMENT_3D ( 'NONE', #5487, #2745, #3634 ) ;
#4654 = CIRCLE ( 'NONE', #885, 0.2999999999999998779 ) ;
#4655 = LINE ( 'NONE', #2966, #2927 ) ;
#4656 = ORIENTED_EDGE ( 'NONE', *, *, #1926, .F. ) ;
#4657 = CARTESIAN_POINT ( 'NONE',  ( 0.2500000000000000000, -0.6320232422980224252, -0.3118439048090005938 ) ) ;
#4658 = CYLINDRICAL_SURFACE ( 'NONE', #4826, 0.2999999999999998779 ) ;
#4659 = ORIENTED_EDGE ( 'NONE', *, *, #4283, .F. ) ;
#4660 = ORIENTED_EDGE ( 'NONE', *, *, #4153, .F. ) ;
#4661 = ADVANCED_FACE ( 'NONE', ( #5664 ), #1085, .T. ) ;
#4662 = CARTESIAN_POINT ( 'NONE',  ( 0.000000000000000000, -0.5092020961020032876, 0.4872506799346267847 ) ) ;
#4663 = CARTESIAN_POINT ( 'NONE',  ( 0.2500000000000000000, 0.5946938113062106845, 0.3654357273093216674 ) ) ;
#4664 = CYLINDRICAL_SURFACE ( 'NONE', #5446, 0.2999999999999999334 ) ;
#4665 = DIRECTION ( 'NONE',  ( -1.000000000000000000, 0.000000000000000000, -0.000000000000000000 ) ) ;
#4666 = EDGE_CURVE ( 'NONE', #3232, #3564, #309, .T. ) ;
#4667 = ORIENTED_EDGE ( 'NONE', *, *, #983, .T. ) ;
#4668 = EDGE_CURVE ( 'NONE', #2533, #2642, #779, .T. ) ;
#4669 = ORIENTED_EDGE ( 'NONE', *, *, #177, .T. ) ;
#4670 = LINE ( 'NONE', #278, #4953 ) ;
#4671 = ADVANCED_FACE ( 'NONE', ( #229 ), #1142, .F. ) ;
#4672 = CIRCLE ( 'NONE', #2233, 0.2999999999999998779 ) ;
#4673 = DIRECTION ( 'NONE',  ( 0.000000000000000000, 0.000000000000000000, 1.000000000000000000 ) ) ;
#4674 = DIRECTION ( 'NONE',  ( 0.000000000000000000, 0.5000000000000008882, -0.8660254037844381525 ) ) ;
#4675 = VERTEX_POINT ( 'NONE', #4913 ) ;
#4676 = AXIS2_PLACEMENT_3D ( 'NONE', #59, #5052, #4168 ) ;
#4677 = EDGE_LOOP ( 'NONE', ( #5226, #728, #2476, #803 ) ) ;
#4678 = CARTESIAN_POINT ( 'NONE',  ( 0.000000000000000000, -0.6846072908519333922, 0.1673704187836251300 ) ) ;
#4679 = DIRECTION ( 'NONE',  ( -1.000000000000000000, 0.000000000000000000, 0.000000000000000000 ) ) ;
#4680 = ORIENTED_EDGE ( 'NONE', *, *, #3, .T. ) ;
#4681 = VERTEX_POINT ( 'NONE', #2099 ) ;
#4682 = EDGE_CURVE ( 'NONE', #4965, #3352, #2109, .T. ) ;
#4683 = CARTESIAN_POINT ( 'NONE',  ( 0.2500000000000000000, -0.1673704187836227986, -0.6846072908519339473 ) ) ;
#4684 = PLANE ( 'NONE',  #600 ) ;
#4685 = ORIENTED_EDGE ( 'NONE', *, *, #1423, .F. ) ;
#4686 = CARTESIAN_POINT ( 'NONE',  ( -0.3937007874015748254, 0.000000000000000000, 0.000000000000000000 ) ) ;
#4687 = CIRCLE ( 'NONE', #2903, 0.6979999999999999538 ) ;
#4688 = AXIS2_PLACEMENT_3D ( 'NONE', #5247, #3452, #4748 ) ;
#4689 = DIRECTION ( 'NONE',  ( 0.000000000000000000, 0.000000000000000000, -1.000000000000000000 ) ) ;
#4690 = AXIS2_PLACEMENT_3D ( 'NONE', #3009, #5331, #3121 ) ;
#4691 = CARTESIAN_POINT ( 'NONE',  ( -0.09814954576223641758, 0.1699999999999999567, 0.000000000000000000 ) ) ;
#4692 = DIRECTION ( 'NONE',  ( -1.000000000000000000, 0.000000000000000000, -0.000000000000000000 ) ) ;
#4693 = AXIS2_PLACEMENT_3D ( 'NONE', #661, #4694, #3785 ) ;
#4694 = DIRECTION ( 'NONE',  ( 1.000000000000000000, 0.000000000000000000, 0.000000000000000000 ) ) ;
#4695 = ADVANCED_FACE ( 'NONE', ( #4769 ), #1642, .T. ) ;
#4696 = DIRECTION ( 'NONE',  ( 1.000000000000000000, -0.000000000000000000, -0.000000000000000000 ) ) ;
#4697 = EDGE_LOOP ( 'NONE', ( #219, #5163, #4237, #1694 ) ) ;
#4698 = ORIENTED_EDGE ( 'NONE', *, *, #276, .T. ) ;
#4699 = CARTESIAN_POINT ( 'NONE',  ( 0.000000000000000000, 0.6977378117192286622, 0.01912971764720918302 ) ) ;
#4700 = DIRECTION ( 'NONE',  ( 0.000000000000000000, -0.9396926207859115365, 0.3420201433256600532 ) ) ;
#4701 = EDGE_CURVE ( 'NONE', #1254, #4541, #874, .T. ) ;
#4702 = DIRECTION ( 'NONE',  ( -1.000000000000000000, 0.000000000000000000, -0.000000000000000000 ) ) ;
#4703 = ORIENTED_EDGE ( 'NONE', *, *, #2146, .F. ) ;
#4704 = VECTOR ( 'NONE', #4238, 39.37007874015748143 ) ;
#4705 = CARTESIAN_POINT ( 'NONE',  ( 0.2500000000000000000, 0.3232471843463820549, -0.7226668450422000234 ) ) ;
#4706 = EDGE_CURVE ( 'NONE', #5313, #764, #1716, .T. ) ;
#4707 = CARTESIAN_POINT ( 'NONE',  ( 0.000000000000000000, 0.2168995846019930451, 0.7613742058348140773 ) ) ;
#4708 = ORIENTED_EDGE ( 'NONE', *, *, #5716, .T. ) ;
#4709 = AXIS2_PLACEMENT_3D ( 'NONE', #214, #4337, #2470 ) ;
#4710 = ORIENTED_EDGE ( 'NONE', *, *, #3541, .T. ) ;
#4711 = LINE ( 'NONE', #2971, #377 ) ;
#4712 = CIRCLE ( 'NONE', #5474, 0.6979999999999999538 ) ;
#4713 = AXIS2_PLACEMENT_3D ( 'NONE', #2821, #589, #3293 ) ;
#4714 = CARTESIAN_POINT ( 'NONE',  ( 0.000000000000000000, 0.000000000000000000, 0.000000000000000000 ) ) ;
#4715 = EDGE_LOOP ( 'NONE', ( #44, #5460, #4811, #5326 ) ) ;
#4716 = CYLINDRICAL_SURFACE ( 'NONE', #4397, 0.7916666666666666297 ) ;
#4717 = EDGE_CURVE ( 'NONE', #2642, #212, #3039, .T. ) ;
#4718 = AXIS2_PLACEMENT_3D ( 'NONE', #2363, #4146, #5512 ) ;
#4719 = DIRECTION ( 'NONE',  ( 0.000000000000000000, 0.000000000000000000, -1.000000000000000000 ) ) ;
#4720 = DIRECTION ( 'NONE',  ( 0.000000000000000000, 0.000000000000000000, 1.000000000000000000 ) ) ;
#4721 = CIRCLE ( 'NONE', #2188, 0.7916666666666666297 ) ;
#4722 = DIRECTION ( 'NONE',  ( -1.000000000000000000, 0.000000000000000000, -0.000000000000000000 ) ) ;
#4723 = DIRECTION ( 'NONE',  ( -1.000000000000000000, 0.000000000000000000, -0.000000000000000000 ) ) ;
#4724 = SURFACE_STYLE_USAGE ( .BOTH. , #4220 ) ;
#4725 = ORIENTED_EDGE ( 'NONE', *, *, #1416, .T. ) ;
#4726 = ORIENTED_EDGE ( 'NONE', *, *, #78, .T. ) ;
#4727 = ORIENTED_EDGE ( 'NONE', *, *, #2914, .F. ) ;
#4728 = FACE_OUTER_BOUND ( 'NONE', #4573, .T. ) ;
#4729 = FACE_OUTER_BOUND ( 'NONE', #4579, .T. ) ;
#4730 = CARTESIAN_POINT ( 'NONE',  ( 0.1250000000000000000, 0.05658637590206386930, 0.7896417498925580869 ) ) ;
#4731 = EDGE_LOOP ( 'NONE', ( #2446, #4559, #4669, #1688 ) ) ;
#4732 = EDGE_CURVE ( 'NONE', #4067, #2498, #1344, .T. ) ;
#4733 = EDGE_CURVE ( 'NONE', #5007, #4074, #5295, .T. ) ;
#4734 = CIRCLE ( 'NONE', #1622, 0.7916666666666666297 ) ;
#4735 = DIRECTION ( 'NONE',  ( 0.000000000000000000, 0.000000000000000000, -1.000000000000000000 ) ) ;
#4736 = CARTESIAN_POINT ( 'NONE',  ( 0.000000000000000000, 0.5682702633123917213, -0.4168559794536897400 ) ) ;
#4737 = AXIS2_PLACEMENT_3D ( 'NONE', #4963, #4432, #3077 ) ;
#4738 = ADVANCED_FACE ( 'NONE', ( #4033, #1838 ), #5239, .T. ) ;
#4739 = VERTEX_POINT ( 'NONE', #3112 ) ;
#4740 = CARTESIAN_POINT ( 'NONE',  ( -0.3937007874015748254, 0.000000000000000000, 0.000000000000000000 ) ) ;
#4741 = AXIS2_PLACEMENT_3D ( 'NONE', #479, #2278, #4955 ) ;
#4742 = PRESENTATION_LAYER_ASSIGNMENT (  '', '', ( #1445 ) ) ;
#4743 = ORIENTED_EDGE ( 'NONE', *, *, #3797, .F. ) ;
#4744 = CARTESIAN_POINT ( 'NONE',  ( 0.2500000000000000000, 0.1023218052424569174, -0.6904594471595884020 ) ) ;
#4745 = VERTEX_POINT ( 'NONE', #1784 ) ;
#4746 = CARTESIAN_POINT ( 'NONE',  ( 0.2500000000000000000, 0.07687273627014977462, 0.7005644739706473612 ) ) ;
#4747 = DIRECTION ( 'NONE',  ( -1.000000000000000000, 0.000000000000000000, -0.000000000000000000 ) ) ;
#4748 = DIRECTION ( 'NONE',  ( 0.000000000000000000, 1.000000000000000000, 3.491481338843133355E-15 ) ) ;
#4749 = AXIS2_PLACEMENT_3D ( 'NONE', #14, #3270, #2305 ) ;
#4750 = ADVANCED_FACE ( 'NONE', ( #4969 ), #2732, .T. ) ;
#4751 = LINE ( 'NONE', #5554, #4406 ) ;
#4752 = DIRECTION ( 'NONE',  ( -1.000000000000000000, 0.000000000000000000, 0.000000000000000000 ) ) ;
#4753 = ORIENTED_EDGE ( 'NONE', *, *, #1454, .F. ) ;
#4754 = ORIENTED_EDGE ( 'NONE', *, *, #46, .T. ) ;
#4755 = ORIENTED_EDGE ( 'NONE', *, *, #1021, .T. ) ;
#4756 = ORIENTED_EDGE ( 'NONE', *, *, #3369, .T. ) ;
#4757 = DIRECTION ( 'NONE',  ( -1.000000000000000000, -0.000000000000000000, 0.000000000000000000 ) ) ;
#4758 = DIRECTION ( 'NONE',  ( 0.000000000000000000, -0.8660254037844328234, -0.5000000000000101030 ) ) ;
#4759 = CARTESIAN_POINT ( 'NONE',  ( 0.2500000000000000000, 0.000000000000000000, 0.000000000000000000 ) ) ;
#4760 = ORIENTED_EDGE ( 'NONE', *, *, #2335, .T. ) ;
#4761 = DIRECTION ( 'NONE',  ( -1.000000000000000000, -0.000000000000000000, -0.000000000000000000 ) ) ;
#4762 = CIRCLE ( 'NONE', #2137, 0.2999999999999999334 ) ;
#4763 = LINE ( 'NONE', #730, #4905 ) ;
#4764 = DIRECTION ( 'NONE',  ( 0.000000000000000000, 0.000000000000000000, 1.000000000000000000 ) ) ;
#4765 = EDGE_CURVE ( 'NONE', #883, #1693, #2484, .T. ) ;
#4766 = EDGE_LOOP ( 'NONE', ( #5695, #154, #1514, #2152 ) ) ;
#4767 = EDGE_LOOP ( 'NONE', ( #4930, #5373, #4433, #904 ) ) ;
#4768 = CARTESIAN_POINT ( 'NONE',  ( 0.2500000000000000000, 0.000000000000000000, 0.000000000000000000 ) ) ;
#4769 = FACE_OUTER_BOUND ( 'NONE', #2065, .T. ) ;
#4770 = AXIS2_PLACEMENT_3D ( 'NONE', #5492, #2459, #1089 ) ;
#4771 = EDGE_CURVE ( 'NONE', #1874, #3203, #4734, .T. ) ;
#4772 = DIRECTION ( 'NONE',  ( -1.000000000000000000, -0.000000000000000000, -0.000000000000000000 ) ) ;
#4773 = CARTESIAN_POINT ( 'NONE',  ( 0.2500000000000000000, -0.7005644739706468060, -0.07687273627015694943 ) ) ;
#4774 = ORIENTED_EDGE ( 'NONE', *, *, #470, .T. ) ;
#4775 = CARTESIAN_POINT ( 'NONE',  ( 0.000000000000000000, -0.4872506799346321138, 0.5092020961019984027 ) ) ;
#4776 = COLOUR_RGB ( '',0.7921568627450980005, 0.8196078431372548767, 0.9333333333333333481 ) ;
#4777 = CYLINDRICAL_SURFACE ( 'NONE', #4307, 0.6979999999999999538 ) ;
#4778 = EDGE_CURVE ( 'NONE', #2351, #5192, #1808, .T. ) ;
#4779 = DIRECTION ( 'NONE',  ( -1.000000000000000000, -0.000000000000000000, -0.000000000000000000 ) ) ;
#4780 = DIRECTION ( 'NONE',  ( -1.000000000000000000, -0.000000000000000000, 0.000000000000000000 ) ) ;
#4781 = EDGE_LOOP ( 'NONE', ( #653, #4296, #4807, #6 ) ) ;
#4782 = AXIS2_PLACEMENT_3D ( 'NONE', #4926, #1295, #3097 ) ;
#4783 = ORIENTED_EDGE ( 'NONE', *, *, #4813, .T. ) ;
#4784 = EDGE_LOOP ( 'NONE', ( #3185, #1347, #5293, #1698 ) ) ;
#4785 = ORIENTED_EDGE ( 'NONE', *, *, #3803, .F. ) ;
#4786 = AXIS2_PLACEMENT_3D ( 'NONE', #4313, #3880, #1629 ) ;
#4787 = DIRECTION ( 'NONE',  ( -1.000000000000000000, 0.000000000000000000, 0.000000000000000000 ) ) ;
#4788 = ORIENTED_EDGE ( 'NONE', *, *, #3632, .F. ) ;
#4789 = AXIS2_PLACEMENT_3D ( 'NONE', #3974, #1318, #1757 ) ;
#4790 = PRODUCT_DEFINITION_FORMATION_WITH_SPECIFIED_SOURCE ( 'ANY', '', #17, .NOT_KNOWN. ) ;
#4791 = DIRECTION ( 'NONE',  ( 0.000000000000000000, 0.000000000000000000, 1.000000000000000000 ) ) ;
#4792 = DIRECTION ( 'NONE',  ( 0.000000000000000000, 0.9848077530122075762, 0.1736481776669338839 ) ) ;
#4793 = ADVANCED_FACE ( 'NONE', ( #3616 ), #1341, .T. ) ;
#4794 = ORIENTED_EDGE ( 'NONE', *, *, #5437, .T. ) ;
#4795 = CARTESIAN_POINT ( 'NONE',  ( 0.000000000000000000, -0.6138235289534222927, 0.3323020844099041082 ) ) ;
#4796 = DIRECTION ( 'NONE',  ( 0.000000000000000000, 0.000000000000000000, 1.000000000000000000 ) ) ;
#4797 = DIRECTION ( 'NONE',  ( -0.000000000000000000, -0.000000000000000000, 1.000000000000000000 ) ) ;
#4798 = ORIENTED_EDGE ( 'NONE', *, *, #3166, .F. ) ;
#4799 = AXIS2_PLACEMENT_3D ( 'NONE', #5724, #3561, #4827 ) ;
#4800 = ORIENTED_EDGE ( 'NONE', *, *, #1471, .T. ) ;
#4801 = ORIENTED_EDGE ( 'NONE', *, *, #3012, .T. ) ;
#4802 = CARTESIAN_POINT ( 'NONE',  ( 0.2500000000000000000, -3.139359258709781453E-21, 0.1962990915244728907 ) ) ;
#4803 = DIRECTION ( 'NONE',  ( 0.000000000000000000, 0.000000000000000000, 1.000000000000000000 ) ) ;
#4804 = DIRECTION ( 'NONE',  ( 0.000000000000000000, 0.000000000000000000, 1.000000000000000000 ) ) ;
#4805 = LINE ( 'NONE', #4418, #5035 ) ;
#4806 = EDGE_CURVE ( 'NONE', #2792, #3314, #5392, .T. ) ;
#4807 = ORIENTED_EDGE ( 'NONE', *, *, #1864, .F. ) ;
#4808 = DIRECTION ( 'NONE',  ( -1.000000000000000000, -0.000000000000000000, 0.000000000000000000 ) ) ;
#4809 = LINE ( 'NONE', #2576, #5026 ) ;
#4810 = CARTESIAN_POINT ( 'NONE',  ( 0.000000000000000000, 0.7678191963401507225, -0.1928465525817768256 ) ) ;
#4811 = ORIENTED_EDGE ( 'NONE', *, *, #2414, .F. ) ;
#4812 = EDGE_LOOP ( 'NONE', ( #4726, #5689, #4251, #4229 ) ) ;
#4813 = EDGE_CURVE ( 'NONE', #2304, #610, #501, .T. ) ;
#4814 = ORIENTED_EDGE ( 'NONE', *, *, #2539, .F. ) ;
#4815 = CARTESIAN_POINT ( 'NONE',  ( 0.2500000000000000000, -0.2206643318571425982, -0.6622018216873468699 ) ) ;
#4816 = CARTESIAN_POINT ( 'NONE',  ( 0.5000000000000000000, 6.123233995736766036E-17, 0.5000000000000000000 ) ) ;
#4817 = EDGE_CURVE ( 'NONE', #2939, #4540, #4544, .T. ) ;
#4818 = LINE ( 'NONE', #4730, #606 ) ;
#4819 = ORIENTED_EDGE ( 'NONE', *, *, #4235, .T. ) ;
#4820 = CARTESIAN_POINT ( 'NONE',  ( 0.1250000000000000278, -0.6555566273447225312, 0.4438261139855603776 ) ) ;
#4821 = CARTESIAN_POINT ( 'NONE',  ( 0.1250000000000000278, 0.7121430032467909177, -0.3458156359069845531 ) ) ;
#4822 = DIRECTION ( 'NONE',  ( -1.000000000000000000, -0.000000000000000000, 0.000000000000000000 ) ) ;
#4823 = EDGE_CURVE ( 'NONE', #940, #4506, #4925, .T. ) ;
#4824 = ORIENTED_EDGE ( 'NONE', *, *, #4875, .F. ) ;
#4825 = VERTEX_POINT ( 'NONE', #4111 ) ;
#4826 = AXIS2_PLACEMENT_3D ( 'NONE', #625, #712, #2037 ) ;
#4827 = DIRECTION ( 'NONE',  ( 0.000000000000000000, 0.8660254037844363761, 0.5000000000000038858 ) ) ;
#4828 = CIRCLE ( 'NONE', #2294, 0.6979999999999998428 ) ;
#4829 = AXIS2_PLACEMENT_3D ( 'NONE', #2629, #384, #2191 ) ;
#4830 =( NAMED_UNIT ( * ) SI_UNIT ( $, .STERADIAN. ) SOLID_ANGLE_UNIT ( ) );
#4831 = CARTESIAN_POINT ( 'NONE',  ( 0.2500000000000000000, 0.6838157659421498780, -0.1399999937462527433 ) ) ;
#4832 = CIRCLE ( 'NONE', #513, 0.2999999999999998779 ) ;
#4833 = ORIENTED_EDGE ( 'NONE', *, *, #3410, .F. ) ;
#4834 = DIRECTION ( 'NONE',  ( -0.000000000000000000, -0.000000000000000000, 1.000000000000000000 ) ) ;
#4835 = DIRECTION ( 'NONE',  ( -1.000000000000000000, 0.000000000000000000, -0.000000000000000000 ) ) ;
#4836 = DIRECTION ( 'NONE',  ( -1.000000000000000000, -0.000000000000000000, 0.000000000000000000 ) ) ;
#4837 = CYLINDRICAL_SURFACE ( 'NONE', #5626, 0.6979999999999999538 ) ;
#4838 = VERTEX_POINT ( 'NONE', #5055 ) ;
#4839 = EDGE_CURVE ( 'NONE', #936, #1653, #2204, .T. ) ;
#4840 = AXIS2_PLACEMENT_3D ( 'NONE', #4344, #252, #1551 ) ;
#4841 = EDGE_CURVE ( 'NONE', #3982, #3149, #986, .T. ) ;
#4842 = ORIENTED_EDGE ( 'NONE', *, *, #307, .T. ) ;
#4843 = ORIENTED_EDGE ( 'NONE', *, *, #2087, .F. ) ;
#4844 = CIRCLE ( 'NONE', #5599, 0.2999999999999999334 ) ;
#4845 = DIRECTION ( 'NONE',  ( -1.000000000000000000, -0.000000000000000000, -0.000000000000000000 ) ) ;
#4846 = CARTESIAN_POINT ( 'NONE',  ( -0.3937007874015748254, 0.000000000000000000, 0.000000000000000000 ) ) ;
#4847 = EDGE_CURVE ( 'NONE', #213, #2466, #2395, .T. ) ;
#4848 = CARTESIAN_POINT ( 'NONE',  ( -0.09814954576223641758, 0.1699999999999999567, 0.000000000000000000 ) ) ;
#4849 = EDGE_CURVE ( 'NONE', #3059, #801, #2388, .T. ) ;
#4850 = EDGE_LOOP ( 'NONE', ( #4753, #3611, #5816, #3021 ) ) ;
#4851 = FACE_OUTER_BOUND ( 'NONE', #4440, .T. ) ;
#4852 = EDGE_CURVE ( 'NONE', #3999, #3399, #554, .T. ) ;
#4853 = AXIS2_PLACEMENT_3D ( 'NONE', #1215, #3517, #5315 ) ;
#4854 = DIRECTION ( 'NONE',  ( -1.000000000000000000, -0.000000000000000000, -0.000000000000000000 ) ) ;
#4855 = DIRECTION ( 'NONE',  ( 0.000000000000000000, 0.5000000000000009992, -0.8660254037844380415 ) ) ;
#4856 = EDGE_CURVE ( 'NONE', #3219, #242, #5110, .T. ) ;
#4857 = ORIENTED_EDGE ( 'NONE', *, *, #1530, .F. ) ;
#4858 = ORIENTED_EDGE ( 'NONE', *, *, #1455, .F. ) ;
#4859 = CARTESIAN_POINT ( 'NONE',  ( 0.2500000000000000000, -0.7896417498925576428, -0.05658637590207220291 ) ) ;
#4860 = CARTESIAN_POINT ( 'NONE',  ( 0.2500000000000000000, -0.5222018279410790553, -0.4631514340850037548 ) ) ;
#4861 = ORIENTED_EDGE ( 'NONE', *, *, #2565, .F. ) ;
#4862 = PRODUCT_CONTEXT ( 'NONE', #759, 'mechanical' ) ;
#4863 = CYLINDRICAL_SURFACE ( 'NONE', #4829, 0.2999999999999998779 ) ;
#4864 = EDGE_LOOP ( 'NONE', ( #5282, #1521, #857, #1048 ) ) ;
#4865 = CARTESIAN_POINT ( 'NONE',  ( 0.000000000000000000, -0.01912971764720181392, -0.6977378117192289952 ) ) ;
#4866 = DIRECTION ( 'NONE',  ( -1.000000000000000000, 0.000000000000000000, 0.000000000000000000 ) ) ;
#4867 = CARTESIAN_POINT ( 'NONE',  ( 0.2500000000000000000, -0.6320232422980268661, 0.3118439048089917121 ) ) ;
#4868 = CARTESIAN_POINT ( 'NONE',  ( 0.2500000000000000000, -0.3458156359069970431, 0.7121430032467848115 ) ) ;
#4869 = EDGE_CURVE ( 'NONE', #1710, #3165, #3316, .T. ) ;
#4870 = VERTEX_POINT ( 'NONE', #5534 ) ;
#4871 = ORIENTED_EDGE ( 'NONE', *, *, #989, .F. ) ;
#4872 = VERTEX_POINT ( 'NONE', #1869 ) ;
#4873 = AXIS2_PLACEMENT_3D ( 'NONE', #1236, #829, #1795 ) ;
#4874 = DIRECTION ( 'NONE',  ( 0.5000000000000003331, -0.8660254037844384856, 0.000000000000000000 ) ) ;
#4875 = EDGE_CURVE ( 'NONE', #4345, #2083, #693, .T. ) ;
#4876 = CARTESIAN_POINT ( 'NONE',  ( 0.000000000000000000, -0.6320232422980268661, 0.3118439048089917121 ) ) ;
#4877 = AXIS2_PLACEMENT_3D ( 'NONE', #2016, #3896, #3868 ) ;
#4878 = LINE ( 'NONE', #1687, #122 ) ;
#4879 = AXIS2_PLACEMENT_3D ( 'NONE', #2172, #5772, #1714 ) ;
#4880 = VERTEX_POINT ( 'NONE', #3678 ) ;
#4881 = CARTESIAN_POINT ( 'NONE',  ( 0.2500000000000000000, -0.6904594471595889571, -0.1023218052424548358 ) ) ;
#4882 = DIRECTION ( 'NONE',  ( 0.000000000000000000, -0.7660444431189706860, -0.6427876096865481337 ) ) ;
#4883 = EDGE_CURVE ( 'NONE', #3014, #275, #3703, .T. ) ;
#4884 = VECTOR ( 'NONE', #4012, 39.37007874015748143 ) ;
#4885 = LINE ( 'NONE', #1340, #5308 ) ;
#4886 = CIRCLE ( 'NONE', #2719, 0.7916666666666666297 ) ;
#4887 = ORIENTED_EDGE ( 'NONE', *, *, #5037, .F. ) ;
#4888 = ADVANCED_FACE ( 'NONE', ( #1427 ), #3230, .T. ) ;
#4889 = DIRECTION ( 'NONE',  ( -1.000000000000000000, 0.000000000000000000, 0.000000000000000000 ) ) ;
#4890 = CARTESIAN_POINT ( 'NONE',  ( 0.2500000000000000000, -0.5682702633123887237, 0.4168559794536936258 ) ) ;
#4891 = ORIENTED_EDGE ( 'NONE', *, *, #2001, .F. ) ;
#4892 = FACE_OUTER_BOUND ( 'NONE', #3766, .T. ) ;
#4893 = ORIENTED_EDGE ( 'NONE', *, *, #1388, .F. ) ;
#4894 = DIRECTION ( 'NONE',  ( 1.000000000000000000, -0.000000000000000000, -0.000000000000000000 ) ) ;
#4895 = ORIENTED_EDGE ( 'NONE', *, *, #4240, .T. ) ;
#4896 = FACE_BOUND ( 'NONE', #5284, .T. ) ;
#4897 = DIRECTION ( 'NONE',  ( -1.000000000000000000, 0.000000000000000000, 0.000000000000000000 ) ) ;
#4898 = EDGE_CURVE ( 'NONE', #1096, #2910, #1908, .T. ) ;
#4899 = CARTESIAN_POINT ( 'NONE',  ( 0.2500000000000000000, -0.6622018216873430951, -0.2206643318571536450 ) ) ;
#4900 = ORIENTED_EDGE ( 'NONE', *, *, #3263, .F. ) ;
#4901 = ORIENTED_EDGE ( 'NONE', *, *, #1610, .T. ) ;
#4902 = CARTESIAN_POINT ( 'NONE',  ( 0.2500000000000000000, 0.000000000000000000, 0.000000000000000000 ) ) ;
#4903 = AXIS2_PLACEMENT_3D ( 'NONE', #3885, #3268, #1050 ) ;
#4904 = DIRECTION ( 'NONE',  ( 1.000000000000000000, 0.000000000000000000, 0.000000000000000000 ) ) ;
#4905 = VECTOR ( 'NONE', #2237, 39.37007874015748143 ) ;
#4906 = CARTESIAN_POINT ( 'NONE',  ( 0.000000000000000000, -0.5092020961019967373, -0.4872506799346335571 ) ) ;
#4907 = VERTEX_POINT ( 'NONE', #1901 ) ;
#4908 = CIRCLE ( 'NONE', #586, 0.2999999999999998224 ) ;
#4909 = DIRECTION ( 'NONE',  ( 0.000000000000000000, 0.000000000000000000, 1.000000000000000000 ) ) ;
#4910 = CYLINDRICAL_SURFACE ( 'NONE', #1133, 0.2999999999999999334 ) ;
#4911 = VECTOR ( 'NONE', #4300, 39.37007874015748143 ) ;
#4912 = CARTESIAN_POINT ( 'NONE',  ( 0.000000000000000000, -0.1399999937462551303, -0.6838157659421493229 ) ) ;
#4913 = CARTESIAN_POINT ( 'NONE',  ( 0.1962990915244727796, -3.414809992080329023E-17, 0.000000000000000000 ) ) ;
#4914 = EDGE_CURVE ( 'NONE', #5364, #4924, #2671, .T. ) ;
#4915 = ADVANCED_FACE ( 'NONE', ( #3705 ), #5507, .T. ) ;
#4916 = ORIENTED_EDGE ( 'NONE', *, *, #2751, .T. ) ;
#4917 = CARTESIAN_POINT ( 'NONE',  ( 0.000000000000000000, -0.7005644739706475832, 0.07687273627014748478 ) ) ;
#4918 = CARTESIAN_POINT ( 'NONE',  ( 0.000000000000000000, 0.6138235289534198502, 0.3323020844099084936 ) ) ;
#4919 = VERTEX_POINT ( 'NONE', #2444 ) ;
#4920 = ADVANCED_FACE ( 'NONE', ( #1456 ), #4228, .T. ) ;
#4921 = CARTESIAN_POINT ( 'NONE',  ( 0.2500000000000000000, 0.000000000000000000, 0.000000000000000000 ) ) ;
#4922 = ORIENTED_EDGE ( 'NONE', *, *, #4612, .T. ) ;
#4923 = CARTESIAN_POINT ( 'NONE',  ( 0.000000000000000000, 0.1928465525817949222, -0.7678191963401462816 ) ) ;
#4924 = VERTEX_POINT ( 'NONE', #1996 ) ;
#4925 = CIRCLE ( 'NONE', #1806, 0.2999999999999998779 ) ;
#4926 = CARTESIAN_POINT ( 'NONE',  ( 0.2500000000000000000, -0.6765725148856286397, -0.1973566109173079119 ) ) ;
#4927 = DIRECTION ( 'NONE',  ( 1.000000000000000000, -0.000000000000000000, -0.000000000000000000 ) ) ;
#4928 = ORIENTED_EDGE ( 'NONE', *, *, #3405, .F. ) ;
#4929 = CARTESIAN_POINT ( 'NONE',  ( 0.2500000000000000000, 0.5509196117381521818, 0.5685276532530275651 ) ) ;
#4930 = ORIENTED_EDGE ( 'NONE', *, *, #4412, .T. ) ;
#4931 = CIRCLE ( 'NONE', #1247, 0.6979999999999999538 ) ;
#4932 = ORIENTED_EDGE ( 'NONE', *, *, #1494, .F. ) ;
#4933 = VECTOR ( 'NONE', #4524, 39.37007874015748143 ) ;
#4934 = EDGE_LOOP ( 'NONE', ( #3793, #92, #3499, #1643 ) ) ;
#4935 = DIRECTION ( 'NONE',  ( 0.000000000000000000, 0.000000000000000000, 1.000000000000000000 ) ) ;
#4936 = AXIS2_PLACEMENT_3D ( 'NONE', #4452, #1768, #5734 ) ;
#4937 = DIRECTION ( 'NONE',  ( 0.000000000000000000, -0.1736481776669374366, 0.9848077530122067991 ) ) ;
#4938 = CIRCLE ( 'NONE', #1824, 0.2999999999999998779 ) ;
#4939 = CARTESIAN_POINT ( 'NONE',  ( 0.000000000000000000, -0.1699999999999999289, 0.09814954576223638982 ) ) ;
#4940 = ORIENTED_EDGE ( 'NONE', *, *, #5600, .T. ) ;
#4941 = LINE ( 'NONE', #2673, #5430 ) ;
#4942 = DIRECTION ( 'NONE',  ( -1.000000000000000000, 0.000000000000000000, 0.000000000000000000 ) ) ;
#4943 = DIRECTION ( 'NONE',  ( 0.000000000000000000, 0.000000000000000000, 1.000000000000000000 ) ) ;
#4944 = EDGE_CURVE ( 'NONE', #4267, #723, #2763, .T. ) ;
#4945 = ORIENTED_EDGE ( 'NONE', *, *, #496, .F. ) ;
#4946 = DIRECTION ( 'NONE',  ( -1.000000000000000000, 0.000000000000000000, 0.000000000000000000 ) ) ;
#4947 = LINE ( 'NONE', #1373, #4505 ) ;
#4948 = EDGE_CURVE ( 'NONE', #4097, #213, #2951, .T. ) ;
#4949 = VERTEX_POINT ( 'NONE', #3908 ) ;
#4950 = DIRECTION ( 'NONE',  ( 0.000000000000000000, 0.000000000000000000, 1.000000000000000000 ) ) ;
#4951 = ORIENTED_EDGE ( 'NONE', *, *, #1843, .T. ) ;
#4952 = CARTESIAN_POINT ( 'NONE',  ( 0.2500000000000000000, 0.4338430062808389387, 0.5467945189019397523 ) ) ;
#4953 = VECTOR ( 'NONE', #5709, 39.37007874015748143 ) ;
#4954 = EDGE_CURVE ( 'NONE', #1187, #289, #5197, .T. ) ;
#4955 = DIRECTION ( 'NONE',  ( 0.000000000000000000, 0.000000000000000000, -1.000000000000000000 ) ) ;
#4956 = LINE ( 'NONE', #4632, #5246 ) ;
#4957 = AXIS2_PLACEMENT_3D ( 'NONE', #3612, #4966, #2704 ) ;
#4958 = ORIENTED_EDGE ( 'NONE', *, *, #4428, .T. ) ;
#4959 = CARTESIAN_POINT ( 'NONE',  ( 0.000000000000000000, -0.3232471843463770589, 0.7226668450422022438 ) ) ;
#4960 = DIRECTION ( 'NONE',  ( -1.000000000000000000, -0.000000000000000000, 0.000000000000000000 ) ) ;
#4961 = EDGE_CURVE ( 'NONE', #2945, #936, #3792, .T. ) ;
#4962 = CARTESIAN_POINT ( 'NONE',  ( 0.000000000000000000, -0.4631514340849947065, -0.5222018279410869379 ) ) ;
#4963 = CARTESIAN_POINT ( 'NONE',  ( 0.2500000000000000000, 0.04594687756908380494, 0.7032701360167951110 ) ) ;
#4964 = AXIS2_PLACEMENT_3D ( 'NONE', #2349, #5705, #1212 ) ;
#4965 = VERTEX_POINT ( 'NONE', #5261 ) ;
#4966 = DIRECTION ( 'NONE',  ( -1.000000000000000000, 0.000000000000000000, 0.000000000000000000 ) ) ;
#4967 = CIRCLE ( 'NONE', #3845, 0.6979999999999999538 ) ;
#4968 = CYLINDRICAL_SURFACE ( 'NONE', #2400, 0.2999999999999999334 ) ;
#4969 = FACE_OUTER_BOUND ( 'NONE', #4864, .T. ) ;
#4970 = EDGE_CURVE ( 'NONE', #5112, #3303, #2399, .T. ) ;
#4971 = AXIS2_PLACEMENT_3D ( 'NONE', #2639, #1775, #4024 ) ;
#4972 = VECTOR ( 'NONE', #603, 39.37007874015748143 ) ;
#4973 = VERTEX_POINT ( 'NONE', #5711 ) ;
#4974 = AXIS2_PLACEMENT_3D ( 'NONE', #2982, #4665, #5642 ) ;
#4975 = CYLINDRICAL_SURFACE ( 'NONE', #4718, 0.7916666666666666297 ) ;
#4976 = CARTESIAN_POINT ( 'NONE',  ( 0.2500000000000000000, -0.2566164408787435236, -0.6491163241443911325 ) ) ;
#4977 = ORIENTED_EDGE ( 'NONE', *, *, #4554, .F. ) ;
#4978 = FACE_OUTER_BOUND ( 'NONE', #82, .T. ) ;
#4979 = EDGE_LOOP ( 'NONE', ( #3298, #3458, #3767, #5073 ) ) ;
#4980 = DIRECTION ( 'NONE',  ( 1.000000000000000000, -0.000000000000000000, 0.000000000000000000 ) ) ;
#4981 = VERTEX_POINT ( 'NONE', #2086 ) ;
#4982 = DIRECTION ( 'NONE',  ( 0.000000000000000000, -0.6427876096865458022, 0.7660444431189725734 ) ) ;
#4983 = ORIENTED_EDGE ( 'NONE', *, *, #2414, .T. ) ;
#4984 = EDGE_CURVE ( 'NONE', #4118, #1042, #312, .T. ) ;
#4985 = DIRECTION ( 'NONE',  ( -1.000000000000000000, 0.000000000000000000, 0.000000000000000000 ) ) ;
#4986 = EDGE_LOOP ( 'NONE', ( #4656, #2524, #2048, #5557 ) ) ;
#4987 = ADVANCED_FACE ( 'NONE', ( #669 ), #3462, .T. ) ;
#4988 = AXIS2_PLACEMENT_3D ( 'NONE', #1112, #710, #3861 ) ;
#4989 = DIRECTION ( 'NONE',  ( -1.000000000000000000, -0.000000000000000000, -0.000000000000000000 ) ) ;
#4990 = DIRECTION ( 'NONE',  ( -1.000000000000000000, 0.000000000000000000, 0.000000000000000000 ) ) ;
#4991 = CARTESIAN_POINT ( 'NONE',  ( 0.2500000000000000000, 0.2206643318571469281, 0.6622018216873453156 ) ) ;
#4992 = CARTESIAN_POINT ( 'NONE',  ( 0.2500000000000000000, -0.2566164408787521833, 0.6491163241443875798 ) ) ;
#4993 = EDGE_CURVE ( 'NONE', #2590, #2630, #507, .T. ) ;
#4994 = AXIS2_PLACEMENT_3D ( 'NONE', #2874, #5025, #1039 ) ;
#4995 = EDGE_LOOP ( 'NONE', ( #274, #5058, #5262, #5566 ) ) ;
#4996 = DIRECTION ( 'NONE',  ( -1.000000000000000000, -0.000000000000000000, 0.000000000000000000 ) ) ;
#4997 = AXIS2_PLACEMENT_3D ( 'NONE', #5683, #782, #1495 ) ;
#4998 = CIRCLE ( 'NONE', #1792, 0.2999999999999998779 ) ;
#4999 = CARTESIAN_POINT ( 'NONE',  ( 0.000000000000000000, 0.7032701360167948890, 0.04594687756908619192 ) ) ;
#5000 = ORIENTED_EDGE ( 'NONE', *, *, #5353, .T. ) ;
#5001 = VECTOR ( 'NONE', #5291, 39.37007874015748143 ) ;
#5002 = ORIENTED_EDGE ( 'NONE', *, *, #3076, .F. ) ;
#5003 = VECTOR ( 'NONE', #3756, 39.37007874015748143 ) ;
#5004 = EDGE_CURVE ( 'NONE', #5135, #5139, #5784, .T. ) ;
#5005 = DIRECTION ( 'NONE',  ( 0.000000000000000000, 0.000000000000000000, -1.000000000000000000 ) ) ;
#5006 = CYLINDRICAL_SURFACE ( 'NONE', #5119, 0.2999999999999998779 ) ;
#5007 = VERTEX_POINT ( 'NONE', #1601 ) ;
#5008 = DIRECTION ( 'NONE',  ( 1.000000000000000000, 0.000000000000000000, 0.000000000000000000 ) ) ;
#5009 = ORIENTED_EDGE ( 'NONE', *, *, #2522, .F. ) ;
#5010 = DIRECTION ( 'NONE',  ( -1.000000000000000000, 0.000000000000000000, 0.000000000000000000 ) ) ;
#5011 = CARTESIAN_POINT ( 'NONE',  ( 0.000000000000000000, -0.5946938113062133491, 0.3654357273093174485 ) ) ;
#5012 = VERTEX_POINT ( 'NONE', #308 ) ;
#5013 = CARTESIAN_POINT ( 'NONE',  ( 0.000000000000000000, -0.7032701360167952220, 0.04594687756908124449 ) ) ;
#5014 = DIRECTION ( 'NONE',  ( 0.000000000000000000, 0.6427876096865353661, 0.7660444431189814551 ) ) ;
#5015 = AXIS2_PLACEMENT_3D ( 'NONE', #5386, #4526, #3648 ) ;
#5016 = DIRECTION ( 'NONE',  ( 0.000000000000000000, 0.000000000000000000, 1.000000000000000000 ) ) ;
#5017 = CARTESIAN_POINT ( 'NONE',  ( 0.000000000000000000, 0.4642242541061125105, 0.6412736958668540099 ) ) ;
#5018 = CARTESIAN_POINT ( 'NONE',  ( 0.2500000000000000000, -0.7005644739706468060, 0.2231272637298429284 ) ) ;
#5019 = EDGE_CURVE ( 'NONE', #1898, #3589, #4931, .T. ) ;
#5020 = DIRECTION ( 'NONE',  ( -1.000000000000000000, -0.000000000000000000, -0.000000000000000000 ) ) ;
#5021 = AXIS2_PLACEMENT_3D ( 'NONE', #1219, #218, #248 ) ;
#5022 = AXIS2_PLACEMENT_3D ( 'NONE', #822, #5728, #1761 ) ;
#5023 = ORIENTED_EDGE ( 'NONE', *, *, #4207, .T. ) ;
#5024 = ORIENTED_EDGE ( 'NONE', *, *, #1893, .F. ) ;
#5025 = DIRECTION ( 'NONE',  ( -1.000000000000000000, -0.000000000000000000, 0.000000000000000000 ) ) ;
#5026 = VECTOR ( 'NONE', #1678, 39.37007874015748143 ) ;
#5027 = AXIS2_PLACEMENT_3D ( 'NONE', #931, #1807, #4499 ) ;
#5028 = EDGE_CURVE ( 'NONE', #2799, #3576, #5688, .T. ) ;
#5029 = CARTESIAN_POINT ( 'NONE',  ( 0.000000000000000000, 0.000000000000000000, 0.000000000000000000 ) ) ;
#5030 = EDGE_CURVE ( 'NONE', #2985, #1976, #3709, .T. ) ;
#5031 = CARTESIAN_POINT ( 'NONE',  ( 0.000000000000000000, 0.000000000000000000, 0.000000000000000000 ) ) ;
#5032 = VERTEX_POINT ( 'NONE', #2474 ) ;
#5033 = EDGE_CURVE ( 'NONE', #1230, #3059, #4828, .T. ) ;
#5034 = ORIENTED_EDGE ( 'NONE', *, *, #2539, .T. ) ;
#5035 = VECTOR ( 'NONE', #3125, 39.37007874015748143 ) ;
#5036 = CARTESIAN_POINT ( 'NONE',  ( 0.2500000000000000000, 0.000000000000000000, 0.000000000000000000 ) ) ;
#5037 = EDGE_CURVE ( 'NONE', #3348, #2694, #2530, .T. ) ;
#5038 = CARTESIAN_POINT ( 'NONE',  ( 0.2500000000000000000, -0.6491163241443902443, 0.2566164408787455775 ) ) ;
#5039 = ORIENTED_EDGE ( 'NONE', *, *, #4706, .T. ) ;
#5040 = LINE ( 'NONE', #1820, #2014 ) ;
#5041 = ORIENTED_EDGE ( 'NONE', *, *, #1960, .F. ) ;
#5042 = CYLINDRICAL_SURFACE ( 'NONE', #2367, 0.6979999999999999538 ) ;
#5043 = DIRECTION ( 'NONE',  ( -1.000000000000000000, -0.000000000000000000, -0.000000000000000000 ) ) ;
#5044 = CARTESIAN_POINT ( 'NONE',  ( 0.2500000000000000000, 0.000000000000000000, 0.000000000000000000 ) ) ;
#5045 = ORIENTED_EDGE ( 'NONE', *, *, #3482, .T. ) ;
#5046 = DIRECTION ( 'NONE',  ( -1.000000000000000000, 0.000000000000000000, -0.000000000000000000 ) ) ;
#5047 = CARTESIAN_POINT ( 'NONE',  ( 0.000000000000000000, -0.2168995846019981799, 0.7613742058348125230 ) ) ;
#5048 = DIRECTION ( 'NONE',  ( 0.000000000000000000, 0.000000000000000000, 1.000000000000000000 ) ) ;
#5049 = DIRECTION ( 'NONE',  ( -1.000000000000000000, 0.000000000000000000, -0.000000000000000000 ) ) ;
#5050 = DIRECTION ( 'NONE',  ( -1.000000000000000000, -0.000000000000000000, 0.000000000000000000 ) ) ;
#5051 = ORIENTED_EDGE ( 'NONE', *, *, #2407, .T. ) ;
#5052 = DIRECTION ( 'NONE',  ( -1.000000000000000000, -0.000000000000000000, 0.000000000000000000 ) ) ;
#5053 = SURFACE_STYLE_USAGE ( .BOTH. , #4141 ) ;
#5054 = AXIS2_PLACEMENT_3D ( 'NONE', #483, #2283, #24 ) ;
#5055 = CARTESIAN_POINT ( 'NONE',  ( 0.2500000000000000000, -0.6904594471595901783, 0.1023218052424454266 ) ) ;
#5056 = ORIENTED_EDGE ( 'NONE', *, *, #1135, .F. ) ;
#5057 = ORIENTED_EDGE ( 'NONE', *, *, #3301, .T. ) ;
#5058 = ORIENTED_EDGE ( 'NONE', *, *, #3566, .F. ) ;
#5059 = EDGE_CURVE ( 'NONE', #497, #5798, #5620, .T. ) ;
#5060 = FACE_OUTER_BOUND ( 'NONE', #2703, .T. ) ;
#5061 = CARTESIAN_POINT ( 'NONE',  ( 0.000000000000000000, -0.04594687756907888526, -0.7032701360167952220 ) ) ;
#5062 = ORIENTED_EDGE ( 'NONE', *, *, #3201, .T. ) ;
#5063 = AXIS2_PLACEMENT_3D ( 'NONE', #2981, #4722, #3783 ) ;
#5064 = AXIS2_PLACEMENT_3D ( 'NONE', #1358, #1917, #1947 ) ;
#5065 = EDGE_CURVE ( 'NONE', #721, #971, #968, .T. ) ;
#5066 = AXIS2_PLACEMENT_3D ( 'NONE', #2875, #4338, #4700 ) ;
#5067 = CARTESIAN_POINT ( 'NONE',  ( 0.2500000000000000000, -0.5946938113062133491, 0.3654357273093174485 ) ) ;
#5068 = ORIENTED_EDGE ( 'NONE', *, *, #4153, .T. ) ;
#5069 = AXIS2_PLACEMENT_3D ( 'NONE', #1018, #167, #1080 ) ;
#5070 = DIRECTION ( 'NONE',  ( -1.000000000000000000, 0.000000000000000000, -0.000000000000000000 ) ) ;
#5071 = CARTESIAN_POINT ( 'NONE',  ( 0.000000000000000000, -0.6977378117192288842, 0.01912971764720424253 ) ) ;
#5072 = ORIENTED_EDGE ( 'NONE', *, *, #2510, .F. ) ;
#5073 = ORIENTED_EDGE ( 'NONE', *, *, #3509, .T. ) ;
#5074 = FACE_OUTER_BOUND ( 'NONE', #225, .T. ) ;
#5075 = DIRECTION ( 'NONE',  ( -0.5000000000000001110, 0.8660254037844385966, 0.000000000000000000 ) ) ;
#5076 = CARTESIAN_POINT ( 'NONE',  ( 0.000000000000000000, -0.4642242541061081251, -0.6412736958668570075 ) ) ;
#5077 = CARTESIAN_POINT ( 'NONE',  ( -0.3937007874015748254, 0.000000000000000000, 0.000000000000000000 ) ) ;
#5078 = EDGE_CURVE ( 'NONE', #2609, #5387, #4264, .T. ) ;
#5079 = CARTESIAN_POINT ( 'NONE',  ( 0.000000000000000000, 0.000000000000000000, 0.000000000000000000 ) ) ;
#5080 = DIRECTION ( 'NONE',  ( -1.000000000000000000, 0.000000000000000000, 0.000000000000000000 ) ) ;
#5081 = ORIENTED_EDGE ( 'NONE', *, *, #1498, .T. ) ;
#5082 = ORIENTED_EDGE ( 'NONE', *, *, #5256, .F. ) ;
#5083 = DIRECTION ( 'NONE',  ( -1.000000000000000000, -0.000000000000000000, -0.000000000000000000 ) ) ;
#5084 = CARTESIAN_POINT ( 'NONE',  ( 0.2500000000000000000, 0.2206643318571559764, -0.6622018216873424290 ) ) ;
#5085 = DIRECTION ( 'NONE',  ( -1.000000000000000000, -0.000000000000000000, -0.000000000000000000 ) ) ;
#5086 = ORIENTED_EDGE ( 'NONE', *, *, #3555, .F. ) ;
#5087 = ORIENTED_EDGE ( 'NONE', *, *, #3661, .T. ) ;
#5088 = DIRECTION ( 'NONE',  ( -1.000000000000000000, -0.000000000000000000, -0.000000000000000000 ) ) ;
#5089 = CARTESIAN_POINT ( 'NONE',  ( 0.000000000000000000, -0.04594687756908865522, 0.7032701360167950000 ) ) ;
#5090 = ORIENTED_EDGE ( 'NONE', *, *, #5482, .F. ) ;
#5091 = AXIS2_PLACEMENT_3D ( 'NONE', #2479, #4262, #1079 ) ;
#5092 = EDGE_CURVE ( 'NONE', #1693, #241, #4818, .T. ) ;
#5093 = DIRECTION ( 'NONE',  ( 0.000000000000000000, -1.000000000000000000, 0.000000000000000000 ) ) ;
#5094 = ORIENTED_EDGE ( 'NONE', *, *, #441, .F. ) ;
#5095 = DIRECTION ( 'NONE',  ( 0.000000000000000000, 0.000000000000000000, -1.000000000000000000 ) ) ;
#5096 = CIRCLE ( 'NONE', #1896, 0.2999999999999998779 ) ;
#5097 = EDGE_CURVE ( 'NONE', #3708, #4965, #3233, .T. ) ;
#5098 = DIRECTION ( 'NONE',  ( -1.000000000000000000, -0.000000000000000000, 0.000000000000000000 ) ) ;
#5099 = ORIENTED_EDGE ( 'NONE', *, *, #4954, .F. ) ;
#5100 = CARTESIAN_POINT ( 'NONE',  ( 0.2500000000000000000, 0.2837084945169577876, -0.6451429995825354036 ) ) ;
#5101 = PLANE ( 'NONE',  #2160 ) ;
#5102 = CARTESIAN_POINT ( 'NONE',  ( -0.5000000000000000000, 0.000000000000000000, 0.5000000000000000000 ) ) ;
#5103 = CARTESIAN_POINT ( 'NONE',  ( 0.000000000000000000, -3.139359258709781453E-21, 0.1962990915244728907 ) ) ;
#5104 = LINE ( 'NONE', #2523, #1865 ) ;
#5105 = FACE_OUTER_BOUND ( 'NONE', #1871, .T. ) ;
#5106 = AXIS2_PLACEMENT_3D ( 'NONE', #2706, #468, #436 ) ;
#5107 = ORIENTED_EDGE ( 'NONE', *, *, #4961, .F. ) ;
#5108 = CYLINDRICAL_SURFACE ( 'NONE', #5470, 0.2999999999999998779 ) ;
#5109 = AXIS2_PLACEMENT_3D ( 'NONE', #4136, #520, #2813 ) ;
#5110 = LINE ( 'NONE', #190, #2573 ) ;
#5111 = ORIENTED_EDGE ( 'NONE', *, *, #4817, .F. ) ;
#5112 = VERTEX_POINT ( 'NONE', #4372 ) ;
#5113 = CIRCLE ( 'NONE', #4553, 0.7916666666666666297 ) ;
#5114 = AXIS2_PLACEMENT_3D ( 'NONE', #4110, #4085, #33 ) ;
#5115 = DIRECTION ( 'NONE',  ( 0.000000000000000000, 0.3420201433256628842, 0.9396926207859104263 ) ) ;
#5116 = DIRECTION ( 'NONE',  ( -1.000000000000000000, -0.000000000000000000, -0.000000000000000000 ) ) ;
#5117 = PRODUCT_RELATED_PRODUCT_CATEGORY ( 'part', '', ( #1812 ) ) ;
#5118 = CIRCLE ( 'NONE', #5596, 0.6980000000000000648 ) ;
#5119 = AXIS2_PLACEMENT_3D ( 'NONE', #2767, #991, #105 ) ;
#5120 = ORIENTED_EDGE ( 'NONE', *, *, #462, .F. ) ;
#5121 = CIRCLE ( 'NONE', #3813, 0.7916666666666666297 ) ;
#5122 = ORIENTED_EDGE ( 'NONE', *, *, #2196, .F. ) ;
#5123 = CARTESIAN_POINT ( 'NONE',  ( 0.2500000000000000000, 0.5946938113062157916, -0.3654357273093133407 ) ) ;
#5124 = ADVANCED_FACE ( 'NONE', ( #339 ), #2907, .F. ) ;
#5125 = CARTESIAN_POINT ( 'NONE',  ( 0.000000000000000000, 0.4631514340850053091, -0.5222018279410776120 ) ) ;
#5126 = EDGE_LOOP ( 'NONE', ( #5034, #2102, #2608, #1 ) ) ;
#5127 = CARTESIAN_POINT ( 'NONE',  ( 0.2500000000000000000, -0.04594687756907888526, -0.7032701360167952220 ) ) ;
#5128 = CARTESIAN_POINT ( 'NONE',  ( 0.000000000000000000, -0.5509196117381482960, -0.5685276532530312288 ) ) ;
#5129 = LINE ( 'NONE', #4216, #2841 ) ;
#5130 = EDGE_CURVE ( 'NONE', #801, #3860, #4548, .T. ) ;
#5131 = DIRECTION ( 'NONE',  ( 0.000000000000000000, -0.8660254037844432595, 0.4999999999999921174 ) ) ;
#5132 = CARTESIAN_POINT ( 'NONE',  ( 0.000000000000000000, 0.6451429995825382901, 0.2837084945169510708 ) ) ;
#5133 = CARTESIAN_POINT ( 'NONE',  ( 0.000000000000000000, -0.5685276532530293414, 0.5509196117381501834 ) ) ;
#5134 = ADVANCED_FACE ( 'NONE', ( #926 ), #2670, .T. ) ;
#5135 = VERTEX_POINT ( 'NONE', #2261 ) ;
#5136 = LINE ( 'NONE', #1186, #3460 ) ;
#5137 = DIRECTION ( 'NONE',  ( -1.000000000000000000, 0.000000000000000000, 0.000000000000000000 ) ) ;
#5138 = DIRECTION ( 'NONE',  ( 1.000000000000000000, 0.000000000000000000, 0.000000000000000000 ) ) ;
#5139 = VERTEX_POINT ( 'NONE', #460 ) ;
#5140 = VERTEX_POINT ( 'NONE', #896 ) ;
#5141 = CARTESIAN_POINT ( 'NONE',  ( 0.2500000000000000000, -0.4872506799346321138, 0.5092020961019984027 ) ) ;
#5142 = DIRECTION ( 'NONE',  ( -1.000000000000000000, 0.000000000000000000, 0.000000000000000000 ) ) ;
#5143 = EDGE_CURVE ( 'NONE', #4590, #2818, #3135, .T. ) ;
#5144 = ORIENTED_EDGE ( 'NONE', *, *, #2290, .F. ) ;
#5145 = AXIS2_PLACEMENT_3D ( 'NONE', #3698, #5050, #979 ) ;
#5146 = VERTEX_POINT ( 'NONE', #836 ) ;
#5147 = DIRECTION ( 'NONE',  ( 0.000000000000000000, 0.000000000000000000, 1.000000000000000000 ) ) ;
#5148 = CIRCLE ( 'NONE', #5629, 0.7916666666666666297 ) ;
#5149 = DIRECTION ( 'NONE',  ( -1.000000000000000000, 0.000000000000000000, 0.000000000000000000 ) ) ;
#5150 = VERTEX_POINT ( 'NONE', #1363 ) ;
#5151 = DIRECTION ( 'NONE',  ( -1.000000000000000000, 0.000000000000000000, 0.000000000000000000 ) ) ;
#5152 = CARTESIAN_POINT ( 'NONE',  ( 0.1250000000000000000, 0.6412736958668524556, 0.4642242541061146199 ) ) ;
#5153 = EDGE_LOOP ( 'NONE', ( #2136, #2854, #5682, #4424 ) ) ;
#5154 = CARTESIAN_POINT ( 'NONE',  ( 0.000000000000000000, 0.000000000000000000, 0.000000000000000000 ) ) ;
#5155 = CIRCLE ( 'NONE', #3377, 0.2999999999999998224 ) ;
#5156 = CARTESIAN_POINT ( 'NONE',  ( 0.2500000000000000000, 0.000000000000000000, 0.000000000000000000 ) ) ;
#5157 = CIRCLE ( 'NONE', #3519, 0.7916666666666666297 ) ;
#5158 = CARTESIAN_POINT ( 'NONE',  ( 0.1250000000000000000, 0.5509196117381521818, 0.5685276532530275651 ) ) ;
#5159 = LINE ( 'NONE', #4249, #643 ) ;
#5160 = EDGE_CURVE ( 'NONE', #3119, #2786, #2113, .T. ) ;
#5161 = EDGE_CURVE ( 'NONE', #3352, #722, #1306, .T. ) ;
#5162 = ORIENTED_EDGE ( 'NONE', *, *, #880, .F. ) ;
#5163 = ORIENTED_EDGE ( 'NONE', *, *, #3, .F. ) ;
#5164 = ORIENTED_EDGE ( 'NONE', *, *, #4230, .F. ) ;
#5165 = DIRECTION ( 'NONE',  ( -1.000000000000000000, 0.000000000000000000, 0.000000000000000000 ) ) ;
#5166 = DIRECTION ( 'NONE',  ( 0.000000000000000000, 0.000000000000000000, 1.000000000000000000 ) ) ;
#5167 = EDGE_CURVE ( 'NONE', #3319, #5150, #4878, .T. ) ;
#5168 = CARTESIAN_POINT ( 'NONE',  ( 0.000000000000000000, 0.1973566109173011396, 0.6765725148856306381 ) ) ;
#5169 = ORIENTED_EDGE ( 'NONE', *, *, #3975, .T. ) ;
#5170 = CIRCLE ( 'NONE', #3105, 0.2999999999999998779 ) ;
#5171 = LINE ( 'NONE', #5564, #2182 ) ;
#5172 = DIRECTION ( 'NONE',  ( -1.000000000000000000, 0.000000000000000000, -0.000000000000000000 ) ) ;
#5173 = VERTEX_POINT ( 'NONE', #1802 ) ;
#5174 = AXIS2_PLACEMENT_3D ( 'NONE', #93, #1899, #3702 ) ;
#5175 = EDGE_CURVE ( 'NONE', #4919, #4026, #215, .T. ) ;
#5176 = CARTESIAN_POINT ( 'NONE',  ( 0.1250000000000000000, -0.7121430032467835902, -0.3458156359069995411 ) ) ;
#5177 = AXIS2_PLACEMENT_3D ( 'NONE', #139, #2827, #4208 ) ;
#5178 = CIRCLE ( 'NONE', #4713, 0.7916666666666666297 ) ;
#5179 = ORIENTED_EDGE ( 'NONE', *, *, #4948, .T. ) ;
#5180 = DIRECTION ( 'NONE',  ( 0.000000000000000000, 0.1736481776669241417, 0.9848077530122092416 ) ) ;
#5181 = ORIENTED_EDGE ( 'NONE', *, *, #4415, .T. ) ;
#5182 = DIRECTION ( 'NONE',  ( -1.000000000000000000, 0.000000000000000000, 0.000000000000000000 ) ) ;
#5183 = CIRCLE ( 'NONE', #1137, 0.6979999999999999538 ) ;
#5184 = LINE ( 'NONE', #5152, #5354 ) ;
#5185 = CYLINDRICAL_SURFACE ( 'NONE', #588, 0.2999999999999998779 ) ;
#5186 = VECTOR ( 'NONE', #4326, 39.37007874015748143 ) ;
#5187 = CARTESIAN_POINT ( 'NONE',  ( -0.3937007874015748254, 0.000000000000000000, 0.000000000000000000 ) ) ;
#5188 = CYLINDRICAL_SURFACE ( 'NONE', #3758, 0.6979999999999999538 ) ;
#5189 = DIRECTION ( 'NONE',  ( 0.000000000000000000, 0.000000000000000000, -1.000000000000000000 ) ) ;
#5190 = ORIENTED_EDGE ( 'NONE', *, *, #177, .F. ) ;
#5191 = ORIENTED_EDGE ( 'NONE', *, *, #5097, .F. ) ;
#5192 = VERTEX_POINT ( 'NONE', #3608 ) ;
#5193 = ORIENTED_EDGE ( 'NONE', *, *, #3661, .F. ) ;
#5194 = CARTESIAN_POINT ( 'NONE',  ( 0.000000000000000000, 0.000000000000000000, 0.000000000000000000 ) ) ;
#5195 = ADVANCED_FACE ( 'NONE', ( #2641 ), #4396, .T. ) ;
#5196 = DIRECTION ( 'NONE',  ( -1.000000000000000000, 0.000000000000000000, 0.000000000000000000 ) ) ;
#5197 = LINE ( 'NONE', #5590, #1628 ) ;
#5198 = ORIENTED_EDGE ( 'NONE', *, *, #4883, .F. ) ;
#5199 = DIRECTION ( 'NONE',  ( 0.000000000000000000, 0.000000000000000000, 1.000000000000000000 ) ) ;
#5200 = AXIS2_PLACEMENT_3D ( 'NONE', #3170, #4470, #1313 ) ;
#5201 = CARTESIAN_POINT ( 'NONE',  ( 0.000000000000000000, 0.7226668450422033541, 0.3232471843463745609 ) ) ;
#5202 = EDGE_CURVE ( 'NONE', #1571, #108, #5204, .T. ) ;
#5203 = DIRECTION ( 'NONE',  ( 0.000000000000000000, 0.4999999999999948930, 0.8660254037844414832 ) ) ;
#5204 = CIRCLE ( 'NONE', #2674, 0.2999999999999998224 ) ;
#5205 = CIRCLE ( 'NONE', #514, 0.6979999999999998428 ) ;
#5206 = ORIENTED_EDGE ( 'NONE', *, *, #166, .F. ) ;
#5207 = ORIENTED_EDGE ( 'NONE', *, *, #4521, .F. ) ;
#5208 = EDGE_CURVE ( 'NONE', #5230, #469, #1913, .T. ) ;
#5209 = DIRECTION ( 'NONE',  ( -1.000000000000000000, 0.000000000000000000, -0.000000000000000000 ) ) ;
#5210 = VECTOR ( 'NONE', #3690, 39.37007874015748143 ) ;
#5211 = CIRCLE ( 'NONE', #3901, 0.6980000000000000648 ) ;
#5212 = CARTESIAN_POINT ( 'NONE',  ( -0.3937007874015748254, 0.000000000000000000, 0.000000000000000000 ) ) ;
#5213 = DIRECTION ( 'NONE',  ( 0.000000000000000000, -0.9396926207859046531, -0.3420201433256789825 ) ) ;
#5214 = CYLINDRICAL_SURFACE ( 'NONE', #5651, 0.2999999999999998224 ) ;
#5215 = VERTEX_POINT ( 'NONE', #2203 ) ;
#5216 = DIRECTION ( 'NONE',  ( 0.000000000000000000, 0.000000000000000000, 1.000000000000000000 ) ) ;
#5217 = DIRECTION ( 'NONE',  ( 0.000000000000000000, 0.000000000000000000, 1.000000000000000000 ) ) ;
#5218 = VECTOR ( 'NONE', #387, 39.37007874015748143 ) ;
#5219 = CARTESIAN_POINT ( 'NONE',  ( 0.000000000000000000, -3.139359258709781453E-21, 0.1962990915244728907 ) ) ;
#5220 = EDGE_CURVE ( 'NONE', #4825, #1384, #878, .T. ) ;
#5221 = VERTEX_POINT ( 'NONE', #2613 ) ;
#5222 = VERTEX_POINT ( 'NONE', #867 ) ;
#5223 = ORIENTED_EDGE ( 'NONE', *, *, #724, .T. ) ;
#5224 = ORIENTED_EDGE ( 'NONE', *, *, #2146, .T. ) ;
#5225 = CARTESIAN_POINT ( 'NONE',  ( 0.2500000000000000000, 0.6320232422980246456, 0.3118439048089961529 ) ) ;
#5226 = ORIENTED_EDGE ( 'NONE', *, *, #3133, .F. ) ;
#5227 = LINE ( 'NONE', #866, #2062 ) ;
#5228 = CARTESIAN_POINT ( 'NONE',  ( 0.2500000000000000000, 0.000000000000000000, 0.000000000000000000 ) ) ;
#5229 = VECTOR ( 'NONE', #3123, 39.37007874015748143 ) ;
#5230 = VERTEX_POINT ( 'NONE', #5346 ) ;
#5231 = FACE_OUTER_BOUND ( 'NONE', #3384, .T. ) ;
#5232 = VECTOR ( 'NONE', #834, 39.37007874015748143 ) ;
#5233 = DIRECTION ( 'NONE',  ( -1.000000000000000000, 0.000000000000000000, 0.000000000000000000 ) ) ;
#5234 = LINE ( 'NONE', #3586, #5597 ) ;
#5235 = ADVANCED_FACE ( 'NONE', ( #5830 ), #3965, .F. ) ;
#5236 = ORIENTED_EDGE ( 'NONE', *, *, #2684, .T. ) ;
#5237 = ORIENTED_EDGE ( 'NONE', *, *, #3960, .F. ) ;
#5238 = FACE_OUTER_BOUND ( 'NONE', #4417, .T. ) ;
#5239 = PLANE ( 'NONE',  #3228 ) ;
#5240 = EDGE_CURVE ( 'NONE', #4639, #4739, #2208, .T. ) ;
#5241 =( LENGTH_UNIT ( ) NAMED_UNIT ( * ) SI_UNIT ( $, .METRE. ) );
#5242 = VECTOR ( 'NONE', #894, 39.37007874015748143 ) ;
#5243 = DIRECTION ( 'NONE',  ( 0.000000000000000000, 0.000000000000000000, 1.000000000000000000 ) ) ;
#5244 = VERTEX_POINT ( 'NONE', #3522 ) ;
#5245 = CARTESIAN_POINT ( 'NONE',  ( 0.2500000000000000000, -0.5685276532530293414, 0.5509196117381504054 ) ) ;
#5246 = VECTOR ( 'NONE', #2403, 39.37007874015748143 ) ;
#5247 = CARTESIAN_POINT ( 'NONE',  ( 0.000000000000000000, 0.000000000000000000, 0.000000000000000000 ) ) ;
#5248 = CARTESIAN_POINT ( 'NONE',  ( 0.2500000000000000000, 0.5946938113062106845, 0.3654357273093216674 ) ) ;
#5249 = CIRCLE ( 'NONE', #4879, 0.2999999999999998779 ) ;
#5250 = DIRECTION ( 'NONE',  ( 0.000000000000000000, 0.000000000000000000, 1.000000000000000000 ) ) ;
#5251 = ORIENTED_EDGE ( 'NONE', *, *, #2443, .T. ) ;
#5252 = CIRCLE ( 'NONE', #2157, 0.2999999999999999334 ) ;
#5253 = ORIENTED_EDGE ( 'NONE', *, *, #4259, .F. ) ;
#5254 = VERTEX_POINT ( 'NONE', #3580 ) ;
#5255 = FACE_OUTER_BOUND ( 'NONE', #1284, .T. ) ;
#5256 = EDGE_CURVE ( 'NONE', #481, #1708, #4025, .T. ) ;
#5257 = CIRCLE ( 'NONE', #3471, 0.2999999999999999334 ) ;
#5258 = DIRECTION ( 'NONE',  ( -1.000000000000000000, -0.000000000000000000, 0.000000000000000000 ) ) ;
#5259 = VECTOR ( 'NONE', #4147, 39.37007874015748143 ) ;
#5260 = CYLINDRICAL_SURFACE ( 'NONE', #3279, 0.7916666666666666297 ) ;
#5261 = CARTESIAN_POINT ( 'NONE',  ( 0.2500000000000000000, 0.4338430062808463772, -0.5467945189019338681 ) ) ;
#5262 = ORIENTED_EDGE ( 'NONE', *, *, #682, .T. ) ;
#5263 = LINE ( 'NONE', #5067, #853 ) ;
#5264 = CARTESIAN_POINT ( 'NONE',  ( 0.2500000000000000000, 0.6846072908519347244, -0.1673704187836203838 ) ) ;
#5265 = LINE ( 'NONE', #4319, #322 ) ;
#5266 = VERTEX_POINT ( 'NONE', #2412 ) ;
#5267 = VECTOR ( 'NONE', #1440, 39.37007874015748143 ) ;
#5268 = ORIENTED_EDGE ( 'NONE', *, *, #1166, .F. ) ;
#5269 = CARTESIAN_POINT ( 'NONE',  ( 0.2500000000000000000, -0.2566164408787521833, 0.6491163241443875798 ) ) ;
#5270 = EDGE_CURVE ( 'NONE', #4645, #723, #1810, .T. ) ;
#5271 = CARTESIAN_POINT ( 'NONE',  ( 0.000000000000000000, -0.1699999999999999289, 0.09814954576223638982 ) ) ;
#5272 = ORIENTED_EDGE ( 'NONE', *, *, #524, .F. ) ;
#5273 = CARTESIAN_POINT ( 'NONE',  ( 0.2500000000000000000, 0.1673704187836365653, -0.6846072908519307276 ) ) ;
#5274 = EDGE_CURVE ( 'NONE', #3787, #733, #3320, .T. ) ;
#5275 = DIRECTION ( 'NONE',  ( 0.000000000000000000, 0.000000000000000000, 1.000000000000000000 ) ) ;
#5276 = ADVANCED_FACE ( 'NONE', ( #1894 ), #1421, .T. ) ;
#5277 = CARTESIAN_POINT ( 'NONE',  ( 0.2500000000000000000, -0.7005644739706468060, 0.2231272637298429284 ) ) ;
#5278 = DIRECTION ( 'NONE',  ( 1.000000000000000000, 0.000000000000000000, 0.000000000000000000 ) ) ;
#5279 = ORIENTED_EDGE ( 'NONE', *, *, #4554, .T. ) ;
#5280 = AXIS2_PLACEMENT_3D ( 'NONE', #5747, #2967, #4882 ) ;
#5281 = EDGE_CURVE ( 'NONE', #1565, #5333, #4206, .T. ) ;
#5282 = ORIENTED_EDGE ( 'NONE', *, *, #5532, .T. ) ;
#5283 = VECTOR ( 'NONE', #1175, 39.37007874015748143 ) ;
#5284 = EDGE_LOOP ( 'NONE', ( #747, #5081, #2187, #2003, #3368, #685 ) ) ;
#5285 = LINE ( 'NONE', #1712, #343 ) ;
#5286 = CARTESIAN_POINT ( 'NONE',  ( 0.2500000000000000000, 0.1700000000000000955, -0.09814954576223638982 ) ) ;
#5287 = CARTESIAN_POINT ( 'NONE',  ( 0.000000000000000000, 0.000000000000000000, 0.000000000000000000 ) ) ;
#5288 = EDGE_CURVE ( 'NONE', #3165, #2833, #5827, .T. ) ;
#5289 = EDGE_LOOP ( 'NONE', ( #4280, #3254, #1603, #4378 ) ) ;
#5290 = CARTESIAN_POINT ( 'NONE',  ( 0.000000000000000000, 0.2566164408787566242, -0.6491163241443859144 ) ) ;
#5291 = DIRECTION ( 'NONE',  ( -1.000000000000000000, 0.000000000000000000, 0.000000000000000000 ) ) ;
#5292 = CARTESIAN_POINT ( 'NONE',  ( 0.2500000000000000000, -0.5682702633123887237, 0.4168559794536936258 ) ) ;
#5293 = ORIENTED_EDGE ( 'NONE', *, *, #1460, .T. ) ;
#5294 = ORIENTED_EDGE ( 'NONE', *, *, #2649, .T. ) ;
#5295 = CIRCLE ( 'NONE', #3415, 0.2999999999999999334 ) ;
#5296 = CYLINDRICAL_SURFACE ( 'NONE', #3676, 0.2999999999999998779 ) ;
#5297 = ADVANCED_FACE ( 'NONE', ( #605 ), #4638, .T. ) ;
#5298 = DIRECTION ( 'NONE',  ( -1.000000000000000000, 0.000000000000000000, 0.000000000000000000 ) ) ;
#5299 = EDGE_LOOP ( 'NONE', ( #447, #1260, #1553, #4202 ) ) ;
#5300 = AXIS2_PLACEMENT_3D ( 'NONE', #3282, #1036, #578 ) ;
#5301 = VECTOR ( 'NONE', #3211, 39.37007874015748143 ) ;
#5302 =( CONVERSION_BASED_UNIT ( 'INCH', #5698 ) LENGTH_UNIT ( ) NAMED_UNIT ( #512 ) );
#5303 = EDGE_CURVE ( 'NONE', #4602, #4880, #1391, .T. ) ;
#5304 = CARTESIAN_POINT ( 'NONE',  ( 0.2500000000000000000, -0.1973566109173057193, 0.6765725148856293059 ) ) ;
#5305 = AXIS2_PLACEMENT_3D ( 'NONE', #4484, #4569, #5520 ) ;
#5306 = ORIENTED_EDGE ( 'NONE', *, *, #5532, .F. ) ;
#5307 = CARTESIAN_POINT ( 'NONE',  ( 0.2500000000000000000, 0.6622018216873445384, 0.2206643318571492041 ) ) ;
#5308 = VECTOR ( 'NONE', #2645, 39.37007874015748143 ) ;
#5309 = CARTESIAN_POINT ( 'NONE',  ( 0.000000000000000000, -0.7613742058348119679, -0.2168995846020006224 ) ) ;
#5310 = LINE ( 'NONE', #5796, #5788 ) ;
#5311 = CARTESIAN_POINT ( 'NONE',  ( 0.000000000000000000, -0.2566164408787521833, 0.6491163241443875798 ) ) ;
#5312 = ORIENTED_EDGE ( 'NONE', *, *, #4037, .F. ) ;
#5313 = VERTEX_POINT ( 'NONE', #4992 ) ;
#5314 = EDGE_CURVE ( 'NONE', #3179, #2058, #2434, .T. ) ;
#5315 = DIRECTION ( 'NONE',  ( 0.000000000000000000, 0.000000000000000000, 1.000000000000000000 ) ) ;
#5316 = CIRCLE ( 'NONE', #2775, 0.2999999999999998779 ) ;
#5317 = LINE ( 'NONE', #2201, #1939 ) ;
#5318 = DIRECTION ( 'NONE',  ( -1.000000000000000000, 0.000000000000000000, 0.000000000000000000 ) ) ;
#5319 = CARTESIAN_POINT ( 'NONE',  ( 0.1250000000000000000, 0.4642242541061210592, -0.6412736958668477927 ) ) ;
#5320 = EDGE_CURVE ( 'NONE', #5330, #2560, #734, .T. ) ;
#5321 = ORIENTED_EDGE ( 'NONE', *, *, #2899, .F. ) ;
#5322 = DIRECTION ( 'NONE',  ( 0.000000000000000000, 0.000000000000000000, 1.000000000000000000 ) ) ;
#5323 = VECTOR ( 'NONE', #365, 39.37007874015748143 ) ;
#5324 = DIRECTION ( 'NONE',  ( 0.000000000000000000, -0.9848077530122096857, 0.1736481776669206722 ) ) ;
#5325 = CARTESIAN_POINT ( 'NONE',  ( 0.2500000000000000000, 0.000000000000000000, 0.000000000000000000 ) ) ;
#5326 = ORIENTED_EDGE ( 'NONE', *, *, #5175, .T. ) ;
#5327 = EDGE_CURVE ( 'NONE', #3825, #4097, #1950, .T. ) ;
#5328 = LINE ( 'NONE', #1695, #5368 ) ;
#5329 = DIRECTION ( 'NONE',  ( -1.000000000000000000, 0.000000000000000000, 0.000000000000000000 ) ) ;
#5330 = VERTEX_POINT ( 'NONE', #1477 ) ;
#5331 = DIRECTION ( 'NONE',  ( 0.000000000000000000, 0.000000000000000000, 1.000000000000000000 ) ) ;
#5332 = FACE_OUTER_BOUND ( 'NONE', #5678, .T. ) ;
#5333 = VERTEX_POINT ( 'NONE', #2286 ) ;
#5334 = CARTESIAN_POINT ( 'NONE',  ( 0.000000000000000000, 0.000000000000000000, 0.000000000000000000 ) ) ;
#5335 = ORIENTED_EDGE ( 'NONE', *, *, #5270, .F. ) ;
#5336 = PLANE ( 'NONE',  #1202 ) ;
#5337 = DIRECTION ( 'NONE',  ( -1.000000000000000000, 0.000000000000000000, -0.000000000000000000 ) ) ;
#5338 = DIRECTION ( 'NONE',  ( -1.000000000000000000, -0.000000000000000000, -0.000000000000000000 ) ) ;
#5339 = ORIENTED_EDGE ( 'NONE', *, *, #4082, .T. ) ;
#5340 = VERTEX_POINT ( 'NONE', #3728 ) ;
#5341 = AXIS2_PLACEMENT_3D ( 'NONE', #2383, #29, #4107 ) ;
#5342 = CARTESIAN_POINT ( 'NONE',  ( 0.000000000000000000, -0.4168559794536992880, 0.5682702633123846159 ) ) ;
#5343 = CYLINDRICAL_SURFACE ( 'NONE', #5347, 0.7916666666666666297 ) ;
#5344 = CIRCLE ( 'NONE', #4124, 0.2999999999999999334 ) ;
#5345 = ADVANCED_FACE ( 'NONE', ( #3761, #5105 ), #5435, .F. ) ;
#5346 = CARTESIAN_POINT ( 'NONE',  ( 0.000000000000000000, 0.4338430062808389387, 0.5467945189019397523 ) ) ;
#5347 = AXIS2_PLACEMENT_3D ( 'NONE', #1217, #1271, #397 ) ;
#5348 = EDGE_LOOP ( 'NONE', ( #4475, #3701, #992, #1554 ) ) ;
#5349 = AXIS2_PLACEMENT_3D ( 'NONE', #5061, #4204, #619 ) ;
#5350 = DIRECTION ( 'NONE',  ( 0.000000000000000000, 0.000000000000000000, 1.000000000000000000 ) ) ;
#5351 =( GEOMETRIC_REPRESENTATION_CONTEXT ( 3 ) GLOBAL_UNCERTAINTY_ASSIGNED_CONTEXT ( ( #997 ) ) GLOBAL_UNIT_ASSIGNED_CONTEXT ( ( #5302, #5817, #4830 ) ) REPRESENTATION_CONTEXT ( 'NONE', 'WORKASPACE' ) );
#5352 = DIRECTION ( 'NONE',  ( -1.000000000000000000, -0.000000000000000000, 0.000000000000000000 ) ) ;
#5353 = EDGE_CURVE ( 'NONE', #3380, #3507, #4031, .T. ) ;
#5354 = VECTOR ( 'NONE', #4299, 39.37007874015748143 ) ;
#5355 = DIRECTION ( 'NONE',  ( -1.000000000000000000, 0.000000000000000000, 0.000000000000000000 ) ) ;
#5356 = DIRECTION ( 'NONE',  ( -1.000000000000000000, -0.000000000000000000, -0.000000000000000000 ) ) ;
#5357 = VERTEX_POINT ( 'NONE', #3643 ) ;
#5358 = CYLINDRICAL_SURFACE ( 'NONE', #937, 0.7916666666666666297 ) ;
#5359 = CIRCLE ( 'NONE', #1023, 0.2999999999999998779 ) ;
#5360 = CARTESIAN_POINT ( 'NONE',  ( 0.1250000000000000278, 0.1928465525817847082, 0.7678191963401488351 ) ) ;
#5361 = VERTEX_POINT ( 'NONE', #1508 ) ;
#5362 = DIRECTION ( 'NONE',  ( 0.000000000000000000, 0.000000000000000000, 1.000000000000000000 ) ) ;
#5363 = ADVANCED_FACE ( 'NONE', ( #1833 ), #3309, .T. ) ;
#5364 = VERTEX_POINT ( 'NONE', #3196 ) ;
#5365 = LINE ( 'NONE', #503, #5229 ) ;
#5366 = ORIENTED_EDGE ( 'NONE', *, *, #5838, .T. ) ;
#5367 = CARTESIAN_POINT ( 'NONE',  ( 0.2500000000000000000, -0.5092020961019967373, -0.4872506799346335571 ) ) ;
#5368 = VECTOR ( 'NONE', #3005, 39.37007874015748143 ) ;
#5369 = ORIENTED_EDGE ( 'NONE', *, *, #4970, .T. ) ;
#5370 = CARTESIAN_POINT ( 'NONE',  ( 0.2500000000000000000, 0.2168995846020032869, -0.7613742058348111907 ) ) ;
#5371 = CYLINDRICAL_SURFACE ( 'NONE', #2862, 0.7916666666666666297 ) ;
#5372 = LINE ( 'NONE', #3928, #1194 ) ;
#5373 = ORIENTED_EDGE ( 'NONE', *, *, #86, .F. ) ;
#5374 = ORIENTED_EDGE ( 'NONE', *, *, #41, .T. ) ;
#5375 = DIRECTION ( 'NONE',  ( 1.000000000000000000, 0.000000000000000000, 0.000000000000000000 ) ) ;
#5376 = DIRECTION ( 'NONE',  ( 0.000000000000000000, 0.8660254037844397068, -0.4999999999999980016 ) ) ;
#5377 = CIRCLE ( 'NONE', #3210, 0.2999999999999998779 ) ;
#5378 = DIRECTION ( 'NONE',  ( -1.000000000000000000, -0.000000000000000000, 0.000000000000000000 ) ) ;
#5379 = ORIENTED_EDGE ( 'NONE', *, *, #4556, .F. ) ;
#5380 = CIRCLE ( 'NONE', #294, 0.2999999999999998779 ) ;
#5381 = DIRECTION ( 'NONE',  ( -1.000000000000000000, 0.000000000000000000, 0.000000000000000000 ) ) ;
#5382 = EDGE_CURVE ( 'NONE', #695, #3620, #1380, .T. ) ;
#5383 = CARTESIAN_POINT ( 'NONE',  ( 0.000000000000000000, -0.7121430032467835902, -0.3458156359069995411 ) ) ;
#5384 = CIRCLE ( 'NONE', #1699, 0.6979999999999999538 ) ;
#5385 = CARTESIAN_POINT ( 'NONE',  ( 0.2500000000000000000, -0.6451429995825400665, 0.2837084945169467409 ) ) ;
#5386 = CARTESIAN_POINT ( 'NONE',  ( 0.2500000000000000000, 0.1673704187836365653, -0.6846072908519307276 ) ) ;
#5387 = VERTEX_POINT ( 'NONE', #55 ) ;
#5388 = EDGE_CURVE ( 'NONE', #5601, #5759, #4587, .T. ) ;
#5389 = CYLINDRICAL_SURFACE ( 'NONE', #3593, 0.6979999999999999538 ) ;
#5390 = CARTESIAN_POINT ( 'NONE',  ( 0.000000000000000000, 0.000000000000000000, 0.5000000000000000000 ) ) ;
#5391 = ORIENTED_EDGE ( 'NONE', *, *, #3150, .F. ) ;
#5392 = CIRCLE ( 'NONE', #1054, 0.2999999999999999334 ) ;
#5393 = EDGE_CURVE ( 'NONE', #5139, #4602, #57, .T. ) ;
#5394 = CARTESIAN_POINT ( 'NONE',  ( -0.3937007874015748254, 0.000000000000000000, 0.000000000000000000 ) ) ;
#5395 = ORIENTED_EDGE ( 'NONE', *, *, #839, .F. ) ;
#5396 = LINE ( 'NONE', #77, #3527 ) ;
#5397 = AXIS2_PLACEMENT_3D ( 'NONE', #2646, #2678, #932 ) ;
#5398 = CARTESIAN_POINT ( 'NONE',  ( 0.000000000000000000, -0.5509196117381560676, 0.5685276532530239013 ) ) ;
#5399 = DIRECTION ( 'NONE',  ( 0.000000000000000000, 0.000000000000000000, 1.000000000000000000 ) ) ;
#5400 = AXIS2_PLACEMENT_3D ( 'NONE', #1335, #4463, #398 ) ;
#5401 = EDGE_LOOP ( 'NONE', ( #1375, #1877, #1526, #392 ) ) ;
#5402 = CIRCLE ( 'NONE', #2301, 0.6979999999999999538 ) ;
#5403 = CARTESIAN_POINT ( 'NONE',  ( 0.000000000000000000, 0.4338430062808463772, -0.5467945189019338681 ) ) ;
#5404 = DIRECTION ( 'NONE',  ( -1.000000000000000000, -0.000000000000000000, -0.000000000000000000 ) ) ;
#5405 = EDGE_CURVE ( 'NONE', #2877, #1111, #5727, .T. ) ;
#5406 = AXIS2_PLACEMENT_3D ( 'NONE', #1441, #2252, #1357 ) ;
#5407 = DIRECTION ( 'NONE',  ( -1.000000000000000000, 0.000000000000000000, -0.000000000000000000 ) ) ;
#5408 = VECTOR ( 'NONE', #4797, 39.37007874015748143 ) ;
#5409 = DIRECTION ( 'NONE',  ( -1.000000000000000000, -0.000000000000000000, 0.000000000000000000 ) ) ;
#5410 = VERTEX_POINT ( 'NONE', #718 ) ;
#5411 = DIRECTION ( 'NONE',  ( 0.000000000000000000, 0.000000000000000000, 1.000000000000000000 ) ) ;
#5412 = DIRECTION ( 'NONE',  ( -1.000000000000000000, -0.000000000000000000, 0.000000000000000000 ) ) ;
#5413 = DIRECTION ( 'NONE',  ( 0.000000000000000000, 0.5000000000000003331, -0.8660254037844385966 ) ) ;
#5414 = ORIENTED_EDGE ( 'NONE', *, *, #3195, .F. ) ;
#5415 = FACE_OUTER_BOUND ( 'NONE', #5348, .T. ) ;
#5416 = CARTESIAN_POINT ( 'NONE',  ( 0.2500000000000000000, -0.7032701360167952220, 0.3459468775690811015 ) ) ;
#5417 = MANIFOLD_SOLID_BREP ( 'Cut-Extrude1', #2127 ) ;
#5418 = EDGE_LOOP ( 'NONE', ( #3532, #2870, #2554, #5223 ) ) ;
#5419 = EDGE_CURVE ( 'NONE', #944, #2665, #2494, .T. ) ;
#5420 = CIRCLE ( 'NONE', #3917, 0.6979999999999999538 ) ;
#5421 = CARTESIAN_POINT ( 'NONE',  ( 0.000000000000000000, -0.3118439048089983179, 0.6320232422980235354 ) ) ;
#5422 = ORIENTED_EDGE ( 'NONE', *, *, #1782, .F. ) ;
#5423 = DIRECTION ( 'NONE',  ( 0.000000000000000000, 0.7660444431189747938, 0.6427876096865430267 ) ) ;
#5424 = VECTOR ( 'NONE', #4427, 39.37007874015748143 ) ;
#5425 = ORIENTED_EDGE ( 'NONE', *, *, #270, .F. ) ;
#5426 = EDGE_CURVE ( 'NONE', #1184, #4297, #2801, .T. ) ;
#5427 = CARTESIAN_POINT ( 'NONE',  ( 0.2500000000000000000, -0.5685276532530219029, -0.5509196117381580660 ) ) ;
#5428 = ORIENTED_EDGE ( 'NONE', *, *, #2728, .T. ) ;
#5429 = DIRECTION ( 'NONE',  ( 1.000000000000000000, 0.000000000000000000, 0.000000000000000000 ) ) ;
#5430 = VECTOR ( 'NONE', #4029, 39.37007874015748143 ) ;
#5431 = ORIENTED_EDGE ( 'NONE', *, *, #1530, .T. ) ;
#5432 = DIRECTION ( 'NONE',  ( 0.000000000000000000, 0.000000000000000000, 1.000000000000000000 ) ) ;
#5433 = CYLINDRICAL_SURFACE ( 'NONE', #2566, 0.6979999999999999538 ) ;
#5434 = FACE_OUTER_BOUND ( 'NONE', #1596, .T. ) ;
#5435 = PLANE ( 'NONE',  #2894 ) ;
#5436 = AXIS2_PLACEMENT_3D ( 'NONE', #2077, #3898, #3338 ) ;
#5437 = EDGE_CURVE ( 'NONE', #1626, #843, #3786, .T. ) ;
#5438 = ORIENTED_EDGE ( 'NONE', *, *, #852, .F. ) ;
#5439 = DIMENSIONAL_EXPONENTS ( 1.000000000000000000, 0.000000000000000000, 0.000000000000000000, 0.000000000000000000, 0.000000000000000000, 0.000000000000000000, 0.000000000000000000 ) ;
#5440 = DIRECTION ( 'NONE',  ( 0.000000000000000000, 0.000000000000000000, 1.000000000000000000 ) ) ;
#5441 = CIRCLE ( 'NONE', #1956, 0.7916666666666666297 ) ;
#5442 = DIRECTION ( 'NONE',  ( -1.000000000000000000, 0.000000000000000000, -0.000000000000000000 ) ) ;
#5443 = CARTESIAN_POINT ( 'NONE',  ( 0.000000000000000000, 0.000000000000000000, 0.000000000000000000 ) ) ;
#5444 = AXIS2_PLACEMENT_3D ( 'NONE', #755, #2963, #4673 ) ;
#5445 = ORIENTED_EDGE ( 'NONE', *, *, #5499, .T. ) ;
#5446 = AXIS2_PLACEMENT_3D ( 'NONE', #870, #2808, #633 ) ;
#5447 = VERTEX_POINT ( 'NONE', #1564 ) ;
#5448 = PRODUCT_DEFINITION_FORMATION_WITH_SPECIFIED_SOURCE ( 'ANY', '', #1812, .NOT_KNOWN. ) ;
#5449 = CIRCLE ( 'NONE', #171, 0.6979999999999999538 ) ;
#5450 = DIRECTION ( 'NONE',  ( -1.000000000000000000, 0.000000000000000000, -0.000000000000000000 ) ) ;
#5451 = CARTESIAN_POINT ( 'NONE',  ( 0.2500000000000000000, 0.6491163241443920207, -0.2566164408787413032 ) ) ;
#5452 = ORIENTED_EDGE ( 'NONE', *, *, #1454, .T. ) ;
#5453 = DIRECTION ( 'NONE',  ( 1.000000000000000000, -0.000000000000000000, -0.000000000000000000 ) ) ;
#5454 = VERTEX_POINT ( 'NONE', #5133 ) ;
#5455 = CYLINDRICAL_SURFACE ( 'NONE', #2218, 0.6979999999999999538 ) ;
#5456 = EDGE_CURVE ( 'NONE', #5759, #3576, #4279, .T. ) ;
#5457 = DIRECTION ( 'NONE',  ( 0.000000000000000000, 0.6427876096865353661, 0.7660444431189813441 ) ) ;
#5458 = EDGE_LOOP ( 'NONE', ( #2672, #4900, #4659, #4458 ) ) ;
#5459 = CYLINDRICAL_SURFACE ( 'NONE', #3176, 0.2999999999999998779 ) ;
#5460 = ORIENTED_EDGE ( 'NONE', *, *, #5288, .F. ) ;
#5461 = ORIENTED_EDGE ( 'NONE', *, *, #361, .F. ) ;
#5462 = EDGE_CURVE ( 'NONE', #5032, #1384, #256, .T. ) ;
#5463 = CIRCLE ( 'NONE', #4988, 0.2999999999999998224 ) ;
#5464 = CARTESIAN_POINT ( 'NONE',  ( 0.2500000000000000000, 0.000000000000000000, 0.000000000000000000 ) ) ;
#5465 = CARTESIAN_POINT ( 'NONE',  ( 0.000000000000000000, 0.000000000000000000, 0.000000000000000000 ) ) ;
#5466 = EDGE_CURVE ( 'NONE', #1400, #4681, #5159, .T. ) ;
#5467 = DIRECTION ( 'NONE',  ( 0.000000000000000000, -1.000000000000000000, -1.047444401652940007E-14 ) ) ;
#5468 = EDGE_CURVE ( 'NONE', #1153, #4345, #3749, .T. ) ;
#5469 = DIRECTION ( 'NONE',  ( -1.000000000000000000, -0.000000000000000000, -0.000000000000000000 ) ) ;
#5470 = AXIS2_PLACEMENT_3D ( 'NONE', #1069, #3731, #5440 ) ;
#5471 = ADVANCED_FACE ( 'NONE', ( #2928 ), #4330, .T. ) ;
#5472 = ORIENTED_EDGE ( 'NONE', *, *, #1755, .T. ) ;
#5473 = CARTESIAN_POINT ( 'NONE',  ( 0.09814954576223638982, 0.1699999999999999567, 0.000000000000000000 ) ) ;
#5474 = AXIS2_PLACEMENT_3D ( 'NONE', #4374, #2997, #758 ) ;
#5475 = CIRCLE ( 'NONE', #4332, 0.7916666666666666297 ) ;
#5476 = CARTESIAN_POINT ( 'NONE',  ( 0.2500000000000000000, 0.6138235289534198502, 0.3323020844099084936 ) ) ;
#5477 = ORIENTED_EDGE ( 'NONE', *, *, #4027, .F. ) ;
#5478 = EDGE_LOOP ( 'NONE', ( #1237, #3594, #1943, #4069 ) ) ;
#5479 = CIRCLE ( 'NONE', #1138, 0.2999999999999998779 ) ;
#5480 = DIRECTION ( 'NONE',  ( -1.000000000000000000, 0.000000000000000000, -0.000000000000000000 ) ) ;
#5481 = DIRECTION ( 'NONE',  ( -1.000000000000000000, -0.000000000000000000, -0.000000000000000000 ) ) ;
#5482 = EDGE_CURVE ( 'NONE', #4558, #4919, #3553, .T. ) ;
#5483 = ORIENTED_EDGE ( 'NONE', *, *, #1121, .F. ) ;
#5484 = CYLINDRICAL_SURFACE ( 'NONE', #1248, 0.6979999999999999538 ) ;
#5485 = EDGE_LOOP ( 'NONE', ( #2192, #5438, #5732, #1597 ) ) ;
#5486 = LINE ( 'NONE', #4537, #226 ) ;
#5487 = CARTESIAN_POINT ( 'NONE',  ( 0.000000000000000000, -0.6846072908519311717, -0.1673704187836344559 ) ) ;
#5488 = UNCERTAINTY_MEASURE_WITH_UNIT (LENGTH_MEASURE( 1.000000000000000082E-05 ), #5673, 'distance_accuracy_value', 'NONE');
#5489 = EDGE_LOOP ( 'NONE', ( #1287, #2796, #3597, #3465 ) ) ;
#5490 = DIRECTION ( 'NONE',  ( 0.000000000000000000, 0.000000000000000000, 1.000000000000000000 ) ) ;
#5491 = EDGE_CURVE ( 'NONE', #4880, #4118, #354, .T. ) ;
#5492 = CARTESIAN_POINT ( 'NONE',  ( 0.000000000000000000, 0.000000000000000000, 0.000000000000000000 ) ) ;
#5493 = VECTOR ( 'NONE', #526, 39.37007874015748143 ) ;
#5494 = CARTESIAN_POINT ( 'NONE',  ( 0.1250000000000000000, -0.3458156359069970431, 0.7121430032467848115 ) ) ;
#5495 = DIRECTION ( 'NONE',  ( 1.000000000000000000, 0.000000000000000000, 0.000000000000000000 ) ) ;
#5496 = CYLINDRICAL_SURFACE ( 'NONE', #63, 0.2999999999999998779 ) ;
#5497 = DIRECTION ( 'NONE',  ( 0.000000000000000000, 0.000000000000000000, 1.000000000000000000 ) ) ;
#5498 = AXIS2_PLACEMENT_3D ( 'NONE', #5228, #2588, #2559 ) ;
#5499 = EDGE_CURVE ( 'NONE', #3976, #1566, #4115, .T. ) ;
#5500 = EDGE_CURVE ( 'NONE', #481, #289, #3744, .T. ) ;
#5501 = VERTEX_POINT ( 'NONE', #4868 ) ;
#5502 = FACE_OUTER_BOUND ( 'NONE', #2078, .T. ) ;
#5503 = AXIS2_PLACEMENT_3D ( 'NONE', #1880, #3271, #4049 ) ;
#5504 = AXIS2_PLACEMENT_3D ( 'NONE', #5029, #2417, #2731 ) ;
#5505 = CARTESIAN_POINT ( 'NONE',  ( 0.2500000000000000000, 0.6838157659421478796, 0.1399999937462621247 ) ) ;
#5506 = ADVANCED_FACE ( 'NONE', ( #3573 ), #3042, .T. ) ;
#5507 = CYLINDRICAL_SURFACE ( 'NONE', #1348, 0.7916666666666666297 ) ;
#5508 = ORIENTED_EDGE ( 'NONE', *, *, #1327, .F. ) ;
#5509 = ORIENTED_EDGE ( 'NONE', *, *, #4849, .F. ) ;
#5510 = ORIENTED_EDGE ( 'NONE', *, *, #1579, .T. ) ;
#5511 = VECTOR ( 'NONE', #4480, 39.37007874015748143 ) ;
#5512 = DIRECTION ( 'NONE',  ( 0.000000000000000000, 0.000000000000000000, 1.000000000000000000 ) ) ;
#5513 = DIRECTION ( 'NONE',  ( -1.000000000000000000, 0.000000000000000000, -0.000000000000000000 ) ) ;
#5514 = ORIENTED_EDGE ( 'NONE', *, *, #923, .T. ) ;
#5515 = ITEM_DEFINED_TRANSFORMATION ( 'NONE', 'NONE', #2064,  #3940 ) ;
#5516 = ADVANCED_FACE ( 'NONE', ( #4453 ), #4837, .T. ) ;
#5517 = CYLINDRICAL_SURFACE ( 'NONE', #1131, 0.7916666666666666297 ) ;
#5518 = EDGE_LOOP ( 'NONE', ( #5268, #4891, #1854, #3275 ) ) ;
#5519 = CARTESIAN_POINT ( 'NONE',  ( 0.2500000000000000000, 0.2566164408787566242, -0.6491163241443859144 ) ) ;
#5520 = DIRECTION ( 'NONE',  ( 0.000000000000000000, 0.7660444431189747938, 0.6427876096865430267 ) ) ;
#5521 = ORIENTED_EDGE ( 'NONE', *, *, #5030, .F. ) ;
#5522 = DIRECTION ( 'NONE',  ( 0.000000000000000000, 0.000000000000000000, 1.000000000000000000 ) ) ;
#5523 = CIRCLE ( 'NONE', #630, 0.2999999999999999334 ) ;
#5524 = DIRECTION ( 'NONE',  ( 1.000000000000000000, -0.000000000000000000, -0.000000000000000000 ) ) ;
#5525 = CARTESIAN_POINT ( 'NONE',  ( 0.09814954576223638982, 0.1699999999999999567, 0.000000000000000000 ) ) ;
#5526 = CARTESIAN_POINT ( 'NONE',  ( 0.2500000000000000000, -0.1399999937462551303, -0.6838157659421493229 ) ) ;
#5527 = CYLINDRICAL_SURFACE ( 'NONE', #2353, 0.2999999999999998779 ) ;
#5528 = DIRECTION ( 'NONE',  ( -1.000000000000000000, -0.000000000000000000, -0.000000000000000000 ) ) ;
#5529 = VERTEX_POINT ( 'NONE', #3955 ) ;
#5530 = VERTEX_POINT ( 'NONE', #4929 ) ;
#5531 = CARTESIAN_POINT ( 'NONE',  ( -0.3937007874015748254, 0.000000000000000000, 0.000000000000000000 ) ) ;
#5532 = EDGE_CURVE ( 'NONE', #363, #2083, #3099, .T. ) ;
#5533 = ADVANCED_FACE ( 'NONE', ( #4360 ), #1328, .T. ) ;
#5534 = CARTESIAN_POINT ( 'NONE',  ( 0.1962990915244727796, -3.414809992080329023E-17, 0.5000000000000000000 ) ) ;
#5535 = ORIENTED_EDGE ( 'NONE', *, *, #42, .F. ) ;
#5536 = VERTEX_POINT ( 'NONE', #4810 ) ;
#5537 = EDGE_CURVE ( 'NONE', #3674, #2590, #5372, .T. ) ;
#5538 = DIRECTION ( 'NONE',  ( 1.000000000000000000, 0.000000000000000000, -0.000000000000000000 ) ) ;
#5539 = DIRECTION ( 'NONE',  ( 0.000000000000000000, 0.3420201433256692125, -0.9396926207859082059 ) ) ;
#5540 = VERTEX_POINT ( 'NONE', #890 ) ;
#5541 = VECTOR ( 'NONE', #3925, 39.37007874015748143 ) ;
#5542 = AXIS2_PLACEMENT_3D ( 'NONE', #4050, #5852, #5399 ) ;
#5543 = AXIS2_PLACEMENT_3D ( 'NONE', #2202, #2612, #2669 ) ;
#5544 = CARTESIAN_POINT ( 'NONE',  ( 0.000000000000000000, 0.3458156359069921026, 0.7121430032467871429 ) ) ;
#5545 = EDGE_LOOP ( 'NONE', ( #1124, #3231, #3903, #2659 ) ) ;
#5546 = VECTOR ( 'NONE', #3772, 39.37007874015748854 ) ;
#5547 = CYLINDRICAL_SURFACE ( 'NONE', #3013, 0.2999999999999998779 ) ;
#5548 = DIRECTION ( 'NONE',  ( 0.000000000000000000, 0.000000000000000000, 1.000000000000000000 ) ) ;
#5549 = EDGE_LOOP ( 'NONE', ( #796, #3387, #2743, #1726 ) ) ;
#5550 = LINE ( 'NONE', #1501, #1765 ) ;
#5551 = CARTESIAN_POINT ( 'NONE',  ( 0.2500000000000000000, 0.7613742058348134112, 0.2168995846019955154 ) ) ;
#5552 = LINE ( 'NONE', #4691, #4154 ) ;
#5553 = CYLINDRICAL_SURFACE ( 'NONE', #830, 0.7916666666666666297 ) ;
#5554 = CARTESIAN_POINT ( 'NONE',  ( 0.2500000000000000000, 0.6138235289534245132, -0.3323020844098998894 ) ) ;
#5555 = CARTESIAN_POINT ( 'NONE',  ( 0.2500000000000000000, -0.1673704187836319857, 0.6846072908519317268 ) ) ;
#5556 = VERTEX_POINT ( 'NONE', #2693 ) ;
#5557 = ORIENTED_EDGE ( 'NONE', *, *, #5846, .F. ) ;
#5558 = CYLINDRICAL_SURFACE ( 'NONE', #4676, 0.2999999999999998779 ) ;
#5559 = LENGTH_MEASURE_WITH_UNIT ( LENGTH_MEASURE( 0.02539999999999999897 ), #4198 );
#5560 = CARTESIAN_POINT ( 'NONE',  ( 0.2500000000000000000, -0.2566164408787435236, -0.6491163241443911325 ) ) ;
#5561 = EDGE_LOOP ( 'NONE', ( #3691, #3668, #3720, #3972 ) ) ;
#5562 = EDGE_CURVE ( 'NONE', #581, #4478, #825, .T. ) ;
#5563 = VERTEX_POINT ( 'NONE', #3512 ) ;
#5564 = CARTESIAN_POINT ( 'NONE',  ( -0.5000000000000000000, 0.000000000000000000, 0.5000000000000000000 ) ) ;
#5565 = CARTESIAN_POINT ( 'NONE',  ( 0.2500000000000000000, 0.1973566109173011396, 0.6765725148856306381 ) ) ;
#5566 = ORIENTED_EDGE ( 'NONE', *, *, #2555, .T. ) ;
#5567 = CIRCLE ( 'NONE', #2648, 0.2999999999999999889 ) ;
#5568 = EDGE_CURVE ( 'NONE', #289, #1898, #4308, .T. ) ;
#5569 = DIRECTION ( 'NONE',  ( -1.000000000000000000, 0.000000000000000000, 0.000000000000000000 ) ) ;
#5570 = VERTEX_POINT ( 'NONE', #5765 ) ;
#5571 = CYLINDRICAL_SURFACE ( 'NONE', #1875, 0.2999999999999998779 ) ;
#5572 = DIRECTION ( 'NONE',  ( 0.000000000000000000, -0.4999999999999889533, -0.8660254037844449249 ) ) ;
#5573 = ORIENTED_EDGE ( 'NONE', *, *, #2914, .T. ) ;
#5574 = ORIENTED_EDGE ( 'NONE', *, *, #166, .T. ) ;
#5575 = VERTEX_POINT ( 'NONE', #5311 ) ;
#5576 = ADVANCED_FACE ( 'NONE', ( #390 ), #3070, .T. ) ;
#5577 = CARTESIAN_POINT ( 'NONE',  ( 0.2500000000000000000, -0.3914262312078022332, 0.5860763647289369827 ) ) ;
#5578 = FACE_BOUND ( 'NONE', #550, .T. ) ;
#5579 = CARTESIAN_POINT ( 'NONE',  ( 0.2500000000000000000, 0.000000000000000000, 0.000000000000000000 ) ) ;
#5580 = CARTESIAN_POINT ( 'NONE',  ( 0.2500000000000000000, 0.7032701360167948890, 0.04594687756908619192 ) ) ;
#5581 = DIRECTION ( 'NONE',  ( -1.000000000000000000, 0.000000000000000000, 0.000000000000000000 ) ) ;
#5582 = DIRECTION ( 'NONE',  ( 1.000000000000000000, 0.000000000000000000, 0.000000000000000000 ) ) ;
#5583 = VERTEX_POINT ( 'NONE', #2577 ) ;
#5584 = ORIENTED_EDGE ( 'NONE', *, *, #3193, .F. ) ;
#5585 = ADVANCED_FACE ( 'NONE', ( #3602 ), #1707, .T. ) ;
#5586 = LINE ( 'NONE', #1542, #4015 ) ;
#5587 = VECTOR ( 'NONE', #3164, 39.37007874015748143 ) ;
#5588 = AXIS2_PLACEMENT_3D ( 'NONE', #3978, #2274, #3240 ) ;
#5589 = DIRECTION ( 'NONE',  ( -0.000000000000000000, -0.000000000000000000, 1.000000000000000000 ) ) ;
#5590 = CARTESIAN_POINT ( 'NONE',  ( 0.1250000000000000000, -0.6555566273447162029, -0.4438261139855695370 ) ) ;
#5591 = EDGE_LOOP ( 'NONE', ( #1150, #2687, #4887, #3570 ) ) ;
#5592 = CIRCLE ( 'NONE', #1539, 0.7916666666666666297 ) ;
#5593 = PRODUCT_DEFINITION_SHAPE ( 'NONE', 'NONE',  #5857 ) ;
#5594 = CARTESIAN_POINT ( 'NONE',  ( 0.2500000000000000000, 0.1973566109173102989, -0.6765725148856279736 ) ) ;
#5595 = CARTESIAN_POINT ( 'NONE',  ( 0.000000000000000000, 0.000000000000000000, 0.000000000000000000 ) ) ;
#5596 = AXIS2_PLACEMENT_3D ( 'NONE', #4211, #2859, #1499 ) ;
#5597 = VECTOR ( 'NONE', #1752, 39.37007874015748143 ) ;
#5598 = ORIENTED_EDGE ( 'NONE', *, *, #3847, .F. ) ;
#5599 = AXIS2_PLACEMENT_3D ( 'NONE', #4627, #1378, #4125 ) ;
#5600 = EDGE_CURVE ( 'NONE', #1571, #184, #1298, .T. ) ;
#5601 = VERTEX_POINT ( 'NONE', #2135 ) ;
#5602 = CARTESIAN_POINT ( 'NONE',  ( 0.2500000000000000000, 0.6451429995825382901, 0.2837084945169510708 ) ) ;
#5603 = EDGE_CURVE ( 'NONE', #4046, #1139, #2998, .T. ) ;
#5604 = DIRECTION ( 'NONE',  ( 0.000000000000000000, 0.6427876096865353661, 0.7660444431189814551 ) ) ;
#5605 = ORIENTED_EDGE ( 'NONE', *, *, #1030, .F. ) ;
#5606 = FACE_OUTER_BOUND ( 'NONE', #2359, .T. ) ;
#5607 = DIRECTION ( 'NONE',  ( 1.000000000000000000, 0.000000000000000000, 0.000000000000000000 ) ) ;
#5608 = ORIENTED_EDGE ( 'NONE', *, *, #46, .F. ) ;
#5609 = CARTESIAN_POINT ( 'NONE',  ( 0.2500000000000000000, 0.6451429995825421759, -0.2837084945169424666 ) ) ;
#5610 = ADVANCED_FACE ( 'NONE', ( #451 ), #2254, .T. ) ;
#5611 = CARTESIAN_POINT ( 'NONE',  ( 0.2500000000000000000, -0.07687273627014502841, -0.7005644739706479163 ) ) ;
#5612 = LINE ( 'NONE', #1563, #2957 ) ;
#5613 = DIRECTION ( 'NONE',  ( -0.000000000000000000, -0.000000000000000000, 1.000000000000000000 ) ) ;
#5614 = ORIENTED_EDGE ( 'NONE', *, *, #502, .T. ) ;
#5615 = ORIENTED_EDGE ( 'NONE', *, *, #409, .T. ) ;
#5616 = ORIENTED_EDGE ( 'NONE', *, *, #3824, .T. ) ;
#5617 = EDGE_LOOP ( 'NONE', ( #5794, #4857, #4016, #126 ) ) ;
#5618 = DIRECTION ( 'NONE',  ( 0.000000000000000000, -0.3420201433256568335, -0.9396926207859126468 ) ) ;
#5619 = DIRECTION ( 'NONE',  ( -1.000000000000000000, 0.000000000000000000, 0.000000000000000000 ) ) ;
#5620 = LINE ( 'NONE', #3823, #3139 ) ;
#5621 = ADVANCED_FACE ( 'NONE', ( #3018 ), #5459, .T. ) ;
#5622 = ORIENTED_EDGE ( 'NONE', *, *, #2865, .F. ) ;
#5623 = LINE ( 'NONE', #251, #5663 ) ;
#5624 = CARTESIAN_POINT ( 'NONE',  ( 0.2500000000000000000, 0.000000000000000000, 0.000000000000000000 ) ) ;
#5625 = ORIENTED_EDGE ( 'NONE', *, *, #5745, .T. ) ;
#5626 = AXIS2_PLACEMENT_3D ( 'NONE', #1679, #1770, #1264 ) ;
#5627 = CARTESIAN_POINT ( 'NONE',  ( 0.1250000000000000278, -0.05658637590206939960, 0.7896417498925578649 ) ) ;
#5628 = CIRCLE ( 'NONE', #259, 0.6979999999999999538 ) ;
#5629 = AXIS2_PLACEMENT_3D ( 'NONE', #232, #1981, #2518 ) ;
#5630 = CARTESIAN_POINT ( 'NONE',  ( 0.2500000000000000000, -0.3914262312078022332, 0.5860763647289369827 ) ) ;
#5631 = CARTESIAN_POINT ( 'NONE',  ( 0.000000000000000000, 0.5467945189019381980, 0.4338430062808408816 ) ) ;
#5632 = AXIS2_PLACEMENT_3D ( 'NONE', #4257, #5710, #5166 ) ;
#5633 = AXIS2_PLACEMENT_3D ( 'NONE', #5565, #590, #3294 ) ;
#5634 = EDGE_CURVE ( 'NONE', #2990, #2312, #4157, .T. ) ;
#5635 = DIRECTION ( 'NONE',  ( -1.000000000000000000, 0.000000000000000000, 0.000000000000000000 ) ) ;
#5636 = ORIENTED_EDGE ( 'NONE', *, *, #1709, .F. ) ;
#5637 = DIRECTION ( 'NONE',  ( -1.000000000000000000, -0.000000000000000000, -0.000000000000000000 ) ) ;
#5638 = VECTOR ( 'NONE', #1259, 39.37007874015748143 ) ;
#5639 = VERTEX_POINT ( 'NONE', #20 ) ;
#5640 = CARTESIAN_POINT ( 'NONE',  ( 0.2500000000000000000, 0.2837084945169577876, -0.6451429995825354036 ) ) ;
#5641 = CIRCLE ( 'NONE', #1673, 0.2999999999999998779 ) ;
#5642 = DIRECTION ( 'NONE',  ( 0.000000000000000000, 0.3420201433256692125, -0.9396926207859082059 ) ) ;
#5643 = PRESENTATION_STYLE_ASSIGNMENT (( #4724 ) ) ;
#5644 = ORIENTED_EDGE ( 'NONE', *, *, #4376, .T. ) ;
#5645 = ADVANCED_FACE ( 'NONE', ( #2777 ), #3248, .T. ) ;
#5646 = ORIENTED_EDGE ( 'NONE', *, *, #1423, .T. ) ;
#5647 = ORIENTED_EDGE ( 'NONE', *, *, #4199, .T. ) ;
#5648 = ADVANCED_FACE ( 'NONE', ( #5074 ), #4542, .T. ) ;
#5649 = ORIENTED_EDGE ( 'NONE', *, *, #3912, .F. ) ;
#5650 = LINE ( 'NONE', #2025, #1654 ) ;
#5651 = AXIS2_PLACEMENT_3D ( 'NONE', #4746, #1531, #4188 ) ;
#5652 = ADVANCED_FACE ( 'NONE', ( #3692 ), #1470, .T. ) ;
#5653 = DIRECTION ( 'NONE',  ( 0.000000000000000000, 0.000000000000000000, 1.000000000000000000 ) ) ;
#5654 = DIRECTION ( 'NONE',  ( 0.000000000000000000, -0.5000000000000071054, 0.8660254037844345998 ) ) ;
#5655 = ADVANCED_FACE ( 'NONE', ( #4130 ), #3274, .T. ) ;
#5656 = ORIENTED_EDGE ( 'NONE', *, *, #2407, .F. ) ;
#5657 = AXIS2_PLACEMENT_3D ( 'NONE', #2855, #3386, #5095 ) ;
#5658 = LINE ( 'NONE', #4821, #95 ) ;
#5659 = CARTESIAN_POINT ( 'NONE',  ( 0.2500000000000000000, 0.000000000000000000, 0.000000000000000000 ) ) ;
#5660 = ORIENTED_EDGE ( 'NONE', *, *, #3379, .T. ) ;
#5661 = EDGE_CURVE ( 'NONE', #4026, #2397, #1293, .T. ) ;
#5662 = CARTESIAN_POINT ( 'NONE',  ( 0.2500000000000000000, 0.000000000000000000, 0.000000000000000000 ) ) ;
#5663 = VECTOR ( 'NONE', #5538, 39.37007874015748143 ) ;
#5664 = FACE_OUTER_BOUND ( 'NONE', #4209, .T. ) ;
#5665 = DIRECTION ( 'NONE',  ( -1.000000000000000000, -0.000000000000000000, -0.000000000000000000 ) ) ;
#5666 = PRODUCT_RELATED_PRODUCT_CATEGORY ( 'part', '', ( #17 ) ) ;
#5667 = CARTESIAN_POINT ( 'NONE',  ( 0.2500000000000000000, -0.6555566273447162029, -0.4438261139855695925 ) ) ;
#5668 = ORIENTED_EDGE ( 'NONE', *, *, #3546, .F. ) ;
#5669 = DIRECTION ( 'NONE',  ( 0.000000000000000000, 0.5000000000000009992, -0.8660254037844380415 ) ) ;
#5670 = CIRCLE ( 'NONE', #3881, 0.6979999999999998428 ) ;
#5671 = CARTESIAN_POINT ( 'NONE',  ( 0.2500000000000000000, -0.4438261139855672610, 0.6555566273447178682 ) ) ;
#5672 = DIRECTION ( 'NONE',  ( 0.000000000000000000, 0.9396926207859093161, -0.3420201433256662704 ) ) ;
#5673 =( CONVERSION_BASED_UNIT ( 'INCH', #1180 ) LENGTH_UNIT ( ) NAMED_UNIT ( #5439 ) );
#5674 = ORIENTED_EDGE ( 'NONE', *, *, #4349, .T. ) ;
#5675 = VERTEX_POINT ( 'NONE', #113 ) ;
#5676 = ORIENTED_EDGE ( 'NONE', *, *, #4732, .F. ) ;
#5677 = DIRECTION ( 'NONE',  ( 1.000000000000000000, -0.000000000000000000, -0.000000000000000000 ) ) ;
#5678 = EDGE_LOOP ( 'NONE', ( #5833, #5573, #4474, #5805 ) ) ;
#5679 = CARTESIAN_POINT ( 'NONE',  ( 0.2500000000000000000, 0.000000000000000000, 0.000000000000000000 ) ) ;
#5680 = EDGE_CURVE ( 'NONE', #5215, #843, #5441, .T. ) ;
#5681 = CARTESIAN_POINT ( 'NONE',  ( 0.2500000000000000000, 0.000000000000000000, 0.000000000000000000 ) ) ;
#5682 = ORIENTED_EDGE ( 'NONE', *, *, #3193, .T. ) ;
#5683 = CARTESIAN_POINT ( 'NONE',  ( 0.000000000000000000, 0.000000000000000000, 0.000000000000000000 ) ) ;
#5684 = AXIS2_PLACEMENT_3D ( 'NONE', #5696, #3143, #901 ) ;
#5685 = FACE_OUTER_BOUND ( 'NONE', #192, .T. ) ;
#5686 = ADVANCED_FACE ( 'NONE', ( #1412 ), #542, .T. ) ;
#5687 = CARTESIAN_POINT ( 'NONE',  ( 0.09814954576223630656, -0.1700000000000000400, 0.000000000000000000 ) ) ;
#5688 = CIRCLE ( 'NONE', #783, 0.7916666666666666297 ) ;
#5689 = ORIENTED_EDGE ( 'NONE', *, *, #5466, .F. ) ;
#5690 = EDGE_LOOP ( 'NONE', ( #762, #4501, #5598, #287 ) ) ;
#5691 = ORIENTED_EDGE ( 'NONE', *, *, #2122, .F. ) ;
#5692 = DIRECTION ( 'NONE',  ( -1.000000000000000000, 0.000000000000000000, 0.000000000000000000 ) ) ;
#5693 = CIRCLE ( 'NONE', #321, 0.7916666666666666297 ) ;
#5694 = VECTOR ( 'NONE', #1937, 39.37007874015748143 ) ;
#5695 = ORIENTED_EDGE ( 'NONE', *, *, #679, .F. ) ;
#5696 = CARTESIAN_POINT ( 'NONE',  ( 0.2500000000000000000, 0.000000000000000000, 0.000000000000000000 ) ) ;
#5697 = ORIENTED_EDGE ( 'NONE', *, *, #3046, .F. ) ;
#5698 = LENGTH_MEASURE_WITH_UNIT ( LENGTH_MEASURE( 0.02539999999999999897 ), #5241 );
#5699 = EDGE_CURVE ( 'NONE', #25, #2263, #4956, .T. ) ;
#5700 = PLANE ( 'NONE',  #3990 ) ;
#5701 = VERTEX_POINT ( 'NONE', #4186 ) ;
#5702 = LINE ( 'NONE', #1735, #1548 ) ;
#5703 = DIRECTION ( 'NONE',  ( -1.000000000000000000, 0.000000000000000000, 0.000000000000000000 ) ) ;
#5704 = DIRECTION ( 'NONE',  ( -1.000000000000000000, 0.000000000000000000, 0.000000000000000000 ) ) ;
#5705 = DIRECTION ( 'NONE',  ( -1.000000000000000000, -0.000000000000000000, 0.000000000000000000 ) ) ;
#5706 = VERTEX_POINT ( 'NONE', #144 ) ;
#5707 = ORIENTED_EDGE ( 'NONE', *, *, #4841, .F. ) ;
#5708 = LINE ( 'NONE', #5739, #802 ) ;
#5709 = DIRECTION ( 'NONE',  ( -1.000000000000000000, -0.000000000000000000, 0.000000000000000000 ) ) ;
#5710 = DIRECTION ( 'NONE',  ( -1.000000000000000000, 0.000000000000000000, -0.000000000000000000 ) ) ;
#5711 = CARTESIAN_POINT ( 'NONE',  ( 0.2500000000000000000, -0.1699999999999999289, 0.09814954576223638982 ) ) ;
#5712 = AXIS2_PLACEMENT_3D ( 'NONE', #3685, #2798, #2714 ) ;
#5713 = ORIENTED_EDGE ( 'NONE', *, *, #78, .F. ) ;
#5714 = DIRECTION ( 'NONE',  ( 0.000000000000000000, -0.000000000000000000, -1.000000000000000000 ) ) ;
#5715 = AXIS2_PLACEMENT_3D ( 'NONE', #3048, #3578, #4935 ) ;
#5716 = EDGE_CURVE ( 'NONE', #3620, #4949, #1668, .T. ) ;
#5717 = CARTESIAN_POINT ( 'NONE',  ( 0.000000000000000000, -0.6838157659421488788, 0.1399999937462575450 ) ) ;
#5718 = CARTESIAN_POINT ( 'NONE',  ( 0.2500000000000000000, 0.5682702633123859481, 0.4168559794536973451 ) ) ;
#5719 = AXIS2_PLACEMENT_3D ( 'NONE', #2643, #1750, #4435 ) ;
#5720 = ORIENTED_EDGE ( 'NONE', *, *, #2514, .F. ) ;
#5721 = ADVANCED_FACE ( 'NONE', ( #1828 ), #3217, .T. ) ;
#5722 = ORIENTED_EDGE ( 'NONE', *, *, #2151, .T. ) ;
#5723 = EDGE_CURVE ( 'NONE', #581, #5112, #4036, .T. ) ;
#5724 = CARTESIAN_POINT ( 'NONE',  ( 0.2500000000000000000, -0.04594687756908865522, 0.7032701360167950000 ) ) ;
#5725 = ADVANCED_FACE ( 'NONE', ( #4073 ), #1383, .T. ) ;
#5726 = DIRECTION ( 'NONE',  ( -1.000000000000000000, 0.000000000000000000, 0.000000000000000000 ) ) ;
#5727 = CIRCLE ( 'NONE', #3082, 0.6979999999999999538 ) ;
#5728 = DIRECTION ( 'NONE',  ( -1.000000000000000000, -0.000000000000000000, -0.000000000000000000 ) ) ;
#5729 = ORIENTED_EDGE ( 'NONE', *, *, #2087, .T. ) ;
#5730 = LINE ( 'NONE', #797, #426 ) ;
#5731 = AXIS2_PLACEMENT_3D ( 'NONE', #3540, #5338, #4485 ) ;
#5732 = ORIENTED_EDGE ( 'NONE', *, *, #4439, .T. ) ;
#5733 = FACE_OUTER_BOUND ( 'NONE', #1840, .T. ) ;
#5734 = DIRECTION ( 'NONE',  ( 0.000000000000000000, 1.000000000000000000, 3.491481338843133355E-15 ) ) ;
#5735 = AXIS2_PLACEMENT_3D ( 'NONE', #4054, #1801, #777 ) ;
#5736 = CARTESIAN_POINT ( 'NONE',  ( 0.2500000000000000000, -0.3914262312077940731, -0.5860763647289425338 ) ) ;
#5737 = ORIENTED_EDGE ( 'NONE', *, *, #488, .F. ) ;
#5738 = VERTEX_POINT ( 'NONE', #2747 ) ;
#5739 = CARTESIAN_POINT ( 'NONE',  ( 0.2500000000000000000, -0.6138235289534222927, 0.3323020844099041082 ) ) ;
#5740 = AXIS2_PLACEMENT_3D ( 'NONE', #4278, #4779, #4248 ) ;
#5741 = DIRECTION ( 'NONE',  ( 0.000000000000000000, 0.000000000000000000, 1.000000000000000000 ) ) ;
#5742 = CARTESIAN_POINT ( 'NONE',  ( 0.2500000000000000000, 0.000000000000000000, 0.000000000000000000 ) ) ;
#5743 = DIRECTION ( 'NONE',  ( -0.000000000000000000, 0.8660254037844382635, -0.5000000000000005551 ) ) ;
#5744 = EDGE_LOOP ( 'NONE', ( #656, #482, #332, #2033 ) ) ;
#5745 = EDGE_CURVE ( 'NONE', #2397, #4565, #461, .T. ) ;
#5746 = DIRECTION ( 'NONE',  ( -1.000000000000000000, -0.000000000000000000, -0.000000000000000000 ) ) ;
#5747 = CARTESIAN_POINT ( 'NONE',  ( 0.000000000000000000, 0.000000000000000000, 0.000000000000000000 ) ) ;
#5748 = DIRECTION ( 'NONE',  ( -1.000000000000000000, 0.000000000000000000, -0.000000000000000000 ) ) ;
#5749 = ADVANCED_FACE ( 'NONE', ( #2488 ), #2458, .T. ) ;
#5750 = ORIENTED_EDGE ( 'NONE', *, *, #1651, .F. ) ;
#5751 = AXIS2_PLACEMENT_3D ( 'NONE', #4740, #1052, #1170 ) ;
#5752 = VERTEX_POINT ( 'NONE', #3330 ) ;
#5753 = FACE_OUTER_BOUND ( 'NONE', #1125, .T. ) ;
#5754 = EDGE_CURVE ( 'NONE', #4506, #3237, #176, .T. ) ;
#5755 = DIRECTION ( 'NONE',  ( 0.000000000000000000, 0.000000000000000000, 1.000000000000000000 ) ) ;
#5756 = CIRCLE ( 'NONE', #4994, 0.6979999999999999538 ) ;
#5757 = CIRCLE ( 'NONE', #3208, 0.2999999999999998224 ) ;
#5758 = CARTESIAN_POINT ( 'NONE',  ( 0.2500000000000000000, 0.04594687756908380494, 0.7032701360167951110 ) ) ;
#5759 = VERTEX_POINT ( 'NONE', #2100 ) ;
#5761 = DIRECTION ( 'NONE',  ( -1.000000000000000000, -0.000000000000000000, 0.000000000000000000 ) ) ;
#5760 = CIRCLE ( 'NONE', #2930, 0.2999999999999998224 ) ;
#5762 = FACE_OUTER_BOUND ( 'NONE', #1007, .T. ) ;
#5763 = ADVANCED_FACE ( 'NONE', ( #2891 ), #2545, .T. ) ;
#5764 = CYLINDRICAL_SURFACE ( 'NONE', #4361, 0.2999999999999998779 ) ;
#5765 = CARTESIAN_POINT ( 'NONE',  ( 0.2500000000000000000, 0.7896417498925579759, 0.05658637590206667262 ) ) ;
#5766 = ORIENTED_EDGE ( 'NONE', *, *, #998, .F. ) ;
#5767 = CIRCLE ( 'NONE', #2382, 0.6979999999999998428 ) ;
#5768 = ORIENTED_EDGE ( 'NONE', *, *, #674, .T. ) ;
#5769 = CIRCLE ( 'NONE', #3120, 0.7916666666666666297 ) ;
#5770 = ORIENTED_EDGE ( 'NONE', *, *, #1568, .T. ) ;
#5771 = CARTESIAN_POINT ( 'NONE',  ( -0.1962990915244727796, -3.414809992379240130E-17, 0.000000000000000000 ) ) ;
#5772 = DIRECTION ( 'NONE',  ( 1.000000000000000000, 0.000000000000000000, 0.000000000000000000 ) ) ;
#5773 = CARTESIAN_POINT ( 'NONE',  ( 0.2500000000000000000, -0.3118439048089895471, -0.6320232422980279763 ) ) ;
#5774 = ORIENTED_EDGE ( 'NONE', *, *, #5790, .T. ) ;
#5775 = LINE ( 'NONE', #4881, #94 ) ;
#5776 = APPLICATION_CONTEXT ( 'automotive_design' ) ;
#5777 = DIRECTION ( 'NONE',  ( -0.8660254037844383745, -0.5000000000000004441, 0.000000000000000000 ) ) ;
#5778 = CARTESIAN_POINT ( 'NONE',  ( 0.2500000000000000000, -0.2168995846019879936, -0.7613742058348157427 ) ) ;
#5779 = ORIENTED_EDGE ( 'NONE', *, *, #5793, .T. ) ;
#5780 = VECTOR ( 'NONE', #1011, 39.37007874015748143 ) ;
#5781 = CARTESIAN_POINT ( 'NONE',  ( 0.2500000000000000000, -0.6412736958668556753, 0.4642242541061102901 ) ) ;
#5782 = DIRECTION ( 'NONE',  ( 1.000000000000000000, -0.000000000000000000, -0.000000000000000000 ) ) ;
#5783 = ORIENTED_EDGE ( 'NONE', *, *, #3291, .T. ) ;
#5784 = CIRCLE ( 'NONE', #2857, 0.2999999999999998779 ) ;
#5785 = AXIS2_PLACEMENT_3D ( 'NONE', #1700, #2571, #4352 ) ;
#5786 = CARTESIAN_POINT ( 'NONE',  ( 0.000000000000000000, 0.000000000000000000, 0.000000000000000000 ) ) ;
#5787 = CYLINDRICAL_SURFACE ( 'NONE', #2352, 0.2999999999999998224 ) ;
#5788 = VECTOR ( 'NONE', #5337, 39.37007874015748143 ) ;
#5789 = ORIENTED_EDGE ( 'NONE', *, *, #2205, .F. ) ;
#5790 = EDGE_CURVE ( 'NONE', #1139, #597, #5550, .T. ) ;
#5791 = DIRECTION ( 'NONE',  ( -1.000000000000000000, 0.000000000000000000, -0.000000000000000000 ) ) ;
#5792 = CIRCLE ( 'NONE', #4648, 0.6979999999999998428 ) ;
#5793 = EDGE_CURVE ( 'NONE', #364, #3179, #2343, .T. ) ;
#5794 = ORIENTED_EDGE ( 'NONE', *, *, #1893, .T. ) ;
#5795 = DIRECTION ( 'NONE',  ( -1.000000000000000000, 0.000000000000000000, 0.000000000000000000 ) ) ;
#5796 = CARTESIAN_POINT ( 'NONE',  ( 0.1250000000000000000, 0.5685276532530332272, -0.5509196117381461866 ) ) ;
#5797 = DIRECTION ( 'NONE',  ( -1.000000000000000000, 0.000000000000000000, -0.000000000000000000 ) ) ;
#5798 = VERTEX_POINT ( 'NONE', #3356 ) ;
#5799 = ADVANCED_FACE ( 'NONE', ( #263 ), #657, .T. ) ;
#5800 = LINE ( 'NONE', #1743, #333 ) ;
#5801 = CIRCLE ( 'NONE', #135, 0.7916666666666666297 ) ;
#5802 = DIRECTION ( 'NONE',  ( -1.000000000000000000, 0.000000000000000000, 0.000000000000000000 ) ) ;
#5803 = DIRECTION ( 'NONE',  ( 0.000000000000000000, 0.000000000000000000, 1.000000000000000000 ) ) ;
#5804 = DIRECTION ( 'NONE',  ( -1.000000000000000000, 0.000000000000000000, 0.000000000000000000 ) ) ;
#5805 = ORIENTED_EDGE ( 'NONE', *, *, #428, .T. ) ;
#5806 = ORIENTED_EDGE ( 'NONE', *, *, #1697, .T. ) ;
#5807 = CARTESIAN_POINT ( 'NONE',  ( 0.2500000000000000000, 0.7896417498925579759, -0.05658637590206667262 ) ) ;
#5808 = CYLINDRICAL_SURFACE ( 'NONE', #4214, 0.6979999999999999538 ) ;
#5809 = CARTESIAN_POINT ( 'NONE',  ( 0.2500000000000000000, -0.1973566109172966987, -0.6765725148856319704 ) ) ;
#5810 = ADVANCED_FACE ( 'NONE', ( #5606 ), #4716, .T. ) ;
#5811 = DIRECTION ( 'NONE',  ( -1.000000000000000000, -0.000000000000000000, -0.000000000000000000 ) ) ;
#5812 = AXIS2_PLACEMENT_3D ( 'NONE', #3074, #4845, #4459 ) ;
#5813 = VERTEX_POINT ( 'NONE', #5631 ) ;
#5814 = DIRECTION ( 'NONE',  ( 0.000000000000000000, 0.000000000000000000, -1.000000000000000000 ) ) ;
#5815 = DIRECTION ( 'NONE',  ( 0.000000000000000000, 0.000000000000000000, 1.000000000000000000 ) ) ;
#5816 = ORIENTED_EDGE ( 'NONE', *, *, #3012, .F. ) ;
#5817 =( NAMED_UNIT ( * ) PLANE_ANGLE_UNIT ( ) SI_UNIT ( $, .RADIAN. ) );
#5818 = DIRECTION ( 'NONE',  ( -1.000000000000000000, 0.000000000000000000, -0.000000000000000000 ) ) ;
#5819 = ORIENTED_EDGE ( 'NONE', *, *, #4717, .T. ) ;
#5820 = CARTESIAN_POINT ( 'NONE',  ( 0.000000000000000000, -0.6765725148856315263, 0.1973566109172988359 ) ) ;
#5821 = CARTESIAN_POINT ( 'NONE',  ( 0.2500000000000000000, 0.6320232422980246456, -0.3118439048089961529 ) ) ;
#5822 = CARTESIAN_POINT ( 'NONE',  ( 0.2500000000000000000, 0.5467945189019383090, 0.4338430062808409371 ) ) ;
#5823 = DIRECTION ( 'NONE',  ( 0.000000000000000000, 0.000000000000000000, 1.000000000000000000 ) ) ;
#5824 = EDGE_CURVE ( 'NONE', #277, #1609, #1614, .T. ) ;
#5825 = ORIENTED_EDGE ( 'NONE', *, *, #2405, .F. ) ;
#5826 = ORIENTED_EDGE ( 'NONE', *, *, #3784, .F. ) ;
#5827 = CIRCLE ( 'NONE', #5341, 0.2999999999999998779 ) ;
#5828 = DIRECTION ( 'NONE',  ( 0.000000000000000000, -0.3420201433256568335, -0.9396926207859126468 ) ) ;
#5829 = DIRECTION ( 'NONE',  ( -1.000000000000000000, 0.000000000000000000, 0.000000000000000000 ) ) ;
#5830 = FACE_OUTER_BOUND ( 'NONE', #5289, .T. ) ;
#5831 = EDGE_CURVE ( 'NONE', #4205, #3674, #4967, .T. ) ;
#5832 = AXIS2_PLACEMENT_3D ( 'NONE', #217, #2936, #247 ) ;
#5833 = ORIENTED_EDGE ( 'NONE', *, *, #2565, .T. ) ;
#5834 = AXIS2_PLACEMENT_3D ( 'NONE', #1729, #935, #4531 ) ;
#5835 = CARTESIAN_POINT ( 'NONE',  ( 0.000000000000000000, 0.07687273627014977462, 0.7005644739706473612 ) ) ;
#5836 = DIRECTION ( 'NONE',  ( -1.000000000000000000, -0.000000000000000000, 0.000000000000000000 ) ) ;
#5837 = CARTESIAN_POINT ( 'NONE',  ( 0.2500000000000000000, -0.3458156359069871066, -0.7121430032467898075 ) ) ;
#5838 = EDGE_CURVE ( 'NONE', #1566, #3976, #2439, .T. ) ;
#5839 = CARTESIAN_POINT ( 'NONE',  ( 0.2500000000000000000, 0.3118439048089939880, 0.6320232422980257558 ) ) ;
#5840 = ORIENTED_EDGE ( 'NONE', *, *, #5634, .T. ) ;
#5841 = LINE ( 'NONE', #440, #3967 ) ;
#5842 = AXIS2_PLACEMENT_3D ( 'NONE', #2779, #1921, #3723 ) ;
#5843 = CARTESIAN_POINT ( 'NONE',  ( 0.000000000000000000, 0.000000000000000000, 0.000000000000000000 ) ) ;
#5844 = ORIENTED_EDGE ( 'NONE', *, *, #5314, .F. ) ;
#5845 = ORIENTED_EDGE ( 'NONE', *, *, #5466, .T. ) ;
#5846 = EDGE_CURVE ( 'NONE', #1322, #1626, #5148, .T. ) ;
#5847 = DIRECTION ( 'NONE',  ( 0.000000000000000000, 0.1736481776669241139, 0.9848077530122091305 ) ) ;
#5848 = ORIENTED_EDGE ( 'NONE', *, *, #3109, .F. ) ;
#5849 = DIRECTION ( 'NONE',  ( 1.000000000000000000, 0.000000000000000000, 0.000000000000000000 ) ) ;
#5850 = ORIENTED_EDGE ( 'NONE', *, *, #2371, .T. ) ;
#5851 = CARTESIAN_POINT ( 'NONE',  ( 0.2500000000000000000, 0.6977378117192286622, -0.01912971764720911710 ) ) ;
#5852 = DIRECTION ( 'NONE',  ( -1.000000000000000000, 0.000000000000000000, 0.000000000000000000 ) ) ;
#5853 = EDGE_LOOP ( 'NONE', ( #1982, #3706, #1168, #664 ) ) ;
#5854 = CARTESIAN_POINT ( 'NONE',  ( 0.000000000000000000, 0.7032701360167948890, 0.04594687756908619192 ) ) ;
#5855 = DIRECTION ( 'NONE',  ( -1.000000000000000000, 0.000000000000000000, -0.000000000000000000 ) ) ;
#5856 = CARTESIAN_POINT ( 'NONE',  ( 0.2500000000000000000, -0.3323020844099020543, -0.6138235289534234029 ) ) ;
#5857 = NEXT_ASSEMBLY_USAGE_OCCURRENCE ( 'NAUO1', ' ', ' ', #4508, #939, $ ) ;
#5858 = NEXT_ASSEMBLY_USAGE_OCCURRENCE ( 'NAUO2', ' ', ' ', #4508, #3574, $ ) ;
ENDSEC;
END-ISO-10303-21;
