w_rad_s,f_hz,cable_len_equiv_m,bridge_A_unshaped_tf1.1,bridge_A_unshaped_tf1.6,bridge_A_unshaped_tf2.0,bridge_A_ZV_tf1.1,bridge_A_ZV_tf1.6,bridge_A_ZV_tf2.0,bridge_B_unshaped,bridge_B_ZV_0.91,bridge_B_ZVD_asrun_0.91,bridge_B_ZVD_textbook_0.91,bridge_B_EI5_0.91,tower_ZV_0.84,tower_ZVD_asrun,tower_ZVD_textbook,tower_2modeZV,shaperonly_ZV_0.91,shaperonly_ZVD_textbook_0.91,shaperonly_ZVD_asrun_0.91,shaperonly_ZV_0.84,shaperonly_2modeZV
0.5,0.079577,39.2266,1.0,1.0,1.0,0.974794,0.974794,0.974794,1.0,0.974233,1.178827,0.949131,0.946587,0.978031,1.186702,0.954996,0.975804,0.974233,0.949131,0.943061,0.978031,0.975804
0.512927,0.081635,37.274241,1.0,1.0,1.0,0.97348,0.97348,0.97348,1.0,0.97289,1.175169,0.946515,0.94384,0.976885,1.183441,0.952677,0.974544,0.97289,0.946515,0.940135,0.976885,0.974544
0.525855,0.083692,35.464093,1.0,1.0,1.0,0.972132,0.972132,0.972132,1.0,0.971513,1.171425,0.943837,0.941029,0.97571,1.180103,0.950302,0.973252,0.971513,0.943837,0.93714,0.97571,0.973252
0.538782,0.08575,33.782673,1.0,1.0,1.0,0.970752,0.970752,0.970752,1.0,0.970102,1.167596,0.941098,0.938153,0.974506,1.176687,0.947872,0.971929,0.970102,0.941098,0.934077,0.974506,0.971929
0.55171,0.087807,32.218057,1.0,1.0,1.0,0.969339,0.969339,0.969339,1.0,0.968658,1.163682,0.938298,0.935212,0.973273,1.173195,0.945388,0.970575,0.968658,0.938298,0.930946,0.973273,0.970575
0.564637,0.089865,30.759672,1.0,1.0,1.0,0.967893,0.967893,0.967893,1.0,0.96718,1.159683,0.935437,0.932209,0.972012,1.169626,0.942849,0.96919,0.96718,0.935437,0.927747,0.972012,0.96919
0.577565,0.091922,29.398115,1.0,1.0,1.0,0.966415,0.966415,0.966415,1.0,0.965668,1.155601,0.932516,0.929141,0.970722,1.165981,0.940256,0.967773,0.965668,0.932516,0.924481,0.970722,0.967773
0.590492,0.09398,28.125,1.0,1.0,1.0,0.964903,0.964903,0.964903,1.0,0.964124,1.151435,0.929535,0.926011,0.969404,1.162261,0.937609,0.966325,0.964124,0.929535,0.921148,0.969404,0.966325
0.60342,0.096037,26.932829,1.0,1.0,1.0,0.963359,0.963359,0.963359,1.0,0.962546,1.147186,0.926494,0.922819,0.968057,1.158466,0.934909,0.964846,0.962546,0.926494,0.917749,0.968057,0.964846
0.616347,0.098095,25.814883,1.0,1.0,1.0,0.961783,0.961783,0.961783,1.0,0.960934,1.142855,0.923395,0.919565,0.966681,1.154596,0.932156,0.963337,0.960934,0.923395,0.914284,0.966681,0.963337
0.629274,0.100152,24.765127,1.0,1.0,1.0,0.960174,0.960174,0.960174,1.0,0.95929,1.138443,0.920237,0.916249,0.965277,1.150653,0.92935,0.961796,0.95929,0.920237,0.910755,0.965277,0.961796
0.642202,0.10221,23.778124,1.0,1.0,1.0,0.958532,0.958532,0.958532,1.0,0.957612,1.13395,0.917021,0.912872,0.963844,1.146636,0.926491,0.960224,0.957612,0.917021,0.90716,0.963844,0.960224
0.655129,0.104267,22.848972,1.0,1.0,1.0,0.956858,0.956858,0.956858,1.0,0.955901,1.129377,0.913747,0.909434,0.962383,1.142546,0.92358,0.958622,0.955901,0.913747,0.903502,0.962383,0.958622
0.668057,0.106325,21.973235,1.0,1.0,1.0,0.955151,0.955151,0.955151,1.0,0.954157,1.124725,0.910416,0.905936,0.960894,1.138383,0.920618,0.956989,0.954157,0.910416,0.89978,0.960894,0.956989
0.680984,0.108382,21.146898,1.0,1.0,1.0,0.953413,0.953413,0.953413,1.0,0.95238,1.119993,0.907028,0.902379,0.959376,1.134149,0.917604,0.955325,0.95238,0.907028,0.895994,0.959376,0.955325
0.693912,0.110439,20.366312,1.0,1.0,1.0,0.951642,0.951642,0.951642,1.0,0.95057,1.115183,0.903583,0.898763,0.95783,1.129843,0.914539,0.953631,0.95057,0.903583,0.892147,0.95783,0.953631
0.706839,0.112497,19.628162,1.0,1.0,1.0,0.949838,0.949838,0.949838,1.0,0.948727,1.110296,0.900083,0.895087,0.956256,1.125466,0.911424,0.951906,0.948727,0.900083,0.888237,0.956256,0.951906
0.719766,0.114554,18.929426,1.0,1.0,1.0,0.948003,0.948003,0.948003,1.0,0.946852,1.105333,0.896528,0.891354,0.954654,1.121019,0.908258,0.95015,0.946852,0.896528,0.884266,0.954654,0.95015
0.732694,0.116612,18.267348,1.0,1.0,1.0,0.946136,0.946136,0.946136,1.0,0.944943,1.100293,0.892917,0.887563,0.953023,1.116502,0.905042,0.948365,0.944943,0.892917,0.880234,0.953023,0.948365
0.745621,0.118669,17.639408,1.0,1.0,1.0,0.944236,0.944236,0.944236,1.0,0.943002,1.095178,0.889253,0.883715,0.951365,1.111916,0.901777,0.946549,0.943002,0.889253,0.876142,0.951365,0.946549
0.758549,0.120727,17.043298,1.0,1.0,1.0,0.942305,0.942305,0.942305,1.0,0.941028,1.089988,0.885534,0.879811,0.949678,1.107261,0.898463,0.944703,0.941028,0.885534,0.871991,0.949678,0.944703
0.771476,0.122784,16.476903,1.0,1.0,1.0,0.940341,0.940341,0.940341,1.0,0.939022,1.084725,0.881762,0.87585,0.947963,1.102539,0.8951,0.942827,0.939022,0.881762,0.86778,0.947963,0.942827
0.784404,0.124842,15.93828,1.0,1.0,1.0,0.938346,0.938346,0.938346,1.0,0.936983,1.079388,0.877937,0.871834,0.946221,1.097749,0.891689,0.94092,0.936983,0.877937,0.863511,0.946221,0.94092
0.797331,0.126899,15.425642,1.0,1.0,1.0,0.936319,0.936319,0.936319,1.0,0.934912,1.07398,0.87406,0.867763,0.94445,1.092892,0.88823,0.938984,0.934912,0.87406,0.859184,0.94445,0.938984
0.810259,0.128957,14.937346,1.0,1.0,1.0,0.934261,0.934261,0.934261,1.0,0.932808,1.0685,0.870131,0.863638,0.942652,1.087968,0.884724,0.937018,0.932808,0.870131,0.8548,0.942652,0.937018
0.823186,0.131014,14.471873,1.0,1.0,1.0,0.93217,0.93217,0.93217,1.0,0.930672,1.062949,0.866151,0.859459,0.940826,1.08298,0.88117,0.935022,0.930672,0.866151,0.850359,0.940826,0.935022
0.836113,0.133072,14.027823,1.0,1.0,1.0,0.930049,0.930049,0.930049,1.0,0.928504,1.057328,0.862121,0.855227,0.938972,1.077926,0.87757,0.932996,0.928504,0.862121,0.845863,0.938972,0.932996
0.849041,0.135129,13.603902,1.0,1.0,1.0,0.927895,0.927895,0.927895,1.0,0.926304,1.051639,0.85804,0.850942,0.93709,1.072808,0.873924,0.930941,0.926304,0.85804,0.841311,0.93709,0.930941
0.861968,0.137187,13.19891,1.0,1.0,1.0,0.925711,0.925711,0.925711,1.0,0.924072,1.045881,0.853909,0.846605,0.935181,1.067626,0.870232,0.928856,0.924072,0.853909,0.836705,0.935181,0.928856
0.874896,0.139244,12.811738,1.0,1.0,1.0,0.923495,0.923495,0.923495,1.0,0.921808,1.040056,0.84973,0.842216,0.933244,1.062382,0.866495,0.926742,0.921808,0.84973,0.832045,0.933244,0.926742
0.887823,0.141301,12.441356,1.0,1.0,1.0,0.921248,0.921248,0.921248,1.0,0.919512,1.034165,0.845502,0.837777,0.93128,1.057075,0.862713,0.924599,0.919512,0.845502,0.827332,0.93128,0.924599
0.900751,0.143359,12.086805,1.0,1.0,1.0,0.918969,0.918969,0.918969,1.0,0.917184,1.028207,0.841226,0.833288,0.929288,1.051706,0.858887,0.922426,0.917184,0.841226,0.822566,0.929288,0.922426
0.913678,0.145416,11.747198,1.0,1.0,1.0,0.91666,0.91666,0.91666,1.0,0.914824,1.022186,0.836904,0.828749,0.927269,1.046276,0.855017,0.920224,0.914824,0.836904,0.817749,0.927269,0.920224
0.926606,0.147474,11.421705,1.0,1.0,1.0,0.914319,0.914319,0.914319,1.0,0.912433,1.0161,0.832534,0.824161,0.925223,1.040786,0.851104,0.917993,0.912433,0.832534,0.81288,0.925223,0.917993
0.939533,0.149531,11.109555,1.0,1.0,1.0,0.911948,0.911948,0.911948,1.0,0.91001,1.009951,0.828119,0.819525,0.923149,1.035237,0.847147,0.915733,0.91001,0.828119,0.807961,0.923149,0.915733
0.95246,0.151589,10.810028,1.0,1.0,1.0,0.909545,0.909545,0.909545,1.0,0.907556,1.003741,0.823658,0.814841,0.921048,1.029628,0.843149,0.913444,0.907556,0.823658,0.802993,0.921048,0.913444
0.965388,0.153646,10.522454,1.0,1.0,1.0,0.907112,0.907112,0.907112,1.0,0.90507,0.997469,0.819152,0.81011,0.91892,1.023962,0.839108,0.911127,0.90507,0.819152,0.797975,0.91892,0.911127
0.978315,0.155704,10.246204,1.0,1.0,1.0,0.904649,0.904649,0.904649,1.0,0.902553,0.991137,0.814602,0.805332,0.916765,1.018238,0.835026,0.908781,0.902553,0.814602,0.79291,0.916765,0.908781
0.991243,0.157761,9.980692,1.0,1.0,1.0,0.902154,0.902154,0.902154,1.0,0.900005,0.984746,0.810009,0.800509,0.914583,1.012457,0.830903,0.906406,0.900005,0.810009,0.787797,0.914583,0.906406
1.00417,0.159819,9.725369,1.0,1.0,1.0,0.899629,0.899629,0.899629,1.0,0.897426,0.978296,0.805373,0.795641,0.912373,1.00662,0.82674,0.904003,0.897426,0.805373,0.782637,0.912373,0.904003
1.017098,0.161876,9.479718,1.0,1.0,1.0,0.897074,0.897074,0.897074,1.0,0.894815,0.97179,0.800694,0.790729,0.910137,1.000728,0.822536,0.901571,0.894815,0.800694,0.777432,0.910137,0.901571
1.030025,0.163934,9.243259,1.0,1.0,1.0,0.894488,0.894488,0.894488,1.0,0.892174,0.965226,0.795974,0.785773,0.907874,0.994782,0.818294,0.899111,0.892174,0.795974,0.772181,0.907874,0.899111
1.042952,0.165991,9.015538,1.0,1.0,1.0,0.891872,0.891872,0.891872,1.0,0.889501,0.958608,0.791213,0.780773,0.905585,0.988782,0.814012,0.896623,0.889501,0.791213,0.766886,0.905585,0.896623
1.05588,0.168049,8.79613,1.0,1.0,1.0,0.889226,0.889226,0.889226,1.0,0.886798,0.951935,0.786411,0.775732,0.903268,0.982729,0.809692,0.894107,0.886798,0.786411,0.761548,0.903268,0.894107
1.068807,0.170106,8.584635,1.0,1.0,1.0,0.88655,0.88655,0.88655,1.0,0.884065,0.945209,0.78157,0.770649,0.900925,0.976623,0.805334,0.891563,0.884065,0.78157,0.756167,0.900925,0.891563
1.081735,0.172163,8.380677,1.0,1.0,1.0,0.883843,0.883843,0.883843,1.0,0.8813,0.93843,0.77669,0.765525,0.898556,0.970467,0.800939,0.888992,0.8813,0.77669,0.750744,0.898556,0.888992
1.094662,0.174221,8.183902,1.0,1.0,1.0,0.881107,0.881107,0.881107,1.0,0.878506,0.9316,0.771772,0.760361,0.89616,0.96426,0.796507,0.886392,0.878506,0.771772,0.74528,0.89616,0.886392
1.10759,0.176278,7.993977,1.0,1.0,1.0,0.878341,0.878341,0.878341,1.0,0.87568,0.924719,0.766816,0.755157,0.893737,0.958003,0.792039,0.883765,0.87568,0.766816,0.739776,0.893737,0.883765
1.120517,0.178336,7.810587,1.0,1.0,1.0,0.875545,0.875545,0.875545,1.0,0.872825,0.91779,0.761823,0.749914,0.891289,0.951697,0.787536,0.881111,0.872825,0.761823,0.734232,0.891289,0.881111
1.133445,0.180393,7.633437,1.0,1.0,1.0,0.87272,0.87272,0.87272,1.0,0.869939,0.910812,0.756794,0.744634,0.888814,0.945343,0.782997,0.878429,0.869939,0.756794,0.728649,0.888814,0.878429
1.146372,0.182451,7.462246,1.0,1.0,1.0,0.869865,0.869865,0.869865,1.0,0.867023,0.903787,0.75173,0.739316,0.886312,0.938941,0.778423,0.87572,0.867023,0.75173,0.723029,0.886312,0.87572
1.159299,0.184508,7.29675,1.0,1.0,1.0,0.866981,0.866981,0.866981,1.0,0.864078,0.896715,0.74663,0.733962,0.883785,0.932494,0.773816,0.872983,0.864078,0.74663,0.717372,0.883785,0.872983
1.172227,0.186566,7.136698,1.0,1.0,1.0,0.864067,0.864067,0.864067,1.0,0.861102,0.889599,0.741497,0.728571,0.881231,0.926,0.769175,0.87022,0.861102,0.741497,0.711679,0.881231,0.87022
1.185154,0.188623,6.981856,1.0,1.0,1.0,0.861124,0.861124,0.861124,1.0,0.858097,0.882439,0.73633,0.723146,0.878652,0.919462,0.764501,0.86743,0.858097,0.73633,0.705951,0.878652,0.86743
1.198082,0.190681,6.831999,1.0,1.0,1.0,0.858152,0.858152,0.858152,1.0,0.855061,0.875235,0.73113,0.717686,0.876047,0.91288,0.759795,0.864613,0.855061,0.73113,0.700188,0.876047,0.864613
1.211009,0.192738,6.686915,1.0,1.0,1.0,0.855151,0.855151,0.855151,1.0,0.851997,0.86799,0.725898,0.712193,0.873415,0.906254,0.755058,0.861769,0.851997,0.725898,0.694392,0.873415,0.861769
1.223937,0.194796,6.546404,1.0,1.0,1.0,0.852121,0.852121,0.852121,1.0,0.848902,0.860705,0.720635,0.706667,0.870759,0.899587,0.750289,0.858899,0.848902,0.720635,0.688564,0.870759,0.858899
1.236864,0.196853,6.410276,1.0,1.0,1.0,0.849062,0.849062,0.849062,1.0,0.845779,0.85338,0.715342,0.701109,0.868076,0.892878,0.745489,0.856003,0.845779,0.715342,0.682704,0.868076,0.856003
1.249791,0.19891,6.27835,1.0,1.0,1.0,0.845975,0.845975,0.845975,1.0,0.842626,0.846016,0.710018,0.695519,0.865368,0.886128,0.74066,0.85308,0.842626,0.710018,0.676813,0.865368,0.85308
1.262719,0.200968,6.150456,1.0,1.0,1.0,0.842858,0.842858,0.842858,1.0,0.839444,0.838615,0.704666,0.689899,0.862634,0.879339,0.735801,0.850131,0.839444,0.704666,0.670892,0.862634,0.850131
1.275646,0.203025,6.026429,1.0,1.0,1.0,0.839714,0.839714,0.839714,1.0,0.836233,0.831178,0.699285,0.68425,0.859875,0.872511,0.730913,0.847156,0.836233,0.699285,0.664943,0.859875,0.847156
1.288574,0.205083,5.906117,1.0,1.0,1.0,0.83654,0.83654,0.83654,1.0,0.832993,0.823707,0.693877,0.678571,0.857091,0.865646,0.725997,0.844155,0.832993,0.693877,0.658965,0.857091,0.844155
1.301501,0.20714,5.789373,1.0,1.0,1.0,0.833339,0.833339,0.833339,1.0,0.829724,0.816201,0.688442,0.672864,0.854281,0.858743,0.721054,0.841128,0.829724,0.688442,0.652961,0.854281,0.841128
1.314429,0.209198,5.676055,1.0,1.0,1.0,0.830109,0.830109,0.830109,1.0,0.826427,0.808663,0.682981,0.66713,0.851446,0.851805,0.716084,0.838076,0.826427,0.682981,0.64693,0.851446,0.838076
1.327356,0.211255,5.566033,1.0,1.0,1.0,0.826851,0.826851,0.826851,1.0,0.823101,0.801093,0.677494,0.661369,0.848586,0.844831,0.711087,0.834998,0.823101,0.677494,0.640875,0.848586,0.834998
1.340284,0.213313,5.459178,1.0,1.0,1.0,0.823566,0.823566,0.823566,1.0,0.819746,0.793493,0.671983,0.655583,0.845701,0.837824,0.706064,0.831895,0.819746,0.671983,0.634795,0.845701,0.831895
1.353211,0.21537,5.355372,1.0,1.0,1.0,0.820252,0.820252,0.820252,1.0,0.816363,0.785865,0.666449,0.649771,0.842791,0.830783,0.701017,0.828767,0.816363,0.666449,0.628692,0.842791,0.828767
1.366138,0.217428,5.254498,1.0,1.0,1.0,0.816911,0.816911,0.816911,1.0,0.812952,0.778208,0.660891,0.643935,0.839856,0.82371,0.695944,0.825613,0.812952,0.660891,0.622566,0.839856,0.825613
1.379066,0.219485,5.156448,1.0,1.0,1.0,0.813542,0.813542,0.813542,1.0,0.809513,0.770525,0.655311,0.638076,0.836897,0.816606,0.690848,0.822435,0.809513,0.655311,0.61642,0.836897,0.822435
1.391993,0.221543,5.061117,1.0,1.0,1.0,0.810145,0.810145,0.810145,1.0,0.806045,0.762816,0.649709,0.632194,0.833912,0.809471,0.685729,0.819231,0.806045,0.649709,0.610253,0.833912,0.819231
1.404921,0.2236,4.968405,1.0,1.0,1.0,0.806721,0.806721,0.806721,1.0,0.80255,0.755084,0.644087,0.626291,0.830904,0.802307,0.680587,0.816003,0.80255,0.644087,0.604067,0.830904,0.816003
1.417848,0.225658,4.878218,1.0,1.0,1.0,0.80327,0.80327,0.80327,1.0,0.799027,0.747329,0.638444,0.620366,0.82787,0.795114,0.675423,0.812751,0.799027,0.638444,0.597863,0.82787,0.812751
1.430776,0.227715,4.790464,1.0,1.0,1.0,0.799791,0.799791,0.799791,1.0,0.795476,0.739552,0.632783,0.614422,0.824813,0.787894,0.670237,0.809474,0.795476,0.632783,0.591641,0.824813,0.809474
1.443703,0.229772,4.705057,1.0,1.0,1.0,0.796286,0.796286,0.796286,1.0,0.791898,0.731755,0.627103,0.608458,0.821731,0.780648,0.665031,0.806173,0.791898,0.627103,0.585404,0.821731,0.806173
1.456631,0.23183,4.621914,1.0,1.0,1.0,0.792753,0.792753,0.792753,1.0,0.788293,0.723938,0.621406,0.602476,0.818624,0.773376,0.659804,0.802847,0.788293,0.621406,0.579151,0.818624,0.802847
1.469558,0.233887,4.540955,1.0,1.0,1.0,0.789194,0.789194,0.789194,1.0,0.78466,0.716105,0.615691,0.596476,0.815494,0.76608,0.654558,0.799498,0.78466,0.615691,0.572884,0.815494,0.799498
1.482485,0.235945,4.462105,1.0,1.0,1.0,0.785608,0.785608,0.785608,1.0,0.781,0.708254,0.609961,0.590459,0.812339,0.75876,0.649293,0.796125,0.781,0.609961,0.566604,0.812339,0.796125
1.495413,0.238002,4.385291,1.0,1.0,1.0,0.781995,0.781995,0.781995,1.0,0.777313,0.700389,0.604216,0.584426,0.809161,0.751417,0.64401,0.792728,0.777313,0.604216,0.560311,0.809161,0.792728
1.50834,0.24006,4.310444,1.0,1.0,1.0,0.778356,0.778356,0.778356,1.0,0.773599,0.69251,0.598456,0.578378,0.805959,0.744054,0.63871,0.789308,0.773599,0.598456,0.554008,0.805959,0.789308
1.521268,0.242117,4.237497,1.0,1.0,1.0,0.774691,0.774691,0.774691,1.0,0.769859,0.684619,0.592682,0.572316,0.802733,0.73667,0.633392,0.785864,0.769859,0.592682,0.547695,0.802733,0.785864
1.534195,0.244175,4.166386,1.0,1.0,1.0,0.770999,0.770999,0.770999,1.0,0.766091,0.676717,0.586896,0.566241,0.799483,0.729266,0.628059,0.782397,0.766091,0.586896,0.541373,0.799483,0.782397
1.547123,0.246232,4.09705,1.0,1.0,1.0,0.767281,0.767281,0.767281,1.0,0.762298,0.668805,0.581098,0.560152,0.79621,0.721844,0.622709,0.778906,0.762298,0.581098,0.535044,0.79621,0.778906
1.56005,0.24829,4.02943,1.0,1.0,1.0,0.763538,0.763538,0.763538,1.0,0.758477,0.660885,0.575288,0.554052,0.792913,0.714405,0.617345,0.775393,0.758477,0.575288,0.528708,0.792913,0.775393
1.572977,0.250347,3.963471,1.0,1.0,1.0,0.759768,0.759768,0.759768,1.0,0.754631,0.652958,0.569468,0.547941,0.789593,0.706949,0.611967,0.771857,0.754631,0.569468,0.522366,0.789593,0.771857
1.585905,0.252405,3.899118,1.0,1.0,1.0,0.755973,0.755973,0.755973,1.0,0.750759,0.645025,0.563638,0.54182,0.78625,0.699479,0.606574,0.768299,0.750759,0.563638,0.51602,0.78625,0.768299
1.598832,0.254462,3.83632,1.0,1.0,1.0,0.752152,0.752152,0.752152,1.0,0.74686,0.637088,0.5578,0.53569,0.782883,0.691994,0.601169,0.764718,0.74686,0.5578,0.509671,0.782883,0.764718
1.61176,0.25652,3.775027,1.0,1.0,1.0,0.748306,0.748306,0.748306,1.0,0.742936,0.629149,0.551954,0.529551,0.779494,0.684496,0.595752,0.761114,0.742936,0.551954,0.503319,0.779494,0.761114
1.624687,0.258577,3.715191,1.0,1.0,1.0,0.744434,0.744434,0.744434,1.0,0.738986,0.621209,0.5461,0.523405,0.776081,0.676986,0.590323,0.757488,0.738986,0.5461,0.496967,0.776081,0.757488
1.637615,0.260634,3.656767,1.0,1.0,1.0,0.740537,0.740537,0.740537,1.0,0.73501,0.613269,0.54024,0.517252,0.772646,0.669466,0.584883,0.753841,0.73501,0.54024,0.490615,0.772646,0.753841
1.650542,0.262692,3.599709,1.0,1.0,1.0,0.736616,0.736616,0.736616,1.0,0.731009,0.60533,0.534374,0.511093,0.769187,0.661935,0.579432,0.750171,0.731009,0.534374,0.484264,0.769187,0.750171
1.66347,0.264749,3.543978,1.0,1.0,1.0,0.732669,0.732669,0.732669,1.0,0.726983,0.597395,0.528504,0.504929,0.765707,0.654396,0.573972,0.74648,0.726983,0.528504,0.477916,0.765707,0.74648
1.676397,0.266807,3.48953,1.0,1.0,1.0,0.728697,0.728697,0.728697,1.0,0.722931,0.589465,0.52263,0.498761,0.762203,0.64685,0.568503,0.742767,0.722931,0.52263,0.471572,0.762203,0.742767
1.689324,0.268864,3.436327,1.0,1.0,1.0,0.724701,0.724701,0.724701,1.0,0.718855,0.581541,0.516752,0.49259,0.758677,0.639297,0.563026,0.739033,0.718855,0.516752,0.465233,0.758677,0.739033
1.702252,0.270922,3.384333,1.0,1.0,1.0,0.72068,0.72068,0.72068,1.0,0.714754,0.573625,0.510873,0.486416,0.755129,0.631739,0.557541,0.735277,0.714754,0.510873,0.4589,0.755129,0.735277
1.715179,0.272979,3.333509,1.0,1.0,1.0,0.716635,0.716635,0.716635,1.0,0.710628,0.565718,0.504991,0.480241,0.751558,0.624176,0.552049,0.731501,0.710628,0.504991,0.452575,0.751558,0.731501
1.728107,0.275037,3.283821,1.0,1.0,1.0,0.712566,0.712566,0.712566,1.0,0.706477,0.557823,0.49911,0.474065,0.747965,0.616611,0.546551,0.727703,0.706477,0.49911,0.446258,0.747965,0.727703
1.741034,0.277094,3.235237,1.0,1.0,1.0,0.708472,0.708472,0.708472,1.0,0.702302,0.549939,0.493228,0.467889,0.744351,0.609044,0.541047,0.723885,0.702302,0.493228,0.439952,0.744351,0.723885
1.753962,0.279152,3.187722,1.0,1.0,1.0,0.704355,0.704355,0.704355,1.0,0.698102,0.542071,0.487347,0.461714,0.740714,0.601476,0.535538,0.720046,0.698102,0.487347,0.433657,0.740714,0.720046
1.766889,0.281209,3.141247,1.0,1.0,1.0,0.700213,0.700213,0.700213,1.0,0.693879,0.534218,0.481468,0.455541,0.737055,0.593909,0.530025,0.716187,0.693879,0.481468,0.427374,0.737055,0.716187
1.779817,0.283267,3.095781,1.0,1.0,1.0,0.696048,0.696048,0.696048,1.0,0.689631,0.526383,0.475591,0.449371,0.733375,0.586344,0.524508,0.712307,0.689631,0.475591,0.421106,0.733375,0.712307
1.792744,0.285324,3.051295,1.0,1.0,1.0,0.69186,0.69186,0.69186,1.0,0.68536,0.518567,0.469718,0.443204,0.729673,0.578781,0.518989,0.708407,0.68536,0.469718,0.414853,0.729673,0.708407
1.805671,0.287382,3.00776,1.0,1.0,1.0,0.687648,0.687648,0.687648,1.0,0.681065,0.510772,0.463849,0.437042,0.72595,0.571223,0.513467,0.704488,0.681065,0.463849,0.408617,0.72595,0.704488
1.818599,0.289439,2.965151,1.0,1.0,1.0,0.683412,0.683412,0.683412,1.0,0.676746,0.502999,0.457985,0.430885,0.722205,0.56367,0.507944,0.700548,0.676746,0.457985,0.4024,0.722205,0.700548
1.831526,0.291496,2.923441,1.0,1.0,1.0,0.679154,0.679154,0.679154,1.0,0.672404,0.495252,0.452127,0.424734,0.718439,0.556124,0.50242,0.696589,0.672404,0.452127,0.396201,0.718439,0.696589
1.844454,0.293554,2.882605,1.0,1.0,1.0,0.674873,0.674873,0.674873,1.0,0.668039,0.487531,0.446276,0.418589,0.714652,0.548586,0.496895,0.692611,0.668039,0.446276,0.390024,0.714652,0.692611
1.857381,0.295611,2.842619,1.0,1.0,1.0,0.670568,0.670568,0.670568,1.0,0.66365,0.479838,0.440432,0.412453,0.710843,0.541057,0.491372,0.688613,0.66365,0.440432,0.38387,0.710843,0.688613
1.870309,0.297669,2.803459,1.0,1.0,1.0,0.666242,0.666242,0.666242,1.0,0.659239,0.472175,0.434596,0.406326,0.707014,0.533539,0.485849,0.684597,0.659239,0.434596,0.37774,0.707014,0.684597
1.883236,0.299726,2.765102,1.0,1.0,1.0,0.661892,0.661892,0.661892,1.0,0.654805,0.464544,0.428769,0.400207,0.703164,0.526033,0.480328,0.680561,0.654805,0.428769,0.371635,0.703164,0.680561
1.896163,0.301784,2.727527,1.0,1.0,1.0,0.65752,0.65752,0.65752,1.0,0.650348,0.456947,0.422952,0.3941,0.699293,0.51854,0.47481,0.676506,0.650348,0.422952,0.365558,0.699293,0.676506
1.909091,0.303841,2.690713,1.0,1.0,1.0,0.653126,0.653126,0.653126,1.0,0.645868,0.449387,0.417146,0.388003,0.695401,0.511061,0.469295,0.672433,0.645868,0.417146,0.359509,0.695401,0.672433
1.922018,0.305899,2.65464,1.0,1.0,1.0,0.64871,0.64871,0.64871,1.0,0.641366,0.441864,0.411351,0.381918,0.691489,0.503598,0.463783,0.668342,0.641366,0.411351,0.353491,0.691489,0.668342
1.934946,0.307956,2.619287,1.0,1.0,1.0,0.644272,0.644272,0.644272,1.0,0.636843,0.434381,0.405568,0.375847,0.687557,0.496153,0.458277,0.664232,0.636843,0.405568,0.347505,0.687557,0.664232
1.947873,0.310014,2.584635,1.0,1.0,1.0,0.639812,0.639812,0.639812,1.0,0.632297,0.426941,0.399799,0.369789,0.683604,0.488726,0.452775,0.660105,0.632297,0.399799,0.341553,0.683604,0.660105
1.960801,0.312071,2.550667,1.0,1.0,1.0,0.63533,0.63533,0.63533,1.0,0.627729,0.419546,0.394043,0.363746,0.679631,0.48132,0.44728,0.655959,0.627729,0.394043,0.335637,0.679631,0.655959
1.973728,0.314129,2.517364,1.0,1.0,1.0,0.630827,0.630827,0.630827,1.0,0.623139,0.412197,0.388302,0.357718,0.675639,0.473935,0.441791,0.651796,0.623139,0.388302,0.329758,0.675639,0.651796
1.986656,0.316186,2.484709,1.0,1.0,1.0,0.626303,0.626303,0.626303,1.0,0.618528,0.404897,0.382577,0.351706,0.671626,0.466573,0.436309,0.647615,0.618528,0.382577,0.323918,0.671626,0.647615
1.999583,0.318244,2.452685,1.0,1.0,1.0,0.621757,0.621757,0.621757,1.0,0.613896,0.397649,0.376868,0.345711,0.667593,0.459236,0.430835,0.643417,0.613896,0.376868,0.318119,0.667593,0.643417
2.01251,0.320301,2.421277,1.0,1.0,1.0,0.61719,0.61719,0.61719,1.0,0.609242,0.390455,0.371176,0.339734,0.663541,0.451925,0.42537,0.639202,0.609242,0.371176,0.312364,0.663541,0.639202
2.025438,0.322358,2.390467,1.0,1.0,1.0,0.612603,0.612603,0.612603,1.0,0.604567,0.383317,0.365501,0.333776,0.659469,0.444642,0.419915,0.634969,0.604567,0.365501,0.306653,0.659469,0.634969
2.038365,0.324416,2.360243,1.0,1.0,1.0,0.607994,0.607994,0.607994,1.0,0.599871,0.376238,0.359845,0.327838,0.655378,0.437388,0.414469,0.63072,0.599871,0.359845,0.30099,0.655378,0.63072
2.051293,0.326473,2.330587,1.0,1.0,1.0,0.603365,0.603365,0.603365,1.0,0.595155,0.36922,0.354209,0.32192,0.651267,0.430165,0.409034,0.626455,0.595155,0.354209,0.295376,0.651267,0.626455
2.06422,0.328531,2.301488,1.0,1.0,1.0,0.598716,0.598716,0.598716,1.0,0.590418,0.362267,0.348593,0.316023,0.647138,0.422975,0.40361,0.622172,0.590418,0.348593,0.289814,0.647138,0.622172
2.077148,0.330588,2.272929,1.0,1.0,1.0,0.594047,0.594047,0.594047,1.0,0.58566,0.355381,0.342998,0.310148,0.642989,0.415819,0.398198,0.617874,0.58566,0.342998,0.284305,0.642989,0.617874
2.090075,0.332646,2.2449,1.0,1.0,1.0,0.589357,0.589357,0.589357,1.0,0.580882,0.348566,0.337424,0.304295,0.638821,0.4087,0.392799,0.61356,0.580882,0.337424,0.278853,0.638821,0.61356
2.103003,0.334703,2.217385,1.0,1.0,1.0,0.584647,0.584647,0.584647,1.0,0.576084,0.341823,0.331873,0.298467,0.634634,0.401618,0.387413,0.609229,0.576084,0.331873,0.273459,0.634634,0.609229
2.11593,0.336761,2.190373,1.0,1.0,1.0,0.579918,0.579918,0.579918,1.0,0.571267,0.335157,0.326346,0.292663,0.630429,0.394576,0.382041,0.604883,0.571267,0.326346,0.268125,0.630429,0.604883
2.128857,0.338818,2.163852,1.0,1.0,1.0,0.575169,0.575169,0.575169,1.0,0.566429,0.32857,0.320842,0.286884,0.626205,0.387575,0.376684,0.600521,0.566429,0.320842,0.262856,0.626205,0.600521
2.141785,0.340876,2.13781,1.0,1.0,1.0,0.5704,0.5704,0.5704,1.0,0.561572,0.322065,0.315363,0.281131,0.621963,0.380618,0.371342,0.596145,0.561572,0.315363,0.257652,0.621963,0.596145
2.154712,0.342933,2.112234,1.0,1.0,1.0,0.565613,0.565613,0.565613,1.0,0.556695,0.315647,0.30991,0.275405,0.617702,0.373707,0.366016,0.591752,0.556695,0.30991,0.252518,0.617702,0.591752
2.16764,0.344991,2.087115,1.0,1.0,1.0,0.560806,0.560806,0.560806,1.0,0.551799,0.309319,0.304483,0.269707,0.613423,0.366844,0.360706,0.587345,0.551799,0.304483,0.247455,0.613423,0.587345
2.180567,0.347048,2.062442,1.0,1.0,1.0,0.55598,0.55598,0.55598,1.0,0.546884,0.303083,0.299083,0.264037,0.609126,0.36003,0.355414,0.582923,0.546884,0.299083,0.242467,0.609126,0.582923
2.193495,0.349106,2.038204,1.0,1.0,1.0,0.551135,0.551135,0.551135,1.0,0.541951,0.296945,0.29371,0.258396,0.604811,0.353268,0.35014,0.578487,0.541951,0.29371,0.237556,0.604811,0.578487
2.206422,0.351163,2.01439,1.0,1.0,1.0,0.546272,0.546272,0.546272,1.0,0.536998,0.290908,0.288367,0.252785,0.600478,0.34656,0.344885,0.574036,0.536998,0.288367,0.232726,0.600478,0.574036
2.219349,0.35322,1.990991,1.0,1.0,1.0,0.54139,0.54139,0.54139,1.0,0.532027,0.284976,0.283052,0.247205,0.596128,0.339909,0.339649,0.569571,0.532027,0.283052,0.227981,0.596128,0.569571
2.232277,0.355278,1.967998,1.0,1.0,1.0,0.536489,0.536489,0.536489,1.0,0.527037,0.279153,0.277768,0.241656,0.59176,0.333317,0.334433,0.565092,0.527037,0.277768,0.223322,0.59176,0.565092
2.245204,0.357335,1.9454,1.0,1.0,1.0,0.531571,0.531571,0.531571,1.0,0.522029,0.273443,0.272515,0.23614,0.587374,0.326787,0.329237,0.560599,0.522029,0.272515,0.218754,0.587374,0.560599
2.258132,0.359393,1.92319,1.0,1.0,1.0,0.526635,0.526635,0.526635,1.0,0.517003,0.267851,0.267292,0.230657,0.582971,0.320321,0.324063,0.556092,0.517003,0.267292,0.214281,0.582971,0.556092
2.271059,0.36145,1.901357,1.0,1.0,1.0,0.521681,0.521681,0.521681,1.0,0.51196,0.262382,0.262103,0.225208,0.578551,0.313921,0.31891,0.551572,0.51196,0.262103,0.209905,0.578551,0.551572
2.283987,0.363508,1.879895,1.0,1.0,1.0,0.516709,0.516709,0.516709,1.0,0.506898,0.257039,0.256946,0.219793,0.574114,0.307591,0.31378,0.547039,0.506898,0.256946,0.205632,0.574114,0.547039
2.296914,0.365565,1.858794,1.0,1.0,1.0,0.511719,0.511719,0.511719,1.0,0.501819,0.251829,0.251822,0.214413,0.56966,0.301334,0.308673,0.542492,0.501819,0.251822,0.201463,0.56966,0.542492
2.309842,0.367623,1.838046,1.0,1.0,1.0,0.506713,0.506713,0.506713,1.0,0.496723,0.246755,0.246733,0.20907,0.565189,0.295152,0.30359,0.537933,0.496723,0.246733,0.197404,0.565189,0.537933
2.322769,0.36968,1.817643,1.0,1.0,1.0,0.501689,0.501689,0.501689,1.0,0.491609,0.241823,0.241679,0.203763,0.560702,0.289049,0.298532,0.533361,0.491609,0.241679,0.193458,0.560702,0.533361
2.335696,0.371738,1.797579,1.0,1.0,1.0,0.496648,0.496648,0.496648,1.0,0.486478,0.237037,0.236661,0.198494,0.556198,0.283027,0.293498,0.528776,0.486478,0.236661,0.189629,0.556198,0.528776
2.348624,0.373795,1.777844,1.0,1.0,1.0,0.491591,0.491591,0.491591,1.0,0.481331,0.232403,0.231679,0.193263,0.551678,0.277091,0.288491,0.524179,0.481331,0.231679,0.185922,0.551678,0.524179
2.361551,0.375853,1.758433,1.0,1.0,1.0,0.486517,0.486517,0.486517,1.0,0.476167,0.227925,0.226735,0.188072,0.547141,0.271244,0.283509,0.51957,0.476167,0.226735,0.18234,0.547141,0.51957
2.374479,0.37791,1.739338,1.0,1.0,1.0,0.481426,0.481426,0.481426,1.0,0.470986,0.22361,0.221828,0.182919,0.542588,0.26549,0.278555,0.514949,0.470986,0.221828,0.178888,0.542588,0.514949
2.387406,0.379967,1.720553,1.0,1.0,1.0,0.476319,0.476319,0.476319,1.0,0.465789,0.219461,0.21696,0.177808,0.538019,0.259831,0.273628,0.510317,0.465789,0.21696,0.175569,0.538019,0.510317
2.400334,0.382025,1.70207,1.0,1.0,1.0,0.471196,0.471196,0.471196,1.0,0.460576,0.215484,0.212131,0.172737,0.533435,0.254273,0.26873,0.505672,0.460576,0.212131,0.172387,0.533435,0.505672
2.413261,0.384082,1.683884,1.0,1.0,1.0,0.466057,0.466057,0.466057,1.0,0.455348,0.211684,0.207341,0.167708,0.528834,0.24882,0.26386,0.501017,0.455348,0.207341,0.169347,0.528834,0.501017
2.426188,0.38614,1.665987,1.0,1.0,1.0,0.460902,0.460902,0.460902,1.0,0.450103,0.208065,0.202593,0.162722,0.524219,0.243475,0.25902,0.49635,0.450103,0.202593,0.166452,0.524219,0.49635
2.439116,0.388197,1.648374,1.0,1.0,1.0,0.455732,0.455732,0.455732,1.0,0.444843,0.204632,0.197885,0.157779,0.519587,0.238244,0.25421,0.491672,0.444843,0.197885,0.163706,0.519587,0.491672
2.452043,0.390255,1.631039,1.0,1.0,1.0,0.450546,0.450546,0.450546,1.0,0.439567,0.201389,0.193219,0.15288,0.51494,0.23313,0.249431,0.486984,0.439567,0.193219,0.161112,0.51494,0.486984
2.464971,0.392312,1.613976,1.0,1.0,1.0,0.445345,0.445345,0.445345,1.0,0.434276,0.19834,0.188596,0.148026,0.510278,0.228139,0.244683,0.482285,0.434276,0.188596,0.158672,0.510278,0.482285
2.477898,0.39437,1.59718,1.0,1.0,1.0,0.440129,0.440129,0.440129,1.0,0.42897,0.195488,0.184016,0.143216,0.505602,0.223275,0.239967,0.477576,0.42897,0.184016,0.156391,0.505602,0.477576
2.490826,0.396427,1.580644,1.0,1.0,1.0,0.434898,0.434898,0.434898,1.0,0.42365,0.192837,0.179479,0.138453,0.50091,0.218544,0.235284,0.472856,0.42365,0.179479,0.154269,0.50091,0.472856
2.503753,0.398485,1.564363,1.0,1.0,1.0,0.429652,0.429652,0.429652,1.0,0.418314,0.190387,0.174987,0.133736,0.496203,0.213951,0.230634,0.468127,0.418314,0.174987,0.15231,0.496203,0.468127
2.516681,0.400542,1.548333,1.0,1.0,1.0,0.424392,0.424392,0.424392,1.0,0.412964,0.188143,0.17054,0.129067,0.491482,0.2095,0.226017,0.463387,0.412964,0.17054,0.150514,0.491482,0.463387
2.529608,0.4026,1.532548,1.0,1.0,1.0,0.419117,0.419117,0.419117,1.0,0.4076,0.186104,0.166138,0.124445,0.486746,0.205198,0.221435,0.458639,0.4076,0.166138,0.148883,0.486746,0.458639
2.542535,0.404657,1.517004,1.0,1.0,1.0,0.413828,0.413828,0.413828,1.0,0.402222,0.184271,0.161783,0.119872,0.481996,0.20105,0.216889,0.45388,0.402222,0.161783,0.147417,0.481996,0.45388
2.555463,0.406715,1.501694,1.0,1.0,1.0,0.408526,0.408526,0.408526,1.0,0.39683,0.182645,0.157474,0.115348,0.477232,0.197061,0.212377,0.449113,0.39683,0.157474,0.146116,0.477232,0.449113
2.56839,0.408772,1.486615,1.0,1.0,1.0,0.403209,0.403209,0.403209,1.0,0.391424,0.181223,0.153213,0.110874,0.472453,0.193237,0.207902,0.444337,0.391424,0.153213,0.144979,0.472453,0.444337
2.581318,0.410829,1.471763,1.0,1.0,1.0,0.397879,0.397879,0.397879,1.0,0.386005,0.180005,0.149,0.10645,0.467661,0.189583,0.203464,0.439552,0.386005,0.149,0.144004,0.467661,0.439552
2.594245,0.412887,1.457131,1.0,1.0,1.0,0.392535,0.392535,0.392535,1.0,0.380572,0.178988,0.144835,0.102077,0.462855,0.186105,0.199063,0.434758,0.380572,0.144835,0.143191,0.462855,0.434758
2.607173,0.414944,1.442717,1.0,1.0,1.0,0.387178,0.387178,0.387178,1.0,0.375126,0.178169,0.14072,0.097756,0.458035,0.182807,0.194701,0.429956,0.375126,0.14072,0.142535,0.458035,0.429956
2.6201,0.417002,1.428515,1.0,1.0,1.0,0.381808,0.381808,0.381808,1.0,0.369667,0.177543,0.136654,0.093487,0.453202,0.179696,0.190377,0.425146,0.369667,0.136654,0.142035,0.453202,0.425146
2.633028,0.419059,1.414523,1.0,1.0,1.0,0.376425,0.376425,0.376425,1.0,0.364195,0.177106,0.132638,0.08927,0.448356,0.176774,0.186092,0.420327,0.364195,0.132638,0.141685,0.448356,0.420327
2.645955,0.421117,1.400734,1.0,1.0,1.0,0.371029,0.371029,0.371029,1.0,0.358711,0.176853,0.128674,0.085107,0.443496,0.174047,0.181847,0.415501,0.358711,0.128674,0.141482,0.443496,0.415501
2.658882,0.423174,1.387147,1.0,1.0,1.0,0.36562,0.36562,0.36562,1.0,0.353214,0.176777,0.12476,0.080998,0.438623,0.171519,0.177642,0.410668,0.353214,0.12476,0.141422,0.438623,0.410668
2.67181,0.425232,1.373756,1.0,1.0,1.0,0.3602,0.3602,0.3602,1.0,0.347706,0.176872,0.120899,0.076944,0.433737,0.169192,0.173479,0.405827,0.347706,0.120899,0.141497,0.433737,0.405827
2.684737,0.427289,1.360558,1.0,1.0,1.0,0.354767,0.354767,0.354767,1.0,0.342185,0.17713,0.11709,0.072945,0.428839,0.16707,0.169357,0.400979,0.342185,0.11709,0.141704,0.428839,0.400979
2.697665,0.429347,1.34755,1.0,1.0,1.0,0.349322,0.349322,0.349322,1.0,0.336652,0.177545,0.113334,0.069001,0.423927,0.165155,0.165277,0.396124,0.336652,0.113334,0.142036,0.423927,0.396124
2.710592,0.431404,1.334727,1.0,1.0,1.0,0.343865,0.343865,0.343865,1.0,0.331107,0.178108,0.109632,0.065114,0.419004,0.163447,0.161241,0.391262,0.331107,0.109632,0.142486,0.419004,0.391262
2.72352,0.433462,1.322086,1.0,1.0,1.0,0.338397,0.338397,0.338397,1.0,0.325551,0.178811,0.105984,0.061283,0.414067,0.161949,0.157247,0.386393,0.325551,0.105984,0.143048,0.414067,0.386393
2.736447,0.435519,1.309624,1.0,1.0,1.0,0.332917,0.332917,0.332917,1.0,0.319984,0.179645,0.10239,0.057509,0.409119,0.160659,0.153298,0.381519,0.319984,0.10239,0.143716,0.409119,0.381519
2.749374,0.437577,1.297337,1.0,1.0,1.0,0.327426,0.327426,0.327426,1.0,0.314406,0.180603,0.098851,0.053794,0.404159,0.159576,0.149393,0.376638,0.314406,0.098851,0.144483,0.404159,0.376638
2.762302,0.439634,1.285223,1.0,1.0,1.0,0.321924,0.321924,0.321924,1.0,0.308817,0.181676,0.095368,0.050136,0.399187,0.158698,0.145534,0.371751,0.308817,0.095368,0.145341,0.399187,0.371751
2.775229,0.441691,1.273277,1.0,1.0,1.0,0.31641,0.31641,0.31641,1.0,0.303217,0.182855,0.091941,0.046538,0.394203,0.158023,0.14172,0.366858,0.303217,0.091941,0.146284,0.394203,0.366858
2.788157,0.443749,1.261497,1.0,1.0,1.0,0.310887,0.310887,0.310887,1.0,0.297607,0.184131,0.08857,0.042998,0.389207,0.157547,0.137953,0.36196,0.297607,0.08857,0.147305,0.389207,0.36196
2.801084,0.445806,1.24988,1.0,1.0,1.0,0.305352,0.305352,0.305352,1.0,0.291986,0.185497,0.085256,0.039519,0.3842,0.157265,0.134233,0.357056,0.291986,0.085256,0.148398,0.3842,0.357056
2.814012,0.447864,1.238423,1.0,1.0,1.0,0.299808,0.299808,0.299808,1.0,0.286356,0.186944,0.082,0.0361,0.379181,0.157172,0.130561,0.352148,0.286356,0.082,0.149555,0.379181,0.352148
2.826939,0.449921,1.227122,1.0,1.0,1.0,0.294253,0.294253,0.294253,1.0,0.280715,0.188464,0.078801,0.032741,0.374152,0.157262,0.126937,0.347234,0.280715,0.078801,0.150771,0.374152,0.347234
2.839867,0.451979,1.215975,1.0,1.0,1.0,0.288688,0.288688,0.288688,1.0,0.275065,0.190049,0.075661,0.029444,0.369111,0.157528,0.123362,0.342315,0.275065,0.075661,0.152039,0.369111,0.342315
2.852794,0.454036,1.20498,1.0,1.0,1.0,0.283114,0.283114,0.283114,1.0,0.269405,0.191692,0.072579,0.026208,0.36406,0.157963,0.119837,0.337392,0.269405,0.072579,0.153354,0.36406,0.337392
2.865721,0.456094,1.194133,1.0,1.0,1.0,0.27753,0.27753,0.27753,1.0,0.263736,0.193385,0.069557,0.023034,0.358997,0.158559,0.116362,0.332465,0.263736,0.069557,0.154708,0.358997,0.332465
2.878649,0.458151,1.183432,1.0,1.0,1.0,0.271936,0.271936,0.271936,1.0,0.258058,0.195122,0.066594,0.019923,0.353924,0.159308,0.112938,0.327534,0.258058,0.066594,0.156098,0.353924,0.327534
2.891576,0.460209,1.172874,1.0,1.0,1.0,0.266333,0.266333,0.266333,1.0,0.25237,0.196895,0.063691,0.016875,0.348841,0.160202,0.109566,0.322598,0.25237,0.063691,0.157516,0.348841,0.322598
2.904504,0.462266,1.162457,1.0,1.0,1.0,0.260722,0.260722,0.260722,1.0,0.246674,0.198698,0.060848,0.013891,0.343748,0.161231,0.106247,0.317659,0.246674,0.060848,0.158958,0.343748,0.317659
2.917431,0.464324,1.152178,1.0,1.0,1.0,0.255101,0.255101,0.255101,1.0,0.24097,0.200525,0.058067,0.01097,0.338644,0.162389,0.10298,0.312716,0.24097,0.058067,0.16042,0.338644,0.312716
2.930359,0.466381,1.142034,1.0,1.0,1.0,0.249472,0.249472,0.249472,1.0,0.235257,0.202369,0.055346,0.008113,0.33353,0.163664,0.099768,0.30777,0.235257,0.055346,0.161896,0.33353,0.30777
2.943286,0.468439,1.132024,1.0,1.0,1.0,0.243834,0.243834,0.243834,1.0,0.229536,0.204226,0.052687,0.005321,0.328407,0.16505,0.09661,0.302821,0.229536,0.052687,0.163381,0.328407,0.302821
2.956214,0.470496,1.122145,1.0,1.0,1.0,0.238189,0.238189,0.238189,1.0,0.223807,0.20609,0.05009,0.002594,0.323273,0.166536,0.093507,0.297869,0.223807,0.05009,0.164872,0.323273,0.297869
2.969141,0.472553,1.112395,1.0,1.0,1.0,0.232535,0.232535,0.232535,1.0,0.218071,0.207956,0.047555,6.7e-05,0.318131,0.168115,0.090461,0.292914,0.218071,0.047555,0.166364,0.318131,0.292914
2.982068,0.474611,1.102771,1.0,1.0,1.0,0.226873,0.226873,0.226873,1.0,0.212327,0.209818,0.045083,0.002663,0.312979,0.169778,0.087471,0.287957,0.212327,0.045083,0.167854,0.312979,0.287957
2.994996,0.476668,1.093272,1.0,1.0,1.0,0.221203,0.221203,0.221203,1.0,0.206575,0.211673,0.042673,0.005193,0.307817,0.171517,0.08454,0.282997,0.206575,0.042673,0.169338,0.307817,0.282997
3.007923,0.478726,1.083895,1.0,1.0,1.0,0.215526,0.215526,0.215526,1.0,0.200816,0.213516,0.040327,0.007656,0.302647,0.173325,0.081667,0.278036,0.200816,0.040327,0.170813,0.302647,0.278036
3.020851,0.480783,1.074638,1.0,1.0,1.0,0.209842,0.209842,0.209842,1.0,0.195051,0.215343,0.038045,0.010053,0.297468,0.175193,0.078854,0.273072,0.195051,0.038045,0.172274,0.297468,0.273072
3.033778,0.482841,1.065499,1.0,1.0,1.0,0.204151,0.204151,0.204151,1.0,0.189278,0.217149,0.035826,0.012382,0.292279,0.177114,0.076102,0.268107,0.189278,0.035826,0.17372,0.292279,0.268107
3.046706,0.484898,1.056476,1.0,1.0,1.0,0.198453,0.198453,0.198453,1.0,0.1835,0.218933,0.033672,0.014644,0.287083,0.179082,0.073411,0.26314,0.1835,0.033672,0.175146,0.287083,0.26314
3.059633,0.486956,1.047567,1.0,1.0,1.0,0.192748,0.192748,0.192748,1.0,0.177714,0.220689,0.031582,0.016839,0.281878,0.181089,0.070784,0.258172,0.177714,0.031582,0.176551,0.281878,0.258172
3.07256,0.489013,1.038771,1.0,1.0,1.0,0.187036,0.187036,0.187036,1.0,0.171923,0.222415,0.029557,0.018965,0.276664,0.183129,0.06822,0.253203,0.171923,0.029557,0.177932,0.276664,0.253203
3.085488,0.491071,1.030085,1.0,1.0,1.0,0.181318,0.181318,0.181318,1.0,0.166126,0.224108,0.027598,0.021022,0.271442,0.185197,0.065721,0.248232,0.166126,0.027598,0.179286,0.271442,0.248232
3.098415,0.493128,1.021507,1.0,1.0,1.0,0.175594,0.175594,0.175594,1.0,0.160322,0.225765,0.025703,0.023012,0.266213,0.187286,0.063288,0.243262,0.160322,0.025703,0.180612,0.266213,0.243262
3.111343,0.495186,1.013036,1.0,1.0,1.0,0.169864,0.169864,0.169864,1.0,0.154514,0.227382,0.023875,0.024932,0.260975,0.189392,0.060923,0.23829,0.154514,0.023875,0.181906,0.260975,0.23829
3.12427,0.497243,1.00467,1.0,1.0,1.0,0.164129,0.164129,0.164129,1.0,0.1487,0.228959,0.022112,0.026783,0.25573,0.191508,0.058627,0.233319,0.1487,0.022112,0.183167,0.25573,0.233319
3.137198,0.499301,0.996407,1.0,1.0,1.0,0.158388,0.158388,0.158388,1.0,0.142881,0.230491,0.020415,0.028564,0.250477,0.19363,0.056401,0.228347,0.142881,0.020415,0.184393,0.250477,0.228347
3.150125,0.501358,0.988246,1.0,1.0,1.0,0.152641,0.152641,0.152641,1.0,0.137057,0.231977,0.018785,0.030276,0.245217,0.195754,0.054246,0.223375,0.137057,0.018785,0.185582,0.245217,0.223375
3.163053,0.503415,0.980185,1.0,1.0,1.0,0.146889,0.146889,0.146889,1.0,0.131228,0.233415,0.017221,0.031918,0.23995,0.197875,0.052165,0.218404,0.131228,0.017221,0.186732,0.23995,0.218404
3.17598,0.505473,0.972221,1.0,1.0,1.0,0.141133,0.141133,0.141133,1.0,0.125394,0.234803,0.015724,0.03349,0.234676,0.199989,0.050158,0.213433,0.125394,0.015724,0.187843,0.234676,0.213433
3.188907,0.50753,0.964355,1.0,1.0,1.0,0.135371,0.135371,0.135371,1.0,0.119557,0.236139,0.014294,0.034991,0.229394,0.202092,0.048228,0.208463,0.119557,0.014294,0.188911,0.229394,0.208463
3.201835,0.509588,0.956583,1.0,1.0,1.0,0.129605,0.129605,0.129605,1.0,0.113715,0.237421,0.012931,0.036422,0.224106,0.204181,0.046376,0.203494,0.113715,0.012931,0.189937,0.224106,0.203494
3.214762,0.511645,0.948905,1.0,1.0,1.0,0.123835,0.123835,0.123835,1.0,0.107869,0.238648,0.011636,0.037782,0.218811,0.206252,0.044603,0.198526,0.107869,0.011636,0.190918,0.218811,0.198526
3.22769,0.513703,0.94132,1.0,1.0,1.0,0.11806,0.11806,0.11806,1.0,0.10202,0.239818,0.010408,0.039072,0.21351,0.208302,0.042912,0.19356,0.10202,0.010408,0.191854,0.21351,0.19356
3.240617,0.51576,0.933824,1.0,1.0,1.0,0.112281,0.112281,0.112281,1.0,0.096167,0.24093,0.009248,0.04029,0.208203,0.210328,0.041303,0.188594,0.096167,0.009248,0.192744,0.208203,0.188594
3.253545,0.517818,0.926418,1.0,1.0,1.0,0.106499,0.106499,0.106499,1.0,0.09031,0.241982,0.008156,0.041436,0.202889,0.212327,0.039779,0.183631,0.09031,0.008156,0.193585,0.202889,0.183631
3.266472,0.519875,0.9191,1.0,1.0,1.0,0.100713,0.100713,0.100713,1.0,0.084451,0.242973,0.007132,0.042511,0.19757,0.214297,0.038341,0.178669,0.084451,0.007132,0.194378,0.19757,0.178669
3.279399,0.521933,0.911868,1.0,1.0,1.0,0.094923,0.094923,0.094923,1.0,0.078588,0.243902,0.006176,0.043515,0.192244,0.216235,0.03699,0.17371,0.078588,0.006176,0.195122,0.192244,0.17371
3.292327,0.52399,0.904721,1.0,1.0,1.0,0.089131,0.089131,0.089131,1.0,0.072723,0.244768,0.005289,0.044447,0.186913,0.218139,0.035727,0.168753,0.072723,0.005289,0.195815,0.186913,0.168753
3.305254,0.526048,0.897658,1.0,1.0,1.0,0.083335,0.083335,0.083335,1.0,0.066856,0.245571,0.00447,0.045307,0.181577,0.220006,0.034553,0.163798,0.066856,0.00447,0.196457,0.181577,0.163798
3.318182,0.528105,0.890677,1.0,1.0,1.0,0.077537,0.077537,0.077537,1.0,0.060986,0.246309,0.003719,0.046095,0.176235,0.221835,0.033468,0.158846,0.060986,0.003719,0.197047,0.176235,0.158846
3.331109,0.530163,0.883777,1.0,1.0,1.0,0.071735,0.071735,0.071735,1.0,0.055114,0.246981,0.003038,0.046811,0.170888,0.223624,0.032473,0.153898,0.055114,0.003038,0.197585,0.170888,0.153898
3.344037,0.53222,0.876958,1.0,1.0,1.0,0.065932,0.065932,0.065932,1.0,0.04924,0.247587,0.002425,0.047454,0.165535,0.225371,0.031567,0.148952,0.04924,0.002425,0.19807,0.165535,0.148952
3.356964,0.534277,0.870216,1.0,1.0,1.0,0.060126,0.060126,0.060126,1.0,0.043364,0.248127,0.00188,0.048026,0.160178,0.227073,0.030748,0.144009,0.043364,0.00188,0.198501,0.160178,0.144009
3.369892,0.536335,0.863553,1.0,1.0,1.0,0.054318,0.054318,0.054318,1.0,0.037487,0.248599,0.001405,0.048524,0.154817,0.228731,0.030016,0.13907,0.037487,0.001405,0.198879,0.154817,0.13907
3.382819,0.538392,0.856965,1.0,1.0,1.0,0.048509,0.048509,0.048509,1.0,0.031608,0.249003,0.000999,0.048951,0.14945,0.230342,0.029369,0.134135,0.031608,0.000999,0.199202,0.14945,0.134135
3.395746,0.54045,0.850453,1.0,1.0,1.0,0.042697,0.042697,0.042697,1.0,0.025729,0.249339,0.000662,0.049305,0.14408,0.231904,0.028802,0.129203,0.025729,0.000662,0.199471,0.14408,0.129203
3.408674,0.542507,0.844014,1.0,1.0,1.0,0.036885,0.036885,0.036885,1.0,0.019848,0.249606,0.000394,0.049586,0.138705,0.233418,0.028314,0.124276,0.019848,0.000394,0.199685,0.138705,0.124276
3.421601,0.544565,0.837649,1.0,1.0,1.0,0.031071,0.031071,0.031071,1.0,0.013967,0.249805,0.000195,0.049795,0.133326,0.234881,0.027899,0.119353,0.013967,0.000195,0.199844,0.133326,0.119353
3.434529,0.546622,0.831355,1.0,1.0,1.0,0.025256,0.025256,0.025256,1.0,0.008086,0.249935,6.5e-05,0.049931,0.127943,0.236292,0.027554,0.114435,0.008086,6.5e-05,0.199948,0.127943,0.114435
3.447456,0.54868,0.825131,1.0,1.0,1.0,0.01944,0.01944,0.01944,1.0,0.002204,0.249995,5e-06,0.049995,0.122556,0.23765,0.027274,0.109521,0.002204,5e-06,0.199996,0.122556,0.109521
3.460384,0.550737,0.818978,1.0,1.0,1.0,0.013623,0.013623,0.013623,1.0,0.003678,0.249986,1.4e-05,0.049986,0.117165,0.238956,0.027052,0.104612,0.003678,1.4e-05,0.199989,0.117165,0.104612
3.473311,0.552795,0.812893,1.0,1.0,1.0,0.007806,0.007806,0.007806,1.0,0.00956,0.249909,9.1e-05,0.049904,0.111772,0.240206,0.026884,0.099708,0.00956,9.1e-05,0.199927,0.111772,0.099708
3.486239,0.554852,0.806875,1.0,1.0,1.0,0.001989,0.001989,0.001989,1.0,0.015442,0.249762,0.000238,0.04975,0.106375,0.241402,0.026765,0.094809,0.015442,0.000238,0.199809,0.106375,0.094809
3.499166,0.55691,0.800925,1.0,1.0,1.0,0.003828,0.003828,0.003828,1.0,0.021323,0.249546,0.000455,0.049523,0.100974,0.242542,0.026688,0.089916,0.021323,0.000455,0.199637,0.100974,0.089916
3.512093,0.558967,0.795039,1.0,1.0,1.0,0.009646,0.009646,0.009646,1.0,0.027203,0.249261,0.00074,0.049223,0.095571,0.243625,0.026648,0.085028,0.027203,0.00074,0.199409,0.095571,0.085028
3.525021,0.561024,0.789219,1.0,1.0,1.0,0.015462,0.015462,0.015462,1.0,0.033082,0.248908,0.001094,0.048851,0.090165,0.244652,0.02664,0.080147,0.033082,0.001094,0.199126,0.090165,0.080147
3.537948,0.563082,0.783462,1.0,1.0,1.0,0.021279,0.021279,0.021279,1.0,0.03896,0.248487,0.001518,0.048406,0.084756,0.245621,0.026659,0.075271,0.03896,0.001518,0.198789,0.084756,0.075271
3.550876,0.565139,0.777767,1.0,1.0,1.0,0.027094,0.027094,0.027094,1.0,0.044837,0.247998,0.00201,0.047889,0.079345,0.246532,0.0267,0.070402,0.044837,0.00201,0.198398,0.079345,0.070402
3.563803,0.567197,0.772135,1.0,1.0,1.0,0.032909,0.032909,0.032909,1.0,0.050712,0.247442,0.002572,0.0473,0.073931,0.247385,0.026759,0.065539,0.050712,0.002572,0.197953,0.073931,0.065539
3.576731,0.569254,0.766564,1.0,1.0,1.0,0.038723,0.038723,0.038723,1.0,0.056586,0.246819,0.003202,0.046638,0.068516,0.248179,0.026832,0.060682,0.056586,0.003202,0.197455,0.068516,0.060682
3.589658,0.571312,0.761052,1.0,1.0,1.0,0.044535,0.044535,0.044535,1.0,0.062457,0.24613,0.003901,0.045904,0.063098,0.248914,0.026916,0.055833,0.062457,0.003901,0.196904,0.063098,0.055833
3.602585,0.573369,0.7556,1.0,1.0,1.0,0.050346,0.050346,0.050346,1.0,0.068327,0.245376,0.004669,0.045098,0.057678,0.24959,0.027007,0.05099,0.068327,0.004669,0.196301,0.057678,0.05099
3.615513,0.575427,0.750207,1.0,1.0,1.0,0.056155,0.056155,0.056155,1.0,0.074194,0.244557,0.005505,0.04422,0.052257,0.250207,0.027103,0.046155,0.074194,0.005505,0.195646,0.052257,0.046155
3.62844,0.577484,0.74487,1.0,1.0,1.0,0.061962,0.061962,0.061962,1.0,0.080058,0.243675,0.006409,0.04327,0.046834,0.250765,0.027202,0.041327,0.080058,0.006409,0.19494,0.046834,0.041327
3.641368,0.579542,0.739591,1.0,1.0,1.0,0.067767,0.067767,0.067767,1.0,0.08592,0.24273,0.007382,0.042249,0.04141,0.251264,0.027302,0.036506,0.08592,0.007382,0.194184,0.04141,0.036506
3.654295,0.581599,0.734367,1.0,1.0,1.0,0.07357,0.07357,0.07357,1.0,0.091779,0.241723,0.008423,0.041156,0.035985,0.251703,0.027402,0.031694,0.091779,0.008423,0.193379,0.035985,0.031694
3.667223,0.583657,0.729199,1.0,1.0,1.0,0.07937,0.07937,0.07937,1.0,0.097634,0.240656,0.009532,0.039991,0.030558,0.252083,0.0275,0.026889,0.097634,0.009532,0.192525,0.030558,0.026889
3.68015,0.585714,0.724085,1.0,1.0,1.0,0.085168,0.085168,0.085168,1.0,0.103486,0.23953,0.010709,0.038755,0.025131,0.252403,0.027597,0.022092,0.103486,0.010709,0.191624,0.025131,0.022092
3.693078,0.587772,0.719025,1.0,1.0,1.0,0.090963,0.090963,0.090963,1.0,0.109335,0.238346,0.011954,0.037448,0.019702,0.252665,0.027693,0.017304,0.109335,0.011954,0.190677,0.019702,0.017304
3.706005,0.589829,0.714017,1.0,1.0,1.0,0.096754,0.096754,0.096754,1.0,0.11518,0.237105,0.013266,0.03607,0.014274,0.252868,0.027787,0.012524,0.11518,0.013266,0.189684,0.014274,0.012524
3.718932,0.591886,0.709062,1.0,1.0,1.0,0.102543,0.102543,0.102543,1.0,0.121021,0.235809,0.014646,0.034622,0.008845,0.253013,0.027881,0.007753,0.121021,0.014646,0.188647,0.008845,0.007753
3.73186,0.593944,0.704158,1.0,1.0,1.0,0.108328,0.108328,0.108328,1.0,0.126857,0.23446,0.016093,0.033103,0.003415,0.2531,0.027975,0.002991,0.126857,0.016093,0.187568,0.003415,0.002991
3.744787,0.596001,0.699305,1.0,1.0,1.0,0.114109,0.114109,0.114109,1.0,0.132689,0.23306,0.017606,0.031513,0.002014,0.253128,0.028071,0.001762,0.132689,0.017606,0.186448,0.002014,0.001762
3.757715,0.598059,0.694501,1.0,1.0,1.0,0.119886,0.119886,0.119886,1.0,0.138517,0.231609,0.019187,0.029854,0.007444,0.2531,0.028172,0.006506,0.138517,0.019187,0.185287,0.007444,0.006506
3.770642,0.600116,0.689747,1.0,1.0,1.0,0.12566,0.12566,0.12566,1.0,0.14434,0.230111,0.020834,0.028124,0.012873,0.253015,0.028279,0.011241,0.14434,0.020834,0.184089,0.012873,0.011241
3.78357,0.602174,0.685042,1.0,1.0,1.0,0.131429,0.131429,0.131429,1.0,0.150158,0.228567,0.022547,0.026325,0.018302,0.252874,0.028395,0.015966,0.150158,0.022547,0.182854,0.018302,0.015966
3.796497,0.604231,0.680385,1.0,1.0,1.0,0.137193,0.137193,0.137193,1.0,0.15597,0.226981,0.024327,0.024457,0.02373,0.252677,0.028523,0.020681,0.15597,0.024327,0.181584,0.02373,0.020681
3.809425,0.606289,0.675775,1.0,1.0,1.0,0.142953,0.142953,0.142953,1.0,0.161778,0.225353,0.026172,0.022519,0.029158,0.252425,0.028666,0.025386,0.161778,0.026172,0.180282,0.029158,0.025386
3.822352,0.608346,0.671211,1.0,1.0,1.0,0.148708,0.148708,0.148708,1.0,0.167579,0.223687,0.028083,0.020513,0.034585,0.252119,0.028827,0.030081,0.167579,0.028083,0.17895,0.034585,0.030081
3.835279,0.610404,0.666694,1.0,1.0,1.0,0.154459,0.154459,0.154459,1.0,0.173375,0.221986,0.030059,0.018438,0.04001,0.25176,0.029012,0.034766,0.173375,0.030059,0.177588,0.04001,0.034766
3.848207,0.612461,0.662222,1.0,1.0,1.0,0.160203,0.160203,0.160203,1.0,0.179165,0.220252,0.0321,0.016295,0.045435,0.251348,0.029223,0.03944,0.179165,0.0321,0.176201,0.045435,0.03944
3.861134,0.614519,0.657795,1.0,1.0,1.0,0.165943,0.165943,0.165943,1.0,0.184949,0.218488,0.034206,0.014084,0.050858,0.250885,0.029464,0.044104,0.184949,0.034206,0.174791,0.050858,0.044104
3.874062,0.616576,0.653413,1.0,1.0,1.0,0.171677,0.171677,0.171677,1.0,0.190726,0.216699,0.036376,0.011805,0.05628,0.250371,0.029742,0.048757,0.190726,0.036376,0.173359,0.05628,0.048757
3.886989,0.618634,0.649074,1.0,1.0,1.0,0.177405,0.177405,0.177405,1.0,0.196497,0.214886,0.038611,0.009458,0.0617,0.249807,0.030058,0.053398,0.196497,0.038611,0.171909,0.0617,0.053398
3.899917,0.620691,0.644778,1.0,1.0,1.0,0.183127,0.183127,0.183127,1.0,0.202261,0.213055,0.040909,0.007045,0.067118,0.249195,0.030419,0.058029,0.202261,0.040909,0.170444,0.067118,0.058029
3.912844,0.622748,0.640524,1.0,1.0,1.0,0.188843,0.188843,0.188843,1.0,0.208018,0.211209,0.043271,0.004565,0.072534,0.248536,0.030828,0.062648,0.208018,0.043271,0.168967,0.072534,0.062648
3.925771,0.624806,0.636313,1.0,1.0,1.0,0.194552,0.194552,0.194552,1.0,0.213767,0.209352,0.045696,0.002019,0.077949,0.247831,0.03129,0.067255,0.213767,0.045696,0.167481,0.077949,0.067255
3.938699,0.626863,0.632143,1.0,1.0,1.0,0.200255,0.200255,0.200255,1.0,0.21951,0.207488,0.048184,0.000594,0.08336,0.247081,0.031809,0.071851,0.21951,0.048184,0.16599,0.08336,0.071851
3.951626,0.628921,0.628013,1.0,1.0,1.0,0.205951,0.205951,0.205951,1.0,0.225244,0.205622,0.050735,0.003272,0.08877,0.246289,0.032389,0.076435,0.225244,0.050735,0.164498,0.08877,0.076435
3.964554,0.630978,0.623925,1.0,1.0,1.0,0.21164,0.21164,0.21164,1.0,0.230971,0.20376,0.053348,0.006015,0.094176,0.245454,0.033033,0.081007,0.230971,0.053348,0.163008,0.094176,0.081007
3.977481,0.633036,0.619875,1.0,1.0,1.0,0.217322,0.217322,0.217322,1.0,0.23669,0.201906,0.056022,0.008823,0.09958,0.24458,0.033745,0.085566,0.23669,0.056022,0.161525,0.09958,0.085566
3.990409,0.635093,0.615866,1.0,1.0,1.0,0.222997,0.222997,0.222997,1.0,0.242401,0.200065,0.058758,0.011696,0.104982,0.243667,0.034526,0.090113,0.242401,0.058758,0.160052,0.104982,0.090113
4.003336,0.637151,0.611895,1.0,1.0,1.0,0.228664,0.228664,0.228664,1.0,0.248103,0.198244,0.061555,0.014633,0.110379,0.242718,0.035381,0.094648,0.248103,0.061555,0.158595,0.110379,0.094648
4.016264,0.639208,0.607962,1.0,1.0,1.0,0.234323,0.234323,0.234323,1.0,0.253797,0.196447,0.064413,0.017633,0.115774,0.241733,0.03631,0.09917,0.253797,0.064413,0.157158,0.115774,0.09917
4.029191,0.641266,0.604067,1.0,1.0,1.0,0.239975,0.239975,0.239975,1.0,0.259482,0.194683,0.067331,0.020697,0.121165,0.240717,0.037316,0.103678,0.259482,0.067331,0.155746,0.121165,0.103678
4.042118,0.643323,0.600209,1.0,1.0,1.0,0.245618,0.245618,0.245618,1.0,0.265158,0.192957,0.070309,0.023824,0.126553,0.239669,0.0384,0.108174,0.265158,0.070309,0.154365,0.126553,0.108174
4.055046,0.645381,0.596388,1.0,1.0,1.0,0.251253,0.251253,0.251253,1.0,0.270825,0.191275,0.073346,0.027013,0.131937,0.238593,0.039562,0.112656,0.270825,0.073346,0.15302,0.131937,0.112656
4.067973,0.647438,0.592604,1.0,1.0,1.0,0.256879,0.256879,0.256879,1.0,0.276482,0.189646,0.076442,0.030264,0.137317,0.237491,0.040804,0.117125,0.276482,0.076442,0.151717,0.137317,0.117125
4.080901,0.649496,0.588855,1.0,1.0,1.0,0.262497,0.262497,0.262497,1.0,0.28213,0.188077,0.079597,0.033577,0.142693,0.236365,0.042124,0.121581,0.28213,0.079597,0.150461,0.142693,0.121581
4.093828,0.651553,0.585142,1.0,1.0,1.0,0.268106,0.268106,0.268106,1.0,0.287768,0.186574,0.08281,0.036951,0.148065,0.235217,0.043525,0.126022,0.287768,0.08281,0.149259,0.148065,0.126022
4.106756,0.65361,0.581464,1.0,1.0,1.0,0.273706,0.273706,0.273706,1.0,0.293396,0.185147,0.086081,0.040385,0.153433,0.234051,0.045004,0.13045,0.293396,0.086081,0.148117,0.153433,0.13045
4.119683,0.655668,0.577821,1.0,1.0,1.0,0.279296,0.279296,0.279296,1.0,0.299014,0.183803,0.08941,0.04388,0.158796,0.232869,0.046561,0.134863,0.299014,0.08941,0.147042,0.158796,0.134863
4.132611,0.657725,0.574211,1.0,1.0,1.0,0.284877,0.284877,0.284877,1.0,0.304622,0.18255,0.092795,0.047434,0.164154,0.231674,0.048197,0.139263,0.304622,0.092795,0.14604,0.164154,0.139263
4.145538,0.659783,0.570636,1.0,1.0,1.0,0.290449,0.290449,0.290449,1.0,0.310219,0.181397,0.096236,0.051048,0.169507,0.230468,0.04991,0.143648,0.310219,0.096236,0.145117,0.169507,0.143648
4.158465,0.66184,0.567093,1.0,1.0,1.0,0.29601,0.29601,0.29601,1.0,0.315805,0.180352,0.099733,0.05472,0.174856,0.229256,0.051699,0.148018,0.315805,0.099733,0.144282,0.174856,0.148018
4.171393,0.663898,0.563584,1.0,1.0,1.0,0.301562,0.301562,0.301562,1.0,0.321381,0.179424,0.103286,0.05845,0.180199,0.22804,0.053563,0.152373,0.321381,0.103286,0.143539,0.180199,0.152373
4.18432,0.665955,0.560107,1.0,1.0,1.0,0.307103,0.307103,0.307103,1.0,0.326945,0.178622,0.106893,0.062238,0.185537,0.226824,0.055502,0.156714,0.326945,0.106893,0.142897,0.185537,0.156714
4.197248,0.668013,0.556662,1.0,1.0,1.0,0.312634,0.312634,0.312634,1.0,0.332498,0.177953,0.110555,0.066083,0.190869,0.22561,0.057513,0.161039,0.332498,0.110555,0.142362,0.190869,0.161039
4.210175,0.67007,0.553249,1.0,1.0,1.0,0.318155,0.318155,0.318155,1.0,0.33804,0.177427,0.114271,0.069984,0.196196,0.224404,0.059597,0.16535,0.33804,0.114271,0.141941,0.196196,0.16535
4.223103,0.672128,0.549867,1.0,1.0,1.0,0.323664,0.323664,0.323664,1.0,0.34357,0.17705,0.11804,0.073942,0.201517,0.223208,0.061752,0.169645,0.34357,0.11804,0.14164,0.201517,0.169645
4.23603,0.674185,0.546516,1.0,1.0,1.0,0.329163,0.329163,0.329163,1.0,0.349088,0.176832,0.121862,0.077955,0.206832,0.222027,0.063976,0.173924,0.349088,0.121862,0.141466,0.206832,0.173924
4.248957,0.676243,0.543195,1.0,1.0,1.0,0.334651,0.334651,0.334651,1.0,0.354594,0.17678,0.125737,0.082023,0.212141,0.220865,0.06627,0.178188,0.354594,0.125737,0.141424,0.212141,0.178188
4.261885,0.6783,0.539905,1.0,1.0,1.0,0.340127,0.340127,0.340127,1.0,0.360087,0.1769,0.129663,0.086146,0.217444,0.219726,0.068631,0.182436,0.360087,0.129663,0.14152,0.217444,0.182436
4.274812,0.680358,0.536644,1.0,1.0,1.0,0.345592,0.345592,0.345592,1.0,0.365568,0.177198,0.13364,0.090322,0.222741,0.218614,0.071059,0.186667,0.365568,0.13364,0.141759,0.222741,0.186667
4.28774,0.682415,0.533413,1.0,1.0,1.0,0.351045,0.351045,0.351045,1.0,0.371037,0.177682,0.137668,0.094552,0.22803,0.217533,0.073552,0.190883,0.371037,0.137668,0.142146,0.22803,0.190883
4.300667,0.684472,0.530211,1.0,1.0,1.0,0.356486,0.356486,0.356486,1.0,0.376492,0.178356,0.141747,0.098834,0.233314,0.21649,0.07611,0.195083,0.376492,0.141747,0.142685,0.233314,0.195083
4.313595,0.68653,0.527038,1.0,1.0,1.0,0.361915,0.361915,0.361915,1.0,0.381935,0.179225,0.145874,0.103168,0.23859,0.215487,0.078731,0.199266,0.381935,0.145874,0.14338,0.23859,0.199266
4.326522,0.688587,0.523893,1.0,1.0,1.0,0.367332,0.367332,0.367332,1.0,0.387365,0.180292,0.150051,0.107554,0.243859,0.21453,0.081415,0.203432,0.387365,0.150051,0.144233,0.243859,0.203432
4.33945,0.690645,0.520777,1.0,1.0,1.0,0.372736,0.372736,0.372736,1.0,0.392781,0.181561,0.154277,0.11199,0.249121,0.213625,0.084161,0.207581,0.392781,0.154277,0.145248,0.249121,0.207581
4.352377,0.692702,0.517687,1.0,1.0,1.0,0.378128,0.378128,0.378128,1.0,0.398183,0.183033,0.15855,0.116477,0.254376,0.212775,0.086968,0.211714,0.398183,0.15855,0.146427,0.254376,0.211714
4.365304,0.69476,0.514626,1.0,1.0,1.0,0.383507,0.383507,0.383507,1.0,0.403572,0.184711,0.16287,0.121014,0.259623,0.211987,0.089834,0.21583,0.403572,0.16287,0.147769,0.259623,0.21583
4.378232,0.696817,0.511591,1.0,1.0,1.0,0.388873,0.388873,0.388873,1.0,0.408946,0.186596,0.167237,0.125599,0.264862,0.211264,0.09276,0.219928,0.408946,0.167237,0.149277,0.264862,0.219928
4.391159,0.698875,0.508584,1.0,1.0,1.0,0.394226,0.394226,0.394226,1.0,0.414307,0.188686,0.17165,0.130233,0.270094,0.210614,0.095743,0.224009,0.414307,0.17165,0.150949,0.270094,0.224009
4.404087,0.700932,0.505602,1.0,1.0,1.0,0.399565,0.399565,0.399565,1.0,0.419653,0.190982,0.176109,0.134914,0.275318,0.21004,0.098784,0.228073,0.419653,0.176109,0.152786,0.275318,0.228073
4.417014,0.70299,0.502647,1.0,1.0,1.0,0.404891,0.404891,0.404891,1.0,0.424985,0.193482,0.180612,0.139643,0.280533,0.209548,0.101882,0.232119,0.424985,0.180612,0.154786,0.280533,0.232119
4.429942,0.705047,0.499718,1.0,1.0,1.0,0.410204,0.410204,0.410204,1.0,0.430302,0.196185,0.18516,0.144418,0.285741,0.209143,0.105035,0.236147,0.430302,0.18516,0.156948,0.285741,0.236147
4.442869,0.707105,0.496814,1.0,1.0,1.0,0.415502,0.415502,0.415502,1.0,0.435604,0.199086,0.189751,0.149238,0.29094,0.208831,0.108243,0.240158,0.435604,0.189751,0.159269,0.29094,0.240158
4.455796,0.709162,0.493935,1.0,1.0,1.0,0.420786,0.420786,0.420786,1.0,0.440891,0.202184,0.194385,0.154104,0.29613,0.208616,0.111505,0.24415,0.440891,0.194385,0.161747,0.29613,0.24415
4.468724,0.71122,0.491082,1.0,1.0,1.0,0.426057,0.426057,0.426057,1.0,0.446163,0.205475,0.199061,0.159014,0.301311,0.208503,0.114821,0.248124,0.446163,0.199061,0.16438,0.301311,0.248124
4.481651,0.713277,0.488253,1.0,1.0,1.0,0.431312,0.431312,0.431312,1.0,0.451419,0.208955,0.203779,0.163968,0.306484,0.208498,0.11819,0.25208,0.451419,0.203779,0.167164,0.306484,0.25208
4.494579,0.715334,0.485448,1.0,1.0,1.0,0.436553,0.436553,0.436553,1.0,0.45666,0.21262,0.208538,0.168965,0.311648,0.208606,0.121611,0.256017,0.45666,0.208538,0.170096,0.311648,0.256017
4.507506,0.717392,0.482667,1.0,1.0,1.0,0.44178,0.44178,0.44178,1.0,0.461885,0.216465,0.213338,0.174004,0.316802,0.20883,0.125083,0.259936,0.461885,0.213338,0.173172,0.316802,0.259936
4.520434,0.719449,0.479911,1.0,1.0,1.0,0.446991,0.446991,0.446991,1.0,0.467094,0.220485,0.218177,0.179085,0.321948,0.209175,0.128606,0.263836,0.467094,0.218177,0.176388,0.321948,0.263836
4.533361,0.721507,0.477178,1.0,1.0,1.0,0.452187,0.452187,0.452187,1.0,0.472286,0.224676,0.223055,0.184207,0.327083,0.209645,0.132179,0.267717,0.472286,0.223055,0.179741,0.327083,0.267717
4.546289,0.723564,0.474468,1.0,1.0,1.0,0.457368,0.457368,0.457368,1.0,0.477463,0.229033,0.227971,0.189369,0.332209,0.210244,0.135801,0.271579,0.477463,0.227971,0.183226,0.332209,0.271579
4.559216,0.725622,0.471781,1.0,1.0,1.0,0.462534,0.462534,0.462534,1.0,0.482623,0.23355,0.232925,0.194571,0.337325,0.210976,0.139472,0.275422,0.482623,0.232925,0.18684,0.337325,0.275422
4.572143,0.727679,0.469117,1.0,1.0,1.0,0.467684,0.467684,0.467684,1.0,0.487766,0.238222,0.237916,0.199812,0.342432,0.211844,0.143191,0.279246,0.487766,0.237916,0.190578,0.342432,0.279246
4.585071,0.729737,0.466475,1.0,1.0,1.0,0.472818,0.472818,0.472818,1.0,0.492892,0.243045,0.242943,0.20509,0.347528,0.212851,0.146958,0.28305,0.492892,0.242943,0.194436,0.347528,0.28305
4.597998,0.731794,0.463856,1.0,1.0,1.0,0.477936,0.477936,0.477936,1.0,0.498002,0.248014,0.248006,0.210406,0.352614,0.213999,0.150771,0.286835,0.498002,0.248006,0.198411,0.352614,0.286835
4.610926,0.733852,0.461259,1.0,1.0,1.0,0.483037,0.483037,0.483037,1.0,0.503094,0.253122,0.253103,0.215759,0.357689,0.215291,0.15463,0.2906,0.503094,0.253103,0.202498,0.357689,0.2906
4.623853,0.735909,0.458683,1.0,1.0,1.0,0.488123,0.488123,0.488123,1.0,0.508168,0.258366,0.258235,0.221147,0.362754,0.216728,0.158535,0.294346,0.508168,0.258235,0.206693,0.362754,0.294346
4.636781,0.737967,0.456129,1.0,1.0,1.0,0.493192,0.493192,0.493192,1.0,0.513226,0.263741,0.2634,0.226571,0.367809,0.218313,0.162484,0.298071,0.513226,0.2634,0.210993,0.367809,0.298071
4.649708,0.740024,0.453596,1.0,1.0,1.0,0.498244,0.498244,0.498244,1.0,0.518265,0.269242,0.268598,0.232028,0.372852,0.220047,0.166478,0.301777,0.518265,0.268598,0.215393,0.372852,0.301777
4.662636,0.742081,0.451084,1.0,1.0,1.0,0.503279,0.503279,0.503279,1.0,0.523286,0.274863,0.273829,0.23752,0.377885,0.22193,0.170516,0.305462,0.523286,0.273829,0.219891,0.377885,0.305462
4.675563,0.744139,0.448593,1.0,1.0,1.0,0.508298,0.508298,0.508298,1.0,0.52829,0.280602,0.27909,0.243044,0.382906,0.223962,0.174596,0.309128,0.52829,0.27909,0.224481,0.382906,0.309128
4.68849,0.746196,0.446123,1.0,1.0,1.0,0.513299,0.513299,0.513299,1.0,0.533275,0.286453,0.284382,0.248601,0.387916,0.226144,0.178719,0.312772,0.533275,0.284382,0.229162,0.387916,0.312772
4.701418,0.748254,0.443673,1.0,1.0,1.0,0.518283,0.518283,0.518283,1.0,0.538241,0.292412,0.289704,0.254189,0.392915,0.228477,0.182883,0.316396,0.538241,0.289704,0.233929,0.392915,0.316396
4.714345,0.750311,0.441243,1.0,1.0,1.0,0.523249,0.523249,0.523249,1.0,0.543189,0.298474,0.295054,0.259807,0.397902,0.230958,0.187089,0.32,0.543189,0.295054,0.23878,0.397902,0.32
4.727273,0.752369,0.438833,1.0,1.0,1.0,0.528198,0.528198,0.528198,1.0,0.548118,0.304637,0.300434,0.265455,0.402877,0.233587,0.191335,0.323583,0.548118,0.300434,0.24371,0.402877,0.323583
4.7402,0.754426,0.436443,1.0,1.0,1.0,0.533128,0.533128,0.533128,1.0,0.553028,0.310896,0.30584,0.271132,0.407841,0.236364,0.195621,0.327145,0.553028,0.30584,0.248717,0.407841,0.327145
4.753128,0.756484,0.434072,1.0,1.0,1.0,0.538041,0.538041,0.538041,1.0,0.557919,0.317248,0.311274,0.276838,0.412792,0.239287,0.199946,0.330686,0.557919,0.311274,0.253798,0.412792,0.330686
4.766055,0.758541,0.43172,1.0,1.0,1.0,0.542935,0.542935,0.542935,1.0,0.562791,0.323688,0.316734,0.282571,0.417731,0.242354,0.20431,0.334206,0.562791,0.316734,0.25895,0.417731,0.334206
4.778982,0.760599,0.429388,1.0,1.0,1.0,0.547811,0.547811,0.547811,1.0,0.567644,0.330213,0.322219,0.28833,0.422658,0.245563,0.208712,0.337705,0.567644,0.322219,0.264171,0.422658,0.337705
4.79191,0.762656,0.427074,1.0,1.0,1.0,0.552669,0.552669,0.552669,1.0,0.572476,0.336821,0.327729,0.294115,0.427573,0.248913,0.213151,0.341182,0.572476,0.327729,0.269456,0.427573,0.341182
4.804837,0.764714,0.424779,1.0,1.0,1.0,0.557508,0.557508,0.557508,1.0,0.577289,0.343506,0.333263,0.299926,0.432474,0.252401,0.217627,0.344638,0.577289,0.333263,0.274805,0.432474,0.344638
4.817765,0.766771,0.422503,1.0,1.0,1.0,0.562328,0.562328,0.562328,1.0,0.582082,0.350268,0.338819,0.30576,0.437364,0.256024,0.22214,0.348073,0.582082,0.338819,0.280214,0.437364,0.348073
4.830692,0.768829,0.420244,1.0,1.0,1.0,0.567128,0.567128,0.567128,1.0,0.586855,0.357101,0.344398,0.311618,0.44224,0.259781,0.226687,0.351485,0.586855,0.344398,0.285681,0.44224,0.351485
4.84362,0.770886,0.418004,1.0,1.0,1.0,0.57191,0.57191,0.57191,1.0,0.591607,0.364004,0.349999,0.317499,0.447103,0.263669,0.23127,0.354877,0.591607,0.349999,0.291203,0.447103,0.354877
4.856547,0.772943,0.415782,1.0,1.0,1.0,0.576673,0.576673,0.576673,1.0,0.596339,0.370973,0.35562,0.323401,0.451953,0.267685,0.235887,0.358246,0.596339,0.35562,0.296779,0.451953,0.358246
4.869475,0.775001,0.413577,1.0,1.0,1.0,0.581415,0.581415,0.581415,1.0,0.60105,0.378007,0.361261,0.329325,0.45679,0.271825,0.240538,0.361593,0.60105,0.361261,0.302405,0.45679,0.361593
4.882402,0.777058,0.41139,1.0,1.0,1.0,0.586139,0.586139,0.586139,1.0,0.605741,0.385101,0.366922,0.335268,0.461613,0.276088,0.245222,0.364918,0.605741,0.366922,0.30808,0.461613,0.364918
4.895329,0.779116,0.40922,1.0,1.0,1.0,0.590842,0.590842,0.590842,1.0,0.61041,0.392253,0.372601,0.341231,0.466422,0.28047,0.249939,0.368221,0.61041,0.372601,0.313802,0.466422,0.368221
4.908257,0.781173,0.407067,1.0,1.0,1.0,0.595525,0.595525,0.595525,1.0,0.615059,0.399461,0.378297,0.347212,0.471218,0.284969,0.254687,0.371502,0.615059,0.378297,0.319569,0.471218,0.371502
4.921184,0.783231,0.404931,1.0,1.0,1.0,0.600188,0.600188,0.600188,1.0,0.619686,0.406722,0.384011,0.353211,0.476,0.289581,0.259466,0.374761,0.619686,0.384011,0.325378,0.476,0.374761
4.934112,0.785288,0.402812,1.0,1.0,1.0,0.604831,0.604831,0.604831,1.0,0.624292,0.414035,0.38974,0.359227,0.480768,0.294304,0.264276,0.377997,0.624292,0.38974,0.331228,0.480768,0.377997
4.947039,0.787346,0.40071,1.0,1.0,1.0,0.609454,0.609454,0.609454,1.0,0.628876,0.421395,0.395485,0.365259,0.485522,0.299134,0.269116,0.38121,0.628876,0.395485,0.337116,0.485522,0.38121
4.959967,0.789403,0.398624,1.0,1.0,1.0,0.614055,0.614055,0.614055,1.0,0.633438,0.428802,0.401244,0.371306,0.490261,0.304069,0.273985,0.384401,0.633438,0.401244,0.343042,0.490261,0.384401
4.972894,0.791461,0.396554,1.0,1.0,1.0,0.618636,0.618636,0.618636,1.0,0.637979,0.436253,0.407017,0.377368,0.494986,0.309105,0.278883,0.387569,0.637979,0.407017,0.349003,0.494986,0.387569
4.985822,0.793518,0.3945,1.0,1.0,1.0,0.623197,0.623197,0.623197,1.0,0.642497,0.443746,0.412802,0.383443,0.499697,0.31424,0.283809,0.390714,0.642497,0.412802,0.354997,0.499697,0.390714
4.998749,0.795576,0.392462,1.0,1.0,1.0,0.627735,0.627735,0.627735,1.0,0.646993,0.451278,0.4186,0.38953,0.504392,0.319471,0.288762,0.393836,0.646993,0.4186,0.361023,0.504392,0.393836
5.011676,0.797633,0.39044,1.0,1.0,1.0,0.632253,0.632253,0.632253,1.0,0.651467,0.458848,0.424409,0.39563,0.509073,0.324794,0.293742,0.396935,0.651467,0.424409,0.367079,0.509073,0.396935
5.024604,0.799691,0.388434,1.0,1.0,1.0,0.63675,0.63675,0.63675,1.0,0.655918,0.466454,0.430229,0.40174,0.513739,0.330208,0.298749,0.400011,0.655918,0.430229,0.373163,0.513739,0.400011
5.037531,0.801748,0.386443,1.0,1.0,1.0,0.641224,0.641224,0.641224,1.0,0.660347,0.474093,0.436058,0.407861,0.51839,0.33571,0.30378,0.403064,0.660347,0.436058,0.379274,0.51839,0.403064
5.050459,0.803805,0.384467,1.0,1.0,1.0,0.645677,0.645677,0.645677,1.0,0.664752,0.481763,0.441896,0.413991,0.523025,0.341295,0.308837,0.406093,0.664752,0.441896,0.385411,0.523025,0.406093
5.063386,0.805863,0.382506,1.0,1.0,1.0,0.650109,0.650109,0.650109,1.0,0.669135,0.489464,0.447742,0.420129,0.527645,0.346963,0.313917,0.4091,0.669135,0.447742,0.391571,0.527645,0.4091
5.076314,0.80792,0.380561,1.0,1.0,1.0,0.654518,0.654518,0.654518,1.0,0.673495,0.497192,0.453595,0.426275,0.532249,0.35271,0.319021,0.412082,0.673495,0.453595,0.397753,0.532249,0.412082
5.089241,0.809978,0.37863,1.0,1.0,1.0,0.658905,0.658905,0.658905,1.0,0.677831,0.504945,0.459455,0.432427,0.536838,0.358534,0.324148,0.415041,0.677831,0.459455,0.403956,0.536838,0.415041
5.102168,0.812035,0.376713,1.0,1.0,1.0,0.66327,0.66327,0.66327,1.0,0.682144,0.512724,0.46532,0.438586,0.541411,0.364432,0.329298,0.417977,0.682144,0.46532,0.410179,0.541411,0.417977
5.115096,0.814093,0.374812,1.0,1.0,1.0,0.667612,0.667612,0.667612,1.0,0.686433,0.520524,0.47119,0.44475,0.545968,0.370402,0.334468,0.420889,0.686433,0.47119,0.416419,0.545968,0.420889
5.128023,0.81615,0.372924,1.0,1.0,1.0,0.671932,0.671932,0.671932,1.0,0.690698,0.528345,0.477064,0.450917,0.550509,0.376441,0.33966,0.423776,0.690698,0.477064,0.422676,0.550509,0.423776
5.140951,0.818208,0.371051,1.0,1.0,1.0,0.676229,0.676229,0.676229,1.0,0.69494,0.536185,0.482941,0.457089,0.555033,0.382547,0.344872,0.426641,0.69494,0.482941,0.428948,0.555033,0.426641
5.153878,0.820265,0.369192,1.0,1.0,1.0,0.680503,0.680503,0.680503,1.0,0.699157,0.544042,0.488821,0.463262,0.559542,0.388718,0.350104,0.429481,0.699157,0.488821,0.435233,0.559542,0.429481
5.166806,0.822323,0.367347,1.0,1.0,1.0,0.684754,0.684754,0.684754,1.0,0.703351,0.551914,0.494702,0.469437,0.564033,0.394951,0.355354,0.432297,0.703351,0.494702,0.441531,0.564033,0.432297
5.179733,0.82438,0.365516,1.0,1.0,1.0,0.688982,0.688982,0.688982,1.0,0.70752,0.559801,0.500584,0.475613,0.568508,0.401244,0.360623,0.435089,0.70752,0.500584,0.447841,0.568508,0.435089
5.192661,0.826438,0.363698,1.0,1.0,1.0,0.693187,0.693187,0.693187,1.0,0.711664,0.567699,0.506466,0.481789,0.572967,0.407595,0.365909,0.437856,0.711664,0.506466,0.454159,0.572967,0.437856
5.205588,0.828495,0.361894,1.0,1.0,1.0,0.697368,0.697368,0.697368,1.0,0.715784,0.575608,0.512347,0.487964,0.577408,0.414002,0.371212,0.4406,0.715784,0.512347,0.460487,0.577408,0.4406
5.218515,0.830553,0.360103,1.0,1.0,1.0,0.701525,0.701525,0.701525,1.0,0.719879,0.583527,0.518226,0.494137,0.581833,0.420462,0.376532,0.443319,0.719879,0.518226,0.466821,0.581833,0.443319
5.231443,0.83261,0.358325,1.0,1.0,1.0,0.705659,0.705659,0.705659,1.0,0.723949,0.591452,0.524103,0.500308,0.58624,0.426974,0.381867,0.446014,0.723949,0.524103,0.473162,0.58624,0.446014
5.24437,0.834667,0.356561,1.0,1.0,1.0,0.709769,0.709769,0.709769,1.0,0.727995,0.599384,0.529976,0.506475,0.59063,0.433535,0.387217,0.448684,0.727995,0.529976,0.479507,0.59063,0.448684
5.257298,0.836725,0.35481,1.0,1.0,1.0,0.713855,0.713855,0.713855,1.0,0.732014,0.60732,0.535845,0.512637,0.595002,0.440144,0.392582,0.45133,0.732014,0.535845,0.485856,0.595002,0.45133
5.270225,0.838782,0.353071,1.0,1.0,1.0,0.717917,0.717917,0.717917,1.0,0.736009,0.615259,0.541709,0.518795,0.599358,0.446799,0.39796,0.453951,0.736009,0.541709,0.492207,0.599358,0.453951
5.283153,0.84084,0.351345,1.0,1.0,1.0,0.721954,0.721954,0.721954,1.0,0.739978,0.623199,0.547568,0.524946,0.603695,0.453497,0.40335,0.456548,0.739978,0.547568,0.498559,0.603695,0.456548
5.29608,0.842897,0.349632,1.0,1.0,1.0,0.725967,0.725967,0.725967,1.0,0.743922,0.631139,0.55342,0.531091,0.608014,0.460237,0.408754,0.459119,0.743922,0.55342,0.504912,0.608014,0.459119
5.309008,0.844955,0.347932,1.0,1.0,1.0,0.729956,0.729956,0.729956,1.0,0.74784,0.639078,0.559264,0.537227,0.612316,0.467017,0.414168,0.461666,0.74784,0.559264,0.511263,0.612316,0.461666
5.321935,0.847012,0.346243,1.0,1.0,1.0,0.733919,0.733919,0.733919,1.0,0.751732,0.647014,0.565101,0.543356,0.6166,0.473836,0.419594,0.464188,0.751732,0.565101,0.517611,0.6166,0.464188
5.334862,0.84907,0.344567,1.0,1.0,1.0,0.737858,0.737858,0.737858,1.0,0.755598,0.654945,0.570928,0.549474,0.620865,0.480691,0.42503,0.466685,0.755598,0.570928,0.523956,0.620865,0.466685
5.34779,0.851127,0.342904,1.0,1.0,1.0,0.741772,0.741772,0.741772,1.0,0.759437,0.662871,0.576745,0.555583,0.625112,0.48758,0.430475,0.469158,0.759437,0.576745,0.530297,0.625112,0.469158
5.360717,0.853185,0.341252,1.0,1.0,1.0,0.745661,0.745661,0.745661,1.0,0.763251,0.670789,0.582552,0.56168,0.629341,0.494503,0.435929,0.471605,0.763251,0.582552,0.536631,0.629341,0.471605
5.373645,0.855242,0.339612,1.0,1.0,1.0,0.749525,0.749525,0.749525,1.0,0.767038,0.678699,0.588348,0.567765,0.633551,0.501457,0.441392,0.474027,0.767038,0.588348,0.542959,0.633551,0.474027
5.386572,0.8573,0.337984,1.0,1.0,1.0,0.753363,0.753363,0.753363,1.0,0.770799,0.686598,0.594131,0.573837,0.637743,0.508441,0.446861,0.476424,0.770799,0.594131,0.549279,0.637743,0.476424
5.3995,0.859357,0.336367,1.0,1.0,1.0,0.757176,0.757176,0.757176,1.0,0.774533,0.694487,0.599901,0.579896,0.641915,0.515453,0.452338,0.478796,0.774533,0.599901,0.555589,0.641915,0.478796
5.412427,0.861415,0.334762,1.0,1.0,1.0,0.760963,0.760963,0.760963,1.0,0.77824,0.702362,0.605657,0.58594,0.646069,0.522492,0.457821,0.481142,0.77824,0.605657,0.56189,0.646069,0.481142
5.425354,0.863472,0.333169,1.0,1.0,1.0,0.764724,0.764724,0.764724,1.0,0.78192,0.710224,0.611399,0.591969,0.650204,0.529555,0.463309,0.483463,0.78192,0.611399,0.568179,0.650204,0.483463
5.438282,0.865529,0.331587,1.0,1.0,1.0,0.76846,0.76846,0.76846,1.0,0.785573,0.71807,0.617125,0.597982,0.654319,0.536642,0.468803,0.485759,0.785573,0.617125,0.574456,0.654319,0.485759
5.451209,0.867587,0.330016,1.0,1.0,1.0,0.772169,0.772169,0.772169,1.0,0.789199,0.725899,0.622835,0.603977,0.658415,0.543751,0.4743,0.488029,0.789199,0.622835,0.58072,0.658415,0.488029
5.464137,0.869644,0.328456,1.0,1.0,1.0,0.775853,0.775853,0.775853,1.0,0.792798,0.733711,0.628528,0.609955,0.662492,0.55088,0.4798,0.490274,0.792798,0.628528,0.586969,0.662492,0.490274
5.477064,0.871702,0.326908,1.0,1.0,1.0,0.77951,0.77951,0.77951,1.0,0.796369,0.741503,0.634204,0.615914,0.66655,0.558028,0.485304,0.492494,0.796369,0.634204,0.593203,0.66655,0.492494
5.489992,0.873759,0.32537,1.0,1.0,1.0,0.78314,0.78314,0.78314,1.0,0.799913,0.749275,0.63986,0.621853,0.670587,0.565194,0.490809,0.494688,0.799913,0.63986,0.59942,0.670587,0.494688
5.502919,0.875817,0.323843,1.0,1.0,1.0,0.786745,0.786745,0.786745,1.0,0.803429,0.757024,0.645498,0.627773,0.674605,0.572375,0.496316,0.496856,0.803429,0.645498,0.60562,0.674605,0.496856
5.515847,0.877874,0.322327,1.0,1.0,1.0,0.790322,0.790322,0.790322,1.0,0.806917,0.764751,0.651115,0.633671,0.678603,0.579571,0.501824,0.498999,0.806917,0.651115,0.611801,0.678603,0.498999
5.528774,0.879932,0.320821,1.0,1.0,1.0,0.793873,0.793873,0.793873,1.0,0.810377,0.772453,0.656711,0.639547,0.682581,0.586781,0.507331,0.501116,0.810377,0.656711,0.617963,0.682581,0.501116
5.541701,0.881989,0.319326,1.0,1.0,1.0,0.797397,0.797397,0.797397,1.0,0.81381,0.78013,0.662286,0.6454,0.686539,0.594002,0.512838,0.503207,0.81381,0.662286,0.624104,0.686539,0.503207
5.554629,0.884047,0.317841,1.0,1.0,1.0,0.800894,0.800894,0.800894,1.0,0.817214,0.78778,0.667838,0.65123,0.690477,0.601233,0.518344,0.505273,0.817214,0.667838,0.630224,0.690477,0.505273
5.567556,0.886104,0.316367,1.0,1.0,1.0,0.804364,0.804364,0.804364,1.0,0.82059,0.795401,0.673367,0.657036,0.694394,0.608474,0.523847,0.507313,0.82059,0.673367,0.636321,0.694394,0.507313
5.580484,0.888162,0.314903,1.0,1.0,1.0,0.807807,0.807807,0.807807,1.0,0.823937,0.802994,0.678872,0.662816,0.698291,0.615722,0.529348,0.509327,0.823937,0.678872,0.642395,0.698291,0.509327
5.593411,0.890219,0.313449,1.0,1.0,1.0,0.811222,0.811222,0.811222,1.0,0.827256,0.810555,0.684352,0.66857,0.702167,0.622977,0.534845,0.511315,0.827256,0.684352,0.648444,0.702167,0.511315
5.606339,0.892277,0.312005,1.0,1.0,1.0,0.81461,0.81461,0.81461,1.0,0.830546,0.818086,0.689807,0.674297,0.706022,0.630236,0.540339,0.513277,0.830546,0.689807,0.654468,0.706022,0.513277
5.619266,0.894334,0.310571,1.0,1.0,1.0,0.81797,0.81797,0.81797,1.0,0.833808,0.825583,0.695235,0.679997,0.709857,0.6375,0.545827,0.515214,0.833808,0.695235,0.660466,0.709857,0.515214
5.632193,0.896391,0.309147,1.0,1.0,1.0,0.821303,0.821303,0.821303,1.0,0.837041,0.833046,0.700637,0.685669,0.713671,0.644766,0.55131,0.517124,0.837041,0.700637,0.666437,0.713671,0.517124
5.645121,0.898449,0.307733,1.0,1.0,1.0,0.824608,0.824608,0.824608,1.0,0.840244,0.840474,0.706011,0.691311,0.717464,0.652033,0.556787,0.519009,0.840244,0.706011,0.672379,0.717464,0.519009
5.658048,0.900506,0.306328,1.0,1.0,1.0,0.827884,0.827884,0.827884,1.0,0.843419,0.847866,0.711356,0.696923,0.721235,0.659301,0.562258,0.520867,0.843419,0.711356,0.678292,0.721235,0.520867
5.670976,0.902564,0.304933,1.0,1.0,1.0,0.831133,0.831133,0.831133,1.0,0.846565,0.85522,0.716672,0.702505,0.724986,0.666567,0.567721,0.5227,0.846565,0.716672,0.684176,0.724986,0.5227
5.683903,0.904621,0.303548,1.0,1.0,1.0,0.834354,0.834354,0.834354,1.0,0.849681,0.862535,0.721957,0.708055,0.728715,0.67383,0.573175,0.524506,0.849681,0.721957,0.690028,0.728715,0.524506
5.696831,0.906679,0.302172,1.0,1.0,1.0,0.837547,0.837547,0.837547,1.0,0.852768,0.86981,0.727213,0.713573,0.732422,0.68109,0.578621,0.526286,0.852768,0.727213,0.695848,0.732422,0.526286
5.709758,0.908736,0.300805,1.0,1.0,1.0,0.840711,0.840711,0.840711,1.0,0.855825,0.877045,0.732436,0.719058,0.736108,0.688345,0.584058,0.528041,0.855825,0.732436,0.701636,0.736108,0.528041
5.722686,0.910794,0.299448,1.0,1.0,1.0,0.843847,0.843847,0.843847,1.0,0.858853,0.884238,0.737628,0.724509,0.739772,0.695594,0.589484,0.529769,0.858853,0.737628,0.70739,0.739772,0.529769
5.735613,0.912851,0.298099,1.0,1.0,1.0,0.846954,0.846954,0.846954,1.0,0.861851,0.891387,0.742787,0.729926,0.743414,0.702836,0.5949,0.531471,0.861851,0.742787,0.71311,0.743414,0.531471
5.74854,0.914909,0.29676,1.0,1.0,1.0,0.850032,0.850032,0.850032,1.0,0.864819,0.898492,0.747912,0.735307,0.747035,0.710069,0.600304,0.533147,0.864819,0.747912,0.718794,0.747035,0.533147
5.761468,0.916966,0.29543,1.0,1.0,1.0,0.853082,0.853082,0.853082,1.0,0.867757,0.905552,0.753003,0.740653,0.750633,0.717293,0.605695,0.534797,0.867757,0.753003,0.724442,0.750633,0.534797
5.774395,0.919024,0.294109,1.0,1.0,1.0,0.856103,0.856103,0.856103,1.0,0.870665,0.912565,0.758058,0.745961,0.75421,0.724505,0.611075,0.53642,0.870665,0.758058,0.730052,0.75421,0.53642
5.787323,0.921081,0.292796,1.0,1.0,1.0,0.859095,0.859095,0.859095,1.0,0.873544,0.919531,0.763078,0.751232,0.757764,0.731706,0.61644,0.538017,0.873544,0.763078,0.735625,0.757764,0.538017
5.80025,0.923138,0.291492,1.0,1.0,1.0,0.862058,0.862058,0.862058,1.0,0.876391,0.926449,0.768062,0.756465,0.761296,0.738894,0.621792,0.539588,0.876391,0.768062,0.741159,0.761296,0.539588
5.813178,0.925196,0.290197,1.0,1.0,1.0,0.864992,0.864992,0.864992,1.0,0.879209,0.933317,0.773009,0.761659,0.764805,0.746068,0.627128,0.541133,0.879209,0.773009,0.746653,0.764805,0.541133
5.826105,0.927253,0.288911,1.0,1.0,1.0,0.867896,0.867896,0.867896,1.0,0.881996,0.940134,0.777917,0.766813,0.768292,0.753226,0.63245,0.542652,0.881996,0.777917,0.752107,0.768292,0.542652
5.839033,0.929311,0.287633,1.0,1.0,1.0,0.870771,0.870771,0.870771,1.0,0.884753,0.9469,0.782788,0.771927,0.771756,0.760368,0.637755,0.544145,0.884753,0.782788,0.75752,0.771756,0.544145
5.85196,0.931368,0.286364,1.0,1.0,1.0,0.873617,0.873617,0.873617,1.0,0.887479,0.953613,0.787619,0.777,0.775197,0.767492,0.643043,0.545611,0.887479,0.787619,0.76289,0.775197,0.545611
5.864887,0.933426,0.285103,1.0,1.0,1.0,0.876433,0.876433,0.876433,1.0,0.890174,0.960272,0.79241,0.782031,0.778615,0.774598,0.648314,0.547051,0.890174,0.79241,0.768218,0.778615,0.547051
5.877815,0.935483,0.28385,1.0,1.0,1.0,0.879219,0.879219,0.879219,1.0,0.892839,0.966877,0.797161,0.787019,0.782011,0.781684,0.653567,0.548464,0.892839,0.797161,0.773502,0.782011,0.548464
5.890742,0.937541,0.282606,1.0,1.0,1.0,0.881976,0.881976,0.881976,1.0,0.895472,0.973426,0.801871,0.791964,0.785384,0.78875,0.658802,0.549852,0.895472,0.801871,0.778741,0.785384,0.549852
5.90367,0.939598,0.281369,1.0,1.0,1.0,0.884702,0.884702,0.884702,1.0,0.898075,0.979919,0.806539,0.796866,0.788733,0.795793,0.664017,0.551213,0.898075,0.806539,0.783935,0.788733,0.551213
5.916597,0.941656,0.280141,1.0,1.0,1.0,0.887399,0.887399,0.887399,1.0,0.900647,0.986354,0.811164,0.801723,0.792059,0.802814,0.669212,0.552548,0.900647,0.811164,0.789083,0.792059,0.552548
5.929525,0.943713,0.278921,1.0,1.0,1.0,0.890066,0.890066,0.890066,1.0,0.903187,0.99273,0.815747,0.806534,0.795362,0.809811,0.674386,0.553857,0.903187,0.815747,0.794184,0.795362,0.553857
5.942452,0.945771,0.277709,1.0,1.0,1.0,0.892703,0.892703,0.892703,1.0,0.905696,0.999047,0.820286,0.8113,0.798641,0.816783,0.679539,0.555139,0.905696,0.820286,0.799238,0.798641,0.555139
5.955379,0.947828,0.276504,1.0,1.0,1.0,0.895309,0.895309,0.895309,1.0,0.908174,1.005303,0.82478,0.816019,0.801897,0.823728,0.684671,0.556395,0.908174,0.82478,0.804243,0.801897,0.556395
5.968307,0.949886,0.275308,1.0,1.0,1.0,0.897885,0.897885,0.897885,1.0,0.910621,1.011499,0.82923,0.820691,0.805129,0.830647,0.689779,0.557625,0.910621,0.82923,0.809199,0.805129,0.557625
5.981234,0.951943,0.274119,1.0,1.0,1.0,0.900431,0.900431,0.900431,1.0,0.913036,1.017631,0.833634,0.825316,0.808337,0.837538,0.694865,0.558829,0.913036,0.833634,0.814105,0.808337,0.558829
5.994162,0.954,0.272938,1.0,1.0,1.0,0.902946,0.902946,0.902946,1.0,0.915419,1.023701,0.837992,0.829891,0.811522,0.8444,0.699927,0.560006,0.915419,0.837992,0.818961,0.811522,0.560006
6.007089,0.956058,0.271764,1.0,1.0,1.0,0.905431,0.905431,0.905431,1.0,0.917771,1.029707,0.842303,0.834418,0.814682,0.851232,0.704964,0.561157,0.917771,0.842303,0.823766,0.814682,0.561157
6.020017,0.958115,0.270598,1.0,1.0,1.0,0.907885,0.907885,0.907885,1.0,0.92009,1.035648,0.846566,0.838895,0.817819,0.858033,0.709977,0.562282,0.92009,0.846566,0.828518,0.817819,0.562282
6.032944,0.960173,0.26944,1.0,1.0,1.0,0.910308,0.910308,0.910308,1.0,0.922379,1.041523,0.850782,0.843321,0.820931,0.864801,0.714963,0.563381,0.922379,0.850782,0.833218,0.820931,0.563381
6.045872,0.96223,0.268289,1.0,1.0,1.0,0.912701,0.912701,0.912701,1.0,0.924635,1.047331,0.854949,0.847697,0.82402,0.871537,0.719924,0.564453,0.924635,0.854949,0.837865,0.82402,0.564453
6.058799,0.964288,0.267145,1.0,1.0,1.0,0.915063,0.915063,0.915063,1.0,0.926859,1.053072,0.859067,0.852021,0.827084,0.878239,0.724858,0.5655,0.926859,0.859067,0.842457,0.827084,0.5655
6.071726,0.966345,0.266009,1.0,1.0,1.0,0.917393,0.917393,0.917393,1.0,0.929051,1.058744,0.863136,0.856292,0.830123,0.884906,0.729764,0.56652,0.929051,0.863136,0.846995,0.830123,0.56652
6.084654,0.968403,0.26488,1.0,1.0,1.0,0.919693,0.919693,0.919693,1.0,0.931211,1.064347,0.867154,0.860511,0.833138,0.891537,0.734642,0.567514,0.931211,0.867154,0.851478,0.833138,0.567514
6.097581,0.97046,0.263758,1.0,1.0,1.0,0.921962,0.921962,0.921962,1.0,0.933339,1.06988,0.871121,0.864677,0.836129,0.898132,0.739492,0.568482,0.933339,0.871121,0.855904,0.836129,0.568482
6.110509,0.972518,0.262643,1.0,1.0,1.0,0.924199,0.924199,0.924199,1.0,0.935434,1.075342,0.875037,0.868789,0.839095,0.904688,0.744312,0.569424,0.935434,0.875037,0.860274,0.839095,0.569424
6.123436,0.974575,0.261535,1.0,1.0,1.0,0.926405,0.926405,0.926405,1.0,0.937497,1.080733,0.878901,0.872846,0.842036,0.911206,0.749103,0.57034,0.937497,0.878901,0.864586,0.842036,0.57034
6.136364,0.976633,0.260434,1.0,1.0,1.0,0.92858,0.92858,0.92858,1.0,0.939528,1.086051,0.882713,0.876848,0.844953,0.917685,0.753863,0.571229,0.939528,0.882713,0.868841,0.844953,0.571229
6.149291,0.97869,0.259341,1.0,1.0,1.0,0.930723,0.930723,0.930723,1.0,0.941526,1.091296,0.886471,0.880795,0.847844,0.924123,0.758592,0.572093,0.941526,0.886471,0.873037,0.847844,0.572093
6.162219,0.980748,0.258254,1.0,1.0,1.0,0.932835,0.932835,0.932835,1.0,0.943492,1.096467,0.890176,0.884685,0.85071,0.93052,0.763289,0.57293,0.943492,0.890176,0.877174,0.85071,0.57293
6.175146,0.982805,0.257174,1.0,1.0,1.0,0.934915,0.934915,0.934915,1.0,0.945425,1.101563,0.893828,0.888519,0.853552,0.936874,0.767955,0.573742,0.945425,0.893828,0.881251,0.853552,0.573742
6.188073,0.984862,0.2561,1.0,1.0,1.0,0.936964,0.936964,0.936964,1.0,0.947325,1.106584,0.897424,0.892295,0.856368,0.943185,0.772587,0.574528,0.947325,0.897424,0.885267,0.856368,0.574528
6.201001,0.98692,0.255033,1.0,1.0,1.0,0.93898,0.93898,0.93898,1.0,0.949192,1.111529,0.900966,0.896014,0.859159,0.949452,0.777186,0.575287,0.949192,0.900966,0.889223,0.859159,0.575287
6.213928,0.988977,0.253973,1.0,1.0,1.0,0.940966,0.940966,0.940966,1.0,0.951027,1.116396,0.904452,0.899675,0.861925,0.955675,0.781752,0.576021,0.951027,0.904452,0.893117,0.861925,0.576021
6.226856,0.991035,0.25292,1.0,1.0,1.0,0.942919,0.942919,0.942919,1.0,0.952829,1.121187,0.907882,0.903276,0.864665,0.961851,0.786283,0.576729,0.952829,0.907882,0.896949,0.864665,0.576729
6.239783,0.993092,0.251873,1.0,1.0,1.0,0.94484,0.94484,0.94484,1.0,0.954597,1.125898,0.911256,0.906819,0.86738,0.967981,0.790778,0.577411,0.954597,0.911256,0.900719,0.86738,0.577411
6.252711,0.99515,0.250833,1.0,1.0,1.0,0.946729,0.946729,0.946729,1.0,0.956333,1.130531,0.914573,0.910301,0.870069,0.974064,0.795239,0.578067,0.956333,0.914573,0.904425,0.870069,0.578067
6.265638,0.997207,0.249799,1.0,1.0,1.0,0.948587,0.948587,0.948587,1.0,0.958036,1.135084,0.917832,0.913724,0.872732,0.980098,0.799663,0.578697,0.958036,0.917832,0.908067,0.872732,0.578697
6.278565,0.999265,0.248771,1.0,1.0,1.0,0.950412,0.950412,0.950412,1.0,0.959705,1.139557,0.921034,0.917086,0.87537,0.986083,0.804051,0.579302,0.959705,0.921034,0.911646,0.87537,0.579302
6.291493,1.001322,0.24775,1.0,1.0,1.0,0.952205,0.952205,0.952205,1.0,0.961341,1.143949,0.924177,0.920386,0.877982,0.992018,0.808401,0.579881,0.961341,0.924177,0.915159,0.877982,0.579881
6.30442,1.00338,0.246735,1.0,1.0,1.0,0.953966,0.953966,0.953966,1.0,0.962944,1.148259,0.927262,0.923625,0.880568,0.997902,0.812714,0.580434,0.962944,0.927262,0.918607,0.880568,0.580434
6.317348,1.005437,0.245726,1.0,1.0,1.0,0.955695,0.955695,0.955695,1.0,0.964514,1.152487,0.930287,0.926802,0.883129,1.003735,0.816989,0.580962,0.964514,0.930287,0.921989,0.883129,0.580962
6.330275,1.007495,0.244723,1.0,1.0,1.0,0.957391,0.957391,0.957391,1.0,0.96605,1.156632,0.933253,0.929916,0.885663,1.009515,0.821224,0.581464,0.96605,0.933253,0.925306,0.885663,0.581464
6.343203,1.009552,0.243727,1.0,1.0,1.0,0.959055,0.959055,0.959055,1.0,0.967553,1.160694,0.93616,0.932967,0.888171,1.015242,0.825421,0.581941,0.967553,0.93616,0.928555,0.888171,0.581941
6.35613,1.01161,0.242737,1.0,1.0,1.0,0.960686,0.960686,0.960686,1.0,0.969023,1.164671,0.939005,0.935955,0.890653,1.020915,0.829578,0.582392,0.969023,0.939005,0.931737,0.890653,0.582392
6.369058,1.013667,0.241752,1.0,1.0,1.0,0.962285,0.962285,0.962285,1.0,0.970459,1.168564,0.94179,0.93888,0.893108,1.026533,0.833694,0.582817,0.970459,0.94179,0.934851,0.893108,0.582817
6.381985,1.015724,0.240774,1.0,1.0,1.0,0.963851,0.963851,0.963851,1.0,0.971861,1.172372,0.944514,0.94174,0.895537,1.032096,0.83777,0.583217,0.971861,0.944514,0.937898,0.895537,0.583217
6.394912,1.017782,0.239801,1.0,1.0,1.0,0.965385,0.965385,0.965385,1.0,0.97323,1.176094,0.947176,0.944535,0.89794,1.037603,0.841804,0.583592,0.97323,0.947176,0.940875,0.89794,0.583592
6.40784,1.019839,0.238835,1.0,1.0,1.0,0.966886,0.966886,0.966886,1.0,0.974565,1.17973,0.949777,0.947265,0.900317,1.043053,0.845797,0.583941,0.974565,0.949777,0.943784,0.900317,0.583941
6.420767,1.021897,0.237874,1.0,1.0,1.0,0.968354,0.968354,0.968354,1.0,0.975866,1.183279,0.952315,0.94993,0.902666,1.048445,0.849747,0.584266,0.975866,0.952315,0.946623,0.902666,0.584266
6.433695,1.023954,0.236919,1.0,1.0,1.0,0.969789,0.969789,0.969789,1.0,0.977134,1.186741,0.95479,0.95253,0.90499,1.053778,0.853654,0.584565,0.977134,0.95479,0.949393,0.90499,0.584565
6.446622,1.026012,0.23597,1.0,1.0,1.0,0.971192,0.971192,0.971192,1.0,0.978367,1.190115,0.957203,0.955063,0.907286,1.059052,0.857518,0.584838,0.978367,0.957203,0.952092,0.907286,0.584838
6.45955,1.028069,0.235026,1.0,1.0,1.0,0.972562,0.972562,0.972562,1.0,0.979567,1.1934,0.959552,0.95753,0.909556,1.064267,0.861339,0.585087,0.979567,0.959552,0.95472,0.909556,0.585087
6.472477,1.030127,0.234088,1.0,1.0,1.0,0.973899,0.973899,0.973899,1.0,0.980733,1.196597,0.961838,0.95993,0.911799,1.06942,0.865115,0.585311,0.980733,0.961838,0.957278,0.911799,0.585311
6.485405,1.032184,0.233156,1.0,1.0,1.0,0.975203,0.975203,0.975203,1.0,0.981865,1.199705,0.96406,0.962263,0.914015,1.074513,0.868847,0.585509,0.981865,0.96406,0.959764,0.914015,0.585509
6.498332,1.034242,0.232229,1.0,1.0,1.0,0.976474,0.976474,0.976474,1.0,0.982964,1.202723,0.966217,0.964528,0.916204,1.079543,0.872533,0.585683,0.982964,0.966217,0.962179,0.916204,0.585683
6.511259,1.036299,0.231308,1.0,1.0,1.0,0.977712,0.977712,0.977712,1.0,0.984028,1.205651,0.96831,0.966726,0.918366,1.084511,0.876174,0.585832,0.984028,0.96831,0.964521,0.918366,0.585832
6.524187,1.038357,0.230392,1.0,1.0,1.0,0.978916,0.978916,0.978916,1.0,0.985058,1.208489,0.970339,0.968856,0.920502,1.089415,0.879769,0.585956,0.985058,0.970339,0.966791,0.920502,0.585956
6.537114,1.040414,0.229482,1.0,1.0,1.0,0.980088,0.980088,0.980088,1.0,0.986054,1.211235,0.972302,0.970917,0.922609,1.094256,0.883317,0.586055,0.986054,0.972302,0.968988,0.922609,0.586055
6.550042,1.042472,0.228577,1.0,1.0,1.0,0.981227,0.981227,0.981227,1.0,0.987016,1.21389,0.9742,0.97291,0.92469,1.099031,0.886819,0.586129,0.987016,0.9742,0.971112,0.92469,0.586129
6.562969,1.044529,0.227677,1.0,1.0,1.0,0.982332,0.982332,0.982332,1.0,0.987943,1.216454,0.976032,0.974833,0.926744,1.103742,0.890273,0.586179,0.987943,0.976032,0.973163,0.926744,0.586179
6.575897,1.046586,0.226783,1.0,1.0,1.0,0.983404,0.983404,0.983404,1.0,0.988837,1.218926,0.977798,0.976688,0.92877,1.108386,0.89368,0.586204,0.988837,0.977798,0.97514,0.92877,0.586204
6.588824,1.048644,0.225894,1.0,1.0,1.0,0.984443,0.984443,0.984443,1.0,0.989696,1.221305,0.979498,0.978473,0.930769,1.112964,0.897038,0.586205,0.989696,0.979498,0.977044,0.930769,0.586205
6.601751,1.050701,0.22501,1.0,1.0,1.0,0.985448,0.985448,0.985448,1.0,0.990521,1.223591,0.981132,0.980189,0.93274,1.117475,0.900348,0.586181,0.990521,0.981132,0.978873,0.93274,0.586181
6.614679,1.052759,0.224132,1.0,1.0,1.0,0.98642,0.98642,0.98642,1.0,0.991312,1.225784,0.982699,0.981834,0.934684,1.121918,0.903609,0.586133,0.991312,0.982699,0.980627,0.934684,0.586133
6.627606,1.054816,0.223258,1.0,1.0,1.0,0.987359,0.987359,0.987359,1.0,0.992069,1.227884,0.9842,0.98341,0.9366,1.126293,0.90682,0.586061,0.992069,0.9842,0.982307,0.9366,0.586061
6.640534,1.056874,0.22239,1.0,1.0,1.0,0.988265,0.988265,0.988265,1.0,0.992791,1.22989,0.985633,0.984915,0.938489,1.130598,0.909982,0.585964,0.992791,0.985633,0.983912,0.938489,0.585964
6.653461,1.058931,0.221526,1.0,1.0,1.0,0.989136,0.989136,0.989136,1.0,0.993479,1.231802,0.987,0.98635,0.94035,1.134834,0.913093,0.585843,0.993479,0.987,0.985442,0.94035,0.585843
6.666389,1.060989,0.220668,1.0,1.0,1.0,0.989975,0.989975,0.989975,1.0,0.994132,1.23362,0.988298,0.987713,0.942183,1.139,0.916154,0.585698,0.994132,0.988298,0.986896,0.942183,0.585698
6.679316,1.063046,0.219815,1.0,1.0,1.0,0.99078,0.99078,0.99078,1.0,0.994751,1.235343,0.98953,0.989006,0.943989,1.143096,0.919164,0.585529,0.994751,0.98953,0.988275,0.943989,0.585529
6.692244,1.065104,0.218966,1.0,1.0,1.0,0.991551,0.991551,0.991551,1.0,0.995336,1.236972,0.990693,0.990228,0.945766,1.14712,0.922123,0.585336,0.995336,0.990693,0.989578,0.945766,0.585336
6.705171,1.067161,0.218123,1.0,1.0,1.0,0.992289,0.992289,0.992289,1.0,0.995886,1.238505,0.991789,0.991378,0.947516,1.151072,0.92503,0.58512,0.995886,0.991789,0.990804,0.947516,0.58512
6.718098,1.069219,0.217284,1.0,1.0,1.0,0.992993,0.992993,0.992993,1.0,0.996402,1.239944,0.992816,0.992457,0.949238,1.154952,0.927885,0.584879,0.996402,0.992816,0.991955,0.949238,0.584879
6.731026,1.071276,0.21645,1.0,1.0,1.0,0.993664,0.993664,0.993664,1.0,0.996883,1.241287,0.993776,0.993465,0.950932,1.158759,0.930688,0.584615,0.996883,0.993776,0.993029,0.950932,0.584615
6.743953,1.073334,0.215621,1.0,1.0,1.0,0.994301,0.994301,0.994301,1.0,0.99733,1.242534,0.994667,0.9944,0.952598,1.162493,0.933438,0.584327,0.99733,0.994667,0.994027,0.952598,0.584327
6.756881,1.075391,0.214797,1.0,1.0,1.0,0.994904,0.994904,0.994904,1.0,0.997742,1.243685,0.995489,0.995264,0.954236,1.166153,0.936134,0.584015,0.997742,0.995489,0.994948,0.954236,0.584015
6.769808,1.077448,0.213977,1.0,1.0,1.0,0.995474,0.995474,0.995474,1.0,0.99812,1.244741,0.996243,0.996056,0.955845,1.169739,0.938778,0.58368,0.99812,0.996243,0.995793,0.955845,0.58368
6.782736,1.079506,0.213163,1.0,1.0,1.0,0.99601,0.99601,0.99601,1.0,0.998463,1.2457,0.996929,0.996775,0.957427,1.17325,0.941368,0.583322,0.998463,0.996929,0.99656,0.957427,0.583322
6.795663,1.081563,0.212352,1.0,1.0,1.0,0.996512,0.996512,0.996512,1.0,0.998772,1.246563,0.997545,0.997422,0.95898,1.176685,0.943904,0.58294,0.998772,0.997545,0.997251,0.95898,0.58294
6.80859,1.083621,0.211547,1.0,1.0,1.0,0.996981,0.996981,0.996981,1.0,0.999046,1.24733,0.998093,0.997998,0.960505,1.180045,0.946386,0.582535,0.999046,0.998093,0.997864,0.960505,0.582535
6.821518,1.085678,0.210746,1.0,1.0,1.0,0.997416,0.997416,0.997416,1.0,0.999286,1.248,0.998572,0.9985,0.962002,1.183329,0.948812,0.582107,0.999286,0.998572,0.9984,0.962002,0.582107
6.834445,1.087736,0.209949,1.0,1.0,1.0,0.997817,0.997817,0.997817,1.0,0.999491,1.248574,0.998981,0.998931,0.96347,1.186536,0.951185,0.581656,0.999491,0.998981,0.998859,0.96347,0.581656
6.847373,1.089793,0.209157,1.0,1.0,1.0,0.998184,0.998184,0.998184,1.0,0.999661,1.249051,0.999322,0.999288,0.96491,1.189666,0.953501,0.581182,0.999661,0.999322,0.999241,0.96491,0.581182
6.8603,1.091851,0.20837,1.0,1.0,1.0,0.998518,0.998518,0.998518,1.0,0.999797,1.249431,0.999594,0.999573,0.966321,1.192718,0.955763,0.580685,0.999797,0.999594,0.999545,0.966321,0.580685
6.873228,1.093908,0.207587,1.0,1.0,1.0,0.998817,0.998817,0.998817,1.0,0.999898,1.249715,0.999796,0.999786,0.967704,1.195693,0.957968,0.580165,0.999898,0.999796,0.999772,0.967704,0.580165
6.886155,1.095966,0.206808,1.0,1.0,1.0,0.999083,0.999083,0.999083,1.0,0.999965,1.249901,0.99993,0.999926,0.969059,1.198589,0.960118,0.579623,0.999965,0.99993,0.999921,0.969059,0.579623
6.899083,1.098023,0.206034,1.0,1.0,1.0,0.999315,0.999315,0.999315,1.0,0.999997,1.249991,0.999994,0.999993,0.970385,1.201406,0.962211,0.579058,0.999997,0.999994,0.999993,0.970385,0.579058
6.91201,1.100081,0.205264,1.0,1.0,1.0,0.999514,0.999514,0.999514,1.0,0.999994,1.249984,0.999989,0.999988,0.971682,1.204145,0.964248,0.57847,0.999994,0.999989,0.999987,0.971682,0.57847
6.924937,1.102138,0.204498,1.0,1.0,1.0,0.999678,0.999678,0.999678,1.0,0.999957,1.24988,0.999914,0.99991,0.972951,1.206804,0.966228,0.57786,0.999957,0.999914,0.999904,0.972951,0.57786
6.937865,1.104195,0.203737,1.0,1.0,1.0,0.999809,0.999809,0.999809,1.0,0.999885,1.249679,0.999771,0.999759,0.974191,1.209383,0.96815,0.577228,0.999885,0.999771,0.999743,0.974191,0.577228
6.950792,1.106253,0.202979,1.0,1.0,1.0,0.999906,0.999906,0.999906,1.0,0.999779,1.249382,0.999558,0.999536,0.975402,1.211882,0.970016,0.576574,0.999779,0.999558,0.999505,0.975402,0.576574
6.96372,1.10831,0.202227,1.0,1.0,1.0,0.999969,0.999969,0.999969,1.0,0.999638,1.248987,0.999277,0.99924,0.976584,1.2143,0.971824,0.575897,0.999638,0.999277,0.99919,0.976584,0.575897
6.976647,1.110368,0.201478,1.0,1.0,1.0,0.999998,0.999998,0.999998,1.0,0.999463,1.248496,0.998926,0.998872,0.977738,1.216638,0.973574,0.575198,0.999463,0.998926,0.998797,0.977738,0.575198
6.989575,1.112425,0.200733,1.0,1.0,1.0,0.999993,0.999993,0.999993,1.0,0.999253,1.247908,0.998506,0.998431,0.978863,1.218894,0.975266,0.574478,0.999253,0.998506,0.998327,0.978863,0.574478
7.002502,1.114483,0.199993,1.0,1.0,1.0,0.999955,0.999955,0.999955,1.0,0.999008,1.247224,0.998017,0.997918,0.979959,1.221069,0.976901,0.573736,0.999008,0.998017,0.997779,0.979959,0.573736
7.01543,1.11654,0.199256,1.0,1.0,1.0,0.999882,0.999882,0.999882,1.0,0.998729,1.246443,0.997459,0.997332,0.981026,1.223162,0.978476,0.572971,0.998729,0.997459,0.997154,0.981026,0.572971
7.028357,1.118598,0.198524,1.0,1.0,1.0,0.999776,0.999776,0.999776,1.0,0.998415,1.245566,0.996833,0.996674,0.982064,1.225173,0.979994,0.572186,0.998415,0.996833,0.996453,0.982064,0.572186
7.041284,1.120655,0.197796,1.0,1.0,1.0,0.999636,0.999636,0.999636,1.0,0.998067,1.244592,0.996137,0.995944,0.983073,1.227102,0.981452,0.571379,0.998067,0.996137,0.995674,0.983073,0.571379
7.054212,1.122713,0.197071,1.0,1.0,1.0,0.999462,0.999462,0.999462,1.0,0.997684,1.243523,0.995373,0.995142,0.984054,1.228948,0.982852,0.57055,0.997684,0.995373,0.994818,0.984054,0.57055
7.067139,1.12477,0.196351,1.0,1.0,1.0,0.999254,0.999254,0.999254,1.0,0.997267,1.242357,0.994541,0.994268,0.985005,1.230712,0.984192,0.5697,0.997267,0.994541,0.993886,0.985005,0.5697
7.080067,1.126828,0.195635,1.0,1.0,1.0,0.999013,0.999013,0.999013,1.0,0.996815,1.241096,0.993639,0.993321,0.985927,1.232392,0.985473,0.568829,0.996815,0.993639,0.992877,0.985927,0.568829
7.092994,1.128885,0.194922,1.0,1.0,1.0,0.998737,0.998737,0.998737,1.0,0.996328,1.239739,0.99267,0.992304,0.98682,1.233989,0.986695,0.567937,0.996328,0.99267,0.991791,0.98682,0.567937
7.105922,1.130943,0.194214,1.0,1.0,1.0,0.998428,0.998428,0.998428,1.0,0.995807,1.238287,0.991633,0.991214,0.987684,1.235502,0.987857,0.567023,0.995807,0.991633,0.990629,0.987684,0.567023
7.118849,1.133,0.193509,1.0,1.0,1.0,0.998085,0.998085,0.998085,1.0,0.995252,1.236739,0.990527,0.990053,0.988519,1.236931,0.98896,0.566089,0.995252,0.990527,0.989391,0.988519,0.566089
7.131776,1.135057,0.192808,1.0,1.0,1.0,0.997709,0.997709,0.997709,1.0,0.994663,1.235097,0.989354,0.988821,0.989325,1.238277,0.990003,0.565134,0.994663,0.989354,0.988077,0.989325,0.565134
7.144704,1.137115,0.192111,1.0,1.0,1.0,0.997298,0.997298,0.997298,1.0,0.994038,1.23336,0.988112,0.987518,0.990102,1.239538,0.990986,0.564159,0.994038,0.988112,0.986688,0.990102,0.564159
7.157631,1.139172,0.191418,1.0,1.0,1.0,0.996854,0.996854,0.996854,1.0,0.99338,1.231528,0.986804,0.986144,0.990849,1.240715,0.991908,0.563163,0.99338,0.986804,0.985222,0.990849,0.563163
7.170559,1.14123,0.190728,1.0,1.0,1.0,0.996376,0.996376,0.996376,1.0,0.992687,1.229602,0.985428,0.984699,0.991567,1.241807,0.992771,0.562147,0.992687,0.985428,0.983682,0.991567,0.562147
7.183486,1.143287,0.190042,1.0,1.0,1.0,0.995865,0.995865,0.995865,1.0,0.99196,1.227582,0.983984,0.983183,0.992256,1.242814,0.993573,0.56111,0.99196,0.983984,0.982066,0.992256,0.56111
7.196414,1.145345,0.18936,1.0,1.0,1.0,0.995319,0.995319,0.995319,1.0,0.991198,1.225469,0.982474,0.981598,0.992916,1.243737,0.994315,0.560053,0.991198,0.982474,0.980375,0.992916,0.560053
7.209341,1.147402,0.188682,1.0,1.0,1.0,0.99474,0.99474,0.99474,1.0,0.990402,1.223262,0.980897,0.979942,0.993547,1.244575,0.994996,0.558976,0.990402,0.980897,0.978609,0.993547,0.558976
7.222269,1.14946,0.188007,1.0,1.0,1.0,0.994127,0.994127,0.994127,1.0,0.989572,1.220962,0.979253,0.978216,0.994148,1.245327,0.995617,0.557879,0.989572,0.979253,0.976769,0.994148,0.557879
7.235196,1.151517,0.187335,1.0,1.0,1.0,0.993481,0.993481,0.993481,1.0,0.988708,1.218569,0.977544,0.976421,0.99472,1.245994,0.996177,0.556762,0.988708,0.977544,0.974855,0.99472,0.556762
7.248123,1.153575,0.186668,1.0,1.0,1.0,0.992801,0.992801,0.992801,1.0,0.987809,1.216084,0.975768,0.974556,0.995262,1.246576,0.996676,0.555625,0.987809,0.975768,0.972867,0.995262,0.555625
7.261051,1.155632,0.186004,1.0,1.0,1.0,0.992088,0.992088,0.992088,1.0,0.986877,1.213507,0.973926,0.972622,0.995775,1.247073,0.997115,0.554469,0.986877,0.973926,0.970806,0.995775,0.554469
7.273978,1.15769,0.185343,1.0,1.0,1.0,0.99134,0.99134,0.99134,1.0,0.98591,1.210839,0.972018,0.970619,0.996259,1.247484,0.997492,0.553294,0.98591,0.972018,0.968671,0.996259,0.553294
7.286906,1.159747,0.184686,1.0,1.0,1.0,0.99056,0.99056,0.99056,1.0,0.984909,1.208079,0.970046,0.968548,0.996714,1.247809,0.997809,0.552099,0.984909,0.970046,0.966463,0.996714,0.552099
7.299833,1.161805,0.184033,1.0,1.0,1.0,0.989746,0.989746,0.989746,1.0,0.983874,1.205228,0.968008,0.966408,0.997139,1.248048,0.998065,0.550885,0.983874,0.968008,0.964182,0.997139,0.550885
7.312761,1.163862,0.183383,1.0,1.0,1.0,0.988898,0.988898,0.988898,1.0,0.982805,1.202287,0.965905,0.9642,0.997535,1.248202,0.99826,0.549651,0.982805,0.965905,0.961829,0.997535,0.549651
7.325688,1.165919,0.182736,1.0,1.0,1.0,0.988017,0.988017,0.988017,1.0,0.981702,1.199255,0.963738,0.961925,0.997901,1.24827,0.998394,0.548399,0.981702,0.963738,0.959404,0.997901,0.548399
7.338616,1.167977,0.182093,1.0,1.0,1.0,0.987102,0.987102,0.987102,1.0,0.980565,1.196135,0.961507,0.959582,0.998238,1.248252,0.998467,0.547128,0.980565,0.961507,0.956908,0.998238,0.547128
7.351543,1.170034,0.181453,1.0,1.0,1.0,0.986154,0.986154,0.986154,1.0,0.979394,1.192925,0.959212,0.957172,0.998545,1.248148,0.998479,0.545838,0.979394,0.959212,0.95434,0.998545,0.545838
7.36447,1.172092,0.180816,1.0,1.0,1.0,0.985173,0.985173,0.985173,1.0,0.978189,1.189626,0.956853,0.954696,0.998823,1.247959,0.99843,0.544529,0.978189,0.956853,0.951701,0.998823,0.544529
7.377398,1.174149,0.180183,1.0,1.0,1.0,0.984158,0.984158,0.984158,1.0,0.97695,1.186239,0.954431,0.952153,0.999072,1.247683,0.99832,0.543202,0.97695,0.954431,0.948991,0.999072,0.543202
7.390325,1.176207,0.179553,1.0,1.0,1.0,0.98311,0.98311,0.98311,1.0,0.975678,1.182764,0.951947,0.949544,0.999291,1.247322,0.998149,0.541857,0.975678,0.951947,0.946212,0.999291,0.541857
7.403253,1.178264,0.178927,1.0,1.0,1.0,0.982029,0.982029,0.982029,1.0,0.974371,1.179203,0.949399,0.946869,0.999481,1.246874,0.997917,0.540493,0.974371,0.949399,0.943362,0.999481,0.540493
7.41618,1.180322,0.178304,1.0,1.0,1.0,0.980914,0.980914,0.980914,1.0,0.973031,1.175554,0.94679,0.944129,0.999641,1.246341,0.997624,0.539112,0.973031,0.94679,0.940443,0.999641,0.539112
7.429108,1.182379,0.177684,1.0,1.0,1.0,0.979766,0.979766,0.979766,1.0,0.971658,1.171819,0.944119,0.941325,0.999772,1.245723,0.99727,0.537712,0.971658,0.944119,0.937456,0.999772,0.537712
7.442035,1.184437,0.177067,1.0,1.0,1.0,0.978585,0.978585,0.978585,1.0,0.97025,1.167999,0.941386,0.938455,0.999873,1.245018,0.996856,0.536295,0.97025,0.941386,0.934399,0.999873,0.536295
7.454962,1.186494,0.176453,1.0,1.0,1.0,0.977371,0.977371,0.977371,1.0,0.96881,1.164094,0.938592,0.935522,0.999945,1.244228,0.99638,0.534859,0.96881,0.938592,0.931275,0.999945,0.534859
7.46789,1.188552,0.175843,1.0,1.0,1.0,0.976124,0.976124,0.976124,1.0,0.967335,1.160104,0.935737,0.932524,0.999987,1.243352,0.995844,0.533407,0.967335,0.935737,0.928083,0.999987,0.533407
7.480817,1.190609,0.175236,1.0,1.0,1.0,0.974844,0.974844,0.974844,1.0,0.965827,1.15603,0.932823,0.929464,1.0,1.242391,0.995248,0.531937,0.965827,0.932823,0.924824,1.0,0.531937
7.493745,1.192667,0.174632,1.0,1.0,1.0,0.973531,0.973531,0.973531,1.0,0.964286,1.151873,0.929848,0.92634,0.999983,1.241344,0.99459,0.530449,0.964286,0.929848,0.921498,0.999983,0.530449
7.506672,1.194724,0.174031,1.0,1.0,1.0,0.972185,0.972185,0.972185,1.0,0.962712,1.147632,0.926814,0.923154,0.999937,1.240212,0.993872,0.528945,0.962712,0.926814,0.918106,0.999937,0.528945
7.5196,1.196781,0.173433,1.0,1.0,1.0,0.970806,0.970806,0.970806,1.0,0.961104,1.14331,0.92372,0.919906,0.999862,1.238995,0.993094,0.527423,0.961104,0.92372,0.914648,0.999862,0.527423
7.532527,1.198839,0.172838,1.0,1.0,1.0,0.969394,0.969394,0.969394,1.0,0.959463,1.138907,0.920568,0.916597,0.999756,1.237693,0.992255,0.525884,0.959463,0.920568,0.911125,0.999756,0.525884
7.545455,1.200896,0.172246,1.0,1.0,1.0,0.96795,0.96795,0.96795,1.0,0.957788,1.134422,0.917358,0.913226,0.999622,1.236306,0.991356,0.524329,0.957788,0.917358,0.907538,0.999622,0.524329
7.558382,1.202954,0.171658,1.0,1.0,1.0,0.966472,0.966472,0.966472,1.0,0.956081,1.129857,0.91409,0.909795,0.999458,1.234834,0.990397,0.522757,0.956081,0.91409,0.903886,0.999458,0.522757
7.571309,1.205011,0.171072,1.0,1.0,1.0,0.964962,0.964962,0.964962,1.0,0.95434,1.125213,0.910765,0.906303,0.999264,1.233277,0.989378,0.521169,0.95434,0.910765,0.90017,0.999264,0.521169
7.584237,1.207069,0.170489,1.0,1.0,1.0,0.96342,0.96342,0.96342,1.0,0.952567,1.12049,0.907383,0.902752,0.999042,1.231637,0.988299,0.519564,0.952567,0.907383,0.896392,0.999042,0.519564
7.597164,1.209126,0.169909,1.0,1.0,1.0,0.961844,0.961844,0.961844,1.0,0.95076,1.115688,0.903945,0.899142,0.998789,1.229911,0.987161,0.517943,0.95076,0.903945,0.89255,0.998789,0.517943
7.610092,1.211184,0.169333,1.0,1.0,1.0,0.960236,0.960236,0.960236,1.0,0.948921,1.110809,0.90045,0.895473,0.998507,1.228102,0.985962,0.516306,0.948921,0.90045,0.888647,0.998507,0.516306
7.623019,1.213241,0.168759,1.0,1.0,1.0,0.958596,0.958596,0.958596,1.0,0.947048,1.105853,0.896901,0.891746,0.998196,1.226209,0.984705,0.514654,0.947048,0.896901,0.884683,0.998196,0.514654
7.635947,1.215299,0.168188,1.0,1.0,1.0,0.956923,0.956923,0.956923,1.0,0.945143,1.100821,0.893296,0.887961,0.997855,1.224232,0.983388,0.512985,0.945143,0.893296,0.880657,0.997855,0.512985
7.648874,1.217356,0.16762,1.0,1.0,1.0,0.955218,0.955218,0.955218,1.0,0.943206,1.095714,0.889637,0.884119,0.997485,1.222172,0.982011,0.511301,0.943206,0.889637,0.876571,0.997485,0.511301
7.661802,1.219414,0.167055,1.0,1.0,1.0,0.95348,0.95348,0.95348,1.0,0.941235,1.090532,0.885924,0.88022,0.997086,1.220028,0.980576,0.509601,0.941235,0.885924,0.872426,0.997086,0.509601
7.674729,1.221471,0.166492,1.0,1.0,1.0,0.951711,0.951711,0.951711,1.0,0.939232,1.085276,0.882157,0.876265,0.996657,1.217802,0.979082,0.507886,0.939232,0.882157,0.868221,0.996657,0.507886
7.687656,1.223529,0.165933,1.0,1.0,1.0,0.949909,0.949909,0.949909,1.0,0.937197,1.079948,0.878338,0.872255,0.996198,1.215493,0.97753,0.506156,0.937197,0.878338,0.863958,0.996198,0.506156
7.700584,1.225586,0.165376,1.0,1.0,1.0,0.948075,0.948075,0.948075,1.0,0.935129,1.074546,0.874466,0.86819,0.995711,1.213101,0.975919,0.504411,0.935129,0.874466,0.859637,0.995711,0.504411
7.713511,1.227643,0.164822,1.0,1.0,1.0,0.946208,0.946208,0.946208,1.0,0.933029,1.069074,0.870543,0.86407,0.995194,1.210628,0.97425,0.50265,0.933029,0.870543,0.855259,0.995194,0.50265
7.726439,1.229701,0.164271,1.0,1.0,1.0,0.94431,0.94431,0.94431,1.0,0.930896,1.06353,0.866568,0.859897,0.994647,1.208072,0.972522,0.500876,0.930896,0.866568,0.850824,0.994647,0.500876
7.739366,1.231758,0.163723,1.0,1.0,1.0,0.94238,0.94238,0.94238,1.0,0.928732,1.057917,0.862543,0.85567,0.994072,1.205435,0.970737,0.499086,0.928732,0.862543,0.846334,0.994072,0.499086
7.752294,1.233816,0.163177,1.0,1.0,1.0,0.940418,0.940418,0.940418,1.0,0.926535,1.052235,0.858467,0.85139,0.993467,1.202716,0.968895,0.497282,0.926535,0.858467,0.841788,0.993467,0.497282
7.765221,1.235873,0.162635,1.0,1.0,1.0,0.938424,0.938424,0.938424,1.0,0.924306,1.046484,0.854342,0.847059,0.992833,1.199917,0.966995,0.495464,0.924306,0.854342,0.837187,0.992833,0.495464
7.778148,1.237931,0.162094,1.0,1.0,1.0,0.936398,0.936398,0.936398,1.0,0.922045,1.040666,0.850167,0.842676,0.992169,1.197037,0.965038,0.493632,0.922045,0.850167,0.832533,0.992169,0.493632
7.791076,1.239988,0.161557,1.0,1.0,1.0,0.934341,0.934341,0.934341,1.0,0.919753,1.034781,0.845945,0.838242,0.991476,1.194076,0.963024,0.491785,0.919753,0.845945,0.827825,0.991476,0.491785
7.804003,1.242046,0.161022,1.0,1.0,1.0,0.932252,0.932252,0.932252,1.0,0.917428,1.028831,0.841674,0.833758,0.990754,1.191036,0.960953,0.489925,0.917428,0.841674,0.823065,0.990754,0.489925
7.816931,1.244103,0.16049,1.0,1.0,1.0,0.930131,0.930131,0.930131,1.0,0.915072,1.022816,0.837356,0.829224,0.990003,1.187916,0.958827,0.488051,0.915072,0.837356,0.818253,0.990003,0.488051
7.829858,1.246161,0.159961,1.0,1.0,1.0,0.927979,0.927979,0.927979,1.0,0.912684,1.016737,0.832991,0.824641,0.989223,1.184716,0.956644,0.486163,0.912684,0.832991,0.813389,0.989223,0.486163
7.842786,1.248218,0.159434,1.0,1.0,1.0,0.925796,0.925796,0.925796,1.0,0.910264,1.010595,0.828581,0.82001,0.988413,1.181438,0.954405,0.484263,0.910264,0.828581,0.808476,0.988413,0.484263
7.855713,1.250276,0.158909,1.0,1.0,1.0,0.923581,0.923581,0.923581,1.0,0.907813,1.004391,0.824125,0.815331,0.987574,1.178082,0.95211,0.482348,0.907813,0.824125,0.803512,0.987574,0.482348
7.868641,1.252333,0.158388,1.0,1.0,1.0,0.921335,0.921335,0.921335,1.0,0.905331,0.998125,0.819624,0.810605,0.986707,1.174647,0.94976,0.480421,0.905331,0.819624,0.7985,0.986707,0.480421
7.881568,1.254391,0.157868,1.0,1.0,1.0,0.919058,0.919058,0.919058,1.0,0.902817,0.991799,0.815078,0.805832,0.98581,1.171134,0.947356,0.478481,0.902817,0.815078,0.79344,0.98581,0.478481
7.894495,1.256448,0.157352,1.0,1.0,1.0,0.91675,0.91675,0.91675,1.0,0.900272,0.985414,0.810489,0.801014,0.984884,1.167544,0.944896,0.476528,0.900272,0.810489,0.788331,0.984884,0.476528
7.907423,1.258505,0.156838,1.0,1.0,1.0,0.91441,0.91441,0.91441,1.0,0.897696,0.978971,0.805858,0.79615,0.983929,1.163878,0.942382,0.474562,0.897696,0.805858,0.783177,0.983929,0.474562
7.92035,1.260563,0.156326,1.0,1.0,1.0,0.91204,0.91204,0.91204,1.0,0.895088,0.97247,0.801183,0.791243,0.982945,1.160135,0.939814,0.472584,0.895088,0.801183,0.777976,0.982945,0.472584
7.933278,1.26262,0.155817,1.0,1.0,1.0,0.909639,0.909639,0.909639,1.0,0.89245,0.965913,0.796468,0.786291,0.981932,1.156316,0.937193,0.470594,0.89245,0.796468,0.77273,0.981932,0.470594
7.946205,1.264678,0.155311,1.0,1.0,1.0,0.907207,0.907207,0.907207,1.0,0.889781,0.9593,0.791711,0.781296,0.98089,1.152421,0.934518,0.468592,0.889781,0.791711,0.76744,0.98089,0.468592
7.959133,1.266735,0.154807,1.0,1.0,1.0,0.904744,0.904744,0.904744,1.0,0.887081,0.952633,0.786913,0.776259,0.979819,1.148451,0.931789,0.466577,0.887081,0.786913,0.762106,0.979819,0.466577
7.97206,1.268793,0.154305,1.0,1.0,1.0,0.902251,0.902251,0.902251,1.0,0.884351,0.945912,0.782076,0.77118,0.978719,1.144407,0.929008,0.464551,0.884351,0.782076,0.756729,0.978719,0.464551
7.984987,1.27085,0.153806,1.0,1.0,1.0,0.899727,0.899727,0.899727,1.0,0.88159,0.939138,0.7772,0.766061,0.977591,1.140289,0.926175,0.462513,0.88159,0.7772,0.751311,0.977591,0.462513
7.997915,1.272908,0.153309,1.0,1.0,1.0,0.897173,0.897173,0.897173,1.0,0.878798,0.932314,0.772286,0.7609,0.976433,1.136096,0.923289,0.460463,0.878798,0.772286,0.745851,0.976433,0.460463
8.010842,1.274965,0.152814,1.0,1.0,1.0,0.894589,0.894589,0.894589,1.0,0.875976,0.925438,0.767334,0.755701,0.975247,1.131831,0.920352,0.458402,0.875976,0.767334,0.740351,0.975247,0.458402
8.02377,1.277023,0.152322,1.0,1.0,1.0,0.891974,0.891974,0.891974,1.0,0.873124,0.918514,0.762345,0.750462,0.974032,1.127493,0.917363,0.45633,0.873124,0.762345,0.734811,0.974032,0.45633
8.036697,1.27908,0.151833,1.0,1.0,1.0,0.889329,0.889329,0.889329,1.0,0.870241,0.911541,0.75732,0.745186,0.972788,1.123083,0.914324,0.454247,0.870241,0.75732,0.729233,0.972788,0.454247
8.049625,1.281138,0.151345,1.0,1.0,1.0,0.886654,0.886654,0.886654,1.0,0.867329,0.90452,0.752259,0.739872,0.971516,1.118602,0.911233,0.452153,0.867329,0.752259,0.723616,0.971516,0.452153
8.062552,1.283195,0.150861,1.0,1.0,1.0,0.883949,0.883949,0.883949,1.0,0.864386,0.897454,0.747163,0.734521,0.970215,1.114049,0.908093,0.450048,0.864386,0.747163,0.717963,0.970215,0.450048
8.07548,1.285252,0.150378,1.0,1.0,1.0,0.881214,0.881214,0.881214,1.0,0.861413,0.890342,0.742033,0.729135,0.968886,1.109426,0.904902,0.447932,0.861413,0.742033,0.712274,0.968886,0.447932
8.088407,1.28731,0.149898,1.0,1.0,1.0,0.878449,0.878449,0.878449,1.0,0.858411,0.883186,0.736869,0.723713,0.967527,1.104733,0.901662,0.445807,0.858411,0.736869,0.706549,0.967527,0.445807
8.101334,1.289367,0.14942,1.0,1.0,1.0,0.875654,0.875654,0.875654,1.0,0.855379,0.875988,0.731673,0.718257,0.966141,1.099971,0.898373,0.44367,0.855379,0.731673,0.70079,0.966141,0.44367
8.114262,1.291425,0.148944,1.0,1.0,1.0,0.87283,0.87283,0.87283,1.0,0.852317,0.868747,0.726445,0.712767,0.964726,1.095139,0.895036,0.441524,0.852317,0.726445,0.694998,0.964726,0.441524
8.127189,1.293482,0.14847,1.0,1.0,1.0,0.869976,0.869976,0.869976,1.0,0.849226,0.861466,0.721185,0.707244,0.963282,1.09024,0.89165,0.439368,0.849226,0.721185,0.689172,0.963282,0.439368
8.140117,1.29554,0.147999,1.0,1.0,1.0,0.867093,0.867093,0.867093,1.0,0.846106,0.854144,0.715895,0.701689,0.96181,1.085273,0.888216,0.437202,0.846106,0.715895,0.683316,0.96181,0.437202
8.153044,1.297597,0.14753,1.0,1.0,1.0,0.86418,0.86418,0.86418,1.0,0.842956,0.846785,0.710574,0.696103,0.96031,1.080238,0.884735,0.435027,0.842956,0.710574,0.677428,0.96031,0.435027
8.165972,1.299655,0.147064,1.0,1.0,1.0,0.861239,0.861239,0.861239,1.0,0.839777,0.839388,0.705225,0.690486,0.958781,1.075138,0.881207,0.432842,0.839777,0.705225,0.67151,0.958781,0.432842
8.178899,1.301712,0.146599,1.0,1.0,1.0,0.858268,0.858268,0.858268,1.0,0.836569,0.831955,0.699847,0.68484,0.957224,1.069971,0.877632,0.430648,0.836569,0.699847,0.665564,0.957224,0.430648
8.191827,1.30377,0.146137,1.0,1.0,1.0,0.855268,0.855268,0.855268,1.0,0.833332,0.824486,0.694442,0.679164,0.955639,1.064739,0.874012,0.428445,0.833332,0.694442,0.659589,0.955639,0.428445
8.204754,1.305827,0.145677,1.0,1.0,1.0,0.852239,0.852239,0.852239,1.0,0.830066,0.816984,0.689009,0.67346,0.954026,1.059443,0.870345,0.426232,0.830066,0.689009,0.653587,0.954026,0.426232
8.217681,1.307885,0.145219,1.0,1.0,1.0,0.849181,0.849181,0.849181,1.0,0.826771,0.809449,0.683551,0.667729,0.952384,1.054082,0.866634,0.424012,0.826771,0.683551,0.64756,0.952384,0.424012
8.230609,1.309942,0.144763,1.0,1.0,1.0,0.846094,0.846094,0.846094,1.0,0.823448,0.801883,0.678067,0.66197,0.950715,1.048659,0.862877,0.421782,0.823448,0.678067,0.641506,0.950715,0.421782
8.243536,1.312,0.144309,1.0,1.0,1.0,0.842979,0.842979,0.842979,1.0,0.820097,0.794286,0.672559,0.656187,0.949017,1.043172,0.859077,0.419544,0.820097,0.672559,0.635429,0.949017,0.419544
8.256464,1.314057,0.143858,1.0,1.0,1.0,0.839836,0.839836,0.839836,1.0,0.816717,0.786661,0.667026,0.650377,0.947292,1.037624,0.855232,0.417298,0.816717,0.667026,0.629328,0.947292,0.417298
8.269391,1.316114,0.143408,1.0,1.0,1.0,0.836664,0.836664,0.836664,1.0,0.813308,0.779007,0.661471,0.644544,0.945538,1.032014,0.851344,0.415043,0.813308,0.661471,0.623205,0.945538,0.415043
8.282319,1.318172,0.142961,1.0,1.0,1.0,0.833463,0.833463,0.833463,1.0,0.809872,0.771326,0.655893,0.638687,0.943757,1.026344,0.847414,0.412781,0.809872,0.655893,0.617061,0.943757,0.412781
8.295246,1.320229,0.142516,1.0,1.0,1.0,0.830235,0.830235,0.830235,1.0,0.806408,0.76362,0.650293,0.632808,0.941948,1.020614,0.843441,0.41051,0.806408,0.650293,0.610896,0.941948,0.41051
8.308173,1.322287,0.142072,1.0,1.0,1.0,0.826978,0.826978,0.826978,1.0,0.802915,0.75589,0.644673,0.626907,0.940111,1.014824,0.839426,0.408233,0.802915,0.644673,0.604712,0.940111,0.408233
8.321101,1.324344,0.141631,1.0,1.0,1.0,0.823693,0.823693,0.823693,1.0,0.799395,0.748137,0.639033,0.620984,0.938247,1.008976,0.83537,0.405947,0.799395,0.639033,0.59851,0.938247,0.405947
8.334028,1.326402,0.141192,1.0,1.0,1.0,0.820381,0.820381,0.820381,1.0,0.795848,0.740363,0.633373,0.615042,0.936354,1.00307,0.831273,0.403655,0.795848,0.633373,0.59229,0.936354,0.403655
8.346956,1.328459,0.140755,1.0,1.0,1.0,0.81704,0.81704,0.81704,1.0,0.792272,0.732568,0.627695,0.60908,0.934434,0.997107,0.827135,0.401355,0.792272,0.627695,0.586054,0.934434,0.401355
8.359883,1.330517,0.14032,1.0,1.0,1.0,0.813672,0.813672,0.813672,1.0,0.78867,0.724753,0.622,0.6031,0.932487,0.991087,0.822958,0.399048,0.78867,0.622,0.579803,0.932487,0.399048
8.372811,1.332574,0.139887,1.0,1.0,1.0,0.810277,0.810277,0.810277,1.0,0.78504,0.716921,0.616287,0.597102,0.930512,0.985012,0.818741,0.396735,0.78504,0.616287,0.573537,0.930512,0.396735
8.385738,1.334632,0.139456,1.0,1.0,1.0,0.806854,0.806854,0.806854,1.0,0.781383,0.709073,0.610559,0.591087,0.92851,0.978882,0.814486,0.394415,0.781383,0.610559,0.567258,0.92851,0.394415
8.398666,1.336689,0.139027,1.0,1.0,1.0,0.803404,0.803404,0.803404,1.0,0.777698,0.701209,0.604815,0.585055,0.92648,0.972697,0.810192,0.392088,0.777698,0.604815,0.560967,0.92648,0.392088
8.411593,1.338747,0.1386,1.0,1.0,1.0,0.799926,0.799926,0.799926,1.0,0.773987,0.693332,0.599056,0.579009,0.924423,0.966459,0.805861,0.389755,0.773987,0.599056,0.554665,0.924423,0.389755
8.42452,1.340804,0.138175,1.0,1.0,1.0,0.796422,0.796422,0.796422,1.0,0.770249,0.685442,0.593284,0.572948,0.922339,0.960169,0.801492,0.387416,0.770249,0.593284,0.548353,0.922339,0.387416
8.437448,1.342862,0.137752,1.0,1.0,1.0,0.79289,0.79289,0.79289,1.0,0.766485,0.67754,0.587499,0.566874,0.920227,0.953826,0.797087,0.385071,0.766485,0.587499,0.542032,0.920227,0.385071
8.450375,1.344919,0.137331,1.0,1.0,1.0,0.789332,0.789332,0.789332,1.0,0.762694,0.669629,0.581702,0.560787,0.918089,0.947433,0.792645,0.382721,0.762694,0.581702,0.535703,0.918089,0.382721
8.463303,1.346976,0.136912,1.0,1.0,1.0,0.785747,0.785747,0.785747,1.0,0.758877,0.66171,0.575894,0.554688,0.915923,0.940989,0.788168,0.380364,0.758877,0.575894,0.529368,0.915923,0.380364
8.47623,1.349034,0.136495,1.0,1.0,1.0,0.782135,0.782135,0.782135,1.0,0.755033,0.653783,0.570075,0.548578,0.91373,0.934495,0.783656,0.378003,0.755033,0.570075,0.523027,0.91373,0.378003
8.489158,1.351091,0.136079,1.0,1.0,1.0,0.778497,0.778497,0.778497,1.0,0.751163,0.645851,0.564246,0.542458,0.911511,0.927953,0.779109,0.375636,0.751163,0.564246,0.516681,0.911511,0.375636
8.502085,1.353149,0.135666,1.0,1.0,1.0,0.774833,0.774833,0.774833,1.0,0.747267,0.637915,0.558408,0.536329,0.909264,0.921362,0.774529,0.373263,0.747267,0.558408,0.510332,0.909264,0.373263
8.515013,1.355206,0.135254,1.0,1.0,1.0,0.771142,0.771142,0.771142,1.0,0.743346,0.629976,0.552563,0.530191,0.906991,0.914725,0.769915,0.370886,0.743346,0.552563,0.503981,0.906991,0.370886
8.52794,1.357264,0.134844,1.0,1.0,1.0,0.767426,0.767426,0.767426,1.0,0.739398,0.622036,0.54671,0.524045,0.904691,0.908041,0.765268,0.368504,0.739398,0.54671,0.497629,0.904691,0.368504
8.540867,1.359321,0.134436,1.0,1.0,1.0,0.763683,0.763683,0.763683,1.0,0.735425,0.614096,0.540851,0.517893,0.902364,0.901311,0.76059,0.366118,0.735425,0.540851,0.491276,0.902364,0.366118
8.553795,1.361379,0.13403,1.0,1.0,1.0,0.759914,0.759914,0.759914,1.0,0.731427,0.606157,0.534986,0.511735,0.900011,0.894537,0.755879,0.363727,0.731427,0.534986,0.484926,0.900011,0.363727
8.566722,1.363436,0.133626,1.0,1.0,1.0,0.75612,0.75612,0.75612,1.0,0.727403,0.598222,0.529116,0.505571,0.897631,0.887719,0.751138,0.361332,0.727403,0.529116,0.478577,0.897631,0.361332
8.57965,1.365494,0.133224,1.0,1.0,1.0,0.7523,0.7523,0.7523,1.0,0.723355,0.590291,0.523242,0.499404,0.895225,0.880858,0.746366,0.358932,0.723355,0.523242,0.472233,0.895225,0.358932
8.592577,1.367551,0.132823,1.0,1.0,1.0,0.748455,0.748455,0.748455,1.0,0.719281,0.582366,0.517365,0.493233,0.892792,0.873955,0.741565,0.356529,0.719281,0.517365,0.465893,0.892792,0.356529
8.605505,1.369609,0.132424,1.0,1.0,1.0,0.744584,0.744584,0.744584,1.0,0.715182,0.574449,0.511485,0.487059,0.890333,0.86701,0.736734,0.354122,0.715182,0.511485,0.459559,0.890333,0.354122
8.618432,1.371666,0.132027,1.0,1.0,1.0,0.740689,0.740689,0.740689,1.0,0.711058,0.566541,0.505604,0.480884,0.887848,0.860025,0.731874,0.351711,0.711058,0.505604,0.453233,0.887848,0.351711
8.631359,1.373724,0.131632,1.0,1.0,1.0,0.736768,0.736768,0.736768,1.0,0.70691,0.558644,0.499722,0.474708,0.885337,0.853,0.726987,0.349297,0.70691,0.499722,0.446916,0.885337,0.349297
8.644287,1.375781,0.131239,1.0,1.0,1.0,0.732822,0.732822,0.732822,1.0,0.702738,0.55076,0.49384,0.468532,0.882799,0.845936,0.722072,0.34688,0.702738,0.49384,0.440608,0.882799,0.34688
8.657214,1.377838,0.130847,1.0,1.0,1.0,0.728851,0.728851,0.728851,1.0,0.698541,0.54289,0.487959,0.462357,0.880236,0.838835,0.71713,0.344459,0.698541,0.487959,0.434312,0.880236,0.344459
8.670142,1.379896,0.130457,1.0,1.0,1.0,0.724856,0.724856,0.724856,1.0,0.69432,0.535035,0.48208,0.456184,0.877646,0.831696,0.712162,0.342036,0.69432,0.48208,0.428028,0.877646,0.342036
8.683069,1.381953,0.130069,1.0,1.0,1.0,0.720836,0.720836,0.720836,1.0,0.690075,0.527198,0.476203,0.450013,0.875031,0.824522,0.707169,0.33961,0.690075,0.476203,0.421758,0.875031,0.33961
8.695997,1.384011,0.129683,1.0,1.0,1.0,0.716792,0.716792,0.716792,1.0,0.685806,0.51938,0.47033,0.443846,0.87239,0.817312,0.702151,0.337181,0.685806,0.47033,0.415504,0.87239,0.337181
8.708924,1.386068,0.129298,1.0,1.0,1.0,0.712723,0.712723,0.712723,1.0,0.681513,0.511582,0.46446,0.437683,0.869723,0.810068,0.697108,0.33475,0.681513,0.46446,0.409266,0.869723,0.33475
8.721852,1.388126,0.128915,1.0,1.0,1.0,0.708631,0.708631,0.708631,1.0,0.677197,0.503808,0.458596,0.431526,0.867031,0.802791,0.692042,0.332317,0.677197,0.458596,0.403046,0.867031,0.332317
8.734779,1.390183,0.128534,1.0,1.0,1.0,0.704514,0.704514,0.704514,1.0,0.672857,0.496058,0.452737,0.425374,0.864312,0.79548,0.686952,0.329881,0.672857,0.452737,0.396846,0.864312,0.329881
8.747706,1.392241,0.128154,1.0,1.0,1.0,0.700374,0.700374,0.700374,1.0,0.668494,0.488334,0.446885,0.419229,0.861569,0.788139,0.681841,0.327444,0.668494,0.446885,0.390667,0.861569,0.327444
8.760634,1.394298,0.127776,1.0,1.0,1.0,0.69621,0.69621,0.69621,1.0,0.664108,0.480638,0.44104,0.413092,0.8588,0.780767,0.676707,0.325005,0.664108,0.44104,0.38451,0.8588,0.325005
8.773561,1.396356,0.1274,1.0,1.0,1.0,0.692022,0.692022,0.692022,1.0,0.659699,0.472971,0.435203,0.406963,0.856006,0.773365,0.671553,0.322564,0.659699,0.435203,0.378377,0.856006,0.322564
8.786489,1.398413,0.127025,1.0,1.0,1.0,0.687811,0.687811,0.687811,1.0,0.655267,0.465337,0.429375,0.400844,0.853186,0.765934,0.666377,0.320122,0.655267,0.429375,0.37227,0.853186,0.320122
8.799416,1.400471,0.126652,1.0,1.0,1.0,0.683577,0.683577,0.683577,1.0,0.650813,0.457737,0.423557,0.394735,0.850342,0.758475,0.661183,0.317678,0.650813,0.423557,0.36619,0.850342,0.317678
8.812344,1.402528,0.126281,1.0,1.0,1.0,0.679319,0.679319,0.679319,1.0,0.646336,0.450172,0.41775,0.388638,0.847472,0.750989,0.655968,0.315234,0.646336,0.41775,0.360138,0.847472,0.315234
8.825271,1.404586,0.125911,1.0,1.0,1.0,0.675039,0.675039,0.675039,1.0,0.641836,0.442646,0.411954,0.382552,0.844577,0.743478,0.650736,0.312788,0.641836,0.411954,0.354117,0.844577,0.312788
8.838198,1.406643,0.125543,1.0,1.0,1.0,0.670735,0.670735,0.670735,1.0,0.637315,0.435159,0.40617,0.376479,0.841658,0.735941,0.645485,0.310342,0.637315,0.40617,0.348127,0.841658,0.310342
8.851126,1.4087,0.125177,1.0,1.0,1.0,0.666409,0.666409,0.666409,1.0,0.632771,0.427714,0.400399,0.370419,0.838713,0.72838,0.640218,0.307895,0.632771,0.400399,0.342171,0.838713,0.307895
8.864053,1.410758,0.124812,1.0,1.0,1.0,0.662061,0.662061,0.662061,1.0,0.628206,0.420314,0.394642,0.364374,0.835744,0.720796,0.634934,0.305448,0.628206,0.394642,0.336251,0.835744,0.305448
8.876981,1.412815,0.124449,1.0,1.0,1.0,0.65769,0.65769,0.65769,1.0,0.623618,0.41296,0.3889,0.358345,0.83275,0.71319,0.629634,0.303001,0.623618,0.3889,0.330368,0.83275,0.303001
8.889908,1.414873,0.124087,1.0,1.0,1.0,0.653296,0.653296,0.653296,1.0,0.619009,0.405655,0.383173,0.352331,0.829732,0.705563,0.624318,0.300553,0.619009,0.383173,0.324524,0.829732,0.300553
8.902836,1.41693,0.123727,1.0,1.0,1.0,0.648881,0.648881,0.648881,1.0,0.614379,0.398401,0.377462,0.346335,0.826689,0.697916,0.618989,0.298106,0.614379,0.377462,0.318721,0.826689,0.298106
8.915763,1.418988,0.123368,1.0,1.0,1.0,0.644444,0.644444,0.644444,1.0,0.609728,0.391201,0.371768,0.340356,0.823622,0.690249,0.613645,0.295659,0.609728,0.371768,0.312961,0.823622,0.295659
8.928691,1.421045,0.123011,1.0,1.0,1.0,0.639985,0.639985,0.639985,1.0,0.605055,0.384057,0.366091,0.334396,0.820531,0.682565,0.608289,0.293212,0.605055,0.366091,0.307246,0.820531,0.293212
8.941618,1.423103,0.122656,1.0,1.0,1.0,0.635504,0.635504,0.635504,1.0,0.600361,0.376972,0.360434,0.328455,0.817415,0.674863,0.602919,0.290766,0.600361,0.360434,0.301578,0.817415,0.290766
8.954545,1.42516,0.122302,1.0,1.0,1.0,0.631002,0.631002,0.631002,1.0,0.595647,0.369948,0.354795,0.322535,0.814275,0.667144,0.597538,0.288321,0.595647,0.354795,0.295959,0.814275,0.288321
8.967473,1.427218,0.12195,1.0,1.0,1.0,0.626478,0.626478,0.626478,1.0,0.590912,0.362988,0.349177,0.316636,0.811112,0.659411,0.592146,0.285876,0.590912,0.349177,0.290391,0.811112,0.285876
8.9804,1.429275,0.121599,1.0,1.0,1.0,0.621933,0.621933,0.621933,1.0,0.586157,0.356096,0.34358,0.310758,0.807924,0.651664,0.586744,0.283433,0.586157,0.34358,0.284876,0.807924,0.283433
8.993328,1.431333,0.121249,1.0,1.0,1.0,0.617367,0.617367,0.617367,1.0,0.581381,0.349272,0.338004,0.304904,0.804713,0.643903,0.581331,0.28099,0.581381,0.338004,0.279418,0.804713,0.28099
9.006255,1.43339,0.120902,1.0,1.0,1.0,0.61278,0.61278,0.61278,1.0,0.576585,0.342522,0.33245,0.299073,0.801478,0.63613,0.57591,0.27855,0.576585,0.33245,0.274018,0.801478,0.27855
9.019183,1.435448,0.120555,1.0,1.0,1.0,0.608173,0.608173,0.608173,1.0,0.571769,0.335847,0.32692,0.293266,0.798219,0.628346,0.57048,0.27611,0.571769,0.32692,0.268678,0.798219,0.27611
9.03211,1.437505,0.12021,1.0,1.0,1.0,0.603545,0.603545,0.603545,1.0,0.566934,0.329252,0.321414,0.287485,0.794936,0.620552,0.565043,0.273673,0.566934,0.321414,0.263402,0.794936,0.273673
9.045038,1.439562,0.119867,1.0,1.0,1.0,0.598896,0.598896,0.598896,1.0,0.562079,0.322739,0.315932,0.281729,0.791631,0.612749,0.559598,0.271237,0.562079,0.315932,0.258191,0.791631,0.271237
9.057965,1.44162,0.119525,1.0,1.0,1.0,0.594227,0.594227,0.594227,1.0,0.557204,0.316312,0.310476,0.276,0.788302,0.604938,0.554148,0.268804,0.557204,0.310476,0.253049,0.788302,0.268804
9.070892,1.443677,0.119185,1.0,1.0,1.0,0.589539,0.589539,0.589539,1.0,0.55231,0.309973,0.305047,0.270299,0.784949,0.59712,0.548692,0.266373,0.55231,0.305047,0.247979,0.784949,0.266373
9.08382,1.445735,0.118846,1.0,1.0,1.0,0.58483,0.58483,0.58483,1.0,0.547397,0.303728,0.299644,0.264626,0.781574,0.589296,0.543231,0.263944,0.547397,0.299644,0.242983,0.781574,0.263944
9.096747,1.447792,0.118508,1.0,1.0,1.0,0.580101,0.580101,0.580101,1.0,0.542465,0.29758,0.294269,0.258982,0.778175,0.581468,0.537765,0.261517,0.542465,0.294269,0.238064,0.778175,0.261517
9.109675,1.44985,0.118172,1.0,1.0,1.0,0.575353,0.575353,0.575353,1.0,0.537515,0.291532,0.288922,0.253368,0.774754,0.573635,0.532297,0.259094,0.537515,0.288922,0.233225,0.774754,0.259094
9.122602,1.451907,0.117837,1.0,1.0,1.0,0.570585,0.570585,0.570585,1.0,0.532545,0.285589,0.283605,0.247785,0.77131,0.5658,0.526825,0.256673,0.532545,0.283605,0.228471,0.77131,0.256673
9.13553,1.453965,0.117504,1.0,1.0,1.0,0.565798,0.565798,0.565798,1.0,0.527558,0.279754,0.278317,0.242233,0.767842,0.557964,0.521352,0.254255,0.527558,0.278317,0.223803,0.767842,0.254255
9.148457,1.456022,0.117172,1.0,1.0,1.0,0.560992,0.560992,0.560992,1.0,0.522552,0.274032,0.27306,0.236713,0.764353,0.550127,0.515877,0.25184,0.522552,0.27306,0.219226,0.764353,0.25184
9.161384,1.45808,0.116842,1.0,1.0,1.0,0.556167,0.556167,0.556167,1.0,0.517528,0.268428,0.267835,0.231227,0.760841,0.542291,0.510401,0.249429,0.517528,0.267835,0.214742,0.760841,0.249429
9.174312,1.460137,0.116513,1.0,1.0,1.0,0.551323,0.551323,0.551323,1.0,0.512486,0.262946,0.262642,0.225774,0.757306,0.534457,0.504926,0.247021,0.512486,0.262642,0.210357,0.757306,0.247021
9.187239,1.462195,0.116185,1.0,1.0,1.0,0.54646,0.54646,0.54646,1.0,0.507426,0.25759,0.257481,0.220355,0.753749,0.526625,0.499451,0.244617,0.507426,0.257481,0.206072,0.753749,0.244617
9.200167,1.464252,0.115859,1.0,1.0,1.0,0.541579,0.541579,0.541579,1.0,0.502349,0.252365,0.252354,0.214972,0.75017,0.518798,0.493978,0.242217,0.502349,0.252354,0.201892,0.75017,0.242217
9.213094,1.466309,0.115534,1.0,1.0,1.0,0.536679,0.536679,0.536679,1.0,0.497254,0.247277,0.247262,0.209625,0.746569,0.510976,0.488507,0.239821,0.497254,0.247262,0.197822,0.746569,0.239821
9.226022,1.468367,0.11521,1.0,1.0,1.0,0.531762,0.531762,0.531762,1.0,0.492142,0.24233,0.242204,0.204314,0.742945,0.50316,0.483039,0.237428,0.492142,0.242204,0.193864,0.742945,0.237428
9.238949,1.470424,0.114888,1.0,1.0,1.0,0.526826,0.526826,0.526826,1.0,0.487014,0.237528,0.237182,0.199041,0.7393,0.495352,0.477575,0.235041,0.487014,0.237182,0.190023,0.7393,0.235041
9.251877,1.472482,0.114567,1.0,1.0,1.0,0.521872,0.521872,0.521872,1.0,0.481868,0.232878,0.232197,0.193806,0.735633,0.487553,0.472115,0.232657,0.481868,0.232197,0.186303,0.735633,0.232657
9.264804,1.474539,0.114248,1.0,1.0,1.0,0.516901,0.516901,0.516901,1.0,0.476706,0.228384,0.227248,0.188611,0.731944,0.479764,0.466661,0.230278,0.476706,0.227248,0.182707,0.731944,0.230278
9.277731,1.476597,0.11393,1.0,1.0,1.0,0.511913,0.511913,0.511913,1.0,0.471527,0.224052,0.222337,0.183454,0.728234,0.471986,0.461212,0.227904,0.471527,0.222337,0.179241,0.728234,0.227904
9.290659,1.478654,0.113613,1.0,1.0,1.0,0.506907,0.506907,0.506907,1.0,0.466331,0.219885,0.217465,0.178338,0.724502,0.46422,0.45577,0.225535,0.466331,0.217465,0.175908,0.724502,0.225535
9.303586,1.480712,0.113297,1.0,1.0,1.0,0.501884,0.501884,0.501884,1.0,0.46112,0.21589,0.212632,0.173263,0.720749,0.456468,0.450335,0.223171,0.46112,0.212632,0.172712,0.720749,0.223171
9.316514,1.482769,0.112983,1.0,1.0,1.0,0.496844,0.496844,0.496844,1.0,0.455893,0.212072,0.207838,0.16823,0.716975,0.448731,0.444908,0.220813,0.455893,0.207838,0.169657,0.716975,0.220813
9.329441,1.484827,0.11267,1.0,1.0,1.0,0.491787,0.491787,0.491787,1.0,0.45065,0.208434,0.203085,0.16324,0.71318,0.44101,0.43949,0.218459,0.45065,0.203085,0.166747,0.71318,0.218459
9.342369,1.486884,0.112359,1.0,1.0,1.0,0.486713,0.486713,0.486713,1.0,0.445391,0.204981,0.198373,0.158292,0.709363,0.433306,0.434081,0.216111,0.445391,0.198373,0.163985,0.709363,0.216111
9.355296,1.488942,0.112048,1.0,1.0,1.0,0.481623,0.481623,0.481623,1.0,0.440117,0.201718,0.193703,0.153388,0.705526,0.425622,0.428682,0.213769,0.440117,0.193703,0.161375,0.705526,0.213769
9.368224,1.490999,0.111739,1.0,1.0,1.0,0.476517,0.476517,0.476517,1.0,0.434828,0.198649,0.189075,0.148529,0.701667,0.417958,0.423295,0.211433,0.434828,0.189075,0.158919,0.701667,0.211433
9.381151,1.493057,0.111432,1.0,1.0,1.0,0.471394,0.471394,0.471394,1.0,0.429524,0.195776,0.184491,0.143715,0.697789,0.410315,0.417919,0.209102,0.429524,0.184491,0.156621,0.697789,0.209102
9.394078,1.495114,0.111125,1.0,1.0,1.0,0.466256,0.466256,0.466256,1.0,0.424205,0.193103,0.17995,0.138947,0.693889,0.402695,0.412556,0.206778,0.424205,0.17995,0.154483,0.693889,0.206778
9.407006,1.497171,0.11082,1.0,1.0,1.0,0.461102,0.461102,0.461102,1.0,0.418871,0.190633,0.175453,0.134225,0.689969,0.3951,0.407206,0.20446,0.418871,0.175453,0.152506,0.689969,0.20446
9.419933,1.499229,0.110516,1.0,1.0,1.0,0.455932,0.455932,0.455932,1.0,0.413522,0.188367,0.171001,0.129551,0.686029,0.387531,0.401869,0.202149,0.413522,0.171001,0.150694,0.686029,0.202149
9.432861,1.501286,0.110213,1.0,1.0,1.0,0.450747,0.450747,0.450747,1.0,0.40816,0.186307,0.166594,0.124924,0.682068,0.379989,0.396548,0.199844,0.40816,0.166594,0.149045,0.682068,0.199844
9.445788,1.503344,0.109912,1.0,1.0,1.0,0.445546,0.445546,0.445546,1.0,0.402783,0.184453,0.162234,0.120346,0.678088,0.372476,0.391241,0.197546,0.402783,0.162234,0.147562,0.678088,0.197546
9.458716,1.505401,0.109612,1.0,1.0,1.0,0.440331,0.440331,0.440331,1.0,0.397392,0.182805,0.157921,0.115817,0.674087,0.364993,0.385951,0.195255,0.397392,0.157921,0.146244,0.674087,0.195255
9.471643,1.507459,0.109313,1.0,1.0,1.0,0.4351,0.4351,0.4351,1.0,0.391988,0.181362,0.153654,0.111337,0.670067,0.357543,0.380678,0.192971,0.391988,0.153654,0.14509,0.670067,0.192971
9.48457,1.509516,0.109015,1.0,1.0,1.0,0.429855,0.429855,0.429855,1.0,0.38657,0.180123,0.149436,0.106908,0.666027,0.350126,0.375423,0.190694,0.38657,0.149436,0.144098,0.666027,0.190694
9.497498,1.511574,0.108718,1.0,1.0,1.0,0.424595,0.424595,0.424595,1.0,0.381138,0.179085,0.145267,0.10253,0.661967,0.342745,0.370185,0.188424,0.381138,0.145267,0.143268,0.661967,0.188424
9.510425,1.513631,0.108423,1.0,1.0,1.0,0.419321,0.419321,0.419321,1.0,0.375694,0.178245,0.141146,0.098203,0.657888,0.335402,0.364967,0.186162,0.375694,0.141146,0.142596,0.657888,0.186162
9.523353,1.515689,0.108129,1.0,1.0,1.0,0.414033,0.414033,0.414033,1.0,0.370236,0.1776,0.137075,0.093929,0.653789,0.328098,0.359769,0.183908,0.370236,0.137075,0.14208,0.653789,0.183908
9.53628,1.517746,0.107836,1.0,1.0,1.0,0.408731,0.408731,0.408731,1.0,0.364766,0.177143,0.133054,0.089707,0.649671,0.320834,0.354592,0.181661,0.364766,0.133054,0.141715,0.649671,0.181661
9.549208,1.519804,0.107544,1.0,1.0,1.0,0.403415,0.403415,0.403415,1.0,0.359283,0.176871,0.129084,0.085538,0.645534,0.313614,0.349436,0.179422,0.359283,0.129084,0.141497,0.645534,0.179422
9.562135,1.521861,0.107253,1.0,1.0,1.0,0.398085,0.398085,0.398085,1.0,0.353788,0.176777,0.125166,0.081424,0.641377,0.30644,0.344302,0.177192,0.353788,0.125166,0.141421,0.641377,0.177192
9.575063,1.523919,0.106964,1.0,1.0,1.0,0.392742,0.392742,0.392742,1.0,0.34828,0.176854,0.121299,0.077364,0.637202,0.299312,0.339191,0.174969,0.34828,0.121299,0.141483,0.637202,0.174969
9.58799,1.525976,0.106676,1.0,1.0,1.0,0.387385,0.387385,0.387385,1.0,0.34276,0.177096,0.117485,0.073359,0.633008,0.292234,0.334104,0.172755,0.34276,0.117485,0.141677,0.633008,0.172755
9.600917,1.528033,0.106389,1.0,1.0,1.0,0.382015,0.382015,0.382015,1.0,0.337229,0.177495,0.113723,0.069409,0.628796,0.285209,0.329041,0.170549,0.337229,0.113723,0.141996,0.628796,0.170549
9.613845,1.530091,0.106103,1.0,1.0,1.0,0.376633,0.376633,0.376633,1.0,0.331685,0.178042,0.110015,0.065516,0.624565,0.278238,0.324004,0.168352,0.331685,0.110015,0.142434,0.624565,0.168352
9.626772,1.532148,0.105818,1.0,1.0,1.0,0.371238,0.371238,0.371238,1.0,0.326131,0.178731,0.106361,0.061679,0.620315,0.271324,0.318992,0.166164,0.326131,0.106361,0.142985,0.620315,0.166164
9.6397,1.534206,0.105534,1.0,1.0,1.0,0.36583,0.36583,0.36583,1.0,0.320565,0.179552,0.102762,0.0579,0.616048,0.26447,0.314008,0.163985,0.320565,0.102762,0.143642,0.616048,0.163985
9.652627,1.536263,0.105252,1.0,1.0,1.0,0.360409,0.360409,0.360409,1.0,0.314988,0.180498,0.099217,0.054178,0.611762,0.25768,0.309051,0.161815,0.314988,0.099217,0.144398,0.611762,0.161815
9.665555,1.538321,0.10497,1.0,1.0,1.0,0.354977,0.354977,0.354977,1.0,0.3094,0.181559,0.095728,0.050515,0.607458,0.250955,0.304122,0.159654,0.3094,0.095728,0.145247,0.607458,0.159654
9.678482,1.540378,0.10469,1.0,1.0,1.0,0.349532,0.349532,0.349532,1.0,0.303801,0.182727,0.092295,0.04691,0.603136,0.2443,0.299223,0.157502,0.303801,0.092295,0.146182,0.603136,0.157502
9.69141,1.542436,0.104411,1.0,1.0,1.0,0.344076,0.344076,0.344076,1.0,0.298192,0.183994,0.088918,0.043364,0.598796,0.237718,0.294354,0.15536,0.298192,0.088918,0.147195,0.598796,0.15536
9.704337,1.544493,0.104133,1.0,1.0,1.0,0.338608,0.338608,0.338608,1.0,0.292572,0.185351,0.085599,0.039878,0.594439,0.231213,0.289515,0.153227,0.292572,0.085599,0.148281,0.594439,0.153227
9.717264,1.546551,0.103856,1.0,1.0,1.0,0.333129,0.333129,0.333129,1.0,0.286943,0.18679,0.082336,0.036453,0.590064,0.224789,0.284708,0.151104,0.286943,0.082336,0.149432,0.590064,0.151104
9.730192,1.548608,0.10358,1.0,1.0,1.0,0.327638,0.327638,0.327638,1.0,0.281303,0.188303,0.079131,0.033088,0.585672,0.218449,0.279934,0.148991,0.281303,0.079131,0.150642,0.585672,0.148991
9.743119,1.550666,0.103306,1.0,1.0,1.0,0.322136,0.322136,0.322136,1.0,0.275654,0.189881,0.075985,0.029784,0.581262,0.2122,0.275192,0.146888,0.275654,0.075985,0.151905,0.581262,0.146888
9.756047,1.552723,0.103032,1.0,1.0,1.0,0.316624,0.316624,0.316624,1.0,0.269995,0.191519,0.072897,0.026542,0.576835,0.206046,0.270485,0.144795,0.269995,0.072897,0.153215,0.576835,0.144795
9.768974,1.554781,0.10276,1.0,1.0,1.0,0.3111,0.3111,0.3111,1.0,0.264327,0.193207,0.069869,0.023362,0.572392,0.199992,0.265813,0.142713,0.264327,0.069869,0.154566,0.572392,0.142713
9.781902,1.556838,0.102488,1.0,1.0,1.0,0.305566,0.305566,0.305566,1.0,0.258649,0.194939,0.0669,0.020244,0.567931,0.194045,0.261176,0.14064,0.258649,0.0669,0.155951,0.567931,0.14064
9.794829,1.558895,0.102218,1.0,1.0,1.0,0.300022,0.300022,0.300022,1.0,0.252963,0.196709,0.06399,0.01719,0.563454,0.18821,0.256577,0.138579,0.252963,0.06399,0.157367,0.563454,0.138579
9.807756,1.560953,0.101949,1.0,1.0,1.0,0.294468,0.294468,0.294468,1.0,0.247268,0.198509,0.061142,0.014199,0.55896,0.182494,0.252014,0.136528,0.247268,0.061142,0.158807,0.55896,0.136528
9.820684,1.56301,0.10168,1.0,1.0,1.0,0.288903,0.288903,0.288903,1.0,0.241565,0.200334,0.058353,0.011271,0.55445,0.176905,0.24749,0.134487,0.241565,0.058353,0.160267,0.55445,0.134487
9.833611,1.565068,0.101413,1.0,1.0,1.0,0.283329,0.283329,0.283329,1.0,0.235853,0.202177,0.055626,0.008408,0.549923,0.17145,0.243005,0.132458,0.235853,0.055626,0.161741,0.549923,0.132458
9.846539,1.567125,0.101147,1.0,1.0,1.0,0.277746,0.277746,0.277746,1.0,0.230132,0.204032,0.052961,0.005609,0.54538,0.166138,0.23856,0.13044,0.230132,0.052961,0.163226,0.54538,0.13044
9.859466,1.569183,0.100882,1.0,1.0,1.0,0.272152,0.272152,0.272152,1.0,0.224404,0.205896,0.050357,0.002875,0.540821,0.160979,0.234156,0.128433,0.224404,0.050357,0.164717,0.540821,0.128433
9.872394,1.57124,0.100618,1.0,1.0,1.0,0.26655,0.26655,0.26655,1.0,0.218669,0.207761,0.047816,0.000207,0.536246,0.155983,0.229794,0.126437,0.218669,0.047816,0.166209,0.536246,0.126437
9.885321,1.573298,0.100355,1.0,1.0,1.0,0.260939,0.260939,0.260939,1.0,0.212925,0.209624,0.045337,0.002396,0.531656,0.151159,0.225475,0.124453,0.212925,0.045337,0.167699,0.531656,0.124453
9.898249,1.575355,0.100093,1.0,1.0,1.0,0.255319,0.255319,0.255319,1.0,0.207174,0.21148,0.042921,0.004933,0.527049,0.146519,0.221199,0.12248,0.207174,0.042921,0.169184,0.527049,0.12248
9.911176,1.577413,0.099832,1.0,1.0,1.0,0.24969,0.24969,0.24969,1.0,0.201417,0.213324,0.040569,0.007403,0.522427,0.142075,0.216968,0.120519,0.201417,0.040569,0.17066,0.522427,0.120519
9.924103,1.57947,0.099572,1.0,1.0,1.0,0.244052,0.244052,0.244052,1.0,0.195652,0.215153,0.03828,0.009806,0.51779,0.13784,0.212783,0.11857,0.195652,0.03828,0.172122,0.51779,0.11857
9.937031,1.581528,0.099313,1.0,1.0,1.0,0.238407,0.238407,0.238407,1.0,0.18988,0.216962,0.036054,0.012143,0.513137,0.133828,0.208644,0.116633,0.18988,0.036054,0.17357,0.513137,0.116633
9.949958,1.583585,0.099055,1.0,1.0,1.0,0.232753,0.232753,0.232753,1.0,0.184102,0.218748,0.033893,0.014412,0.50847,0.130051,0.204553,0.114707,0.184102,0.033893,0.174999,0.50847,0.114707
9.962886,1.585643,0.098799,1.0,1.0,1.0,0.227092,0.227092,0.227092,1.0,0.178317,0.220508,0.031797,0.016613,0.503787,0.126523,0.20051,0.112794,0.178317,0.031797,0.176406,0.503787,0.112794
9.975813,1.5877,0.098543,1.0,1.0,1.0,0.221423,0.221423,0.221423,1.0,0.172526,0.222237,0.029765,0.018746,0.499089,0.123259,0.196517,0.110893,0.172526,0.029765,0.17779,0.499089,0.110893
9.988741,1.589757,0.098288,1.0,1.0,1.0,0.215746,0.215746,0.215746,1.0,0.16673,0.223933,0.027799,0.020811,0.494377,0.120273,0.192574,0.109005,0.16673,0.027799,0.179147,0.494377,0.109005
10.001668,1.591815,0.098034,1.0,1.0,1.0,0.210062,0.210062,0.210062,1.0,0.160927,0.225594,0.025898,0.022808,0.48965,0.117577,0.188683,0.107129,0.160927,0.025898,0.180475,0.48965,0.107129
10.014595,1.593872,0.097781,1.0,1.0,1.0,0.204371,0.204371,0.204371,1.0,0.155119,0.227216,0.024062,0.024735,0.484909,0.115183,0.184845,0.105266,0.155119,0.024062,0.181773,0.484909,0.105266
10.027523,1.59593,0.097529,1.0,1.0,1.0,0.198673,0.198673,0.198673,1.0,0.149306,0.228796,0.022292,0.026593,0.480153,0.113102,0.18106,0.103415,0.149306,0.022292,0.183037,0.480153,0.103415
10.04045,1.597987,0.097278,1.0,1.0,1.0,0.192968,0.192968,0.192968,1.0,0.143487,0.230333,0.020589,0.028382,0.475383,0.111344,0.17733,0.101578,0.143487,0.020589,0.184267,0.475383,0.101578
10.053378,1.600045,0.097028,1.0,1.0,1.0,0.187257,0.187257,0.187257,1.0,0.137664,0.231825,0.018951,0.030101,0.4706,0.109914,0.173656,0.099753,0.137664,0.018951,0.18546,0.4706,0.099753
10.066305,1.602102,0.096779,1.0,1.0,1.0,0.181539,0.181539,0.181539,1.0,0.131835,0.233268,0.017381,0.03175,0.465802,0.108817,0.170039,0.097941,0.131835,0.017381,0.186614,0.465802,0.097941
10.079233,1.60416,0.096531,1.0,1.0,1.0,0.175816,0.175816,0.175816,1.0,0.126002,0.234661,0.015877,0.03333,0.460991,0.108053,0.166481,0.096143,0.126002,0.015877,0.187729,0.460991,0.096143
10.09216,1.606217,0.096284,1.0,1.0,1.0,0.170086,0.170086,0.170086,1.0,0.120165,0.236003,0.01444,0.034838,0.456166,0.10762,0.162981,0.094358,0.120165,0.01444,0.188802,0.456166,0.094358
10.105088,1.608275,0.096037,1.0,1.0,1.0,0.164351,0.164351,0.164351,1.0,0.114324,0.23729,0.01307,0.036277,0.451327,0.107513,0.159542,0.092587,0.114324,0.01307,0.189832,0.451327,0.092587
10.118015,1.610332,0.095792,1.0,1.0,1.0,0.15861,0.15861,0.15861,1.0,0.108478,0.238523,0.011768,0.037644,0.446476,0.107724,0.156164,0.090828,0.108478,0.011768,0.190818,0.446476,0.090828
10.130942,1.61239,0.095548,1.0,1.0,1.0,0.152863,0.152863,0.152863,1.0,0.102629,0.239699,0.010533,0.038941,0.441611,0.108241,0.15285,0.089084,0.102629,0.010533,0.191759,0.441611,0.089084
10.14387,1.614447,0.095304,1.0,1.0,1.0,0.147112,0.147112,0.147112,1.0,0.096776,0.240817,0.009366,0.040166,0.436733,0.109051,0.149599,0.087353,0.096776,0.009366,0.192653,0.436733,0.087353
10.156797,1.616505,0.095062,1.0,1.0,1.0,0.141355,0.141355,0.141355,1.0,0.09092,0.241875,0.008267,0.04132,0.431842,0.110137,0.146414,0.085637,0.09092,0.008267,0.1935,0.431842,0.085637
10.169725,1.618562,0.094821,1.0,1.0,1.0,0.135594,0.135594,0.135594,1.0,0.085061,0.242872,0.007235,0.042403,0.426939,0.111484,0.143295,0.083934,0.085061,0.007235,0.194298,0.426939,0.083934
10.182652,1.620619,0.09458,1.0,1.0,1.0,0.129828,0.129828,0.129828,1.0,0.079199,0.243808,0.006273,0.043414,0.422022,0.113071,0.140244,0.082245,0.079199,0.006273,0.195047,0.422022,0.082245
10.19558,1.622677,0.09434,1.0,1.0,1.0,0.124058,0.124058,0.124058,1.0,0.073334,0.244681,0.005378,0.044353,0.417094,0.114881,0.137261,0.08057,0.073334,0.005378,0.195745,0.417094,0.08057
10.208507,1.624734,0.094101,1.0,1.0,1.0,0.118283,0.118283,0.118283,1.0,0.067467,0.24549,0.004552,0.045221,0.412153,0.116895,0.134349,0.07891,0.067467,0.004552,0.196392,0.412153,0.07891
10.221435,1.626792,0.093864,1.0,1.0,1.0,0.112505,0.112505,0.112505,1.0,0.061597,0.246235,0.003794,0.046016,0.4072,0.119093,0.131509,0.077264,0.061597,0.003794,0.196988,0.4072,0.077264
10.234362,1.628849,0.093627,1.0,1.0,1.0,0.106722,0.106722,0.106722,1.0,0.055725,0.246914,0.003105,0.046739,0.402235,0.121456,0.12874,0.075633,0.055725,0.003105,0.197531,0.402235,0.075633
10.247289,1.630907,0.09339,1.0,1.0,1.0,0.100937,0.100937,0.100937,1.0,0.049852,0.247527,0.002485,0.047391,0.397258,0.123968,0.126046,0.074016,0.049852,0.002485,0.198022,0.397258,0.074016
10.260217,1.632964,0.093155,1.0,1.0,1.0,0.095147,0.095147,0.095147,1.0,0.043976,0.248074,0.001934,0.047969,0.39227,0.126612,0.123427,0.072414,0.043976,0.001934,0.198459,0.39227,0.072414
10.273144,1.635022,0.092921,1.0,1.0,1.0,0.089355,0.089355,0.089355,1.0,0.038099,0.248553,0.001452,0.048476,0.38727,0.12937,0.120883,0.070826,0.038099,0.001452,0.198842,0.38727,0.070826
10.286072,1.637079,0.092688,1.0,1.0,1.0,0.083559,0.083559,0.083559,1.0,0.032221,0.248964,0.001038,0.04891,0.382258,0.13223,0.118417,0.069254,0.032221,0.001038,0.199171,0.382258,0.069254
10.298999,1.639137,0.092455,1.0,1.0,1.0,0.077761,0.077761,0.077761,1.0,0.026341,0.249307,0.000694,0.049271,0.377235,0.135175,0.116029,0.067696,0.026341,0.000694,0.199446,0.377235,0.067696
10.311927,1.641194,0.092223,1.0,1.0,1.0,0.07196,0.07196,0.07196,1.0,0.020461,0.249582,0.000419,0.04956,0.372201,0.138195,0.113721,0.066154,0.020461,0.000419,0.199665,0.372201,0.066154
10.324854,1.643252,0.091993,1.0,1.0,1.0,0.066156,0.066156,0.066156,1.0,0.01458,0.249788,0.000213,0.049777,0.367157,0.141277,0.111492,0.064627,0.01458,0.000213,0.19983,0.367157,0.064627
10.337781,1.645309,0.091763,1.0,1.0,1.0,0.060351,0.060351,0.060351,1.0,0.008698,0.249924,7.6e-05,0.049921,0.362101,0.144409,0.109345,0.063115,0.008698,7.6e-05,0.199939,0.362101,0.063115
10.350709,1.647366,0.091534,1.0,1.0,1.0,0.054543,0.054543,0.054543,1.0,0.002816,0.249992,8e-06,0.049992,0.357035,0.147583,0.107279,0.061618,0.002816,8e-06,0.199994,0.357035,0.061618
10.363636,1.649424,0.091305,1.0,1.0,1.0,0.048733,0.048733,0.048733,1.0,0.003066,0.249991,9e-06,0.04999,0.351958,0.150789,0.105296,0.060137,0.003066,9e-06,0.199992,0.351958,0.060137
10.376564,1.651481,0.091078,1.0,1.0,1.0,0.042922,0.042922,0.042922,1.0,0.008947,0.24992,8e-05,0.049916,0.34687,0.154019,0.103396,0.058671,0.008947,8e-05,0.199936,0.34687,0.058671
10.389491,1.653539,0.090852,1.0,1.0,1.0,0.037109,0.037109,0.037109,1.0,0.014829,0.24978,0.00022,0.049769,0.341773,0.157264,0.101579,0.057221,0.014829,0.00022,0.199824,0.341773,0.057221
10.402419,1.655596,0.090626,1.0,1.0,1.0,0.031295,0.031295,0.031295,1.0,0.02071,0.249571,0.000429,0.04955,0.336665,0.160519,0.099845,0.055786,0.02071,0.000429,0.199657,0.336665,0.055786
10.415346,1.657654,0.090401,1.0,1.0,1.0,0.02548,0.02548,0.02548,1.0,0.02659,0.249294,0.000707,0.049258,0.331548,0.163777,0.098196,0.054367,0.02659,0.000707,0.199435,0.331548,0.054367
10.428274,1.659711,0.090177,1.0,1.0,1.0,0.019665,0.019665,0.019665,1.0,0.03247,0.248948,0.001054,0.048893,0.32642,0.167031,0.09663,0.052965,0.03247,0.001054,0.199158,0.32642,0.052965
10.441201,1.661769,0.089954,1.0,1.0,1.0,0.013848,0.013848,0.013848,1.0,0.038348,0.248534,0.001471,0.048456,0.321284,0.170277,0.095147,0.051578,0.038348,0.001471,0.198827,0.321284,0.051578
10.454128,1.663826,0.089732,1.0,1.0,1.0,0.008031,0.008031,0.008031,1.0,0.044225,0.248052,0.001956,0.047946,0.316137,0.17351,0.093747,0.050207,0.044225,0.001956,0.198441,0.316137,0.050207
10.467056,1.665884,0.08951,1.0,1.0,1.0,0.002214,0.002214,0.002214,1.0,0.0501,0.247503,0.00251,0.047364,0.310981,0.176725,0.09243,0.048852,0.0501,0.00251,0.198002,0.310981,0.048852
10.479983,1.667941,0.089289,1.0,1.0,1.0,0.003604,0.003604,0.003604,1.0,0.055974,0.246887,0.003133,0.04671,0.305817,0.179919,0.091194,0.047514,0.055974,0.003133,0.197509,0.305817,0.047514
10.492911,1.669999,0.089069,1.0,1.0,1.0,0.009421,0.009421,0.009421,1.0,0.061846,0.246205,0.003825,0.045984,0.300643,0.183087,0.090038,0.046191,0.061846,0.003825,0.196964,0.300643,0.046191
10.505838,1.672056,0.08885,1.0,1.0,1.0,0.015238,0.015238,0.015238,1.0,0.067716,0.245457,0.004585,0.045185,0.29546,0.186226,0.088962,0.044886,0.067716,0.004585,0.196366,0.29546,0.044886
10.518766,1.674114,0.088632,1.0,1.0,1.0,0.021054,0.021054,0.021054,1.0,0.073583,0.244645,0.005414,0.044315,0.290269,0.189334,0.087963,0.043596,0.073583,0.005414,0.195716,0.290269,0.043596
10.531693,1.676171,0.088415,1.0,1.0,1.0,0.02687,0.02687,0.02687,1.0,0.079448,0.24377,0.006312,0.043372,0.285068,0.192406,0.087041,0.042323,0.079448,0.006312,0.195016,0.285068,0.042323
10.544621,1.678228,0.088198,1.0,1.0,1.0,0.032684,0.032684,0.032684,1.0,0.08531,0.242831,0.007278,0.042358,0.27986,0.195442,0.086192,0.041067,0.08531,0.007278,0.194265,0.27986,0.041067
10.557548,1.680286,0.087982,1.0,1.0,1.0,0.038498,0.038498,0.038498,1.0,0.091169,0.241831,0.008312,0.041273,0.274643,0.198437,0.085416,0.039827,0.091169,0.008312,0.193465,0.274643,0.039827
10.570475,1.682343,0.087767,1.0,1.0,1.0,0.04431,0.04431,0.04431,1.0,0.097024,0.24077,0.009414,0.040116,0.269419,0.20139,0.084709,0.038604,0.097024,0.009414,0.192616,0.269419,0.038604
10.583403,1.684401,0.087553,1.0,1.0,1.0,0.050121,0.050121,0.050121,1.0,0.102877,0.23965,0.010584,0.038887,0.264186,0.2043,0.08407,0.037398,0.102877,0.010584,0.19172,0.264186,0.037398
10.59633,1.686458,0.087339,1.0,1.0,1.0,0.05593,0.05593,0.05593,1.0,0.108726,0.238472,0.011821,0.037588,0.258945,0.207163,0.083496,0.036209,0.108726,0.011821,0.190777,0.258945,0.036209
10.609258,1.688516,0.087127,1.0,1.0,1.0,0.061738,0.061738,0.061738,1.0,0.114571,0.237237,0.013127,0.036217,0.253697,0.209979,0.082983,0.035037,0.114571,0.013127,0.18979,0.253697,0.035037
10.622185,1.690573,0.086915,1.0,1.0,1.0,0.067543,0.067543,0.067543,1.0,0.120412,0.235947,0.014499,0.034776,0.248442,0.212746,0.08253,0.033881,0.120412,0.014499,0.188757,0.248442,0.033881
10.635113,1.692631,0.086703,1.0,1.0,1.0,0.073346,0.073346,0.073346,1.0,0.126249,0.234603,0.015939,0.033264,0.243179,0.215462,0.082133,0.032743,0.126249,0.015939,0.187683,0.243179,0.032743
10.64804,1.694688,0.086493,1.0,1.0,1.0,0.079146,0.079146,0.079146,1.0,0.132082,0.233208,0.017446,0.031682,0.237909,0.218126,0.08179,0.031622,0.132082,0.017446,0.186566,0.237909,0.031622
10.660967,1.696746,0.086283,1.0,1.0,1.0,0.084944,0.084944,0.084944,1.0,0.13791,0.231762,0.019019,0.03003,0.232632,0.220736,0.081496,0.030518,0.13791,0.019019,0.18541,0.232632,0.030518
10.673895,1.698803,0.086075,1.0,1.0,1.0,0.090739,0.090739,0.090739,1.0,0.143734,0.230269,0.020659,0.028308,0.227348,0.223293,0.08125,0.029432,0.143734,0.020659,0.184215,0.227348,0.029432
10.686822,1.700861,0.085866,1.0,1.0,1.0,0.096531,0.096531,0.096531,1.0,0.149552,0.22873,0.022366,0.026516,0.222057,0.225794,0.081047,0.028362,0.149552,0.022366,0.182984,0.222057,0.028362
10.69975,1.702918,0.085659,1.0,1.0,1.0,0.102319,0.102319,0.102319,1.0,0.155365,0.227148,0.024138,0.024655,0.21676,0.228238,0.080886,0.027311,0.155365,0.024138,0.181718,0.21676,0.027311
10.712677,1.704976,0.085452,1.0,1.0,1.0,0.108104,0.108104,0.108104,1.0,0.161173,0.225524,0.025977,0.022724,0.211456,0.230626,0.080762,0.026276,0.161173,0.025977,0.180419,0.211456,0.026276
10.725605,1.707033,0.085247,1.0,1.0,1.0,0.113885,0.113885,0.113885,1.0,0.166975,0.223862,0.027881,0.020725,0.206146,0.232955,0.080673,0.025259,0.166975,0.027881,0.17909,0.206146,0.025259
10.738532,1.70909,0.085041,1.0,1.0,1.0,0.119663,0.119663,0.119663,1.0,0.172772,0.222164,0.02985,0.018657,0.20083,0.235226,0.080615,0.02426,0.172772,0.02985,0.177731,0.20083,0.02426
10.75146,1.711148,0.084837,1.0,1.0,1.0,0.125437,0.125437,0.125437,1.0,0.178562,0.220434,0.031885,0.016521,0.195509,0.237437,0.080586,0.023278,0.178562,0.031885,0.176347,0.195509,0.023278
10.764387,1.713205,0.084633,1.0,1.0,1.0,0.131206,0.131206,0.131206,1.0,0.184347,0.218673,0.033984,0.014317,0.190181,0.239589,0.080583,0.022315,0.184347,0.033984,0.174938,0.190181,0.022315
10.777314,1.715263,0.084431,1.0,1.0,1.0,0.136971,0.136971,0.136971,1.0,0.190125,0.216886,0.036147,0.012045,0.184848,0.24168,0.080603,0.021368,0.190125,0.036147,0.173509,0.184848,0.021368
10.790242,1.71732,0.084228,1.0,1.0,1.0,0.142731,0.142731,0.142731,1.0,0.195896,0.215076,0.038375,0.009706,0.179509,0.243711,0.080643,0.02044,0.195896,0.038375,0.172061,0.179509,0.02044
10.803169,1.719378,0.084027,1.0,1.0,1.0,0.148486,0.148486,0.148486,1.0,0.201661,0.213247,0.040667,0.0073,0.174165,0.24568,0.080701,0.01953,0.201661,0.040667,0.170597,0.174165,0.01953
10.816097,1.721435,0.083826,1.0,1.0,1.0,0.154236,0.154236,0.154236,1.0,0.207418,0.211402,0.043022,0.004827,0.168816,0.247588,0.080775,0.018637,0.207418,0.043022,0.169121,0.168816,0.018637
10.829024,1.723493,0.083626,1.0,1.0,1.0,0.159981,0.159981,0.159981,1.0,0.213169,0.209545,0.045441,0.002287,0.163462,0.249434,0.080862,0.017762,0.213169,0.045441,0.167636,0.163462,0.017762
10.841952,1.72555,0.083427,1.0,1.0,1.0,0.165721,0.165721,0.165721,1.0,0.218912,0.207682,0.047922,0.000318,0.158103,0.251218,0.080959,0.016906,0.218912,0.047922,0.166146,0.158103,0.016906
10.854879,1.727608,0.083228,1.0,1.0,1.0,0.171455,0.171455,0.171455,1.0,0.224647,0.205817,0.050466,0.00299,0.15274,0.25294,0.081065,0.016067,0.224647,0.050466,0.164653,0.15274,0.016067
10.867807,1.729665,0.08303,1.0,1.0,1.0,0.177184,0.177184,0.177184,1.0,0.230375,0.203954,0.053073,0.005726,0.147372,0.254599,0.081179,0.015247,0.230375,0.053073,0.163163,0.147372,0.015247
10.880734,1.731723,0.082833,1.0,1.0,1.0,0.182906,0.182906,0.182906,1.0,0.236095,0.202098,0.055741,0.008528,0.141999,0.256196,0.081297,0.014444,0.236095,0.055741,0.161679,0.141999,0.014444
10.893661,1.73378,0.082637,1.0,1.0,1.0,0.188622,0.188622,0.188622,1.0,0.241806,0.200256,0.05847,0.011394,0.136623,0.257731,0.081419,0.01366,0.241806,0.05847,0.160205,0.136623,0.01366
10.906589,1.735838,0.082441,1.0,1.0,1.0,0.194332,0.194332,0.194332,1.0,0.24751,0.198432,0.061261,0.014324,0.131242,0.259203,0.081543,0.012894,0.24751,0.061261,0.158746,0.131242,0.012894
10.919516,1.737895,0.082246,1.0,1.0,1.0,0.200035,0.200035,0.200035,1.0,0.253204,0.196633,0.064112,0.017318,0.125857,0.260613,0.081668,0.012147,0.253204,0.064112,0.157307,0.125857,0.012147
10.932444,1.739952,0.082051,1.0,1.0,1.0,0.205731,0.205731,0.205731,1.0,0.25889,0.194865,0.067024,0.020375,0.120469,0.261961,0.081792,0.011417,0.25889,0.067024,0.155892,0.120469,0.011417
10.945371,1.74201,0.081858,1.0,1.0,1.0,0.21142,0.21142,0.21142,1.0,0.264567,0.193135,0.069996,0.023495,0.115078,0.263246,0.081915,0.010706,0.264567,0.069996,0.154508,0.115078,0.010706
10.958299,1.744067,0.081665,1.0,1.0,1.0,0.217103,0.217103,0.217103,1.0,0.270235,0.191448,0.073027,0.026678,0.109682,0.26447,0.082035,0.010014,0.270235,0.073027,0.153159,0.109682,0.010014
10.971226,1.746125,0.081472,1.0,1.0,1.0,0.222778,0.222778,0.222778,1.0,0.275893,0.189813,0.076117,0.029923,0.104284,0.265632,0.082152,0.00934,0.275893,0.076117,0.151851,0.104284,0.00934
10.984153,1.748182,0.081281,1.0,1.0,1.0,0.228445,0.228445,0.228445,1.0,0.281542,0.188237,0.079266,0.033229,0.098883,0.266733,0.082266,0.008684,0.281542,0.079266,0.15059,0.098883,0.008684
10.997081,1.75024,0.08109,1.0,1.0,1.0,0.234105,0.234105,0.234105,1.0,0.287181,0.186727,0.082473,0.036597,0.093478,0.267772,0.082375,0.008047,0.287181,0.082473,0.149382,0.093478,0.008047
11.010008,1.752297,0.080899,1.0,1.0,1.0,0.239756,0.239756,0.239756,1.0,0.29281,0.185292,0.085738,0.040025,0.088071,0.268751,0.082479,0.007428,0.29281,0.085738,0.148233,0.088071,0.007428
11.022936,1.754355,0.08071,1.0,1.0,1.0,0.2454,0.2454,0.2454,1.0,0.29843,0.183938,0.08906,0.043513,0.082662,0.26967,0.082578,0.006828,0.29843,0.08906,0.147151,0.082662,0.006828
11.035863,1.756412,0.080521,1.0,1.0,1.0,0.251035,0.251035,0.251035,1.0,0.304038,0.182676,0.092439,0.047061,0.077249,0.270528,0.082672,0.006247,0.304038,0.092439,0.146141,0.077249,0.006247
11.048791,1.75847,0.080332,1.0,1.0,1.0,0.256662,0.256662,0.256662,1.0,0.309637,0.181512,0.095875,0.050669,0.071835,0.271328,0.082761,0.005684,0.309637,0.095875,0.145209,0.071835,0.005684
11.061718,1.760527,0.080145,1.0,1.0,1.0,0.26228,0.26228,0.26228,1.0,0.315224,0.180455,0.099366,0.054335,0.066418,0.272068,0.082846,0.00514,0.315224,0.099366,0.144364,0.066418,0.00514
11.074646,1.762585,0.079958,1.0,1.0,1.0,0.267889,0.267889,0.267889,1.0,0.320801,0.179515,0.102913,0.058059,0.061,0.27275,0.082926,0.004614,0.320801,0.102913,0.143612,0.061,0.004614
11.087573,1.764642,0.079771,1.0,1.0,1.0,0.273489,0.273489,0.273489,1.0,0.326366,0.178699,0.106515,0.061841,0.05558,0.273375,0.083001,0.004108,0.326366,0.106515,0.142959,0.05558,0.004108
11.1005,1.7667,0.079586,1.0,1.0,1.0,0.27908,0.27908,0.27908,1.0,0.33192,0.178016,0.110171,0.06568,0.050158,0.273943,0.083074,0.00362,0.33192,0.110171,0.142413,0.050158,0.00362
11.113428,1.768757,0.079401,1.0,1.0,1.0,0.284662,0.284662,0.284662,1.0,0.337463,0.177475,0.113881,0.069575,0.044734,0.274454,0.083143,0.00315,0.337463,0.113881,0.14198,0.044734,0.00315
11.126355,1.770814,0.079216,1.0,1.0,1.0,0.290234,0.290234,0.290234,1.0,0.342994,0.177082,0.117645,0.073527,0.03931,0.27491,0.083211,0.0027,0.342994,0.117645,0.141666,0.03931,0.0027
11.139283,1.772872,0.079033,1.0,1.0,1.0,0.295796,0.295796,0.295796,1.0,0.348513,0.176848,0.121462,0.077535,0.033884,0.275312,0.083278,0.002268,0.348513,0.121462,0.141478,0.033884,0.002268
11.15221,1.774929,0.078849,1.0,1.0,1.0,0.301348,0.301348,0.301348,1.0,0.354021,0.176777,0.125331,0.081597,0.028457,0.275659,0.083345,0.001855,0.354021,0.125331,0.141422,0.028457,0.001855
11.165138,1.776987,0.078667,1.0,1.0,1.0,0.306889,0.306889,0.306889,1.0,0.359516,0.176879,0.129251,0.085714,0.023029,0.275954,0.083414,0.001461,0.359516,0.129251,0.141503,0.023029,0.001461
11.178065,1.779044,0.078485,1.0,1.0,1.0,0.312421,0.312421,0.312421,1.0,0.364998,0.177159,0.133224,0.089885,0.017601,0.276196,0.083485,0.001086,0.364998,0.133224,0.141727,0.017601,0.001086
11.190992,1.781102,0.078304,1.0,1.0,1.0,0.317942,0.317942,0.317942,1.0,0.370468,0.177623,0.137246,0.094109,0.012172,0.276388,0.08356,0.00073,0.370468,0.137246,0.142098,0.012172,0.00073
11.20392,1.783159,0.078123,1.0,1.0,1.0,0.323452,0.323452,0.323452,1.0,0.375925,0.178277,0.141319,0.098385,0.006743,0.27653,0.083641,0.000393,0.375925,0.141319,0.142622,0.006743,0.000393
11.216847,1.785217,0.077943,1.0,1.0,1.0,0.328951,0.328951,0.328951,1.0,0.381369,0.179125,0.145442,0.102714,0.001313,0.276624,0.08373,7.4e-05,0.381369,0.145442,0.1433,0.001313,7.4e-05
11.229775,1.787274,0.077764,1.0,1.0,1.0,0.334439,0.334439,0.334439,1.0,0.3868,0.180171,0.149614,0.107095,0.004116,0.276669,0.083829,0.000225,0.3868,0.149614,0.144137,0.004116,0.000225
11.242702,1.789332,0.077585,1.0,1.0,1.0,0.339915,0.339915,0.339915,1.0,0.392217,0.181419,0.153834,0.111526,0.009546,0.276669,0.083938,0.000506,0.392217,0.153834,0.145135,0.009546,0.000506
11.25563,1.791389,0.077407,1.0,1.0,1.0,0.345381,0.345381,0.345381,1.0,0.397621,0.18287,0.158102,0.116008,0.014975,0.276623,0.084061,0.000768,0.397621,0.158102,0.146296,0.014975,0.000768
11.268557,1.793447,0.07723,1.0,1.0,1.0,0.350834,0.350834,0.350834,1.0,0.403011,0.184527,0.162418,0.120539,0.020404,0.276534,0.0842,0.00101,0.403011,0.162418,0.147622,0.020404,0.00101
11.281485,1.795504,0.077053,1.0,1.0,1.0,0.356276,0.356276,0.356276,1.0,0.408387,0.18639,0.16678,0.125119,0.025832,0.276403,0.084357,0.001234,0.408387,0.16678,0.149112,0.025832,0.001234
11.294412,1.797562,0.076876,1.0,1.0,1.0,0.361705,0.361705,0.361705,1.0,0.413749,0.188459,0.171188,0.129748,0.031259,0.27623,0.084533,0.001439,0.413749,0.171188,0.150767,0.031259,0.001439
11.307339,1.799619,0.076701,1.0,1.0,1.0,0.367123,0.367123,0.367123,1.0,0.419097,0.190734,0.175642,0.134424,0.036685,0.276019,0.084733,0.001625,0.419097,0.175642,0.152587,0.036685,0.001625
11.320267,1.801676,0.076526,1.0,1.0,1.0,0.372528,0.372528,0.372528,1.0,0.42443,0.193212,0.180141,0.139148,0.042111,0.27577,0.084958,0.001792,0.42443,0.180141,0.15457,0.042111,0.001792
11.333194,1.803734,0.076351,1.0,1.0,1.0,0.37792,0.37792,0.37792,1.0,0.429749,0.195894,0.184684,0.143918,0.047535,0.275485,0.08521,0.00194,0.429749,0.184684,0.156715,0.047535,0.00194
11.346122,1.805791,0.076177,1.0,1.0,1.0,0.383299,0.383299,0.383299,1.0,0.435052,0.198775,0.189271,0.148734,0.052957,0.275165,0.085493,0.002069,0.435052,0.189271,0.15902,0.052957,0.002069
11.359049,1.807849,0.076004,1.0,1.0,1.0,0.388666,0.388666,0.388666,1.0,0.440341,0.201853,0.1939,0.153595,0.058378,0.274813,0.085809,0.002178,0.440341,0.1939,0.161482,0.058378,0.002178
11.371977,1.809906,0.075831,1.0,1.0,1.0,0.394019,0.394019,0.394019,1.0,0.445614,0.205124,0.198572,0.158501,0.063798,0.274431,0.086161,0.002269,0.445614,0.198572,0.164099,0.063798,0.002269
11.384904,1.811964,0.075659,1.0,1.0,1.0,0.399359,0.399359,0.399359,1.0,0.450872,0.208584,0.203286,0.16345,0.069215,0.27402,0.086551,0.002341,0.450872,0.203286,0.166867,0.069215,0.002341
11.397832,1.814021,0.075488,1.0,1.0,1.0,0.404686,0.404686,0.404686,1.0,0.456115,0.21223,0.208041,0.168443,0.074631,0.273582,0.086983,0.002394,0.456115,0.208041,0.169784,0.074631,0.002394
11.410759,1.816079,0.075317,1.0,1.0,1.0,0.409999,0.409999,0.409999,1.0,0.461341,0.216056,0.212836,0.173478,0.080044,0.27312,0.087458,0.002428,0.461341,0.212836,0.172845,0.080044,0.002428
11.423686,1.818136,0.075146,1.0,1.0,1.0,0.415298,0.415298,0.415298,1.0,0.466552,0.220058,0.217671,0.178554,0.085455,0.272635,0.087981,0.002444,0.466552,0.217671,0.176047,0.085455,0.002444
11.436614,1.820194,0.074977,1.0,1.0,1.0,0.420582,0.420582,0.420582,1.0,0.471746,0.224232,0.222545,0.183672,0.090863,0.27213,0.088552,0.00244,0.471746,0.222545,0.179385,0.090863,0.00244
11.449541,1.822251,0.074807,1.0,1.0,1.0,0.425853,0.425853,0.425853,1.0,0.476925,0.228571,0.227457,0.18883,0.096269,0.271608,0.089176,0.002417,0.476925,0.227457,0.182857,0.096269,0.002417
11.462469,1.824309,0.074639,1.0,1.0,1.0,0.431109,0.431109,0.431109,1.0,0.482086,0.233072,0.232407,0.194027,0.101672,0.27107,0.089854,0.002375,0.482086,0.232407,0.186458,0.101672,0.002375
11.475396,1.826366,0.074471,1.0,1.0,1.0,0.436351,0.436351,0.436351,1.0,0.487231,0.237729,0.237394,0.199264,0.107072,0.270519,0.090589,0.002314,0.487231,0.237394,0.190183,0.107072,0.002314
11.488324,1.828423,0.074303,1.0,1.0,1.0,0.441578,0.441578,0.441578,1.0,0.492359,0.242536,0.242418,0.204539,0.112468,0.269958,0.091383,0.002235,0.492359,0.242418,0.194029,0.112468,0.002235
11.501251,1.830481,0.074136,1.0,1.0,1.0,0.44679,0.44679,0.44679,1.0,0.49747,0.24749,0.247477,0.209851,0.117862,0.269389,0.092239,0.002136,0.49747,0.247477,0.197992,0.117862,0.002136
11.514178,1.832538,0.07397,1.0,1.0,1.0,0.451987,0.451987,0.451987,1.0,0.502564,0.252584,0.252571,0.215199,0.123252,0.268815,0.093158,0.002019,0.502564,0.252571,0.202067,0.123252,0.002019
11.527106,1.834596,0.073804,1.0,1.0,1.0,0.457168,0.457168,0.457168,1.0,0.507641,0.257814,0.257699,0.220584,0.128638,0.268239,0.094143,0.001883,0.507641,0.257699,0.206251,0.128638,0.001883
11.540033,1.836653,0.073639,1.0,1.0,1.0,0.462334,0.462334,0.462334,1.0,0.5127,0.263175,0.262861,0.226004,0.134021,0.267663,0.095196,0.001728,0.5127,0.262861,0.21054,0.134021,0.001728
11.552961,1.838711,0.073474,1.0,1.0,1.0,0.467485,0.467485,0.467485,1.0,0.517741,0.268663,0.268056,0.231458,0.139399,0.267091,0.096317,0.001554,0.517741,0.268056,0.21493,0.139399,0.001554
11.565888,1.840768,0.07331,1.0,1.0,1.0,0.472619,0.472619,0.472619,1.0,0.522764,0.274272,0.273282,0.236946,0.144774,0.266526,0.097509,0.001361,0.522764,0.273282,0.219418,0.144774,0.001361
11.578816,1.842826,0.073146,1.0,1.0,1.0,0.477738,0.477738,0.477738,1.0,0.527769,0.279999,0.27854,0.242467,0.150144,0.265971,0.098773,0.00115,0.527769,0.27854,0.223999,0.150144,0.00115
11.591743,1.844883,0.072983,1.0,1.0,1.0,0.48284,0.48284,0.48284,1.0,0.532756,0.285838,0.283829,0.248021,0.155509,0.265429,0.10011,0.000919,0.532756,0.283829,0.22867,0.155509,0.000919
11.604671,1.846941,0.072821,1.0,1.0,1.0,0.487927,0.487927,0.487927,1.0,0.537725,0.291786,0.289148,0.253605,0.160871,0.264903,0.101521,0.00067,0.537725,0.289148,0.233429,0.160871,0.00067
11.617598,1.848998,0.072659,1.0,1.0,1.0,0.492996,0.492996,0.492996,1.0,0.542675,0.297838,0.294496,0.259221,0.166227,0.264396,0.103007,0.000402,0.542675,0.294496,0.238271,0.166227,0.000402
11.630525,1.851056,0.072497,1.0,1.0,1.0,0.498049,0.498049,0.498049,1.0,0.547606,0.303991,0.299872,0.264866,0.171578,0.263912,0.104569,0.000116,0.547606,0.299872,0.243193,0.171578,0.000116
11.643453,1.853113,0.072336,1.0,1.0,1.0,0.503085,0.503085,0.503085,1.0,0.552518,0.31024,0.305276,0.27054,0.176925,0.263455,0.106207,0.000189,0.552518,0.305276,0.248192,0.176925,0.000189
11.65638,1.855171,0.072176,1.0,1.0,1.0,0.508104,0.508104,0.508104,1.0,0.557411,0.316582,0.310707,0.276242,0.182266,0.263028,0.107922,0.000513,0.557411,0.310707,0.253266,0.182266,0.000513
11.669308,1.857228,0.072016,1.0,1.0,1.0,0.513106,0.513106,0.513106,1.0,0.562285,0.323013,0.316164,0.281972,0.187602,0.262634,0.109713,0.000856,0.562285,0.316164,0.25841,0.187602,0.000856
11.682235,1.859285,0.071857,1.0,1.0,1.0,0.51809,0.51809,0.51809,1.0,0.567139,0.32953,0.321647,0.287729,0.192932,0.262277,0.111582,0.001217,0.567139,0.321647,0.263624,0.192932,0.001217
11.695163,1.861343,0.071698,1.0,1.0,1.0,0.523057,0.523057,0.523057,1.0,0.571974,0.336129,0.327154,0.293512,0.198257,0.261961,0.113527,0.001596,0.571974,0.327154,0.268903,0.198257,0.001596
11.70809,1.8634,0.07154,1.0,1.0,1.0,0.528007,0.528007,0.528007,1.0,0.576789,0.342806,0.332685,0.299319,0.203576,0.26169,0.115549,0.001994,0.576789,0.332685,0.274245,0.203576,0.001994
11.721018,1.865458,0.071382,1.0,1.0,1.0,0.532938,0.532938,0.532938,1.0,0.581584,0.34956,0.338239,0.305151,0.208889,0.261467,0.117648,0.002411,0.581584,0.338239,0.279648,0.208889,0.002411
11.733945,1.867515,0.071225,1.0,1.0,1.0,0.537851,0.537851,0.537851,1.0,0.586358,0.356386,0.343816,0.311007,0.214195,0.261295,0.119822,0.002846,0.586358,0.343816,0.285109,0.214195,0.002846
11.746872,1.869573,0.071068,1.0,1.0,1.0,0.542746,0.542746,0.542746,1.0,0.591113,0.363282,0.349415,0.316885,0.219496,0.261179,0.122073,0.003299,0.591113,0.349415,0.290626,0.219496,0.003299
11.7598,1.87163,0.070912,1.0,1.0,1.0,0.547623,0.547623,0.547623,1.0,0.595847,0.370245,0.355034,0.322785,0.224789,0.261122,0.124398,0.003771,0.595847,0.355034,0.296196,0.224789,0.003771
11.772727,1.873688,0.070757,1.0,1.0,1.0,0.552481,0.552481,0.552481,1.0,0.600561,0.377271,0.360673,0.328707,0.230077,0.261128,0.126798,0.004261,0.600561,0.360673,0.301817,0.230077,0.004261
11.785655,1.875745,0.070601,1.0,1.0,1.0,0.557321,0.557321,0.557321,1.0,0.605253,0.384359,0.366331,0.334648,0.235357,0.261201,0.129272,0.00477,0.605253,0.366331,0.307487,0.235357,0.00477
11.798582,1.877803,0.070447,1.0,1.0,1.0,0.562142,0.562142,0.562142,1.0,0.609925,0.391505,0.372008,0.340609,0.240631,0.261344,0.131819,0.005296,0.609925,0.372008,0.313204,0.240631,0.005296
11.81151,1.87986,0.070293,1.0,1.0,1.0,0.566943,0.566943,0.566943,1.0,0.614576,0.398708,0.377703,0.346588,0.245897,0.261561,0.134438,0.005841,0.614576,0.377703,0.318966,0.245897,0.005841
11.824437,1.881918,0.070139,1.0,1.0,1.0,0.571726,0.571726,0.571726,1.0,0.619205,0.405964,0.383415,0.352586,0.251156,0.261856,0.137128,0.006404,0.619205,0.383415,0.324771,0.251156,0.006404
11.837364,1.883975,0.069986,1.0,1.0,1.0,0.576489,0.576489,0.576489,1.0,0.623813,0.413271,0.389143,0.3586,0.256408,0.262231,0.139888,0.006986,0.623813,0.389143,0.330617,0.256408,0.006986
11.850292,1.886033,0.069833,1.0,1.0,1.0,0.581232,0.581232,0.581232,1.0,0.628399,0.420626,0.394886,0.36463,0.261652,0.26269,0.142718,0.007585,0.628399,0.394886,0.336501,0.261652,0.007585
11.863219,1.88809,0.069681,1.0,1.0,1.0,0.585956,0.585956,0.585956,1.0,0.632964,0.428029,0.400643,0.370676,0.266889,0.263237,0.145617,0.008202,0.632964,0.400643,0.342423,0.266889,0.008202
11.876147,1.890147,0.06953,1.0,1.0,1.0,0.59066,0.59066,0.59066,1.0,0.637507,0.435475,0.406415,0.376736,0.272117,0.263875,0.148583,0.008838,0.637507,0.406415,0.34838,0.272117,0.008838
11.889074,1.892205,0.069378,1.0,1.0,1.0,0.595345,0.595345,0.595345,1.0,0.642027,0.442964,0.412199,0.382809,0.277338,0.264606,0.151615,0.009491,0.642027,0.412199,0.354371,0.277338,0.009491
11.902002,1.894262,0.069228,1.0,1.0,1.0,0.600009,0.600009,0.600009,1.0,0.646526,0.450492,0.417996,0.388896,0.28255,0.265434,0.154713,0.010162,0.646526,0.417996,0.360394,0.28255,0.010162
11.914929,1.89632,0.069078,1.0,1.0,1.0,0.604652,0.604652,0.604652,1.0,0.651002,0.458058,0.423804,0.394994,0.287754,0.266361,0.157876,0.010851,0.651002,0.423804,0.366446,0.287754,0.010851
11.927857,1.898377,0.068928,1.0,1.0,1.0,0.609275,0.609275,0.609275,1.0,0.655456,0.46566,0.429622,0.401103,0.29295,0.26739,0.161101,0.011558,0.655456,0.429622,0.372528,0.29295,0.011558
11.940784,1.900435,0.068779,1.0,1.0,1.0,0.613878,0.613878,0.613878,1.0,0.659887,0.473296,0.43545,0.407223,0.298137,0.268524,0.164389,0.012283,0.659887,0.43545,0.378636,0.298137,0.012283
11.953711,1.902492,0.06863,1.0,1.0,1.0,0.61846,0.61846,0.61846,1.0,0.664295,0.480963,0.441287,0.413352,0.303315,0.269764,0.167739,0.013025,0.664295,0.441287,0.38477,0.303315,0.013025
11.966639,1.90455,0.068482,1.0,1.0,1.0,0.623021,0.623021,0.623021,1.0,0.66868,0.48866,0.447133,0.419489,0.308484,0.271113,0.171148,0.013785,0.66868,0.447133,0.390928,0.308484,0.013785
11.979566,1.906607,0.068334,1.0,1.0,1.0,0.62756,0.62756,0.62756,1.0,0.673042,0.496385,0.452985,0.425634,0.313645,0.272573,0.174617,0.014562,0.673042,0.452985,0.397108,0.313645,0.014562
11.992494,1.908665,0.068187,1.0,1.0,1.0,0.632079,0.632079,0.632079,1.0,0.67738,0.504137,0.458844,0.431786,0.318795,0.274145,0.178144,0.015357,0.67738,0.458844,0.403309,0.318795,0.015357
12.005421,1.910722,0.06804,1.0,1.0,1.0,0.636576,0.636576,0.636576,1.0,0.681696,0.511912,0.464709,0.437944,0.323937,0.275831,0.181728,0.016169,0.681696,0.464709,0.40953,0.323937,0.016169
12.018349,1.91278,0.067894,1.0,1.0,1.0,0.641052,0.641052,0.641052,1.0,0.685987,0.51971,0.470578,0.444107,0.329069,0.277632,0.185368,0.016999,0.685987,0.470578,0.415768,0.329069,0.016999
12.031276,1.914837,0.067748,1.0,1.0,1.0,0.645506,0.645506,0.645506,1.0,0.690255,0.527529,0.476452,0.450275,0.334191,0.27955,0.189064,0.017846,0.690255,0.476452,0.422024,0.334191,0.017846
12.044204,1.916895,0.067603,1.0,1.0,1.0,0.649938,0.649938,0.649938,1.0,0.694499,0.535367,0.482329,0.456446,0.339304,0.281585,0.192813,0.01871,0.694499,0.482329,0.428294,0.339304,0.01871
12.057131,1.918952,0.067458,1.0,1.0,1.0,0.654348,0.654348,0.654348,1.0,0.698719,0.543223,0.488209,0.462619,0.344406,0.283738,0.196615,0.019592,0.698719,0.488209,0.434578,0.344406,0.019592
12.070058,1.921009,0.067313,1.0,1.0,1.0,0.658736,0.658736,0.658736,1.0,0.702915,0.551094,0.49409,0.468794,0.349498,0.28601,0.20047,0.02049,0.702915,0.49409,0.440875,0.349498,0.02049
12.082986,1.923067,0.06717,1.0,1.0,1.0,0.663101,0.663101,0.663101,1.0,0.707087,0.558979,0.499971,0.47497,0.35458,0.288401,0.204375,0.021406,0.707087,0.499971,0.447183,0.35458,0.021406
12.095913,1.925124,0.067026,1.0,1.0,1.0,0.667445,0.667445,0.667445,1.0,0.711234,0.566876,0.505853,0.481146,0.359652,0.29091,0.208331,0.022339,0.711234,0.505853,0.453501,0.359652,0.022339
12.108841,1.927182,0.066883,1.0,1.0,1.0,0.671765,0.671765,0.671765,1.0,0.715356,0.574784,0.511734,0.487321,0.364713,0.293539,0.212336,0.023288,0.715356,0.511734,0.459827,0.364713,0.023288
12.121768,1.929239,0.06674,1.0,1.0,1.0,0.676063,0.676063,0.676063,1.0,0.719454,0.582702,0.517614,0.493494,0.369763,0.296287,0.216388,0.024255,0.719454,0.517614,0.466161,0.369763,0.024255
12.134696,1.931297,0.066598,1.0,1.0,1.0,0.680338,0.680338,0.680338,1.0,0.723527,0.590627,0.523491,0.499665,0.374802,0.299152,0.220489,0.025238,0.723527,0.523491,0.472501,0.374802,0.025238
12.147623,1.933354,0.066457,1.0,1.0,1.0,0.68459,0.68459,0.68459,1.0,0.727574,0.598558,0.529364,0.505833,0.37983,0.302136,0.224635,0.026238,0.727574,0.529364,0.478846,0.37983,0.026238
12.16055,1.935412,0.066315,1.0,1.0,1.0,0.688819,0.688819,0.688819,1.0,0.731597,0.606493,0.535234,0.511996,0.384847,0.305237,0.228827,0.027254,0.731597,0.535234,0.485195,0.384847,0.027254
12.173478,1.937469,0.066175,1.0,1.0,1.0,0.693025,0.693025,0.693025,1.0,0.735594,0.614432,0.541099,0.518154,0.389853,0.308454,0.233063,0.028287,0.735594,0.541099,0.491546,0.389853,0.028287
12.186405,1.939527,0.066034,1.0,1.0,1.0,0.697207,0.697207,0.697207,1.0,0.739566,0.622372,0.546958,0.524306,0.394847,0.311787,0.237343,0.029337,0.739566,0.546958,0.497898,0.394847,0.029337
12.199333,1.941584,0.065894,1.0,1.0,1.0,0.701365,0.701365,0.701365,1.0,0.743512,0.630312,0.552811,0.530451,0.399829,0.315233,0.241665,0.030403,0.743512,0.552811,0.50425,0.399829,0.030403
12.21226,1.943642,0.065755,1.0,1.0,1.0,0.7055,0.7055,0.7055,1.0,0.747433,0.638251,0.558656,0.536589,0.4048,0.318793,0.246029,0.031485,0.747433,0.558656,0.510601,0.4048,0.031485
12.225188,1.945699,0.065616,1.0,1.0,1.0,0.709611,0.709611,0.709611,1.0,0.751328,0.646188,0.564493,0.542718,0.409759,0.322464,0.250434,0.032584,0.751328,0.564493,0.51695,0.409759,0.032584
12.238115,1.947757,0.065477,1.0,1.0,1.0,0.713697,0.713697,0.713697,1.0,0.755196,0.654119,0.570321,0.548837,0.414706,0.326245,0.254879,0.033699,0.755196,0.570321,0.523295,0.414706,0.033699
12.251043,1.949814,0.065339,1.0,1.0,1.0,0.71776,0.71776,0.71776,1.0,0.759039,0.662046,0.57614,0.554947,0.41964,0.330134,0.259362,0.03483,0.759039,0.57614,0.529636,0.41964,0.03483
12.26397,1.951871,0.065202,1.0,1.0,1.0,0.721799,0.721799,0.721799,1.0,0.762855,0.669965,0.581948,0.561045,0.424562,0.334131,0.263885,0.035977,0.762855,0.581948,0.535972,0.424562,0.035977
12.276897,1.953929,0.065064,1.0,1.0,1.0,0.725813,0.725813,0.725813,1.0,0.766645,0.677875,0.587744,0.567132,0.429472,0.338233,0.268444,0.037139,0.766645,0.587744,0.5423,0.429472,0.037139
12.289825,1.955986,0.064928,1.0,1.0,1.0,0.729802,0.729802,0.729802,1.0,0.770408,0.685776,0.593529,0.573205,0.434369,0.342438,0.27304,0.038318,0.770408,0.593529,0.548621,0.434369,0.038318
12.302752,1.958044,0.064791,1.0,1.0,1.0,0.733767,0.733767,0.733767,1.0,0.774145,0.693666,0.599301,0.579266,0.439253,0.346744,0.277672,0.039512,0.774145,0.599301,0.554932,0.439253,0.039512
12.31568,1.960101,0.064655,1.0,1.0,1.0,0.737707,0.737707,0.737707,1.0,0.777855,0.701543,0.605058,0.585311,0.444124,0.35115,0.282338,0.040722,0.777855,0.605058,0.561234,0.444124,0.040722
12.328607,1.962159,0.06452,1.0,1.0,1.0,0.741621,0.741621,0.741621,1.0,0.781538,0.709406,0.610802,0.591342,0.448982,0.355654,0.287039,0.041948,0.781538,0.610802,0.567525,0.448982,0.041948
12.341535,1.964216,0.064385,1.0,1.0,1.0,0.745511,0.745511,0.745511,1.0,0.785194,0.717253,0.61653,0.597356,0.453827,0.360254,0.291772,0.043189,0.785194,0.61653,0.573803,0.453827,0.043189
12.354462,1.966274,0.06425,1.0,1.0,1.0,0.749376,0.749376,0.749376,1.0,0.788823,0.725085,0.622241,0.603353,0.458659,0.364947,0.296538,0.044446,0.788823,0.622241,0.580068,0.458659,0.044446
12.367389,1.968331,0.064116,1.0,1.0,1.0,0.753215,0.753215,0.753215,1.0,0.792424,0.732898,0.627936,0.609333,0.463477,0.369731,0.301336,0.045718,0.792424,0.627936,0.586319,0.463477,0.045718
12.380317,1.970389,0.063982,1.0,1.0,1.0,0.757029,0.757029,0.757029,1.0,0.795998,0.740692,0.633613,0.615294,0.468281,0.374606,0.306164,0.047005,0.795998,0.633613,0.592554,0.468281,0.047005
12.393244,1.972446,0.063848,1.0,1.0,1.0,0.760817,0.760817,0.760817,1.0,0.799545,0.748466,0.639272,0.621236,0.473071,0.379567,0.311022,0.048307,0.799545,0.639272,0.598773,0.473071,0.048307
12.406172,1.974504,0.063715,1.0,1.0,1.0,0.764579,0.764579,0.764579,1.0,0.803064,0.756218,0.644912,0.627157,0.477848,0.384615,0.31591,0.049624,0.803064,0.644912,0.604975,0.477848,0.049624
12.419099,1.976561,0.063583,1.0,1.0,1.0,0.768316,0.768316,0.768316,1.0,0.806555,0.763947,0.650531,0.633058,0.48261,0.389745,0.320825,0.050956,0.806555,0.650531,0.611158,0.48261,0.050956
12.432027,1.978619,0.063451,1.0,1.0,1.0,0.772026,0.772026,0.772026,1.0,0.810018,0.771652,0.656129,0.638936,0.487359,0.394957,0.325768,0.052303,0.810018,0.656129,0.617322,0.487359,0.052303
12.444954,1.980676,0.063319,1.0,1.0,1.0,0.775711,0.775711,0.775711,1.0,0.813453,0.779332,0.661706,0.644792,0.492092,0.400247,0.330738,0.053665,0.813453,0.661706,0.623465,0.492092,0.053665
12.457882,1.982733,0.063188,1.0,1.0,1.0,0.779369,0.779369,0.779369,1.0,0.81686,0.786984,0.667261,0.650624,0.496812,0.405615,0.335734,0.055042,0.81686,0.667261,0.629587,0.496812,0.055042
12.470809,1.984791,0.063057,1.0,1.0,1.0,0.783001,0.783001,0.783001,1.0,0.820239,0.794609,0.672792,0.656432,0.501517,0.411058,0.340755,0.056433,0.820239,0.672792,0.635687,0.501517,0.056433
12.483736,1.986848,0.062926,1.0,1.0,1.0,0.786606,0.786606,0.786606,1.0,0.82359,0.802204,0.6783,0.662215,0.506206,0.416573,0.3458,0.057838,0.82359,0.6783,0.641763,0.506206,0.057838
12.496664,1.988906,0.062796,1.0,1.0,1.0,0.790184,0.790184,0.790184,1.0,0.826912,0.809769,0.683783,0.667972,0.510881,0.422159,0.350869,0.059258,0.826912,0.683783,0.647815,0.510881,0.059258
12.509591,1.990963,0.062666,1.0,1.0,1.0,0.793736,0.793736,0.793736,1.0,0.830205,0.817303,0.68924,0.673702,0.515541,0.427814,0.355961,0.060692,0.830205,0.68924,0.653842,0.515541,0.060692
12.522519,1.993021,0.062537,1.0,1.0,1.0,0.797261,0.797261,0.797261,1.0,0.833469,0.824803,0.694671,0.679405,0.520186,0.433535,0.361075,0.06214,0.833469,0.694671,0.659843,0.520186,0.06214
12.535446,1.995078,0.062408,1.0,1.0,1.0,0.800759,0.800759,0.800759,1.0,0.836705,0.83227,0.700076,0.685079,0.524816,0.439321,0.36621,0.063603,0.836705,0.700076,0.665816,0.524816,0.063603
12.548374,1.997136,0.06228,1.0,1.0,1.0,0.80423,0.80423,0.80423,1.0,0.839912,0.839702,0.705452,0.690725,0.52943,0.44517,0.371365,0.065079,0.839912,0.705452,0.671762,0.52943,0.065079
12.561301,1.999193,0.062151,1.0,1.0,1.0,0.807674,0.807674,0.807674,1.0,0.84309,0.847097,0.7108,0.69634,0.534028,0.451079,0.376541,0.066569,0.84309,0.7108,0.677678,0.534028,0.066569
12.574229,2.001251,0.062024,1.0,1.0,1.0,0.81109,0.81109,0.81109,1.0,0.846238,0.854455,0.716119,0.701925,0.53861,0.457047,0.381735,0.068073,0.846238,0.716119,0.683564,0.53861,0.068073
12.587156,2.003308,0.061896,1.0,1.0,1.0,0.814479,0.814479,0.814479,1.0,0.849358,0.861775,0.721408,0.707479,0.543177,0.463072,0.386947,0.06959,0.849358,0.721408,0.68942,0.543177,0.06959
12.600083,2.005366,0.061769,1.0,1.0,1.0,0.817841,0.817841,0.817841,1.0,0.852447,0.869054,0.726667,0.713,0.547728,0.469152,0.392177,0.071121,0.852447,0.726667,0.695244,0.547728,0.071121
12.613011,2.007423,0.061643,1.0,1.0,1.0,0.821174,0.821174,0.821174,1.0,0.855508,0.876293,0.731894,0.718488,0.552262,0.475284,0.397424,0.072665,0.855508,0.731894,0.701035,0.552262,0.072665
12.625938,2.00948,0.061517,1.0,1.0,1.0,0.82448,0.82448,0.82448,1.0,0.858539,0.88349,0.737089,0.723943,0.556781,0.481467,0.402687,0.074223,0.858539,0.737089,0.706792,0.556781,0.074223
12.638866,2.011538,0.061391,1.0,1.0,1.0,0.827758,0.827758,0.827758,1.0,0.86154,0.890644,0.742251,0.729363,0.561283,0.4877,0.407964,0.075794,0.86154,0.742251,0.712515,0.561283,0.075794
12.651793,2.013595,0.061266,1.0,1.0,1.0,0.831008,0.831008,0.831008,1.0,0.864511,0.897754,0.747379,0.734748,0.565768,0.493979,0.413257,0.077378,0.864511,0.747379,0.718203,0.565768,0.077378
12.664721,2.015653,0.061141,1.0,1.0,1.0,0.83423,0.83423,0.83423,1.0,0.867453,0.904819,0.752474,0.740098,0.570236,0.500304,0.418563,0.078975,0.867453,0.752474,0.723855,0.570236,0.078975
12.677648,2.01771,0.061016,1.0,1.0,1.0,0.837424,0.837424,0.837424,1.0,0.870364,0.911837,0.757533,0.74541,0.574688,0.506673,0.423882,0.080584,0.870364,0.757533,0.72947,0.574688,0.080584
12.690575,2.019768,0.060892,1.0,1.0,1.0,0.840589,0.840589,0.840589,1.0,0.873245,0.918808,0.762557,0.750685,0.579123,0.513084,0.429213,0.082207,0.873245,0.762557,0.735046,0.579123,0.082207
12.703503,2.021825,0.060768,1.0,1.0,1.0,0.843726,0.843726,0.843726,1.0,0.876096,0.925731,0.767545,0.755922,0.583541,0.519535,0.434555,0.083842,0.876096,0.767545,0.740584,0.583541,0.083842
12.71643,2.023883,0.060644,1.0,1.0,1.0,0.846834,0.846834,0.846834,1.0,0.878917,0.932604,0.772495,0.76112,0.587942,0.526024,0.439909,0.085489,0.878917,0.772495,0.746083,0.587942,0.085489
12.729358,2.02594,0.060521,1.0,1.0,1.0,0.849914,0.849914,0.849914,1.0,0.881707,0.939426,0.777408,0.766278,0.592325,0.53255,0.445272,0.087149,0.881707,0.777408,0.751541,0.592325,0.087149
12.742285,2.027998,0.060398,1.0,1.0,1.0,0.852965,0.852965,0.852965,1.0,0.884467,0.946197,0.782282,0.771396,0.596691,0.539111,0.450644,0.088822,0.884467,0.782282,0.756958,0.596691,0.088822
12.755213,2.030055,0.060276,1.0,1.0,1.0,0.855987,0.855987,0.855987,1.0,0.887196,0.952916,0.787117,0.776473,0.601039,0.545705,0.456025,0.090506,0.887196,0.787117,0.762333,0.601039,0.090506
12.76814,2.032113,0.060154,1.0,1.0,1.0,0.85898,0.85898,0.85898,1.0,0.889895,0.959581,0.791913,0.781509,0.605369,0.552331,0.461414,0.092202,0.889895,0.791913,0.767665,0.605369,0.092202
12.781068,2.03417,0.060032,1.0,1.0,1.0,0.861944,0.861944,0.861944,1.0,0.892563,0.966192,0.796668,0.786502,0.609682,0.558988,0.46681,0.093911,0.892563,0.796668,0.772953,0.609682,0.093911
12.793995,2.036228,0.059911,1.0,1.0,1.0,0.864879,0.864879,0.864879,1.0,0.8952,0.972747,0.801382,0.791451,0.613977,0.565672,0.472212,0.095631,0.8952,0.801382,0.778197,0.613977,0.095631
12.806922,2.038285,0.05979,1.0,1.0,1.0,0.867784,0.867784,0.867784,1.0,0.897805,0.979245,0.806055,0.796357,0.618253,0.572383,0.47762,0.097362,0.897805,0.806055,0.783396,0.618253,0.097362
12.81985,2.040342,0.05967,1.0,1.0,1.0,0.87066,0.87066,0.87066,1.0,0.90038,0.985686,0.810685,0.801219,0.622512,0.57912,0.483032,0.099106,0.90038,0.810685,0.788549,0.622512,0.099106
12.832777,2.0424,0.05955,1.0,1.0,1.0,0.873507,0.873507,0.873507,1.0,0.902924,0.992069,0.815272,0.806035,0.626752,0.58588,0.488449,0.100861,0.902924,0.815272,0.793655,0.626752,0.100861
12.845705,2.044457,0.05943,1.0,1.0,1.0,0.876324,0.876324,0.876324,1.0,0.905436,0.998392,0.819815,0.810806,0.630973,0.592663,0.493869,0.102627,0.905436,0.819815,0.798713,0.630973,0.102627
12.858632,2.046515,0.05931,1.0,1.0,1.0,0.879112,0.879112,0.879112,1.0,0.907918,1.004655,0.824314,0.81553,0.635176,0.599466,0.499292,0.104404,0.907918,0.824314,0.803724,0.635176,0.104404
12.87156,2.048572,0.059191,1.0,1.0,1.0,0.88187,0.88187,0.88187,1.0,0.910367,1.010856,0.828768,0.820207,0.63936,0.606289,0.504716,0.106192,0.910367,0.828768,0.808685,0.63936,0.106192
12.884487,2.05063,0.059073,1.0,1.0,1.0,0.884597,0.884597,0.884597,1.0,0.912785,1.016996,0.833177,0.824836,0.643526,0.613129,0.510142,0.107991,0.912785,0.833177,0.813596,0.643526,0.107991
12.897415,2.052687,0.058954,1.0,1.0,1.0,0.887295,0.887295,0.887295,1.0,0.915172,1.023072,0.83754,0.829417,0.647672,0.619985,0.515568,0.109801,0.915172,0.83754,0.818458,0.647672,0.109801
12.910342,2.054745,0.058836,1.0,1.0,1.0,0.889963,0.889963,0.889963,1.0,0.917527,1.029084,0.841856,0.833949,0.651799,0.626856,0.520994,0.111622,0.917527,0.841856,0.823268,0.651799,0.111622
12.923269,2.056802,0.058719,1.0,1.0,1.0,0.892601,0.892601,0.892601,1.0,0.91985,1.035032,0.846125,0.838431,0.655907,0.633741,0.526419,0.113453,0.91985,0.846125,0.828026,0.655907,0.113453
12.936197,2.05886,0.058601,1.0,1.0,1.0,0.895209,0.895209,0.895209,1.0,0.922142,1.040914,0.850345,0.842863,0.659996,0.640637,0.531843,0.115294,0.922142,0.850345,0.832731,0.659996,0.115294
12.949124,2.060917,0.058484,1.0,1.0,1.0,0.897786,0.897786,0.897786,1.0,0.924401,1.046729,0.854517,0.847243,0.664065,0.647544,0.537264,0.117146,0.924401,0.854517,0.837383,0.664065,0.117146
12.962052,2.062975,0.058368,1.0,1.0,1.0,0.900333,0.900333,0.900333,1.0,0.926629,1.052477,0.858641,0.851573,0.668115,0.65446,0.542682,0.119008,0.926629,0.858641,0.841981,0.668115,0.119008
12.974979,2.065032,0.058252,1.0,1.0,1.0,0.90285,0.90285,0.90285,1.0,0.928824,1.058156,0.862714,0.85585,0.672145,0.661384,0.548096,0.12088,0.928824,0.862714,0.846525,0.672145,0.12088
12.987907,2.06709,0.058136,1.0,1.0,1.0,0.905335,0.905335,0.905335,1.0,0.930987,1.063767,0.866738,0.860074,0.676155,0.668314,0.553505,0.122762,0.930987,0.866738,0.851013,0.676155,0.122762
13.000834,2.069147,0.05802,1.0,1.0,1.0,0.907791,0.907791,0.907791,1.0,0.933119,1.069307,0.87071,0.864246,0.680146,0.675249,0.55891,0.124653,0.933119,0.87071,0.855446,0.680146,0.124653
13.013761,2.071204,0.057905,1.0,1.0,1.0,0.910215,0.910215,0.910215,1.0,0.935217,1.074777,0.874632,0.868363,0.684116,0.682188,0.564308,0.126554,0.935217,0.874632,0.859821,0.684116,0.126554
13.026689,2.073262,0.05779,1.0,1.0,1.0,0.912609,0.912609,0.912609,1.0,0.937284,1.080175,0.878501,0.872426,0.688066,0.689129,0.5697,0.128465,0.937284,0.878501,0.86414,0.688066,0.128465
13.039616,2.075319,0.057675,1.0,1.0,1.0,0.914972,0.914972,0.914972,1.0,0.939318,1.085501,0.882318,0.876434,0.691996,0.696072,0.575085,0.130385,0.939318,0.882318,0.8684,0.691996,0.130385
13.052544,2.077377,0.057561,1.0,1.0,1.0,0.917304,0.917304,0.917304,1.0,0.941319,1.090753,0.886082,0.880386,0.695905,0.703014,0.580461,0.132314,0.941319,0.886082,0.872603,0.695905,0.132314
13.065471,2.079434,0.057447,1.0,1.0,1.0,0.919605,0.919605,0.919605,1.0,0.943288,1.095932,0.889793,0.884283,0.699794,0.709954,0.585829,0.134252,0.943288,0.889793,0.876746,0.699794,0.134252
13.078399,2.081492,0.057334,1.0,1.0,1.0,0.921874,0.921874,0.921874,1.0,0.945225,1.101036,0.89345,0.888122,0.703662,0.716892,0.591187,0.136199,0.945225,0.89345,0.880829,0.703662,0.136199
13.091326,2.083549,0.057221,1.0,1.0,1.0,0.924113,0.924113,0.924113,1.0,0.947128,1.106065,0.897052,0.891905,0.70751,0.723826,0.596536,0.138155,0.947128,0.897052,0.884852,0.70751,0.138155
13.104254,2.085607,0.057108,1.0,1.0,1.0,0.92632,0.92632,0.92632,1.0,0.948999,1.111017,0.9006,0.89563,0.711336,0.730755,0.601873,0.14012,0.948999,0.9006,0.888814,0.711336,0.14012
13.117181,2.087664,0.056995,1.0,1.0,1.0,0.928496,0.928496,0.928496,1.0,0.950837,1.115893,0.904092,0.899296,0.715142,0.737677,0.607199,0.142093,0.950837,0.904092,0.892714,0.715142,0.142093
13.130108,2.089722,0.056883,1.0,1.0,1.0,0.930641,0.930641,0.930641,1.0,0.952642,1.120691,0.907528,0.902904,0.718926,0.744591,0.612513,0.144074,0.952642,0.907528,0.896553,0.718926,0.144074
13.143036,2.091779,0.056771,1.0,1.0,1.0,0.932754,0.932754,0.932754,1.0,0.954415,1.125411,0.910907,0.906453,0.72269,0.751497,0.617814,0.146064,0.954415,0.910907,0.900329,0.72269,0.146064
13.155963,2.093837,0.05666,1.0,1.0,1.0,0.934835,0.934835,0.934835,1.0,0.956154,1.130052,0.91423,0.909942,0.726432,0.758392,0.623101,0.148062,0.956154,0.91423,0.904042,0.726432,0.148062
13.168891,2.095894,0.056549,1.0,1.0,1.0,0.936885,0.936885,0.936885,1.0,0.95786,1.134614,0.917495,0.91337,0.730153,0.765276,0.628374,0.150067,0.95786,0.917495,0.907691,0.730153,0.150067
13.181818,2.097952,0.056438,1.0,1.0,1.0,0.938903,0.938903,0.938903,1.0,0.959533,1.139095,0.920703,0.916738,0.733852,0.772147,0.633633,0.152081,0.959533,0.920703,0.911276,0.733852,0.152081
13.194746,2.100009,0.056327,1.0,1.0,1.0,0.940889,0.940889,0.940889,1.0,0.961173,1.143495,0.923853,0.920045,0.737529,0.779005,0.638875,0.154102,0.961173,0.923853,0.914796,0.737529,0.154102
13.207673,2.102066,0.056217,1.0,1.0,1.0,0.942844,0.942844,0.942844,1.0,0.962779,1.147814,0.926943,0.923291,0.741185,0.785848,0.644102,0.15613,0.962779,0.926943,0.918251,0.741185,0.15613
13.220601,2.104124,0.056107,1.0,1.0,1.0,0.944766,0.944766,0.944766,1.0,0.964352,1.15205,0.929975,0.926474,0.744819,0.792675,0.649311,0.158166,0.964352,0.929975,0.92164,0.744819,0.158166
13.233528,2.106181,0.055998,1.0,1.0,1.0,0.946657,0.946657,0.946657,1.0,0.965892,1.156204,0.932947,0.929595,0.748431,0.799484,0.654504,0.160209,0.965892,0.932947,0.924963,0.748431,0.160209
13.246455,2.108239,0.055888,1.0,1.0,1.0,0.948516,0.948516,0.948516,1.0,0.967398,1.160274,0.93586,0.932653,0.752021,0.806276,0.659677,0.16226,0.967398,0.93586,0.92822,0.752021,0.16226
13.259383,2.110296,0.055779,1.0,1.0,1.0,0.950342,0.950342,0.950342,1.0,0.968871,1.164261,0.938712,0.935647,0.755588,0.813048,0.664832,0.164317,0.968871,0.938712,0.931409,0.755588,0.164317
13.27231,2.112354,0.055671,1.0,1.0,1.0,0.952136,0.952136,0.952136,1.0,0.970311,1.168163,0.941503,0.938578,0.759134,0.819799,0.669968,0.166381,0.970311,0.941503,0.93453,0.759134,0.166381
13.285238,2.114411,0.055563,1.0,1.0,1.0,0.953898,0.953898,0.953898,1.0,0.971717,1.171979,0.944233,0.941445,0.762657,0.826529,0.675083,0.168451,0.971717,0.944233,0.937583,0.762657,0.168451
13.298165,2.116469,0.055455,1.0,1.0,1.0,0.955628,0.955628,0.955628,1.0,0.973089,1.17571,0.946902,0.944247,0.766157,0.833237,0.680177,0.170528,0.973089,0.946902,0.940568,0.766157,0.170528
13.311093,2.118526,0.055347,1.0,1.0,1.0,0.957326,0.957326,0.957326,1.0,0.974427,1.179355,0.949509,0.946984,0.769635,0.83992,0.68525,0.172612,0.974427,0.949509,0.943484,0.769635,0.172612
13.32402,2.120584,0.05524,1.0,1.0,1.0,0.958991,0.958991,0.958991,1.0,0.975732,1.182913,0.952053,0.949656,0.773091,0.846579,0.690301,0.174701,0.975732,0.952053,0.946331,0.773091,0.174701
13.336947,2.122641,0.055133,1.0,1.0,1.0,0.960623,0.960623,0.960623,1.0,0.977003,1.186384,0.954535,0.952262,0.776523,0.853211,0.695329,0.176797,0.977003,0.954535,0.949107,0.776523,0.176797
13.349875,2.124699,0.055026,1.0,1.0,1.0,0.962224,0.962224,0.962224,1.0,0.97824,1.189767,0.956954,0.954802,0.779933,0.859817,0.700333,0.178898,0.97824,0.956954,0.951814,0.779933,0.178898
13.362802,2.126756,0.054919,1.0,1.0,1.0,0.963791,0.963791,0.963791,1.0,0.979444,1.193062,0.95931,0.957276,0.783319,0.866395,0.705314,0.181005,0.979444,0.95931,0.95445,0.783319,0.181005
13.37573,2.128814,0.054813,1.0,1.0,1.0,0.965326,0.965326,0.965326,1.0,0.980613,1.196269,0.961603,0.959683,0.786683,0.872944,0.71027,0.183118,0.980613,0.961603,0.957015,0.786683,0.183118
13.388657,2.130871,0.054707,1.0,1.0,1.0,0.966828,0.966828,0.966828,1.0,0.981749,1.199386,0.963831,0.962023,0.790023,0.879462,0.7152,0.185236,0.981749,0.963831,0.959508,0.790023,0.185236
13.401585,2.132928,0.054602,1.0,1.0,1.0,0.968298,0.968298,0.968298,1.0,0.982851,1.202413,0.965996,0.964295,0.79334,0.88595,0.720105,0.187359,0.982851,0.965996,0.96193,0.79334,0.187359
13.414512,2.134986,0.054497,1.0,1.0,1.0,0.969735,0.969735,0.969735,1.0,0.983918,1.20535,0.968095,0.9665,0.796634,0.892405,0.724983,0.189488,0.983918,0.968095,0.96428,0.796634,0.189488
13.42744,2.137043,0.054392,1.0,1.0,1.0,0.971139,0.971139,0.971139,1.0,0.984952,1.208197,0.97013,0.968637,0.799904,0.898827,0.729834,0.191621,0.984952,0.97013,0.966558,0.799904,0.191621
13.440367,2.139101,0.054287,1.0,1.0,1.0,0.97251,0.97251,0.97251,1.0,0.985952,1.210953,0.9721,0.970705,0.803151,0.905216,0.734657,0.19376,0.985952,0.9721,0.968763,0.803151,0.19376
13.453294,2.141158,0.054183,1.0,1.0,1.0,0.973848,0.973848,0.973848,1.0,0.986917,1.213618,0.974005,0.972705,0.806374,0.911569,0.739451,0.195903,0.986917,0.974005,0.970895,0.806374,0.195903
13.466222,2.143216,0.054079,1.0,1.0,1.0,0.975153,0.975153,0.975153,1.0,0.987848,1.216191,0.975844,0.974636,0.809573,0.917886,0.744217,0.19805,0.987848,0.975844,0.972953,0.809573,0.19805
13.479149,2.145273,0.053975,1.0,1.0,1.0,0.976425,0.976425,0.976425,1.0,0.988745,1.218672,0.977617,0.976498,0.812748,0.924166,0.748953,0.200202,0.988745,0.977617,0.974938,0.812748,0.200202
13.492077,2.147331,0.053872,1.0,1.0,1.0,0.977664,0.977664,0.977664,1.0,0.989608,1.221061,0.979324,0.978291,0.8159,0.930408,0.753659,0.202358,0.989608,0.979324,0.976849,0.8159,0.202358
13.505004,2.149388,0.053769,1.0,1.0,1.0,0.978871,0.978871,0.978871,1.0,0.990437,1.223357,0.980965,0.980013,0.819027,0.936611,0.758334,0.204518,0.990437,0.980965,0.978686,0.819027,0.204518
13.517932,2.151446,0.053666,1.0,1.0,1.0,0.980044,0.980044,0.980044,1.0,0.991231,1.22556,0.982539,0.981666,0.82213,0.942774,0.762978,0.206682,0.991231,0.982539,0.980448,0.82213,0.206682
13.530859,2.153503,0.053564,1.0,1.0,1.0,0.981183,0.981183,0.981183,1.0,0.991991,1.22767,0.984047,0.983249,0.825209,0.948897,0.76759,0.208849,0.991991,0.984047,0.982136,0.825209,0.208849
13.543786,2.155561,0.053461,1.0,1.0,1.0,0.98229,0.98229,0.98229,1.0,0.992717,1.229685,0.985487,0.984762,0.828263,0.954977,0.77217,0.211021,0.992717,0.985487,0.983748,0.828263,0.211021
13.556714,2.157618,0.05336,1.0,1.0,1.0,0.983363,0.983363,0.983363,1.0,0.993408,1.231607,0.98686,0.986203,0.831294,0.961016,0.776716,0.213195,0.993408,0.98686,0.985286,0.831294,0.213195
13.569641,2.159675,0.053258,1.0,1.0,1.0,0.984403,0.984403,0.984403,1.0,0.994066,1.233435,0.988166,0.987575,0.834299,0.96701,0.781229,0.215373,0.994066,0.988166,0.986748,0.834299,0.215373
13.582569,2.161733,0.053157,1.0,1.0,1.0,0.98541,0.98541,0.98541,1.0,0.994688,1.235168,0.989405,0.988875,0.83728,0.97296,0.785707,0.217554,0.994688,0.989405,0.988135,0.83728,0.217554
13.595496,2.16379,0.053056,1.0,1.0,1.0,0.986384,0.986384,0.986384,1.0,0.995276,1.236807,0.990575,0.990104,0.840237,0.978865,0.790151,0.219738,0.995276,0.990575,0.989445,0.840237,0.219738
13.608424,2.165848,0.052955,1.0,1.0,1.0,0.987324,0.987324,0.987324,1.0,0.99583,1.23835,0.991678,0.991262,0.843168,0.984724,0.794559,0.221924,0.99583,0.991678,0.99068,0.843168,0.221924
13.621351,2.167905,0.052854,1.0,1.0,1.0,0.98823,0.98823,0.98823,1.0,0.99635,1.239798,0.992713,0.992348,0.846075,0.990536,0.798931,0.224114,0.99635,0.992713,0.991839,0.846075,0.224114
13.634279,2.169963,0.052754,1.0,1.0,1.0,0.989103,0.989103,0.989103,1.0,0.996835,1.241151,0.993679,0.993363,0.848957,0.996299,0.803267,0.226305,0.996835,0.993679,0.992921,0.848957,0.226305
13.647206,2.17202,0.052654,1.0,1.0,1.0,0.989943,0.989943,0.989943,1.0,0.997285,1.242409,0.994577,0.994306,0.851814,1.002014,0.807566,0.228499,0.997285,0.994577,0.993927,0.851814,0.228499
13.660133,2.174078,0.052555,1.0,1.0,1.0,0.990749,0.990749,0.990749,1.0,0.997701,1.24357,0.995407,0.995177,0.854645,1.00768,0.811827,0.230695,0.997701,0.995407,0.994856,0.854645,0.230695
13.673061,2.176135,0.052455,1.0,1.0,1.0,0.991522,0.991522,0.991522,1.0,0.998082,1.244635,0.996168,0.995976,0.857452,1.013294,0.816051,0.232894,0.998082,0.996168,0.995708,0.857452,0.232894
13.685988,2.178193,0.052356,1.0,1.0,1.0,0.992261,0.992261,0.992261,1.0,0.998429,1.245605,0.99686,0.996704,0.860233,1.018858,0.820235,0.235093,0.998429,0.99686,0.996484,0.860233,0.235093
13.698916,2.18025,0.052257,1.0,1.0,1.0,0.992967,0.992967,0.992967,1.0,0.998741,1.246478,0.997484,0.997358,0.862989,1.02437,0.824381,0.237295,0.998741,0.997484,0.997182,0.862989,0.237295
13.711843,2.182308,0.052159,1.0,1.0,1.0,0.993639,0.993639,0.993639,1.0,0.999019,1.247255,0.998039,0.997941,0.865719,1.029828,0.828487,0.239498,0.999019,0.998039,0.997804,0.865719,0.239498
13.724771,2.184365,0.052061,1.0,1.0,1.0,0.994277,0.994277,0.994277,1.0,0.999262,1.247935,0.998525,0.998451,0.868424,1.035233,0.832553,0.241702,0.999262,0.998525,0.998348,0.868424,0.241702
13.737698,2.186423,0.051963,1.0,1.0,1.0,0.994882,0.994882,0.994882,1.0,0.999471,1.248519,0.998942,0.998889,0.871103,1.040584,0.836578,0.243908,0.999471,0.998942,0.998815,0.871103,0.243908
13.750626,2.18848,0.051865,1.0,1.0,1.0,0.995453,0.995453,0.995453,1.0,0.999645,1.249006,0.99929,0.999254,0.873757,1.045879,0.840562,0.246114,0.999645,0.99929,0.999205,0.873757,0.246114
13.763553,2.190537,0.051768,1.0,1.0,1.0,0.99599,0.99599,0.99599,1.0,0.999784,1.249396,0.999569,0.999547,0.876385,1.051118,0.844504,0.248322,0.999784,0.999569,0.999517,0.876385,0.248322
13.77648,2.192595,0.051671,1.0,1.0,1.0,0.996493,0.996493,0.996493,1.0,0.999889,1.24969,0.999778,0.999767,0.878987,1.056301,0.848404,0.25053,0.999889,0.999778,0.999752,0.878987,0.25053
13.789408,2.194652,0.051574,1.0,1.0,1.0,0.996963,0.996963,0.996963,1.0,0.999959,1.249886,0.999919,0.999915,0.881563,1.061425,0.852262,0.252738,0.999959,0.999919,0.999909,0.881563,0.252738
13.802335,2.19671,0.051477,1.0,1.0,1.0,0.997399,0.997399,0.997399,1.0,0.999995,1.249986,0.99999,0.99999,0.884113,1.066492,0.856076,0.254947,0.999995,0.99999,0.999989,0.884113,0.254947
13.815263,2.198767,0.051381,1.0,1.0,1.0,0.997802,0.997802,0.997802,1.0,0.999996,1.249989,0.999992,0.999992,0.886637,1.0715,0.859847,0.257156,0.999996,0.999992,0.999991,0.886637,0.257156
13.82819,2.200825,0.051285,1.0,1.0,1.0,0.99817,0.99817,0.99817,1.0,0.999963,1.249895,0.999925,0.999922,0.889135,1.076447,0.863574,0.259365,0.999963,0.999925,0.999916,0.889135,0.259365
13.841118,2.202882,0.051189,1.0,1.0,1.0,0.998505,0.998505,0.998505,1.0,0.999895,1.249705,0.999789,0.999779,0.891606,1.081335,0.867256,0.261574,0.999895,0.999789,0.999764,0.891606,0.261574
13.854045,2.20494,0.051094,1.0,1.0,1.0,0.998806,0.998806,0.998806,1.0,0.999792,1.249417,0.999584,0.999563,0.894052,1.086161,0.870893,0.263783,0.999792,0.999584,0.999534,0.894052,0.263783
13.866972,2.206997,0.050998,1.0,1.0,1.0,0.999074,0.999074,0.999074,1.0,0.999655,1.249033,0.999309,0.999275,0.896471,1.090925,0.874485,0.265991,0.999655,0.999309,0.999226,0.896471,0.265991
13.8799,2.209055,0.050904,1.0,1.0,1.0,0.999307,0.999307,0.999307,1.0,0.999483,1.248552,0.998966,0.998914,0.898863,1.095627,0.878031,0.268199,0.999483,0.998966,0.998841,0.898863,0.268199
13.892827,2.211112,0.050809,1.0,1.0,1.0,0.999507,0.999507,0.999507,1.0,0.999276,1.247974,0.998553,0.99848,0.90123,1.100266,0.88153,0.270406,0.999276,0.998553,0.998379,0.90123,0.270406
13.905755,2.21317,0.050714,1.0,1.0,1.0,0.999672,0.999672,0.999672,1.0,0.999035,1.2473,0.998071,0.997975,0.903569,1.10484,0.884983,0.272611,0.999035,0.998071,0.99784,0.903569,0.272611
13.918682,2.215227,0.05062,1.0,1.0,1.0,0.999804,0.999804,0.999804,1.0,0.998759,1.246529,0.997521,0.997397,0.905882,1.109351,0.888389,0.274816,0.998759,0.997521,0.997223,0.905882,0.274816
13.93161,2.217285,0.050526,1.0,1.0,1.0,0.999903,0.999903,0.999903,1.0,0.998449,1.245662,0.996901,0.996746,0.908168,1.113795,0.891747,0.277019,0.998449,0.996901,0.996529,0.908168,0.277019
13.944537,2.219342,0.050433,1.0,1.0,1.0,0.999967,0.999967,0.999967,1.0,0.998105,1.244698,0.996213,0.996023,0.910428,1.118175,0.895057,0.279221,0.998105,0.996213,0.995759,0.910428,0.279221
13.957465,2.221399,0.050339,1.0,1.0,1.0,0.999997,0.999997,0.999997,1.0,0.997725,1.243639,0.995456,0.995229,0.91266,1.122487,0.898318,0.281422,0.997725,0.995456,0.994911,0.91266,0.281422
13.970392,2.223457,0.050246,1.0,1.0,1.0,0.999994,0.999994,0.999994,1.0,0.997312,1.242483,0.99463,0.994362,0.914866,1.126733,0.901531,0.28362,0.997312,0.99463,0.993986,0.914866,0.28362
13.983319,2.225514,0.050153,1.0,1.0,1.0,0.999957,0.999957,0.999957,1.0,0.996863,1.241232,0.993737,0.993423,0.917045,1.13091,0.904694,0.285817,0.996863,0.993737,0.992985,0.917045,0.285817
13.996247,2.227572,0.050061,1.0,1.0,1.0,0.999886,0.999886,0.999886,1.0,0.996381,1.239885,0.992774,0.992413,0.919196,1.13502,0.907808,0.288011,0.996381,0.992774,0.991908,0.919196,0.288011
14.009174,2.229629,0.049968,1.0,1.0,1.0,0.999781,0.999781,0.999781,1.0,0.995863,1.238442,0.991744,0.991331,0.921321,1.13906,0.910872,0.290203,0.995863,0.991744,0.990754,0.921321,0.290203
14.022102,2.231687,0.049876,1.0,1.0,1.0,0.999642,0.999642,0.999642,1.0,0.995312,1.236905,0.990645,0.990178,0.923418,1.143031,0.913885,0.292393,0.995312,0.990645,0.989524,0.923418,0.292393
14.035029,2.233744,0.049784,1.0,1.0,1.0,0.999469,0.999469,0.999469,1.0,0.994726,1.235272,0.989479,0.988953,0.925489,1.146932,0.916847,0.29458,0.994726,0.989479,0.988218,0.925489,0.29458
14.047957,2.235802,0.049693,1.0,1.0,1.0,0.999263,0.999263,0.999263,1.0,0.994105,1.233545,0.988245,0.987657,0.927531,1.150763,0.919759,0.296765,0.994105,0.988245,0.986836,0.927531,0.296765
14.060884,2.237859,0.049602,1.0,1.0,1.0,0.999023,0.999023,0.999023,1.0,0.99345,1.231723,0.986943,0.98629,0.929547,1.154522,0.922619,0.298946,0.99345,0.986943,0.985378,0.929547,0.298946
14.073812,2.239917,0.04951,1.0,1.0,1.0,0.998749,0.998749,0.998749,1.0,0.992761,1.229807,0.985574,0.984853,0.931535,1.15821,0.925426,0.301124,0.992761,0.985574,0.983846,0.931535,0.301124
14.086739,2.241974,0.04942,1.0,1.0,1.0,0.998441,0.998441,0.998441,1.0,0.992037,1.227797,0.984138,0.983345,0.933496,1.161825,0.928182,0.303299,0.992037,0.984138,0.982238,0.933496,0.303299
14.099666,2.244032,0.049329,1.0,1.0,1.0,0.998099,0.998099,0.998099,1.0,0.991279,1.225693,0.982634,0.981766,0.935429,1.165367,0.930885,0.305471,0.991279,0.982634,0.980554,0.935429,0.305471
14.112594,2.246089,0.049239,1.0,1.0,1.0,0.997724,0.997724,0.997724,1.0,0.990487,1.223496,0.981064,0.980118,0.937335,1.168836,0.933535,0.307639,0.990487,0.981064,0.978797,0.937335,0.307639
14.125521,2.248147,0.049149,1.0,1.0,1.0,0.997315,0.997315,0.997315,1.0,0.98966,1.221206,0.979428,0.978399,0.939213,1.172232,0.936132,0.309803,0.98966,0.979428,0.976965,0.939213,0.309803
14.138449,2.250204,0.049059,1.0,1.0,1.0,0.996872,0.996872,0.996872,1.0,0.9888,1.218823,0.977725,0.976611,0.941063,1.175553,0.938676,0.311963,0.9888,0.977725,0.975058,0.941063,0.311963
14.151376,2.252261,0.048969,1.0,1.0,1.0,0.996395,0.996395,0.996395,1.0,0.987905,1.216347,0.975956,0.974753,0.942886,1.178799,0.941165,0.31412,0.987905,0.975956,0.973078,0.942886,0.31412
14.164304,2.254319,0.04888,1.0,1.0,1.0,0.995885,0.995885,0.995885,1.0,0.986975,1.21378,0.974121,0.972827,0.94468,1.18197,0.943601,0.316272,0.986975,0.974121,0.971024,0.94468,0.316272
14.177231,2.256376,0.048791,1.0,1.0,1.0,0.995341,0.995341,0.995341,1.0,0.986012,1.211121,0.97222,0.970831,0.946447,1.185066,0.945981,0.318419,0.986012,0.97222,0.968897,0.946447,0.318419
14.190158,2.258434,0.048702,1.0,1.0,1.0,0.994763,0.994763,0.994763,1.0,0.985015,1.20837,0.970254,0.968767,0.948186,1.188085,0.948308,0.320562,0.985015,0.970254,0.966696,0.948186,0.320562
14.203086,2.260491,0.048613,1.0,1.0,1.0,0.994152,0.994152,0.994152,1.0,0.983983,1.205529,0.968223,0.966634,0.949897,1.191028,0.950579,0.3227,0.983983,0.968223,0.964423,0.949897,0.3227
14.216013,2.262549,0.048525,1.0,1.0,1.0,0.993507,0.993507,0.993507,1.0,0.982918,1.202597,0.966127,0.964434,0.95158,1.193893,0.952794,0.324833,0.982918,0.966127,0.962078,0.95158,0.324833
14.228941,2.264606,0.048437,1.0,1.0,1.0,0.992828,0.992828,0.992828,1.0,0.981818,1.199575,0.963967,0.962165,0.953235,1.196681,0.954954,0.326961,0.981818,0.963967,0.95966,0.953235,0.326961
14.241868,2.266664,0.048349,1.0,1.0,1.0,0.992116,0.992116,0.992116,1.0,0.980685,1.196464,0.961742,0.959829,0.954862,1.199392,0.957058,0.329084,0.980685,0.961742,0.957171,0.954862,0.329084
14.254796,2.268721,0.048261,1.0,1.0,1.0,0.99137,0.99137,0.99137,1.0,0.979517,1.193263,0.959454,0.957427,0.956461,1.202024,0.959106,0.331202,0.979517,0.959454,0.95461,0.956461,0.331202
14.267723,2.270779,0.048174,1.0,1.0,1.0,0.990591,0.990591,0.990591,1.0,0.978316,1.189974,0.957102,0.954957,0.958032,1.204577,0.961098,0.333314,0.978316,0.957102,0.951979,0.958032,0.333314
14.280651,2.272836,0.048087,1.0,1.0,1.0,0.989778,0.989778,0.989778,1.0,0.977081,1.186596,0.954687,0.952421,0.959574,1.207051,0.963033,0.33542,0.977081,0.954687,0.949277,0.959574,0.33542
14.293578,2.274894,0.048,1.0,1.0,1.0,0.988931,0.988931,0.988931,1.0,0.975812,1.18313,0.952208,0.949819,0.961088,1.209446,0.964911,0.33752,0.975812,0.952208,0.946504,0.961088,0.33752
14.306505,2.276951,0.047913,1.0,1.0,1.0,0.988051,0.988051,0.988051,1.0,0.974509,1.179578,0.949668,0.947151,0.962574,1.211761,0.966731,0.339614,0.974509,0.949668,0.943662,0.962574,0.339614
14.319433,2.279009,0.047827,1.0,1.0,1.0,0.987138,0.987138,0.987138,1.0,0.973172,1.175938,0.947065,0.944418,0.964031,1.213996,0.968495,0.341702,0.973172,0.947065,0.940751,0.964031,0.341702
14.33236,2.281066,0.04774,1.0,1.0,1.0,0.986191,0.986191,0.986191,1.0,0.971802,1.172212,0.9444,0.94162,0.96546,1.216151,0.970201,0.343783,0.971802,0.9444,0.93777,0.96546,0.343783
14.345288,2.283123,0.047654,1.0,1.0,1.0,0.985211,0.985211,0.985211,1.0,0.970399,1.168401,0.941673,0.938757,0.96686,1.218225,0.971849,0.345858,0.970399,0.941673,0.934721,0.96686,0.345858
14.358215,2.285181,0.047569,1.0,1.0,1.0,0.984198,0.984198,0.984198,1.0,0.968961,1.164504,0.938886,0.93583,0.968232,1.220217,0.973439,0.347927,0.968961,0.938886,0.931604,0.968232,0.347927
14.371143,2.287238,0.047483,1.0,1.0,1.0,0.983151,0.983151,0.983151,1.0,0.96749,1.160523,0.936038,0.93284,0.969576,1.222129,0.974971,0.349988,0.96749,0.936038,0.928419,0.969576,0.349988
14.38407,2.289296,0.047398,1.0,1.0,1.0,0.982071,0.982071,0.982071,1.0,0.965986,1.156458,0.933129,0.929786,0.97089,1.223958,0.976445,0.352042,0.965986,0.933129,0.925166,0.97089,0.352042
14.396997,2.291353,0.047313,1.0,1.0,1.0,0.980958,0.980958,0.980958,1.0,0.964448,1.152309,0.930161,0.926669,0.972177,1.225706,0.97786,0.354089,0.964448,0.930161,0.921848,0.972177,0.354089
14.409925,2.293411,0.047228,1.0,1.0,1.0,0.979811,0.979811,0.979811,1.0,0.962877,1.148078,0.927132,0.923489,0.973434,1.227371,0.979216,0.356129,0.962877,0.927132,0.918462,0.973434,0.356129
14.422852,2.295468,0.047143,1.0,1.0,1.0,0.978632,0.978632,0.978632,1.0,0.961273,1.143764,0.924045,0.920248,0.974663,1.228954,0.980513,0.358161,0.961273,0.924045,0.915011,0.974663,0.358161
14.43578,2.297526,0.047059,1.0,1.0,1.0,0.977419,0.977419,0.977419,1.0,0.959635,1.139369,0.920899,0.916944,0.975863,1.230454,0.981752,0.360185,0.959635,0.920899,0.911495,0.975863,0.360185
14.448707,2.299583,0.046975,1.0,1.0,1.0,0.976173,0.976173,0.976173,1.0,0.957964,1.134893,0.917695,0.91358,0.977034,1.231871,0.982931,0.362202,0.957964,0.917695,0.907914,0.977034,0.362202
14.461635,2.301641,0.046891,1.0,1.0,1.0,0.974894,0.974894,0.974894,1.0,0.95626,1.130336,0.914433,0.910155,0.978177,1.233205,0.98405,0.36421,0.95626,0.914433,0.904269,0.978177,0.36421
14.474562,2.303698,0.046807,1.0,1.0,1.0,0.973583,0.973583,0.973583,1.0,0.954523,1.1257,0.911114,0.90667,0.979291,1.234456,0.985111,0.36621,0.954523,0.911114,0.90056,0.979291,0.36621
14.48749,2.305756,0.046723,1.0,1.0,1.0,0.972238,0.972238,0.972238,1.0,0.952753,1.120985,0.907738,0.903125,0.980375,1.235622,0.986111,0.368202,0.952753,0.907738,0.896788,0.980375,0.368202
14.500417,2.307813,0.04664,1.0,1.0,1.0,0.97086,0.97086,0.97086,1.0,0.95095,1.116192,0.904306,0.899521,0.981431,1.236705,0.987052,0.370186,0.95095,0.904306,0.892953,0.981431,0.370186
14.513344,2.309871,0.046557,1.0,1.0,1.0,0.96945,0.96945,0.96945,1.0,0.949114,1.111321,0.900817,0.895858,0.982458,1.237704,0.987933,0.372161,0.949114,0.900817,0.889057,0.982458,0.372161
14.526272,2.311928,0.046474,1.0,1.0,1.0,0.968006,0.968006,0.968006,1.0,0.947245,1.106373,0.897273,0.892137,0.983456,1.238618,0.988754,0.374126,0.947245,0.897273,0.885098,0.983456,0.374126
14.539199,2.313985,0.046392,1.0,1.0,1.0,0.96653,0.96653,0.96653,1.0,0.945343,1.101349,0.893674,0.888358,0.984425,1.239448,0.989515,0.376083,0.945343,0.893674,0.881079,0.984425,0.376083
14.552127,2.316043,0.046309,1.0,1.0,1.0,0.965021,0.965021,0.965021,1.0,0.943409,1.096249,0.890021,0.884522,0.985365,1.240194,0.990215,0.378031,0.943409,0.890021,0.877,0.985365,0.378031
14.565054,2.3181,0.046227,1.0,1.0,1.0,0.96348,0.96348,0.96348,1.0,0.941442,1.091075,0.886313,0.880629,0.986276,1.240854,0.990856,0.37997,0.941442,0.886313,0.87286,0.986276,0.37997
14.577982,2.320158,0.046145,1.0,1.0,1.0,0.961906,0.961906,0.961906,1.0,0.939443,1.085827,0.882552,0.87668,0.987158,1.24143,0.991436,0.381899,0.939443,0.882552,0.868662,0.987158,0.381899
14.590909,2.322215,0.046063,1.0,1.0,1.0,0.960299,0.960299,0.960299,1.0,0.93741,1.080506,0.878738,0.872675,0.988011,1.241921,0.991955,0.383818,0.93741,0.878738,0.864405,0.988011,0.383818
14.603837,2.324273,0.045982,1.0,1.0,1.0,0.95866,0.95866,0.95866,1.0,0.935346,1.075112,0.874872,0.868616,0.988835,1.242327,0.992415,0.385727,0.935346,0.874872,0.86009,0.988835,0.385727
14.616764,2.32633,0.045901,1.0,1.0,1.0,0.956988,0.956988,0.956988,1.0,0.933249,1.069647,0.870954,0.864502,0.989629,1.242648,0.992813,0.387627,0.933249,0.870954,0.855718,0.989629,0.387627
14.629691,2.328388,0.045819,1.0,1.0,1.0,0.955285,0.955285,0.955285,1.0,0.93112,1.064111,0.866985,0.860334,0.990395,1.242883,0.993151,0.389517,0.93112,0.866985,0.851289,0.990395,0.389517
14.642619,2.330445,0.045739,1.0,1.0,1.0,0.953548,0.953548,0.953548,1.0,0.928959,1.058505,0.862964,0.856113,0.991131,1.243033,0.993429,0.391396,0.928959,0.862964,0.846804,0.991131,0.391396
14.655546,2.332503,0.045658,1.0,1.0,1.0,0.95178,0.95178,0.95178,1.0,0.926765,1.05283,0.858894,0.851839,0.991838,1.243098,0.993645,0.393265,0.926765,0.858894,0.842264,0.991838,0.393265
14.668474,2.33456,0.045578,1.0,1.0,1.0,0.949979,0.949979,0.949979,1.0,0.92454,1.047086,0.854774,0.847512,0.992515,1.243077,0.993801,0.395123,0.92454,0.854774,0.837669,0.992515,0.395123
14.681401,2.336618,0.045497,1.0,1.0,1.0,0.948146,0.948146,0.948146,1.0,0.922282,1.041275,0.850605,0.843135,0.993164,1.24297,0.993897,0.396971,0.922282,0.850605,0.83302,0.993164,0.396971
14.694329,2.338675,0.045417,1.0,1.0,1.0,0.946281,0.946281,0.946281,1.0,0.919993,1.035397,0.846387,0.838706,0.993783,1.242778,0.993931,0.398807,0.919993,0.846387,0.828318,0.993783,0.398807
14.707256,2.340732,0.045337,1.0,1.0,1.0,0.944384,0.944384,0.944384,1.0,0.917672,1.029454,0.842121,0.834227,0.994373,1.2425,0.993905,0.400633,0.917672,0.842121,0.823563,0.994373,0.400633
14.720183,2.34279,0.045258,1.0,1.0,1.0,0.942455,0.942455,0.942455,1.0,0.915319,1.023445,0.837808,0.829698,0.994933,1.242137,0.993819,0.402447,0.915319,0.837808,0.818756,0.994933,0.402447
14.733111,2.344847,0.045178,1.0,1.0,1.0,0.940494,0.940494,0.940494,1.0,0.912934,1.017373,0.833448,0.825121,0.995464,1.241688,0.993671,0.40425,0.912934,0.833448,0.813898,0.995464,0.40425
14.746038,2.346905,0.045099,1.0,1.0,1.0,0.938502,0.938502,0.938502,1.0,0.910518,1.011237,0.829042,0.820494,0.995966,1.241154,0.993463,0.406042,0.910518,0.829042,0.80899,0.995966,0.406042
14.758966,2.348962,0.04502,1.0,1.0,1.0,0.936477,0.936477,0.936477,1.0,0.90807,1.00504,0.824591,0.81582,0.996439,1.240534,0.993194,0.407822,0.90807,0.824591,0.804032,0.996439,0.407822
14.771893,2.35102,0.044942,1.0,1.0,1.0,0.934421,0.934421,0.934421,1.0,0.905591,0.998781,0.820094,0.811099,0.996882,1.239828,0.992865,0.40959,0.905591,0.820094,0.799024,0.996882,0.40959
14.784821,2.353077,0.044863,1.0,1.0,1.0,0.932333,0.932333,0.932333,1.0,0.90308,0.992461,0.815554,0.806331,0.997296,1.239037,0.992474,0.411346,0.90308,0.815554,0.793969,0.997296,0.411346
14.797748,2.355135,0.044785,1.0,1.0,1.0,0.930214,0.930214,0.930214,1.0,0.900538,0.986082,0.810969,0.801518,0.99768,1.23816,0.992024,0.41309,0.900538,0.810969,0.788866,0.99768,0.41309
14.810676,2.357192,0.044707,1.0,1.0,1.0,0.928063,0.928063,0.928063,1.0,0.897965,0.979645,0.806342,0.796659,0.998035,1.237198,0.991513,0.414822,0.897965,0.806342,0.783716,0.998035,0.414822
14.823603,2.35925,0.044629,1.0,1.0,1.0,0.925881,0.925881,0.925881,1.0,0.895361,0.97315,0.801672,0.791756,0.99836,1.23615,0.990941,0.416541,0.895361,0.801672,0.77852,0.99836,0.416541
14.83653,2.361307,0.044551,1.0,1.0,1.0,0.923667,0.923667,0.923667,1.0,0.892727,0.966598,0.796961,0.786809,0.998656,1.235017,0.990309,0.418248,0.892727,0.796961,0.773279,0.998656,0.418248
14.849458,2.363365,0.044473,1.0,1.0,1.0,0.921422,0.921422,0.921422,1.0,0.890061,0.959991,0.792208,0.781818,0.998923,1.233799,0.989617,0.419942,0.890061,0.792208,0.767993,0.998923,0.419942
14.862385,2.365422,0.044396,1.0,1.0,1.0,0.919146,0.919146,0.919146,1.0,0.887364,0.95333,0.787415,0.776786,0.99916,1.232496,0.988865,0.421623,0.887364,0.787415,0.762664,0.99916,0.421623
14.875313,2.36748,0.044319,1.0,1.0,1.0,0.916839,0.916839,0.916839,1.0,0.884637,0.946614,0.782582,0.771711,0.999368,1.231108,0.988053,0.423292,0.884637,0.782582,0.757291,0.999368,0.423292
14.88824,2.369537,0.044242,1.0,1.0,1.0,0.914501,0.914501,0.914501,1.0,0.881879,0.939846,0.77771,0.766596,0.999546,1.229635,0.98718,0.424947,0.881879,0.77771,0.751877,0.999546,0.424947
14.901168,2.371594,0.044165,1.0,1.0,1.0,0.912132,0.912132,0.912132,1.0,0.87909,0.933027,0.7728,0.76144,0.999695,1.228078,0.986248,0.426588,0.87909,0.7728,0.746421,0.999695,0.426588
14.914095,2.373652,0.044089,1.0,1.0,1.0,0.909732,0.909732,0.909732,1.0,0.876271,0.926157,0.767852,0.756244,0.999814,1.226436,0.985256,0.428217,0.876271,0.767852,0.740925,0.999814,0.428217
14.927023,2.375709,0.044012,1.0,1.0,1.0,0.907302,0.907302,0.907302,1.0,0.873422,0.919237,0.762866,0.75101,0.999904,1.224709,0.984204,0.429831,0.873422,0.762866,0.73539,0.999904,0.429831
14.93995,2.377767,0.043936,1.0,1.0,1.0,0.90484,0.90484,0.90484,1.0,0.870543,0.912269,0.757845,0.745737,0.999965,1.222898,0.983093,0.431432,0.870543,0.757845,0.729815,0.999965,0.431432
14.952877,2.379824,0.04386,1.0,1.0,1.0,0.902348,0.902348,0.902348,1.0,0.867633,0.905254,0.752788,0.740427,0.999996,1.221003,0.981923,0.43302,0.867633,0.752788,0.724203,0.999996,0.43302
14.965805,2.381882,0.043785,1.0,1.0,1.0,0.899826,0.899826,0.899826,1.0,0.864694,0.898192,0.747695,0.73508,0.999997,1.219025,0.980693,0.434593,0.864694,0.747695,0.718554,0.999997,0.434593
14.978732,2.383939,0.043709,1.0,1.0,1.0,0.897273,0.897273,0.897273,1.0,0.861724,0.891085,0.742569,0.729697,0.999969,1.216962,0.979404,0.436151,0.861724,0.742569,0.712868,0.999969,0.436151
14.99166,2.385997,0.043634,1.0,1.0,1.0,0.894689,0.894689,0.894689,1.0,0.858725,0.883934,0.737409,0.724279,0.999911,1.214816,0.978057,0.437696,0.858725,0.737409,0.707147,0.999911,0.437696
15.004587,2.388054,0.043558,1.0,1.0,1.0,0.892075,0.892075,0.892075,1.0,0.855696,0.876739,0.732216,0.718827,0.999824,1.212587,0.97665,0.439226,0.855696,0.732216,0.701392,0.999824,0.439226
15.017515,2.390112,0.043484,1.0,1.0,1.0,0.889432,0.889432,0.889432,1.0,0.852637,0.869503,0.726991,0.71334,0.999708,1.210275,0.975185,0.440742,0.852637,0.726991,0.695602,0.999708,0.440742
15.030442,2.392169,0.043409,1.0,1.0,1.0,0.886758,0.886758,0.886758,1.0,0.849549,0.862226,0.721734,0.707821,0.999562,1.20788,0.973662,0.442242,0.849549,0.721734,0.689781,0.999562,0.442242
15.043369,2.394227,0.043334,1.0,1.0,1.0,0.884054,0.884054,0.884054,1.0,0.846432,0.854909,0.716447,0.702269,0.999387,1.205402,0.972081,0.443728,0.846432,0.716447,0.683927,0.999387,0.443728
15.056297,2.396284,0.04326,1.0,1.0,1.0,0.88132,0.88132,0.88132,1.0,0.843285,0.847553,0.71113,0.696686,0.999182,1.202843,0.970441,0.445199,0.843285,0.71113,0.678043,0.999182,0.445199
15.069224,2.398342,0.043186,1.0,1.0,1.0,0.878556,0.878556,0.878556,1.0,0.840109,0.84016,0.705784,0.691073,0.998947,1.200201,0.968744,0.446655,0.840109,0.705784,0.672128,0.998947,0.446655
15.082152,2.400399,0.043112,1.0,1.0,1.0,0.875763,0.875763,0.875763,1.0,0.836904,0.832731,0.700409,0.685429,0.998683,1.197477,0.966989,0.448095,0.836904,0.700409,0.666184,0.998683,0.448095
15.095079,2.402456,0.043038,1.0,1.0,1.0,0.87294,0.87294,0.87294,1.0,0.83367,0.825266,0.695006,0.679756,0.99839,1.194672,0.965177,0.44952,0.83367,0.695006,0.660213,0.99839,0.44952
15.108007,2.404514,0.042964,1.0,1.0,1.0,0.870087,0.870087,0.870087,1.0,0.830407,0.817767,0.689577,0.674055,0.998068,1.191786,0.963308,0.450929,0.830407,0.689577,0.654214,0.998068,0.450929
15.120934,2.406571,0.042891,1.0,1.0,1.0,0.867205,0.867205,0.867205,1.0,0.827116,0.810236,0.684121,0.668327,0.997716,1.188819,0.961382,0.452323,0.827116,0.684121,0.648189,0.997716,0.452323
15.133862,2.408629,0.042817,1.0,1.0,1.0,0.864293,0.864293,0.864293,1.0,0.823796,0.802673,0.678639,0.662571,0.997334,1.185772,0.959399,0.453701,0.823796,0.678639,0.642138,0.997334,0.453701
15.146789,2.410686,0.042744,1.0,1.0,1.0,0.861353,0.861353,0.861353,1.0,0.820447,0.795079,0.673133,0.65679,0.996923,1.182644,0.95736,0.455062,0.820447,0.673133,0.636063,0.996923,0.455062
15.159716,2.412744,0.042672,1.0,1.0,1.0,0.858383,0.858383,0.858383,1.0,0.81707,0.787456,0.667604,0.650984,0.996483,1.179437,0.955264,0.456408,0.81707,0.667604,0.629965,0.996483,0.456408
15.172644,2.414801,0.042599,1.0,1.0,1.0,0.855384,0.855384,0.855384,1.0,0.813665,0.779805,0.66205,0.645153,0.996013,1.17615,0.953113,0.457737,0.813665,0.66205,0.623844,0.996013,0.457737
15.185571,2.416859,0.042526,1.0,1.0,1.0,0.852356,0.852356,0.852356,1.0,0.810231,0.772128,0.656475,0.639299,0.995514,1.172784,0.950907,0.45905,0.810231,0.656475,0.617702,0.995514,0.45905
15.198499,2.418916,0.042454,1.0,1.0,1.0,0.8493,0.8493,0.8493,1.0,0.80677,0.764424,0.650878,0.633421,0.994986,1.169339,0.948644,0.460347,0.80677,0.650878,0.611539,0.994986,0.460347
15.211426,2.420974,0.042382,1.0,1.0,1.0,0.846214,0.846214,0.846214,1.0,0.80328,0.756697,0.645259,0.627522,0.994428,1.165816,0.946327,0.461627,0.80328,0.645259,0.605357,0.994428,0.461627
15.224354,2.423031,0.04231,1.0,1.0,1.0,0.8431,0.8431,0.8431,1.0,0.799763,0.748946,0.639621,0.621602,0.993841,1.162215,0.943955,0.46289,0.799763,0.639621,0.599157,0.993841,0.46289
15.237281,2.425089,0.042238,1.0,1.0,1.0,0.839958,0.839958,0.839958,1.0,0.796218,0.741173,0.633964,0.615662,0.993225,1.158536,0.941529,0.464136,0.796218,0.633964,0.592939,0.993225,0.464136
15.250209,2.427146,0.042167,1.0,1.0,1.0,0.836787,0.836787,0.836787,1.0,0.792646,0.73338,0.628288,0.609702,0.992579,1.15478,0.939049,0.465365,0.792646,0.628288,0.586704,0.992579,0.465365
15.263136,2.429204,0.042095,1.0,1.0,1.0,0.833587,0.833587,0.833587,1.0,0.789046,0.725568,0.622594,0.603724,0.991904,1.150948,0.936514,0.466577,0.789046,0.622594,0.580455,0.991904,0.466577
15.276063,2.431261,0.042024,1.0,1.0,1.0,0.83036,0.83036,0.83036,1.0,0.785419,0.717738,0.616883,0.597727,0.9912,1.147039,0.933926,0.467772,0.785419,0.616883,0.57419,0.9912,0.467772
15.288991,2.433318,0.041953,1.0,1.0,1.0,0.827104,0.827104,0.827104,1.0,0.781765,0.709891,0.611156,0.591714,0.990467,1.143054,0.931285,0.468949,0.781765,0.611156,0.567913,0.990467,0.468949
15.301918,2.435376,0.041882,1.0,1.0,1.0,0.823821,0.823821,0.823821,1.0,0.778083,0.702029,0.605414,0.585684,0.989704,1.138994,0.928591,0.470108,0.778083,0.605414,0.561623,0.989704,0.470108
15.314846,2.437433,0.041811,1.0,1.0,1.0,0.820509,0.820509,0.820509,1.0,0.774375,0.694153,0.599657,0.57964,0.988913,1.134858,0.925845,0.47125,0.774375,0.599657,0.555322,0.988913,0.47125
15.327773,2.439491,0.041741,1.0,1.0,1.0,0.81717,0.81717,0.81717,1.0,0.77064,0.686264,0.593886,0.57358,0.988092,1.130648,0.923046,0.472374,0.77064,0.593886,0.549011,0.988092,0.472374
15.340701,2.441548,0.041671,1.0,1.0,1.0,0.813803,0.813803,0.813803,1.0,0.766878,0.678364,0.588102,0.567507,0.987242,1.126365,0.920196,0.473481,0.766878,0.588102,0.542691,0.987242,0.473481
15.353628,2.443606,0.041601,1.0,1.0,1.0,0.810408,0.810408,0.810408,1.0,0.76309,0.670454,0.582306,0.561422,0.986363,1.122007,0.917294,0.474569,0.76309,0.582306,0.536363,0.986363,0.474569
15.366555,2.445663,0.041531,1.0,1.0,1.0,0.806987,0.806987,0.806987,1.0,0.759275,0.662535,0.576499,0.555324,0.985455,1.117577,0.914341,0.475639,0.759275,0.576499,0.530028,0.985455,0.475639
15.379483,2.447721,0.041461,1.0,1.0,1.0,0.803537,0.803537,0.803537,1.0,0.755434,0.654609,0.570681,0.549215,0.984517,1.113074,0.911337,0.476691,0.755434,0.570681,0.523688,0.984517,0.476691
15.39241,2.449778,0.041391,1.0,1.0,1.0,0.800061,0.800061,0.800061,1.0,0.751567,0.646678,0.564854,0.543096,0.983551,1.108499,0.908283,0.477724,0.751567,0.564854,0.517342,0.983551,0.477724
15.405338,2.451836,0.041322,1.0,1.0,1.0,0.796558,0.796558,0.796558,1.0,0.747674,0.638742,0.559017,0.536968,0.982556,1.103852,0.905179,0.478739,0.747674,0.559017,0.510994,0.982556,0.478739
15.418265,2.453893,0.041252,1.0,1.0,1.0,0.793027,0.793027,0.793027,1.0,0.743755,0.630803,0.553172,0.530831,0.981532,1.099134,0.902025,0.479735,0.743755,0.553172,0.504643,0.981532,0.479735
15.431193,2.455951,0.041183,1.0,1.0,1.0,0.78947,0.78947,0.78947,1.0,0.739811,0.622863,0.54732,0.524686,0.980479,1.094346,0.898822,0.480712,0.739811,0.54732,0.49829,0.980479,0.480712
15.44412,2.458008,0.041114,1.0,1.0,1.0,0.785886,0.785886,0.785886,1.0,0.73584,0.614923,0.541461,0.518534,0.979397,1.089488,0.895571,0.481671,0.73584,0.541461,0.491938,0.979397,0.481671
15.457048,2.460066,0.041046,1.0,1.0,1.0,0.782275,0.782275,0.782275,1.0,0.731845,0.606984,0.535597,0.512377,0.978286,1.084561,0.892271,0.48261,0.731845,0.535597,0.485587,0.978286,0.48261
15.469975,2.462123,0.040977,1.0,1.0,1.0,0.778638,0.778638,0.778638,1.0,0.727824,0.599048,0.529727,0.506214,0.977146,1.079565,0.888923,0.483531,0.727824,0.529727,0.479238,0.977146,0.483531
15.482902,2.46418,0.040909,1.0,1.0,1.0,0.774975,0.774975,0.774975,1.0,0.723777,0.591117,0.523854,0.500047,0.975977,1.0745,0.885527,0.484432,0.723777,0.523854,0.472893,0.975977,0.484432
15.49583,2.466238,0.04084,1.0,1.0,1.0,0.771285,0.771285,0.771285,1.0,0.719706,0.583191,0.517977,0.493876,0.97478,1.069368,0.882085,0.485313,0.719706,0.517977,0.466553,0.97478,0.485313
15.508757,2.468295,0.040772,1.0,1.0,1.0,0.76757,0.76757,0.76757,1.0,0.71561,0.575273,0.512098,0.487703,0.973554,1.064169,0.878595,0.486176,0.71561,0.512098,0.460219,0.973554,0.486176
15.521685,2.470353,0.040705,1.0,1.0,1.0,0.763828,0.763828,0.763828,1.0,0.711489,0.567364,0.506217,0.481528,0.972299,1.058903,0.87506,0.487019,0.711489,0.506217,0.453892,0.972299,0.487019
15.534612,2.47241,0.040637,1.0,1.0,1.0,0.76006,0.76006,0.76006,1.0,0.707344,0.559466,0.500335,0.475352,0.971016,1.053572,0.871479,0.487842,0.707344,0.500335,0.447573,0.971016,0.487842
15.54754,2.474468,0.040569,1.0,1.0,1.0,0.756267,0.756267,0.756267,1.0,0.703174,0.551581,0.494453,0.469176,0.969704,1.048175,0.867852,0.488645,0.703174,0.494453,0.441264,0.969704,0.488645
15.560467,2.476525,0.040502,1.0,1.0,1.0,0.752448,0.752448,0.752448,1.0,0.698979,0.543709,0.488572,0.463001,0.968363,1.042714,0.86418,0.489428,0.698979,0.488572,0.434967,0.968363,0.489428
15.573394,2.478583,0.040435,1.0,1.0,1.0,0.748604,0.748604,0.748604,1.0,0.694761,0.535852,0.482692,0.456827,0.966994,1.037189,0.860465,0.490192,0.694761,0.482692,0.428682,0.966994,0.490192
15.586322,2.48064,0.040368,1.0,1.0,1.0,0.744734,0.744734,0.744734,1.0,0.690518,0.528013,0.476815,0.450656,0.965596,1.0316,0.856705,0.490935,0.690518,0.476815,0.422411,0.965596,0.490935
15.599249,2.482698,0.040301,1.0,1.0,1.0,0.74084,0.74084,0.74084,1.0,0.686252,0.520193,0.470941,0.444488,0.96417,1.025949,0.852902,0.491658,0.686252,0.470941,0.416155,0.96417,0.491658
15.612177,2.484755,0.040234,1.0,1.0,1.0,0.73692,0.73692,0.73692,1.0,0.681962,0.512394,0.465071,0.438325,0.962715,1.020235,0.849055,0.492361,0.681962,0.465071,0.409915,0.962715,0.492361
15.625104,2.486813,0.040168,1.0,1.0,1.0,0.732975,0.732975,0.732975,1.0,0.677648,0.504617,0.459206,0.432167,0.961233,1.01446,0.845167,0.493044,0.677648,0.459206,0.403693,0.961233,0.493044
15.638032,2.48887,0.040101,1.0,1.0,1.0,0.729005,0.729005,0.729005,1.0,0.67331,0.496864,0.453347,0.426014,0.959721,1.008625,0.841236,0.493705,0.67331,0.453347,0.397491,0.959721,0.493705
15.650959,2.490928,0.040035,1.0,1.0,1.0,0.725011,0.725011,0.725011,1.0,0.66895,0.489137,0.447494,0.419869,0.958182,1.002729,0.837264,0.494347,0.66895,0.447494,0.391309,0.958182,0.494347
15.663887,2.492985,0.039969,1.0,1.0,1.0,0.720992,0.720992,0.720992,1.0,0.664566,0.481438,0.441648,0.413731,0.956614,0.996774,0.833251,0.494967,0.664566,0.441648,0.38515,0.956614,0.494967
15.676814,2.495042,0.039903,1.0,1.0,1.0,0.716949,0.716949,0.716949,1.0,0.66016,0.473769,0.435811,0.407601,0.955018,0.99076,0.829197,0.495567,0.66016,0.435811,0.379015,0.955018,0.495567
15.689741,2.4971,0.039837,1.0,1.0,1.0,0.712881,0.712881,0.712881,1.0,0.65573,0.466131,0.429982,0.401481,0.953394,0.984689,0.825103,0.496146,0.65573,0.429982,0.372905,0.953394,0.496146
15.702669,2.499157,0.039772,1.0,1.0,1.0,0.708789,0.708789,0.708789,1.0,0.651278,0.458527,0.424163,0.395371,0.951741,0.97856,0.82097,0.496703,0.651278,0.424163,0.366822,0.951741,0.496703
15.715596,2.501215,0.039706,1.0,1.0,1.0,0.704674,0.704674,0.704674,1.0,0.646803,0.450959,0.418354,0.389272,0.950061,0.972374,0.816798,0.49724,0.646803,0.418354,0.360767,0.950061,0.49724
15.728524,2.503272,0.039641,1.0,1.0,1.0,0.700534,0.700534,0.700534,1.0,0.642306,0.443428,0.412557,0.383185,0.948353,0.966133,0.812588,0.497755,0.642306,0.412557,0.354742,0.948353,0.497755
15.741451,2.50533,0.039576,1.0,1.0,1.0,0.696371,0.696371,0.696371,1.0,0.637787,0.435937,0.406772,0.377111,0.946616,0.959836,0.80834,0.498249,0.637787,0.406772,0.348749,0.946616,0.498249
15.754379,2.507387,0.039511,1.0,1.0,1.0,0.692184,0.692184,0.692184,1.0,0.633245,0.428488,0.401,0.37105,0.944852,0.953485,0.804054,0.498722,0.633245,0.401,0.34279,0.944852,0.498722
15.767306,2.509445,0.039446,1.0,1.0,1.0,0.687974,0.687974,0.687974,1.0,0.628682,0.421083,0.395241,0.365003,0.94306,0.947081,0.799732,0.499173,0.628682,0.395241,0.336866,0.94306,0.499173
15.780234,2.511502,0.039382,1.0,1.0,1.0,0.683741,0.683741,0.683741,1.0,0.624097,0.413724,0.389497,0.358972,0.94124,0.940624,0.795374,0.499603,0.624097,0.389497,0.330979,0.94124,0.499603
15.793161,2.51356,0.039317,1.0,1.0,1.0,0.679484,0.679484,0.679484,1.0,0.61949,0.406414,0.383768,0.352957,0.939392,0.934114,0.79098,0.500011,0.61949,0.383768,0.325131,0.939392,0.500011
15.806088,2.515617,0.039253,1.0,1.0,1.0,0.675204,0.675204,0.675204,1.0,0.614862,0.399155,0.378056,0.346958,0.937517,0.927553,0.786551,0.500397,0.614862,0.378056,0.319324,0.937517,0.500397
15.819016,2.517675,0.039189,1.0,1.0,1.0,0.670902,0.670902,0.670902,1.0,0.610213,0.391949,0.37236,0.340978,0.935614,0.920941,0.782087,0.500762,0.610213,0.37236,0.313559,0.935614,0.500762
15.831943,2.519732,0.039125,1.0,1.0,1.0,0.666577,0.666577,0.666577,1.0,0.605543,0.384799,0.366682,0.335016,0.933684,0.91428,0.777589,0.501104,0.605543,0.366682,0.307839,0.933684,0.501104
15.844871,2.521789,0.039061,1.0,1.0,1.0,0.662229,0.662229,0.662229,1.0,0.600851,0.377707,0.361022,0.329073,0.931726,0.90757,0.773058,0.501424,0.600851,0.361022,0.302166,0.931726,0.501424
15.857798,2.523847,0.038997,1.0,1.0,1.0,0.657859,0.657859,0.657859,1.0,0.596139,0.370677,0.355382,0.323151,0.92974,0.900811,0.768495,0.501723,0.596139,0.355382,0.296542,0.92974,0.501723
15.870726,2.525904,0.038934,1.0,1.0,1.0,0.653467,0.653467,0.653467,1.0,0.591406,0.36371,0.349761,0.317249,0.927727,0.894004,0.763899,0.501999,0.591406,0.349761,0.290968,0.927727,0.501999
15.883653,2.527962,0.03887,1.0,1.0,1.0,0.649052,0.649052,0.649052,1.0,0.586653,0.35681,0.344162,0.31137,0.925687,0.887151,0.759271,0.502252,0.586653,0.344162,0.285448,0.925687,0.502252
15.89658,2.530019,0.038807,1.0,1.0,1.0,0.644616,0.644616,0.644616,1.0,0.581879,0.34998,0.338583,0.305513,0.923619,0.880253,0.754613,0.502484,0.581879,0.338583,0.279984,0.923619,0.502484
15.909508,2.532077,0.038744,1.0,1.0,1.0,0.640157,0.640157,0.640157,1.0,0.577086,0.343222,0.333028,0.299679,0.921525,0.873309,0.749924,0.502693,0.577086,0.333028,0.274577,0.921525,0.502693
15.922435,2.534134,0.038681,1.0,1.0,1.0,0.635677,0.635677,0.635677,1.0,0.572272,0.336539,0.327495,0.29387,0.919403,0.86632,0.745205,0.502879,0.572272,0.327495,0.269231,0.919403,0.502879
15.935363,2.536192,0.038619,1.0,1.0,1.0,0.631176,0.631176,0.631176,1.0,0.567438,0.329935,0.321986,0.288086,0.917253,0.859289,0.740457,0.503043,0.567438,0.321986,0.263948,0.917253,0.503043
15.94829,2.538249,0.038556,1.0,1.0,1.0,0.626653,0.626653,0.626653,1.0,0.562585,0.323413,0.316502,0.282327,0.915077,0.852214,0.735681,0.503184,0.562585,0.316502,0.258731,0.915077,0.503184
15.961218,2.540307,0.038494,1.0,1.0,1.0,0.622109,0.622109,0.622109,1.0,0.557713,0.316977,0.311043,0.276596,0.912874,0.845098,0.730876,0.503303,0.557713,0.311043,0.253582,0.912874,0.503303
15.974145,2.542364,0.038431,1.0,1.0,1.0,0.617544,0.617544,0.617544,1.0,0.552821,0.310629,0.305611,0.270891,0.910644,0.837941,0.726045,0.503399,0.552821,0.305611,0.248503,0.910644,0.503399
15.987073,2.544422,0.038369,1.0,1.0,1.0,0.612958,0.612958,0.612958,1.0,0.54791,0.304374,0.300205,0.265215,0.908387,0.830744,0.721186,0.503471,0.54791,0.300205,0.243499,0.908387,0.503471
16.0,2.546479,0.038307,1.0,1.0,1.0,0.608351,0.608351,0.608351,1.0,0.54298,0.298216,0.294827,0.259569,0.906104,0.823507,0.716302,0.503521,0.54298,0.294827,0.238572,0.906104,0.503521
